datetime,date,hour,year,month,day,day_of_week,is_weekend,season,daily_parking_count,daily_usage_minutes,avg_stay_minutes,hourly_share,estimated_entries,estimated_active_cars,estimated_active_cars_change,holiday_table_is_weekend,holiday_name,is_holiday,is_substitute_holiday,is_holiday_or_weekend,is_long_weekend,bus_boardings,bus_alightings,subway_boardings,subway_alightings,bike_rentals,bike_rental_minutes_sum,bike_rental_distance_m_sum,bike_returns,event_count,free_event_count,paid_event_count,evening_event_count,nearby_public_parking_sites,nearby_public_parking_capacity_sum,nearby_kickboard_zone_count,nearby_kickboard_stand_count,bus_feature_available,subway_feature_available,bike_feature_available,culture_feature_available,weather_code_label,temperature_2m,relative_humidity_2m,dew_point_2m,apparent_temperature,precipitation,rain,snowfall,snow_depth,weather_code,pressure_msl,surface_pressure,cloud_cover,cloud_cover_low,cloud_cover_mid,cloud_cover_high,wind_speed_10m,wind_direction_10m,wind_gusts_10m,shortwave_radiation,direct_radiation,diffuse_radiation,sunshine_duration,weather_feature_available,day_type,split,hour_sin,hour_cos,month_sin,month_cos,outlier_candidate,comparison_anchor,gap_from_anchor,outlier_class
2025-07-12 12:00:00,2025-07-12,12,2025,7,12,Saturday,True,summer,2444,233011,95.3400163666121,0.0513318154074477,125.45495685580232,179.39768432267326,50.808562854367864,True,,False,False,True,True,127197.0,121966.0,249295.0,381671.0,0.0,0.0,0.0,0.0,11.0,10.0,1.0,5.0,4,52.0,22,0,True,True,False,True,맑음,34.6,27,12.9,36.7,0.0,0.0,0.0,0.0,0,1010.0,1006.3,0,0,0,0,5.7,118,23.4,876.0,713.0,163.0,3600.0,1,offday,test,1.2246467991473532e-16,-1.0,-0.4999999999999998,-0.8660254037844388,True,50.79980379183388,0.008759062533982842,special_case
2025-08-30 13:00:00,2025-08-30,13,2025,8,30,Saturday,True,summer,2228,209123,93.8613105924596,0.0663205601576762,147.76220803130275,212.30597719437077,50.82101189922071,True,,False,False,True,True,130570.0,123894.0,275004.0,414551.0,0.0,0.0,0.0,0.0,13.0,13.0,0.0,6.0,4,52.0,22,0,True,True,False,True,맑음,30.5,67,23.8,36.0,0.0,0.0,0.0,0.0,0,1013.9,1010.1,19,12,10,0,10.3,237,28.1,719.0,475.0,244.0,3600.0,1,offday,test,-0.2588190451025208,-0.9659258262890683,-0.8660254037844384,-0.5000000000000004,True,50.808562854367864,0.012449044852843372,special_case
2024-10-06 12:00:00,2024-10-06,12,2024,10,6,Sunday,True,fall,1878,167278,89.07241746538871,0.0738136969525007,138.62212287679637,188.72992517144365,50.83586294786815,True,,False,False,True,True,130567.0,126480.0,266914.0,391643.0,534.0,15406.0,1585025.31,506.0,0.0,0.0,0.0,0.0,4,52.0,22,0,True,True,True,False,흐림,16.2,74,11.6,16.2,0.0,0.0,0.0,0.0,3,1022.4,1018.4,100,0,100,100,3.7,29,14.0,114.0,3.0,111.0,0.0,1,offday,valid,1.2246467991473532e-16,-1.0,-0.8660254037844386,0.5000000000000001,True,50.82101189922071,0.014851048647443577,special_case
2025-09-25 10:00:00,2025-09-25,10,2025,9,25,Thursday,False,fall,2269,145016,63.9118554429264,0.0630383817289576,143.03408814300482,149.20642295341452,50.86594793511402,False,,False,False,False,False,121550.0,113807.0,206448.0,315696.0,0.0,0.0,0.0,0.0,16.0,14.0,2.0,9.0,4,52.0,22,0,True,True,False,True,흐림,22.3,82,19.0,25.5,0.0,0.0,0.0,0.0,3,1019.1,1015.2,81,22,36,67,1.2,297,13.0,363.0,184.0,179.0,3600.0,1,weekday,test,0.49999999999999994,-0.8660254037844387,-1.0,-1.8369701987210297e-16,True,50.83586294786815,0.030084987245871275,special_case
2022-03-27 14:00:00,2022-03-27,14,2022,3,27,Sunday,True,spring,2770,200490,72.37906137184116,0.0977777335148833,270.84432183622687,318.2533885128671,50.875066761086146,True,,False,False,True,True,,,194340.0,258217.0,0.0,0.0,0.0,0.0,0.0,0.0,0.0,0.0,4,52.0,22,0,False,True,False,False,대체로 맑음,12.3,45,0.9,7.8,0.0,0.0,0.0,0.0,1,1014.4,1010.4,36,35,32,0,22.6,307,41.8,709.0,461.0,248.0,3600.0,1,offday,train,-0.4999999999999998,-0.8660254037844388,1.0,6.123233995736766e-17,True,50.86594793511402,0.009118825972123545,special_case
2025-08-16 16:00:00,2025-08-16,16,2025,8,16,Saturday,True,summer,2622,294606,112.35926773455378,0.1019931999973653,267.4261703930919,481.42666409529926,50.87885130713624,True,,False,False,True,True,158565.0,159279.0,412716.0,443693.0,0.0,0.0,0.0,0.0,14.0,13.0,1.0,8.0,4,52.0,22,0,True,True,False,True,맑음,29.2,74,24.2,33.7,0.0,0.0,0.0,0.0,0,1012.5,1008.7,17,6,0,12,11.8,231,32.0,516.0,325.0,191.0,3600.0,1,offday,test,-0.8660254037844384,-0.5000000000000004,-0.8660254037844384,-0.5000000000000004,True,50.875066761086146,0.0037845460500918193,special_case
2022-04-09 10:00:00,2022-04-09,10,2022,4,9,Saturday,True,spring,3380,267728,79.20946745562131,0.0333632663106753,112.7678401300826,135.62749762644685,50.949803264670294,True,,False,False,True,True,,,151454.0,224442.0,0.0,0.0,0.0,0.0,0.0,0.0,0.0,0.0,4,52.0,22,0,False,True,False,False,약한 이슬비,16.4,56,7.6,13.9,0.2,0.2,0.0,0.0,51,1015.6,1011.7,26,0,26,0,12.2,182,24.5,453.0,270.0,183.0,3600.0,1,offday,train,0.49999999999999994,-0.8660254037844387,0.8660254037844387,-0.49999999999999983,True,50.87885130713624,0.07095195753405648,special_case
2024-10-25 11:00:00,2024-10-25,11,2024,10,25,Friday,False,fall,2231,133091,59.655311519497985,0.0860138816247737,191.89696990487025,190.79455865537935,50.96387094390107,False,,False,False,False,False,120632.0,113626.0,236195.0,363817.0,378.0,10384.0,942836.87,325.0,0.0,0.0,0.0,0.0,4,52.0,22,0,True,True,True,False,맑음,16.2,63,9.2,14.6,0.0,0.0,0.0,0.0,0,1027.2,1023.2,0,0,0,0,10.3,88,22.3,528.0,405.0,123.0,3600.0,1,weekday,valid,0.258819045102521,-0.9659258262890682,-0.8660254037844386,0.5000000000000001,True,50.949803264670294,0.01406767923077723,special_case
2022-08-14 14:00:00,2022-08-14,14,2022,8,14,Sunday,True,summer,4129,208604,50.52167595059336,0.0809922881834863,334.41715790961496,281.5885880704663,51.00968588493461,True,,False,False,True,True,,,234997.0,314740.0,0.0,0.0,0.0,0.0,0.0,0.0,0.0,0.0,4,52.0,22,0,False,True,False,False,흐림,30.5,70,24.5,35.7,0.0,0.0,0.0,0.0,3,1005.3,1001.6,100,45,9,100,7.9,231,16.6,558.0,285.0,273.0,3600.0,1,offday,train,-0.4999999999999998,-0.8660254037844388,-0.8660254037844384,-0.5000000000000004,True,50.96387094390107,0.04581494103354089,special_case
2025-10-24 11:00:00,2025-10-24,11,2025,10,24,Friday,False,fall,2332,133219,57.126500857632934,0.0860138816247737,200.5843719489724,190.9780549361789,51.012885343678846,False,,False,False,False,False,115105.0,107090.0,225556.0,348326.0,0.0,0.0,0.0,0.0,15.0,14.0,1.0,7.0,4,52.0,22,0,True,True,False,True,부분적으로 흐림,16.7,67,10.6,15.8,0.0,0.0,0.0,0.0,2,1027.4,1023.4,78,2,11,77,7.6,83,20.5,481.0,305.0,176.0,3600.0,1,weekday,test,0.258819045102521,-0.9659258262890682,-0.8660254037844386,0.5000000000000001,True,51.00968588493461,0.003199458744234107,special_case
2022-05-01 10:00:00,2022-05-01,10,2022,5,1,Sunday,True,spring,3000,276982,92.32733333333331,0.0333632663106753,100.089798932026,134.23493359368808,51.03019612211493,True,,False,False,True,True,,,172412.0,265296.0,0.0,0.0,0.0,0.0,0.0,0.0,0.0,0.0,4,52.0,22,0,False,True,False,False,맑음,14.1,45,2.2,12.0,0.0,0.0,0.0,0.0,0,1014.7,1010.7,0,0,0,0,6.1,225,18.0,636.0,471.0,165.0,3600.0,1,offday,train,0.49999999999999994,-0.8660254037844387,0.49999999999999994,-0.8660254037844387,True,51.012885343678846,0.01731077843608375,special_case
2023-11-04 12:00:00,2023-11-04,12,2023,11,4,Saturday,True,fall,2094,166818,79.6647564469914,0.0738136969525007,154.56588141853652,192.3573588149427,51.0444480578669,True,,False,False,True,True,114693.0,107551.0,234406.0,337828.0,0.0,0.0,0.0,0.0,0.0,0.0,0.0,0.0,4,52.0,22,0,True,True,False,False,흐림,19.0,68,12.9,18.1,0.0,0.0,0.0,0.0,3,1021.2,1017.3,100,12,1,100,11.9,87,24.1,411.0,173.0,238.0,3600.0,1,offday,train,1.2246467991473532e-16,-1.0,-0.5000000000000004,0.8660254037844384,True,51.03019612211493,0.0142519357519717,special_case
2022-11-06 13:00:00,2022-11-06,13,2022,11,6,Sunday,True,fall,2122,170295,80.2521206409048,0.0915726254037753,194.31711110681135,247.18617154904,51.112816414498866,True,,False,False,True,True,,,236999.0,337800.0,0.0,0.0,0.0,0.0,0.0,0.0,0.0,0.0,4,52.0,22,0,False,True,False,False,맑음,13.6,46,2.2,11.0,0.0,0.0,0.0,0.0,0,1025.2,1021.2,0,0,0,0,7.3,281,18.7,573.0,447.0,126.0,3600.0,1,offday,train,-0.2588190451025208,-0.9659258262890683,-0.5000000000000004,0.8660254037844384,True,51.0444480578669,0.06836835663196439,special_case
2025-09-05 10:00:00,2025-09-05,10,2025,9,5,Friday,False,fall,2355,144591,61.39745222929936,0.0630383817289576,148.45538897169516,150.7439371759604,51.12401159377861,False,,False,False,False,False,121550.0,113807.0,206448.0,315696.0,0.0,0.0,0.0,0.0,15.0,15.0,0.0,8.0,4,52.0,22,0,True,True,False,True,맑음,27.2,70,21.4,30.8,0.0,0.0,0.0,0.0,0,1011.7,1007.9,0,0,0,0,6.7,90,19.1,544.0,428.0,116.0,3600.0,1,weekday,test,0.49999999999999994,-0.8660254037844387,-1.0,-1.8369701987210297e-16,True,51.112816414498866,0.01119517927974556,special_case
2022-07-30 14:00:00,2022-07-30,14,2022,7,30,Saturday,True,summer,2277,207552,91.15151515151516,0.0809922881834863,184.41944019379832,262.8236064122032,51.12721875848959,True,,False,False,True,True,,,242820.0,328804.0,0.0,0.0,0.0,0.0,0.0,0.0,0.0,0.0,4,52.0,22,0,False,True,False,False,보통 비,30.9,71,25.0,36.8,2.6,2.6,0.0,0.0,63,1009.2,1005.5,72,18,25,62,15.4,123,29.9,813.0,642.0,171.0,3600.0,1,offday,train,-0.4999999999999998,-0.8660254037844388,-0.4999999999999998,-0.8660254037844388,True,51.12401159377861,0.003207164710978816,special_case
2023-03-11 12:00:00,2023-03-11,12,2023,3,11,Saturday,True,spring,2330,183705,78.84334763948497,0.0657770680274524,153.26056850396418,188.84252238101175,51.13075952360606,True,,False,False,True,True,113237.0,106929.0,231136.0,337100.0,567.0,18683.0,1997884.67,479.0,0.0,0.0,0.0,0.0,4,52.0,22,0,True,True,True,False,흐림,19.0,36,3.7,16.7,0.0,0.0,0.0,0.0,3,1022.3,1018.4,99,0,0,99,10.8,206,24.5,683.0,528.0,155.0,3600.0,1,offday,train,1.2246467991473532e-16,-1.0,1.0,6.123233995736766e-17,True,51.12721875848959,0.003540765116468947,special_case
2023-10-13 12:00:00,2023-10-13,12,2023,10,13,Friday,False,fall,2197,147808,67.27719617660446,0.1065118396644879,234.00651174287995,256.92634406649466,51.1562186854905,False,,False,False,False,False,121558.0,116166.0,246525.0,380684.0,0.0,0.0,0.0,0.0,0.0,0.0,0.0,0.0,4,52.0,22,0,True,True,False,False,흐림,19.6,62,12.2,20.1,0.0,0.0,0.0,0.0,3,1019.4,1015.5,100,1,100,100,1.5,315,9.7,372.0,64.0,308.0,1005.28,1,weekday,train,1.2246467991473532e-16,-1.0,-0.8660254037844386,0.5000000000000001,True,51.13075952360606,0.025459161884441528,special_case
2023-07-02 15:00:00,2023-07-02,15,2023,7,2,Sunday,True,summer,2178,228384,104.8595041322314,0.0935275965658001,203.70310532031272,335.59094739830186,51.193343573908635,True,,False,False,True,True,130983.0,128264.0,308704.0,371026.0,0.0,0.0,0.0,0.0,0.0,0.0,0.0,0.0,4,52.0,22,0,True,True,False,False,흐림,28.6,69,22.5,33.7,0.0,0.0,0.0,0.0,3,1007.8,1004.0,100,6,0,100,3.7,29,16.6,622.0,283.0,339.0,3600.0,1,offday,train,-0.7071067811865471,-0.7071067811865479,-0.4999999999999998,-0.8660254037844388,True,51.1562186854905,0.037124888418134105,special_case
2025-04-23 11:00:00,2025-04-23,11,2025,4,23,Wednesday,False,spring,2244,148022,65.96345811051694,0.0762910773796575,171.1971776399516,183.5417229159563,51.19426116324439,False,,False,False,False,False,111797.0,102373.0,227200.0,319103.0,0.0,0.0,0.0,0.0,4.0,3.0,1.0,3.0,4,52.0,22,0,True,True,False,True,흐림,17.6,59,9.5,16.9,0.0,0.0,0.0,0.0,3,1007.6,1003.7,100,0,0,100,6.7,106,21.6,605.0,257.0,348.0,3600.0,1,weekday,test,0.258819045102521,-0.9659258262890682,0.8660254037844387,-0.49999999999999983,True,51.193343573908635,0.0009175893357564746,special_case
2023-06-06 09:00:00,2023-06-06,9,2023,6,6,Tuesday,False,summer,3191,334549,104.84142901911626,0.0263586392634567,84.11041788969045,121.54833933511664,51.20243285548888,False,현충일,True,False,True,False,160205.0,148574.0,247005.0,424541.0,374.0,10512.0,1425399.38,310.0,0.0,0.0,0.0,0.0,4,52.0,22,0,True,True,True,False,대체로 맑음,19.6,73,14.6,20.1,0.0,0.0,0.0,0.0,1,1008.8,1004.9,24,39,3,0,6.8,295,25.2,414.0,213.0,201.0,3600.0,1,offday,train,0.7071067811865476,-0.7071067811865475,1.2246467991473532e-16,-1.0,True,51.19426116324439,0.008171692244488327,special_case
2022-10-16 11:00:00,2022-10-16,11,2022,10,16,Sunday,True,fall,2229,189458,84.99685957828623,0.0550655360577097,122.741079872635,157.9293935561029,51.22265732008606,True,,False,False,True,True,,,200013.0,311760.0,0.0,0.0,0.0,0.0,0.0,0.0,0.0,0.0,4,52.0,22,0,False,True,False,False,흐림,18.3,78,14.4,19.4,0.0,0.0,0.0,0.0,3,1019.4,1015.5,100,0,100,85,1.9,248,10.1,341.0,115.0,226.0,3600.0,1,offday,train,0.258819045102521,-0.9659258262890682,-0.8660254037844386,0.5000000000000001,True,51.20243285548888,0.020224464597177416,special_case
2025-05-04 15:00:00,2025-05-04,15,2025,5,4,Sunday,True,spring,3130,269269,86.02843450479233,0.1077131147753142,337.14204924673373,469.9062854421343,51.22362278700007,True,,False,False,True,True,145162.0,145607.0,361252.0,431423.0,0.0,0.0,0.0,0.0,4.0,4.0,0.0,2.0,4,52.0,22,0,True,True,False,True,맑음,16.9,44,4.6,13.2,0.0,0.0,0.0,0.0,0,1011.3,1007.4,0,0,0,0,23.5,256,52.2,785.0,607.0,178.0,3600.0,1,offday,test,-0.7071067811865471,-0.7071067811865479,0.49999999999999994,-0.8660254037844387,True,51.22265732008606,0.0009654669140104488,special_case
2025-11-16 13:00:00,2025-11-16,13,2025,11,16,Sunday,True,fall,1760,169624,96.37727272727273,0.0915726254037753,161.1678207106447,239.93195627209315,51.2612516263784,True,,False,False,True,True,135049.0,128717.0,294036.0,419840.0,0.0,0.0,0.0,0.0,16.0,14.0,2.0,11.0,4,52.0,22,0,True,True,False,True,맑음,15.2,48,4.4,12.6,0.0,0.0,0.0,0.0,0,1024.4,1020.4,0,0,0,0,8.8,211,22.0,526.0,409.0,117.0,3600.0,1,offday,test,-0.2588190451025208,-0.9659258262890683,-0.5000000000000004,0.8660254037844384,True,51.22362278700007,0.0376288393783355,special_case
2025-11-16 12:00:00,2025-11-16,12,2025,11,16,Sunday,True,fall,1760,169624,96.37727272727273,0.0738136969525007,129.9121066364013,188.67070464571475,51.32145122200865,True,,False,False,True,True,128858.0,121990.0,269715.0,380596.0,0.0,0.0,0.0,0.0,16.0,14.0,2.0,11.0,4,52.0,22,0,True,True,False,True,맑음,14.2,47,3.0,11.5,0.0,0.0,0.0,0.0,0,1025.3,1021.3,0,0,0,0,7.8,184,20.2,509.0,394.0,115.0,3600.0,1,offday,test,1.2246467991473532e-16,-1.0,-0.5000000000000004,0.8660254037844384,True,51.2612516263784,0.06019959563024457,special_case
2023-10-13 10:00:00,2023-10-13,10,2023,10,13,Friday,False,fall,2197,147808,67.27719617660446,0.0630383817289576,138.49532465851985,149.61331575234928,51.33690951228011,False,,False,False,False,False,113203.0,108475.0,205835.0,319639.0,0.0,0.0,0.0,0.0,0.0,0.0,0.0,0.0,4,52.0,22,0,True,True,False,False,흐림,17.8,73,12.9,18.3,0.0,0.0,0.0,0.0,3,1021.1,1017.2,100,7,100,100,2.9,97,11.2,309.0,93.0,216.0,3600.0,1,weekday,train,0.49999999999999994,-0.8660254037844387,-0.8660254037844386,0.5000000000000001,True,51.32145122200865,0.01545829027146084,special_case
2025-10-03 12:00:00,2025-10-03,12,2025,10,3,Friday,False,fall,1804,145777,80.80764966740577,0.1065118396644879,192.14735875473625,245.9590766638884,51.352171963465224,False,개천절,True,False,True,True,127375.0,121081.0,263189.0,392489.0,0.0,0.0,0.0,0.0,15.0,14.0,1.0,9.0,4,52.0,22,0,True,True,False,True,흐림,22.2,69,16.1,22.3,0.0,0.0,0.0,0.0,3,1017.3,1013.4,98,0,98,0,14.0,81,31.3,342.0,98.0,244.0,2252.07,1,offday,test,1.2246467991473532e-16,-1.0,-0.8660254037844386,0.5000000000000001,True,51.33690951228011,0.015262451185115822,special_case
2023-05-21 15:00:00,2023-05-21,15,2023,5,21,Sunday,True,spring,2560,258878,101.12421875,0.1077131147753142,275.7455738248046,447.3096443078027,51.44216585693573,True,,False,False,True,True,132175.0,131307.0,314402.0,362761.0,834.0,33164.0,3575822.35,813.0,0.0,0.0,0.0,0.0,4,52.0,22,0,True,True,True,False,흐림,20.4,57,11.5,18.9,0.0,0.0,0.0,0.0,3,1008.9,1005.0,100,0,1,100,18.2,240,37.1,706.0,408.0,298.0,3600.0,1,offday,train,-0.7071067811865471,-0.7071067811865479,0.49999999999999994,-0.8660254037844387,True,51.352171963465224,0.08999389347050624,special_case
2024-07-13 13:00:00,2024-07-13,13,2024,7,13,Saturday,True,summer,2318,211380,91.190681622088,0.0663205601576762,153.7310584454936,215.58589601146815,51.4440177693599,True,,False,False,True,True,127478.0,122887.0,263091.0,402726.0,400.0,9217.0,1003744.42,400.0,0.0,0.0,0.0,0.0,4,52.0,22,0,True,True,True,False,약한 이슬비,30.0,70,23.9,36.6,0.1,0.1,0.0,0.0,51,1005.4,1001.7,24,2,20,4,5.2,106,19.8,748.0,498.0,250.0,3600.0,1,offday,valid,-0.2588190451025208,-0.9659258262890683,-0.4999999999999998,-0.8660254037844388,True,51.44216585693573,0.001851912424172042,special_case
2022-07-09 12:00:00,2022-07-09,12,2022,7,9,Saturday,True,summer,2527,235514,93.199050257222,0.0513318154074477,129.71549753462048,182.1112226982248,51.47312707587423,True,,False,False,True,True,,,205298.0,328901.0,0.0,0.0,0.0,0.0,0.0,0.0,0.0,0.0,4,52.0,22,0,False,True,False,False,흐림,28.6,72,23.0,33.0,0.0,0.0,0.0,0.0,3,1003.1,999.4,100,100,0,10,9.4,293,20.5,594.0,245.0,349.0,3600.0,1,offday,train,1.2246467991473532e-16,-1.0,-0.4999999999999998,-0.8660254037844388,True,51.4440177693599,0.029109306514328637,special_case
2025-08-30 14:00:00,2025-08-30,14,2025,8,30,Saturday,True,summer,2228,209123,93.8613105924596,0.0809922881834863,180.4508180728075,263.8411850724003,51.53520787802955,True,,False,False,True,True,127692.0,124172.0,294888.0,387874.0,0.0,0.0,0.0,0.0,13.0,13.0,0.0,6.0,4,52.0,22,0,True,True,False,True,맑음,31.1,61,22.8,36.4,0.0,0.0,0.0,0.0,0,1013.6,1009.9,7,6,2,0,8.8,251,25.9,760.0,606.0,154.0,3600.0,1,offday,test,-0.4999999999999998,-0.8660254037844388,-0.8660254037844384,-0.5000000000000004,True,51.47312707587423,0.062080802155321635,special_case
2025-05-24 09:00:00,2025-05-24,9,2025,5,24,Saturday,True,spring,4978,376177,75.56789875451989,0.0211246218855017,105.15836774602748,121.00494827697474,51.53649574712061,True,,False,False,True,True,160526.0,143381.0,262933.0,449446.0,0.0,0.0,0.0,0.0,10.0,9.0,1.0,5.0,4,52.0,22,0,True,True,False,True,흐림,15.4,74,10.7,14.4,0.0,0.0,0.0,0.0,3,1010.7,1006.8,100,2,100,0,8.2,40,18.7,124.0,4.0,120.0,0.0,1,offday,test,0.7071067811865476,-0.7071067811865475,0.49999999999999994,-0.8660254037844387,True,51.53520787802955,0.001287869091058269,special_case
2024-05-03 10:00:00,2024-05-03,10,2024,5,3,Friday,False,spring,2328,171110,73.5008591065292,0.0553484319653476,128.85114961532938,147.9824896749832,51.566697392694294,False,,False,False,False,False,120522.0,107575.0,222512.0,325261.0,372.0,8866.0,1016212.08,370.0,0.0,0.0,0.0,0.0,4,52.0,22,0,True,True,True,False,맑음,19.8,40,5.8,19.0,0.0,0.0,0.0,0.0,0,1020.4,1016.5,0,0,0,0,2.5,262,14.4,634.0,471.0,163.0,3600.0,1,weekday,valid,0.49999999999999994,-0.8660254037844387,0.49999999999999994,-0.8660254037844387,True,51.53649574712061,0.030201645573683322,special_case
2025-10-12 14:00:00,2025-10-12,14,2025,10,12,Sunday,True,fall,1965,200707,102.1409669211196,0.1053558771818858,207.0242986624057,333.4052051925795,51.59348288173203,True,,False,False,True,True,134540.0,131055.0,316720.0,400504.0,0.0,0.0,0.0,0.0,14.0,13.0,1.0,7.0,4,52.0,22,0,True,True,False,True,부분적으로 흐림,22.0,71,16.4,22.6,0.0,0.0,0.0,0.0,2,1013.5,1009.6,75,63,46,0,10.9,81,27.7,311.0,73.0,238.0,1484.53,1,offday,test,-0.4999999999999998,-0.8660254037844388,-0.8660254037844386,0.5000000000000001,True,51.566697392694294,0.026785489037735033,special_case
2025-05-17 13:00:00,2025-05-17,13,2025,5,17,Saturday,True,spring,2229,180371,80.9201435621355,0.0829554972469645,184.90780336348405,236.02864434995297,51.62037212444611,True,,False,False,True,True,131842.0,124440.0,292232.0,438367.0,0.0,0.0,0.0,0.0,8.0,6.0,2.0,4.0,4,52.0,22,0,True,True,False,True,흐림,22.9,64,15.8,23.7,0.0,0.0,0.0,0.0,3,1004.7,1000.9,98,6,1,98,15.7,212,37.4,764.0,413.0,351.0,3600.0,1,offday,test,-0.2588190451025208,-0.9659258262890683,0.49999999999999994,-0.8660254037844387,True,51.59348288173203,0.026889242714077,special_case
2024-06-29 13:00:00,2024-06-29,13,2024,6,29,Saturday,True,summer,2152,213045,98.9986059479554,0.0663205601576762,142.72184545931935,214.5222222604869,51.64106939076095,True,,False,False,True,True,122281.0,117640.0,264558.0,388976.0,439.0,11280.0,1094691.1,471.0,0.0,0.0,0.0,0.0,4,52.0,22,0,True,True,True,False,흐림,31.0,44,17.2,31.1,0.0,0.0,0.0,0.0,3,1004.4,1000.7,100,100,11,85,16.5,160,34.2,548.0,148.0,400.0,2794.7,1,offday,valid,-0.2588190451025208,-0.9659258262890683,1.2246467991473532e-16,-1.0,True,51.62037212444611,0.02069726631484059,special_case
2022-09-26 11:00:00,2022-09-26,11,2022,9,26,Monday,False,fall,1951,136263,69.84264479753972,0.0860138816247737,167.81308304993357,187.9885171222864,51.64694516626261,False,,False,False,False,False,,,174692.0,265622.0,0.0,0.0,0.0,0.0,0.0,0.0,0.0,0.0,4,52.0,22,0,False,True,False,False,흐림,21.5,57,12.7,21.5,0.0,0.0,0.0,0.0,3,1018.7,1014.8,82,0,0,82,6.2,7,16.2,571.0,327.0,244.0,3600.0,1,weekday,train,0.258819045102521,-0.9659258262890682,-1.0,-1.8369701987210297e-16,True,51.64106939076095,0.005875775501664293,special_case
2024-11-02 14:00:00,2024-11-02,14,2024,11,2,Saturday,True,fall,2508,208239,83.02990430622009,0.1053558771818858,264.2325399721697,352.3849278171141,51.664027933120565,True,,False,False,True,True,130366.0,126846.0,301164.0,386387.0,0.0,0.0,0.0,0.0,0.0,0.0,0.0,0.0,4,52.0,22,0,True,True,False,False,맑음,22.3,55,12.9,22.0,0.0,0.0,0.0,0.0,0,1017.8,1013.9,1,1,0,0,8.5,1,22.7,519.0,395.0,124.0,3600.0,1,offday,valid,-0.4999999999999998,-0.8660254037844388,-0.5000000000000004,0.8660254037844384,True,51.64694516626261,0.017082766857953402,special_case
2025-09-06 09:00:00,2025-09-06,9,2025,9,6,Saturday,True,fall,3931,345164,87.8056474179598,0.0239536668290855,94.16186430513548,119.39139270767669,51.66539056331422,True,,False,False,True,True,172000.0,159065.0,261893.0,470903.0,0.0,0.0,0.0,0.0,15.0,14.0,1.0,7.0,4,52.0,22,0,True,True,False,True,약한 이슬비,25.9,88,23.8,30.1,0.4,0.4,0.0,0.0,51,1009.1,1005.3,59,53,12,0,11.7,189,32.4,215.0,55.0,160.0,1805.77,1,offday,test,0.7071067811865476,-0.7071067811865475,-1.0,-1.8369701987210297e-16,True,51.664027933120565,0.001362630193654013,special_case
2024-11-10 11:00:00,2024-11-10,11,2024,11,10,Sunday,True,fall,2253,191212,84.8699511762095,0.0550655360577097,124.06265273802003,159.44927092804969,51.707755228040384,True,,False,False,True,True,115464.0,106671.0,224119.0,333177.0,0.0,0.0,0.0,0.0,0.0,0.0,0.0,0.0,4,52.0,22,0,True,True,False,False,흐림,12.9,74,8.4,11.6,0.0,0.0,0.0,0.0,3,1024.1,1020.1,100,0,100,0,5.6,75,17.6,180.0,12.0,168.0,0.0,1,offday,valid,0.258819045102521,-0.9659258262890682,-0.5000000000000004,0.8660254037844384,True,51.66539056331422,0.04236466472616485,special_case
2025-10-08 08:00:00,2025-10-08,8,2025,10,8,Wednesday,False,fall,3158,318894,100.97973400886636,0.0248035030943029,78.3294627718087,106.73918938284665,51.73222445289759,False,대체공휴일,True,True,True,True,204528.0,179117.0,342214.0,479624.0,0.0,0.0,0.0,0.0,13.0,12.0,1.0,7.0,4,52.0,22,0,True,True,False,True,맑음,17.3,92,16.0,18.7,0.0,0.0,0.0,0.0,0,1018.0,1014.1,0,0,0,0,4.6,351,11.9,103.0,49.0,54.0,3600.0,1,offday,test,0.8660254037844387,-0.49999999999999983,-0.8660254037844386,0.5000000000000001,True,51.707755228040384,0.024469224857206484,special_case
2025-07-12 15:00:00,2025-07-12,15,2025,7,12,Saturday,True,summer,2444,233011,95.3400163666121,0.0935275965658001,228.58144600681555,345.1711947184138,51.756490708328954,True,,False,False,True,True,143189.0,141105.0,339393.0,392613.0,0.0,0.0,0.0,0.0,11.0,10.0,1.0,5.0,4,52.0,22,0,True,True,False,True,흐림,37.6,21,11.6,38.7,0.0,0.0,0.0,0.0,3,1007.1,1003.5,99,0,0,99,6.5,120,23.0,811.0,651.0,160.0,3600.0,1,offday,test,-0.7071067811865471,-0.7071067811865479,-0.4999999999999998,-0.8660254037844388,True,51.73222445289759,0.02426625543136396,special_case
2023-03-25 14:00:00,2023-03-25,14,2023,3,25,Saturday,True,spring,2492,201343,80.79574638844302,0.0977777335148833,243.6621119190893,315.3121574829134,51.77430840369988,True,,False,False,True,True,119986.0,114041.0,266347.0,344525.0,845.0,32536.0,3504762.62,751.0,0.0,0.0,0.0,0.0,4,52.0,22,0,True,True,True,False,흐림,17.2,39,3.2,14.4,0.0,0.0,0.0,0.0,3,1017.7,1013.8,99,95,41,86,9.2,231,22.3,560.0,260.0,300.0,3600.0,1,offday,train,-0.4999999999999998,-0.8660254037844388,1.0,6.123233995736766e-17,True,51.756490708328954,0.017817695370922593,special_case
2022-06-01 09:00:00,2022-06-01,9,2022,6,1,Wednesday,False,summer,3020,344335,114.0182119205298,0.0263586392634567,79.60309057563936,122.28586363995322,51.78717339421961,False,전국동시지방선거,True,False,True,False,,,218147.0,387479.0,0.0,0.0,0.0,0.0,0.0,0.0,0.0,0.0,4,52.0,22,0,False,True,False,False,흐림,21.6,42,8.0,19.9,0.0,0.0,0.0,0.0,3,1007.6,1003.8,100,0,22,53,8.1,167,25.9,478.0,305.0,173.0,3600.0,1,offday,train,0.7071067811865476,-0.7071067811865475,1.2246467991473532e-16,-1.0,True,51.77430840369988,0.012864990519730668,special_case
2024-09-30 11:00:00,2024-09-30,11,2024,9,30,Monday,False,fall,2465,135317,54.89533468559838,0.0860138816247737,212.02421820506729,193.98567366365847,51.81626199003588,False,,False,False,False,False,108403.0,100418.0,204482.0,304686.0,364.0,9243.0,972680.25,315.0,0.0,0.0,0.0,0.0,4,52.0,22,0,True,True,True,False,부분적으로 흐림,22.7,62,15.1,23.2,0.0,0.0,0.0,0.0,2,1017.7,1013.8,67,0,0,67,8.2,112,20.2,477.0,203.0,274.0,3600.0,1,weekday,valid,0.258819045102521,-0.9659258262890682,-1.0,-1.8369701987210297e-16,True,51.78717339421961,0.029088595816276097,special_case
2023-06-11 13:00:00,2023-06-11,13,2023,6,11,Sunday,True,summer,2376,212929,89.61658249158249,0.0663205601576762,157.57765093463885,217.78045957475035,51.86733581600157,True,,False,False,True,True,120185.0,113904.0,249942.0,367950.0,427.0,12216.0,1420795.46,358.0,0.0,0.0,0.0,0.0,4,52.0,22,0,True,True,True,False,강한 이슬비,22.5,75,17.7,24.5,1.1,1.1,0.0,0.0,55,1005.8,1002.0,31,8,26,0,5.4,312,20.2,565.0,272.0,293.0,3600.0,1,offday,train,-0.2588190451025208,-0.9659258262890683,1.2246467991473532e-16,-1.0,True,51.81626199003588,0.05107382596568755,special_case
2025-08-17 12:00:00,2025-08-17,12,2025,8,17,Sunday,True,summer,2157,241576,111.99629114510894,0.0513318154074477,110.7227258338648,180.7693912860927,51.88740225913929,True,,False,False,True,True,126454.0,118904.0,251505.0,388203.0,0.0,0.0,0.0,0.0,14.0,13.0,1.0,8.0,4,52.0,22,0,True,True,False,True,흐림,29.6,69,23.3,34.6,0.0,0.0,0.0,0.0,3,1015.4,1011.6,100,10,7,100,9.8,244,28.8,676.0,346.0,330.0,3600.0,1,offday,test,1.2246467991473532e-16,-1.0,-0.8660254037844384,-0.5000000000000004,True,51.86733581600157,0.02006644313772199,special_case
2025-05-05 13:00:00,2025-05-05,13,2025,5,5,Monday,False,spring,2012,182910,90.90954274353876,0.111787395763264,224.91624027568727,324.72477369374235,51.90592752554318,False,부처님오신날 / 어린이날,True,False,True,True,131842.0,124440.0,292232.0,438367.0,0.0,0.0,0.0,0.0,7.0,5.0,2.0,3.0,4,52.0,22,0,True,True,False,True,흐림,13.0,66,6.8,11.4,0.0,0.0,0.0,0.0,3,1013.6,1009.6,100,0,100,100,5.2,27,12.6,141.0,9.0,132.0,0.0,1,offday,test,-0.2588190451025208,-0.9659258262890683,0.49999999999999994,-0.8660254037844387,True,51.88740225913929,0.01852526640388419,special_case
2025-05-06 09:00:00,2025-05-06,9,2025,5,6,Tuesday,False,spring,2428,240602,99.09472817133444,0.0365218073044616,88.6749481352328,123.08311572741448,51.92122443098109,False,대체공휴일,True,True,True,True,160526.0,143381.0,262933.0,449446.0,0.0,0.0,0.0,0.0,6.0,5.0,1.0,3.0,4,52.0,22,0,True,True,False,True,흐림,13.5,67,7.4,12.6,0.0,0.0,0.0,0.0,3,1008.3,1004.3,98,0,0,98,1.5,36,10.8,454.0,307.0,147.0,3600.0,1,offday,test,0.7071067811865476,-0.7071067811865475,0.49999999999999994,-0.8660254037844387,True,51.90592752554318,0.015296905437914177,special_case
2025-08-16 11:00:00,2025-08-16,11,2025,8,16,Saturday,True,summer,2622,294606,112.35926773455378,0.037472805085182,98.25369493334728,157.07377178375756,51.92270048754429,True,,False,False,True,True,113554.0,104200.0,216133.0,342215.0,0.0,0.0,0.0,0.0,14.0,13.0,1.0,8.0,4,52.0,22,0,True,True,False,True,약한 이슬비,29.2,72,23.6,34.3,0.1,0.1,0.0,0.0,51,1014.8,1011.0,27,18,8,9,9.4,232,24.8,656.0,455.0,201.0,3600.0,1,offday,test,0.258819045102521,-0.9659258262890682,-0.8660254037844384,-0.5000000000000004,True,51.92122443098109,0.0014760565631988243,special_case
2023-09-08 11:00:00,2023-09-08,11,2023,9,8,Friday,False,fall,2234,135848,60.80931065353626,0.0860138816247737,192.15501154974456,194.05456811917713,51.96954738612018,False,,False,False,False,False,102184.0,95020.0,197610.0,287652.0,0.0,0.0,0.0,0.0,0.0,0.0,0.0,0.0,4,52.0,22,0,True,True,False,False,맑음,26.0,54,16.0,28.9,0.0,0.0,0.0,0.0,0,1015.3,1011.5,7,0,0,7,1.3,56,14.4,710.0,590.0,120.0,3600.0,1,weekday,train,0.258819045102521,-0.9659258262890682,-1.0,-1.8369701987210297e-16,True,51.92270048754429,0.04684689857589319,special_case
2025-03-22 12:00:00,2025-03-22,12,2025,3,22,Saturday,True,spring,2345,186919,79.7095948827292,0.0657770680274524,154.24722452437595,191.70451472465524,51.976654389659586,True,,False,False,True,True,122122.0,116333.0,258645.0,392749.0,0.0,0.0,0.0,0.0,0.0,0.0,0.0,0.0,4,52.0,22,0,True,True,False,False,맑음,15.8,49,5.1,13.7,0.0,0.0,0.0,0.0,0,1010.4,1006.5,0,0,0,0,12.8,214,31.3,743.0,598.0,145.0,3600.0,1,offday,test,1.2246467991473532e-16,-1.0,1.0,6.123233995736766e-17,True,51.96954738612018,0.007107003539402967,special_case
2025-04-06 13:00:00,2025-04-06,13,2025,4,6,Sunday,True,spring,2417,181728,75.18742242449318,0.0829554972469645,200.50343684591337,240.7458470651088,52.01338852901833,True,,False,False,True,True,126274.0,119948.0,277611.0,389087.0,0.0,0.0,0.0,0.0,1.0,1.0,0.0,0.0,4,52.0,22,0,True,True,False,True,맑음,13.1,48,2.5,10.9,0.0,0.0,0.0,0.0,0,1015.5,1011.5,0,0,0,0,14.4,244,35.6,840.0,665.0,175.0,3600.0,1,offday,test,-0.2588190451025208,-0.9659258262890683,0.8660254037844387,-0.49999999999999983,True,51.976654389659586,0.03673413935874237,special_case
2022-06-19 15:00:00,2022-06-19,15,2022,6,19,Sunday,True,summer,2245,232355,103.4988864142539,0.0935275965658001,209.96945429022136,341.79115266619397,52.02122732430257,True,,False,False,True,True,,,265436.0,314411.0,0.0,0.0,0.0,0.0,0.0,0.0,0.0,0.0,4,52.0,22,0,False,True,False,False,흐림,26.2,66,19.4,27.6,0.0,0.0,0.0,0.0,3,1007.2,1003.4,80,76,18,0,14.6,230,28.8,428.0,104.0,324.0,1759.51,1,offday,train,-0.7071067811865471,-0.7071067811865479,1.2246467991473532e-16,-1.0,True,52.01338852901833,0.00783879528424336,special_case
2025-09-19 13:00:00,2025-09-19,13,2025,9,19,Friday,False,fall,2223,197116,88.67116509221772,0.1201225009099709,267.03231952286535,380.1762964037954,52.03079750902907,False,,False,False,False,False,131791.0,126324.0,275145.0,387702.0,0.0,0.0,0.0,0.0,19.0,18.0,1.0,9.0,4,52.0,22,0,True,True,False,True,약한 이슬비,20.4,81,17.0,21.3,0.4,0.4,0.0,0.0,51,1017.5,1013.6,100,5,100,100,10.8,105,24.5,148.0,1.0,147.0,0.0,1,weekday,test,-0.2588190451025208,-0.9659258262890683,-1.0,-1.8369701987210297e-16,True,52.02122732430257,0.009570184726499065,special_case
2024-06-01 16:00:00,2024-06-01,16,2024,6,1,Saturday,True,summer,4711,340856,72.35321587773296,0.1019931999973653,480.48996518758815,571.2054986833099,52.039871209722605,True,,False,False,True,True,154396.0,157144.0,385186.0,425241.0,1013.0,37895.0,4141080.7,929.0,0.0,0.0,0.0,0.0,4,52.0,22,0,True,True,True,False,부분적으로 흐림,25.9,28,5.9,22.9,0.0,0.0,0.0,0.0,2,1008.4,1004.6,61,0,61,0,16.1,290,35.3,633.0,453.0,180.0,3600.0,1,offday,valid,-0.8660254037844384,-0.5000000000000004,1.2246467991473532e-16,-1.0,True,52.03079750902907,0.009073700693534192,special_case
2022-05-08 13:00:00,2022-05-08,13,2022,5,8,Sunday,True,spring,2071,181899,87.83148237566392,0.0829554972469645,171.80083479846363,234.9895751990358,52.052860082223134,True,부처님오신날,True,False,True,True,,,232173.0,351954.0,0.0,0.0,0.0,0.0,0.0,0.0,0.0,0.0,4,52.0,22,0,False,True,False,False,흐림,17.9,36,2.6,14.7,0.0,0.0,0.0,0.0,3,1019.7,1015.8,100,0,100,100,10.2,100,22.3,286.0,6.0,280.0,0.0,1,offday,train,-0.2588190451025208,-0.9659258262890683,0.49999999999999994,-0.8660254037844387,True,52.039871209722605,0.012988872500528714,special_case
2024-07-13 14:00:00,2024-07-13,14,2024,7,13,Saturday,True,summer,2318,211380,91.190681622088,0.0809922881834863,187.74012400932125,267.65639899932114,52.07050298785299,True,,False,False,True,True,126524.0,122244.0,280897.0,372774.0,407.0,10826.0,1045036.37,392.0,0.0,0.0,0.0,0.0,4,52.0,22,0,True,True,True,False,대체로 맑음,30.5,67,23.8,37.1,0.0,0.0,0.0,0.0,1,1004.9,1001.2,31,7,26,2,5.6,130,21.2,779.0,569.0,210.0,3600.0,1,offday,valid,-0.4999999999999998,-0.8660254037844388,-0.4999999999999998,-0.8660254037844388,True,52.052860082223134,0.01764290562985593,special_case
2022-09-03 09:00:00,2022-09-03,9,2022,9,3,Saturday,True,fall,5996,309256,51.577051367578385,0.0239536668290855,143.62618630719723,123.46358648159492,52.08117563060789,True,,False,False,True,True,,,224535.0,401600.0,0.0,0.0,0.0,0.0,0.0,0.0,0.0,0.0,4,52.0,22,0,False,True,False,False,흐림,21.5,73,16.5,21.8,0.0,0.0,0.0,0.0,3,1015.6,1011.7,100,2,8,100,13.4,66,25.6,240.0,50.0,190.0,1417.65,1,offday,train,0.7071067811865476,-0.7071067811865475,-1.0,-1.8369701987210297e-16,True,52.07050298785299,0.010672642754897765,special_case
2022-11-06 12:00:00,2022-11-06,12,2022,11,6,Sunday,True,fall,2122,170295,80.2521206409048,0.0738136969525007,156.63266493320654,196.07335513454117,52.08372657074278,True,,False,False,True,True,,,215223.0,307293.0,0.0,0.0,0.0,0.0,0.0,0.0,0.0,0.0,4,52.0,22,0,False,True,False,False,맑음,12.9,50,2.8,10.7,0.0,0.0,0.0,0.0,0,1026.0,1022.0,0,0,0,0,4.1,285,15.1,556.0,432.0,124.0,3600.0,1,offday,train,1.2246467991473532e-16,-1.0,-0.5000000000000004,0.8660254037844384,True,52.08117563060789,0.0025509401348955407,special_case
2022-06-05 16:00:00,2022-06-05,16,2022,6,5,Sunday,True,summer,2693,301765,112.05532862978092,0.1019931999973653,274.6676875929049,493.1871230025165,52.085573467449535,True,,False,False,True,True,,,324835.0,354235.0,0.0,0.0,0.0,0.0,0.0,0.0,0.0,0.0,4,52.0,22,0,False,True,False,False,흐림,24.8,46,12.6,22.9,0.0,0.0,0.0,0.0,3,1000.9,997.1,100,2,0,100,18.6,126,35.6,279.0,31.0,248.0,0.0,1,offday,train,-0.8660254037844384,-0.5000000000000004,1.2246467991473532e-16,-1.0,True,52.08372657074278,0.001846896706751977,special_case
2022-07-10 15:00:00,2022-07-10,15,2022,7,10,Sunday,True,summer,2215,232374,104.90925507900675,0.0935275965658001,207.1636263932473,341.4407409726493,52.08996596081562,True,,False,False,True,True,,,281479.0,334587.0,0.0,0.0,0.0,0.0,0.0,0.0,0.0,0.0,4,52.0,22,0,False,True,False,False,흐림,31.8,63,23.8,38.2,0.0,0.0,0.0,0.0,3,1004.0,1000.3,88,2,9,86,4.7,270,14.4,728.0,484.0,244.0,3600.0,1,offday,train,-0.7071067811865471,-0.7071067811865479,-0.4999999999999998,-0.8660254037844388,True,52.085573467449535,0.004392493366083272,special_case
2025-09-14 09:00:00,2025-09-14,9,2025,9,14,Sunday,True,fall,3695,356876,96.58349120433016,0.0239536668290855,88.50879893347128,119.71009743436704,52.108012896852856,True,,False,False,True,True,172000.0,159065.0,261893.0,470903.0,0.0,0.0,0.0,0.0,17.0,17.0,0.0,8.0,4,52.0,22,0,True,True,False,True,흐림,23.2,82,19.9,26.9,0.0,0.0,0.0,0.0,3,1011.5,1007.7,99,0,0,99,1.0,68,8.6,307.0,153.0,154.0,3600.0,1,offday,test,0.7071067811865476,-0.7071067811865475,-1.0,-1.8369701987210297e-16,True,52.08996596081562,0.01804693603723706,special_case
2022-08-14 13:00:00,2022-08-14,13,2022,8,14,Sunday,True,summer,4129,208604,50.52167595059336,0.0663205601576762,273.83759289104535,230.5789021855317,52.1118684979445,True,,False,False,True,True,,,218636.0,340539.0,0.0,0.0,0.0,0.0,0.0,0.0,0.0,0.0,4,52.0,22,0,False,True,False,False,약한 이슬비,30.0,72,24.5,36.6,0.1,0.1,0.0,0.0,51,1005.7,1002.0,100,94,5,100,1.4,180,15.1,621.0,252.0,369.0,3600.0,1,offday,train,-0.2588190451025208,-0.9659258262890683,-0.8660254037844384,-0.5000000000000004,True,52.108012896852856,0.0038556010916437344,special_case
2024-05-31 11:00:00,2024-05-31,11,2024,5,31,Friday,False,spring,2316,150483,64.97538860103627,0.0762910773796575,176.69013521128696,187.319801570232,52.11882004566493,False,,False,False,False,False,117501.0,104744.0,235739.0,348778.0,436.0,10434.0,1103972.7,370.0,0.0,0.0,0.0,0.0,4,52.0,22,0,True,True,True,False,맑음,22.6,52,12.4,22.5,0.0,0.0,0.0,0.0,0,1011.0,1007.2,14,14,0,0,13.6,258,29.9,760.0,555.0,205.0,3600.0,1,weekday,valid,0.258819045102521,-0.9659258262890682,0.49999999999999994,-0.8660254037844387,True,52.1118684979445,0.006951547720433382,special_case
2022-07-09 15:00:00,2022-07-09,15,2022,7,9,Saturday,True,summer,2527,235514,93.199050257222,0.0935275965658001,236.34423652177696,349.59035360286697,52.19122346539552,True,,False,False,True,True,,,281479.0,334587.0,0.0,0.0,0.0,0.0,0.0,0.0,0.0,0.0,4,52.0,22,0,False,True,False,False,흐림,29.5,75,24.6,34.6,0.0,0.0,0.0,0.0,3,1001.7,998.0,97,74,1,90,9.3,242,19.4,536.0,199.0,337.0,3600.0,1,offday,train,-0.7071067811865471,-0.7071067811865479,-0.4999999999999998,-0.8660254037844388,True,52.11882004566493,0.07240341973058406,special_case
2025-10-17 11:00:00,2025-10-17,11,2025,10,17,Friday,False,fall,2388,136401,57.119346733668344,0.0860138816247737,205.4011493199597,195.5396577916794,52.231352688153606,False,,False,False,False,False,115105.0,107090.0,225556.0,348326.0,0.0,0.0,0.0,0.0,19.0,16.0,3.0,11.0,4,52.0,22,0,True,True,False,True,흐림,20.9,69,15.0,20.7,0.0,0.0,0.0,0.0,3,1023.1,1019.2,100,0,63,100,12.8,106,30.2,534.0,400.0,134.0,3600.0,1,weekday,test,0.258819045102521,-0.9659258262890682,-0.8660254037844386,0.5000000000000001,True,52.19122346539552,0.04012922275808961,special_case
2024-08-11 13:00:00,2024-08-11,13,2024,8,11,Sunday,True,summer,2164,215957,99.7952865064695,0.0663205601576762,143.51769218121146,217.1933913052644,52.327250171537145,True,,False,False,True,True,125403.0,121513.0,256045.0,394469.0,299.0,7762.0,680446.62,276.0,0.0,0.0,0.0,0.0,4,52.0,22,0,True,True,True,False,약한 이슬비,32.3,61,23.9,38.5,0.1,0.1,0.0,0.0,51,1002.5,998.8,29,17,14,6,10.4,200,23.4,834.0,672.0,162.0,3600.0,1,offday,valid,-0.2588190451025208,-0.9659258262890683,-0.8660254037844384,-0.5000000000000004,True,52.231352688153606,0.09589748338353843,special_case
2025-03-15 14:00:00,2025-03-15,14,2025,3,15,Saturday,True,spring,2328,202009,86.77362542955326,0.0977777335148833,227.62656362264843,313.80211675441603,52.35140461209778,True,,False,False,True,True,128057.0,123831.0,306602.0,397393.0,0.0,0.0,0.0,0.0,0.0,0.0,0.0,0.0,4,52.0,22,0,True,True,False,False,대체로 맑음,14.4,40,0.8,12.0,0.0,0.0,0.0,0.0,1,1021.9,1017.9,28,4,18,9,9.6,127,32.8,721.0,545.0,176.0,3600.0,1,offday,test,-0.4999999999999998,-0.8660254037844388,1.0,6.123233995736766e-17,True,52.327250171537145,0.024154440560636203,special_case
2025-04-11 11:00:00,2025-04-11,11,2025,4,11,Friday,False,spring,2517,150067,59.621374652363926,0.0762910773796575,192.02464176459813,190.81288515221792,52.37999948982076,False,,False,False,False,False,111797.0,102373.0,227200.0,319103.0,0.0,0.0,0.0,0.0,2.0,2.0,0.0,1.0,4,52.0,22,0,True,True,False,True,맑음,18.1,46,6.2,18.1,0.0,0.0,0.0,0.0,0,1011.6,1007.7,0,0,0,0,1.0,112,12.6,714.0,549.0,165.0,3600.0,1,weekday,test,0.258819045102521,-0.9659258262890682,0.8660254037844387,-0.49999999999999983,True,52.35140461209778,0.028594877722980527,special_case
2023-03-19 13:00:00,2023-03-19,13,2023,3,19,Sunday,True,spring,2044,183113,89.58561643835617,0.0829554972469645,169.5610363727956,235.8566469531978,52.39915245703355,True,,False,False,True,True,121347.0,113931.0,253070.0,376569.0,621.0,25586.0,2860729.67,476.0,0.0,0.0,0.0,0.0,4,52.0,22,0,True,True,True,False,대체로 맑음,12.0,43,-0.3,9.3,0.0,0.0,0.0,0.0,1,1021.6,1017.6,37,0,0,37,12.4,253,28.4,789.0,637.0,152.0,3600.0,1,offday,train,-0.2588190451025208,-0.9659258262890683,1.0,6.123233995736766e-17,True,52.37999948982076,0.019152967212789918,special_case
2022-07-16 13:00:00,2022-07-16,13,2022,7,16,Saturday,True,summer,2359,215464,91.3370072064434,0.0663205601576762,156.45020141195835,219.69442011496113,52.433673516841935,True,,False,False,True,True,,,226135.0,351547.0,0.0,0.0,0.0,0.0,0.0,0.0,0.0,0.0,4,52.0,22,0,False,True,False,False,약한 이슬비,27.1,70,21.2,30.8,0.2,0.2,0.0,0.0,51,997.8,994.1,24,9,20,1,8.0,252,19.4,610.0,325.0,285.0,3600.0,1,offday,train,-0.2588190451025208,-0.9659258262890683,-0.4999999999999998,-0.8660254037844388,True,52.39915245703355,0.034521059808383825,special_case
2023-06-11 14:00:00,2023-06-11,14,2023,6,11,Sunday,True,summer,2376,212929,89.61658249158249,0.0809922881834863,192.43767672396345,270.21953501955545,52.4390754448051,True,,False,False,True,True,116833.0,111408.0,264572.0,340237.0,555.0,19111.0,2119277.07,448.0,0.0,0.0,0.0,0.0,4,52.0,22,0,True,True,True,False,대체로 맑음,23.6,71,18.0,27.0,0.0,0.0,0.0,0.0,1,1005.0,1001.2,21,4,11,8,6.5,357,20.5,780.0,538.0,242.0,3600.0,1,offday,train,-0.4999999999999998,-0.8660254037844388,1.2246467991473532e-16,-1.0,True,52.433673516841935,0.005401927963163189,special_case
2023-06-18 10:00:00,2023-06-18,10,2023,6,18,Sunday,True,summer,3819,385582,100.96412673474732,0.0257069519909139,98.17484965330053,141.18932676928867,52.48740125653201,True,,False,False,True,True,112170.0,101655.0,192375.0,285587.0,370.0,10428.0,1306026.17,335.0,0.0,0.0,0.0,0.0,4,52.0,22,0,True,True,True,False,흐림,25.0,60,16.5,26.7,0.0,0.0,0.0,0.0,3,1008.9,1005.1,100,0,0,100,3.9,292,13.3,559.0,304.0,255.0,3600.0,1,offday,train,0.49999999999999994,-0.8660254037844387,1.2246467991473532e-16,-1.0,True,52.4390754448051,0.04832581172691164,special_case
2023-10-15 09:00:00,2023-10-15,9,2023,10,15,Sunday,True,fall,3994,350827,87.83850776164246,0.0239536668290855,95.67094531536787,121.3351074182493,52.5077459930078,True,,False,False,True,True,158383.0,144419.0,256330.0,438186.0,0.0,0.0,0.0,0.0,0.0,0.0,0.0,0.0,4,52.0,22,0,True,True,False,False,맑음,12.0,94,11.1,12.0,0.0,0.0,0.0,0.0,0,1011.9,1007.9,16,100,0,0,2.5,352,10.4,260.0,165.0,95.0,3600.0,1,offday,train,0.7071067811865476,-0.7071067811865475,-0.8660254037844386,0.5000000000000001,True,52.48740125653201,0.020344736475792047,special_case
2025-09-26 12:00:00,2025-09-26,12,2025,9,26,Friday,False,fall,2774,153697,55.40627253064167,0.1065118396644879,295.46384322928947,272.84250368188,52.50791094716578,False,,False,False,False,False,126915.0,121371.0,254165.0,356827.0,0.0,0.0,0.0,0.0,18.0,16.0,2.0,10.0,4,52.0,22,0,True,True,False,True,맑음,23.1,71,17.6,26.7,0.0,0.0,0.0,0.0,0,1020.2,1016.3,16,16,0,0,1.7,311,14.8,703.0,513.0,190.0,3600.0,1,weekday,test,1.2246467991473532e-16,-1.0,-1.0,-1.8369701987210297e-16,True,52.5077459930078,0.00016495415798090107,special_case
2022-10-01 10:00:00,2022-10-01,10,2022,10,1,Saturday,True,fall,2838,247292,87.13601127554615,0.0378925808716765,107.539144513818,138.28447434451033,52.52807275313556,True,,False,False,True,True,,,190641.0,297782.0,0.0,0.0,0.0,0.0,0.0,0.0,0.0,0.0,4,52.0,22,0,False,True,False,False,흐림,17.5,83,14.6,18.7,0.0,0.0,0.0,0.0,3,1020.5,1016.6,92,38,0,87,2.2,9,14.0,377.0,181.0,196.0,3600.0,1,offday,train,0.49999999999999994,-0.8660254037844387,-0.8660254037844386,0.5000000000000001,True,52.50791094716578,0.020161805969777902,special_case
2024-06-29 14:00:00,2024-06-29,14,2024,6,29,Saturday,True,summer,2152,213045,98.9986059479554,0.0809922881834863,174.29540417086253,267.06128769141225,52.53906543092535,True,,False,False,True,True,120402.0,116099.0,282830.0,361605.0,518.0,15277.0,1757865.92,495.0,0.0,0.0,0.0,0.0,4,52.0,22,0,True,True,True,False,흐림,32.0,41,17.0,32.8,0.0,0.0,0.0,0.0,3,1003.1,999.4,100,35,30,99,17.4,158,34.9,713.0,382.0,331.0,3600.0,1,offday,valid,-0.4999999999999998,-0.8660254037844388,1.2246467991473532e-16,-1.0,True,52.52807275313556,0.010992677789786853,special_case
2022-09-30 11:00:00,2022-09-30,11,2022,9,30,Friday,False,fall,2053,138315,67.37213833414515,0.0860138816247737,176.5864989756605,192.48793076679004,52.545314763185274,False,,False,False,False,False,,,174692.0,265622.0,0.0,0.0,0.0,0.0,0.0,0.0,0.0,0.0,4,52.0,22,0,False,True,False,False,맑음,20.2,77,16.1,22.4,0.0,0.0,0.0,0.0,0,1017.7,1013.8,1,1,0,0,2.4,63,14.0,606.0,448.0,158.0,3600.0,1,weekday,train,0.258819045102521,-0.9659258262890682,-1.0,-1.8369701987210297e-16,True,52.53906543092535,0.006249332259926632,special_case
2024-03-16 14:00:00,2024-03-16,14,2024,3,16,Saturday,True,spring,2414,203456,84.28169014084507,0.0977777335148833,236.0354487049284,317.0774391487297,52.5630584696047,True,,False,False,True,True,117722.0,116668.0,296005.0,401026.0,798.0,32176.0,3689011.67,727.0,0.0,0.0,0.0,0.0,4,52.0,22,0,True,True,True,False,흐림,15.4,40,2.0,14.2,0.0,0.0,0.0,0.0,3,1020.6,1016.6,99,0,0,99,2.5,188,15.5,703.0,477.0,226.0,3600.0,1,offday,valid,-0.4999999999999998,-0.8660254037844388,1.0,6.123233995736766e-17,True,52.545314763185274,0.017743706419423688,special_case
2024-06-16 16:00:00,2024-06-16,16,2024,6,16,Sunday,True,summer,3487,319548,91.63980498996273,0.1019931999973653,355.650288390813,527.6288329560062,52.56948421926654,True,,False,False,True,True,154396.0,157144.0,385186.0,425241.0,701.0,22183.0,2555839.93,599.0,0.0,0.0,0.0,0.0,4,52.0,22,0,True,True,True,False,약한 이슬비,28.3,38,12.8,27.1,0.1,0.1,0.0,0.0,51,1005.6,1001.8,30,0,30,0,16.6,271,33.5,612.0,439.0,173.0,3600.0,1,offday,valid,-0.8660254037844384,-0.5000000000000004,1.2246467991473532e-16,-1.0,True,52.5630584696047,0.006425749661843838,special_case
2023-03-11 13:00:00,2023-03-11,13,2023,3,11,Saturday,True,spring,2330,183705,78.84334763948497,0.0829554972469645,193.28630858542743,241.41867811451576,52.57615573350401,True,,False,False,True,True,121347.0,113931.0,253070.0,376569.0,744.0,27161.0,2923721.55,627.0,0.0,0.0,0.0,0.0,4,52.0,22,0,True,True,True,False,흐림,19.6,32,2.5,17.0,0.0,0.0,0.0,0.0,3,1021.9,1018.0,100,0,1,100,12.6,217,27.0,721.0,544.0,177.0,3600.0,1,offday,train,-0.2588190451025208,-0.9659258262890683,1.0,6.123233995736766e-17,True,52.56948421926654,0.006671514237467591,special_case
2022-10-21 11:00:00,2022-10-21,11,2022,10,21,Friday,False,fall,2099,138296,65.88661267270129,0.0860138816247737,180.5431375304001,193.52484160778343,52.614965501849014,False,,False,False,False,False,,,200013.0,311760.0,0.0,0.0,0.0,0.0,0.0,0.0,0.0,0.0,4,52.0,22,0,False,True,False,False,부분적으로 흐림,14.9,70,9.5,14.6,0.0,0.0,0.0,0.0,2,1026.2,1022.2,59,0,59,0,1.4,180,13.0,547.0,415.0,132.0,3600.0,1,weekday,train,0.258819045102521,-0.9659258262890682,-0.8660254037844386,0.5000000000000001,True,52.57615573350401,0.03880976834500416,special_case
2025-10-04 11:00:00,2025-10-04,11,2025,10,4,Saturday,True,fall,2077,197587,95.1309581126625,0.0550655360577097,114.37111839186312,160.4529175329235,52.61957360381986,True,,False,False,True,True,115105.0,107090.0,225556.0,348326.0,0.0,0.0,0.0,0.0,15.0,14.0,1.0,9.0,4,52.0,22,0,True,True,False,True,흐림,21.5,82,18.3,23.8,0.0,0.0,0.0,0.0,3,1015.0,1011.1,100,100,80,0,5.2,68,13.7,162.0,9.0,153.0,0.0,1,offday,test,0.258819045102521,-0.9659258262890682,-0.8660254037844386,0.5000000000000001,True,52.614965501849014,0.004608101970845269,special_case
2025-09-13 09:00:00,2025-09-13,9,2025,9,13,Saturday,True,fall,3830,358122,93.50443864229766,0.0239536668290855,91.74254395539784,121.36180348543238,52.72311577666683,True,,False,False,True,True,172000.0,159065.0,261893.0,470903.0,0.0,0.0,0.0,0.0,17.0,17.0,0.0,8.0,4,52.0,22,0,True,True,False,True,부분적으로 흐림,23.0,89,21.1,26.9,0.0,0.0,0.0,0.0,2,1005.0,1001.2,67,67,0,0,3.8,357,15.5,218.0,84.0,134.0,3600.0,1,offday,test,0.7071067811865476,-0.7071067811865475,-1.0,-1.8369701987210297e-16,True,52.61957360381986,0.10354217284697143,special_case
2023-06-06 15:00:00,2023-06-06,15,2023,6,6,Tuesday,False,summer,3191,334549,104.84142901911626,0.111744554381455,356.57687303122304,606.8831060367061,52.7479867841995,False,현충일,True,False,True,False,130894.0,129443.0,304228.0,351124.0,647.0,23819.0,2624410.53,516.0,0.0,0.0,0.0,0.0,4,52.0,22,0,True,True,True,False,맑음,22.5,58,13.8,22.3,0.0,0.0,0.0,0.0,0,1005.5,1001.7,16,0,16,0,17.1,242,34.2,753.0,535.0,218.0,3600.0,1,offday,train,-0.7071067811865471,-0.7071067811865479,1.2246467991473532e-16,-1.0,True,52.72311577666683,0.024871007532667022,special_case
2025-04-25 11:00:00,2025-04-25,11,2025,4,25,Friday,False,spring,2508,151718,60.493620414673046,0.0762910773796575,191.3380220681812,192.48004471439953,52.91261072125886,False,,False,False,False,False,111797.0,102373.0,227200.0,319103.0,0.0,0.0,0.0,0.0,2.0,2.0,0.0,2.0,4,52.0,22,0,True,True,False,True,맑음,14.7,30,-2.7,11.1,0.0,0.0,0.0,0.0,0,1016.7,1012.7,0,0,0,0,15.8,302,37.4,777.0,600.0,177.0,3600.0,1,weekday,test,0.258819045102521,-0.9659258262890682,0.8660254037844387,-0.49999999999999983,True,52.7479867841995,0.16462393705936051,special_case
2024-09-29 14:00:00,2024-09-29,14,2024,9,29,Sunday,True,fall,3998,230363,57.61955977988995,0.1053558771818858,421.2127969731797,404.50159892084616,52.91918715601429,True,,False,False,True,True,123791.0,120526.0,276892.0,362326.0,791.0,30907.0,3116562.55,717.0,0.0,0.0,0.0,0.0,4,52.0,22,0,True,True,True,False,맑음,26.5,57,17.2,28.3,0.0,0.0,0.0,0.0,0,1019.3,1015.5,1,1,0,0,10.3,85,24.8,678.0,549.0,129.0,3600.0,1,offday,valid,-0.4999999999999998,-0.8660254037844388,-1.0,-1.8369701987210297e-16,True,52.91261072125886,0.006576434755430682,special_case
2025-09-22 12:00:00,2025-09-22,12,2025,9,22,Monday,False,fall,2294,153069,66.7258064516129,0.1065118396644879,244.3381601903353,266.4566298501459,52.93046554131345,False,,False,False,False,False,126915.0,121371.0,254165.0,356827.0,0.0,0.0,0.0,0.0,16.0,15.0,1.0,7.0,4,52.0,22,0,True,True,False,True,흐림,22.7,54,13.0,22.3,0.0,0.0,0.0,0.0,3,1021.9,1018.0,100,0,35,100,9.5,88,24.5,522.0,192.0,330.0,3600.0,1,weekday,test,1.2246467991473532e-16,-1.0,-1.0,-1.8369701987210297e-16,True,52.91918715601429,0.011278385299164029,special_case
2023-04-15 11:00:00,2023-04-15,11,2023,4,15,Saturday,True,spring,3015,214841,71.25737976782753,0.0486258337916605,146.60688888185652,165.47993257936704,52.93983812908405,True,,False,False,True,True,104251.0,96251.0,205854.0,298552.0,16.0,525.0,35008.35,16.0,0.0,0.0,0.0,0.0,4,52.0,22,0,True,True,True,False,약한 비,12.3,94,11.4,11.8,2.0,2.0,0.0,0.0,61,1006.3,1002.3,100,8,100,94,6.6,261,18.7,72.0,0.0,72.0,0.0,1,offday,train,0.258819045102521,-0.9659258262890682,0.8660254037844387,-0.49999999999999983,True,52.93046554131345,0.009372587770599239,special_case
2023-08-20 13:00:00,2023-08-20,13,2023,8,20,Sunday,True,summer,2028,219332,108.15187376725838,0.0663205601576762,134.4980959997675,218.0423366359023,52.953175619961655,True,,False,False,True,True,117777.0,112087.0,243044.0,368150.0,0.0,0.0,0.0,0.0,0.0,0.0,0.0,0.0,4,52.0,22,0,True,True,False,False,부분적으로 흐림,29.8,68,23.3,35.3,0.0,0.0,0.0,0.0,2,1012.0,1008.2,77,4,51,55,4.8,222,14.4,639.0,374.0,265.0,3600.0,1,offday,train,-0.2588190451025208,-0.9659258262890683,-0.8660254037844384,-0.5000000000000004,True,52.93983812908405,0.013337490877603386,special_case
2025-10-12 11:00:00,2025-10-12,11,2025,10,12,Sunday,True,fall,1965,200707,102.1409669211196,0.0550655360577097,108.20377835339964,160.49996075741495,52.982184525969046,True,,False,False,True,True,115105.0,107090.0,225556.0,348326.0,0.0,0.0,0.0,0.0,14.0,13.0,1.0,7.0,4,52.0,22,0,True,True,False,True,흐림,20.9,80,17.3,21.8,0.0,0.0,0.0,0.0,3,1014.0,1010.1,94,92,9,9,11.5,81,26.6,480.0,261.0,219.0,3600.0,1,offday,test,0.258819045102521,-0.9659258262890682,-0.8660254037844386,0.5000000000000001,True,52.953175619961655,0.029008906007391033,special_case
2022-07-16 14:00:00,2022-07-16,14,2022,7,16,Saturday,True,summer,2359,215464,91.3370072064434,0.0809922881834863,191.0608078248442,272.77215930977854,53.07773919481741,True,,False,False,True,True,,,242820.0,328804.0,0.0,0.0,0.0,0.0,0.0,0.0,0.0,0.0,4,52.0,22,0,False,True,False,False,약한 이슬비,27.2,70,21.3,31.4,0.2,0.2,0.0,0.0,51,997.9,994.2,37,12,29,0,10.7,256,23.4,763.0,557.0,206.0,3600.0,1,offday,train,-0.4999999999999998,-0.8660254037844388,-0.4999999999999998,-0.8660254037844388,True,52.982184525969046,0.09555466884836505,special_case
2023-04-22 10:00:00,2023-04-22,10,2023,4,22,Saturday,True,spring,2993,291040,97.24022719679252,0.0333632663106753,99.85625606785126,139.09876199048492,53.08143655845872,True,,False,False,True,True,111048.0,102209.0,201090.0,284648.0,458.0,13268.0,1603249.85,401.0,0.0,0.0,0.0,0.0,4,52.0,22,0,True,True,True,False,흐림,16.7,20,-6.4,11.8,0.0,0.0,0.0,0.0,3,1021.1,1017.1,100,0,93,100,13.8,70,28.1,507.0,260.0,247.0,3600.0,1,offday,train,0.49999999999999994,-0.8660254037844387,0.8660254037844387,-0.49999999999999983,True,53.07773919481741,0.0036973636413080158,special_case
2022-08-27 10:00:00,2022-08-27,10,2022,8,27,Saturday,True,summer,4495,375388,83.5123470522803,0.0257069519909139,115.55274919915836,144.61217094929296,53.09545752228237,True,,False,False,True,True,,,161049.0,257746.0,0.0,0.0,0.0,0.0,0.0,0.0,0.0,0.0,4,52.0,22,0,False,True,False,False,맑음,20.5,51,10.1,18.4,0.0,0.0,0.0,0.0,0,1011.3,1007.4,0,0,0,0,17.1,332,31.3,615.0,503.0,112.0,3600.0,1,offday,train,0.49999999999999994,-0.8660254037844387,-0.8660254037844384,-0.5000000000000004,True,53.08143655845872,0.014020963823654142,special_case
2025-09-06 15:00:00,2025-09-06,15,2025,9,6,Saturday,True,fall,3931,345164,87.8056474179598,0.1124759978651691,442.1431476079797,634.0734609327939,53.09860361189624,True,,False,False,True,True,147067.0,148369.0,339515.0,383623.0,0.0,0.0,0.0,0.0,15.0,14.0,1.0,7.0,4,52.0,22,0,True,True,False,True,약한 이슬비,30.0,68,23.5,33.3,0.1,0.1,0.0,0.0,51,1006.1,1002.4,100,11,13,100,20.0,228,43.2,621.0,439.0,182.0,3600.0,1,offday,test,-0.7071067811865471,-0.7071067811865479,-1.0,-1.8369701987210297e-16,True,53.09545752228237,0.0031460896138639782,special_case
2024-09-01 11:00:00,2024-09-01,11,2024,9,1,Sunday,True,fall,2183,198453,90.90838295923042,0.0550655360577097,120.20806521398036,162.8201670332242,53.16356695770611,True,,False,False,True,True,108403.0,100418.0,204482.0,304686.0,320.0,8754.0,897218.94,310.0,0.0,0.0,0.0,0.0,4,52.0,22,0,True,True,True,False,부분적으로 흐림,27.6,68,21.1,31.2,0.0,0.0,0.0,0.0,2,1008.8,1005.0,58,29,0,42,12.0,229,24.5,703.0,567.0,136.0,3600.0,1,offday,valid,0.258819045102521,-0.9659258262890682,-1.0,-1.8369701987210297e-16,True,53.09860361189624,0.06496334580987195,special_case
2025-05-05 10:00:00,2025-05-05,10,2025,5,5,Monday,False,spring,2012,182910,90.90954274353876,0.0553484319653476,111.3610451142795,149.21589838535397,53.19083987013687,False,부처님오신날 / 어린이날,True,False,True,True,119974.0,107930.0,221425.0,328176.0,0.0,0.0,0.0,0.0,7.0,5.0,2.0,3.0,4,52.0,22,0,True,True,False,True,흐림,11.6,76,7.6,10.0,0.0,0.0,0.0,0.0,3,1013.7,1009.7,100,0,100,100,6.7,84,17.6,211.0,5.0,206.0,0.0,1,offday,test,0.49999999999999994,-0.8660254037844387,0.49999999999999994,-0.8660254037844387,True,53.16356695770611,0.027272912430760243,special_case
2024-10-13 09:00:00,2024-10-13,9,2024,10,13,Sunday,True,fall,3900,360223,92.3648717948718,0.0239536668290855,93.41930063343383,122.55406938438496,53.20105158756891,True,,False,False,True,True,167962.0,154083.0,271413.0,464399.0,347.0,9680.0,1211127.69,289.0,0.0,0.0,0.0,0.0,4,52.0,22,0,True,True,True,False,흐림,15.6,85,13.1,15.6,0.0,0.0,0.0,0.0,3,1025.0,1021.0,100,4,0,100,6.7,85,15.5,263.0,167.0,96.0,3600.0,1,offday,valid,0.7071067811865476,-0.7071067811865475,-0.8660254037844386,0.5000000000000001,True,53.19083987013687,0.010211717432042633,special_case
2022-06-05 11:00:00,2022-06-05,11,2022,6,5,Sunday,True,summer,2693,301765,112.05532862978092,0.037472805085182,100.9142640943952,160.9764151751665,53.20305635400473,True,,False,False,True,True,,,171667.0,266208.0,0.0,0.0,0.0,0.0,0.0,0.0,0.0,0.0,4,52.0,22,0,False,True,False,False,흐림,25.6,44,12.6,25.1,0.0,0.0,0.0,0.0,3,1003.9,1000.1,100,0,28,100,9.3,103,21.6,433.0,79.0,354.0,943.16,1,offday,train,0.258819045102521,-0.9659258262890682,1.2246467991473532e-16,-1.0,True,53.20105158756891,0.0020047664358173733,special_case
2022-06-04 16:00:00,2022-06-04,16,2022,6,4,Saturday,True,summer,3062,314357,102.66394513389942,0.1019931999973653,312.3031783919327,515.9392556013734,53.21459572645824,True,,False,False,True,True,,,324835.0,354235.0,0.0,0.0,0.0,0.0,0.0,0.0,0.0,0.0,4,52.0,22,0,False,True,False,False,흐림,29.1,41,14.4,29.8,0.0,0.0,0.0,0.0,3,1007.4,1003.7,100,0,69,100,4.8,312,15.8,295.0,36.0,259.0,0.0,1,offday,train,-0.8660254037844384,-0.5000000000000004,1.2246467991473532e-16,-1.0,True,53.20305635400473,0.011539372453512442,special_case
2025-09-22 10:00:00,2025-09-22,10,2025,9,22,Monday,False,fall,2294,153069,66.7258064516129,0.0630383817289576,144.61004768622874,155.33931242144854,53.24678748799626,False,,False,False,False,False,121550.0,113807.0,206448.0,315696.0,0.0,0.0,0.0,0.0,16.0,15.0,1.0,7.0,4,52.0,22,0,True,True,False,True,흐림,20.0,66,13.4,20.1,0.0,0.0,0.0,0.0,3,1023.0,1019.1,98,0,31,96,6.5,67,16.9,282.0,52.0,230.0,923.47,1,weekday,test,0.49999999999999994,-0.8660254037844387,-1.0,-1.8369701987210297e-16,True,53.21459572645824,0.03219176153801584,special_case
2024-08-11 14:00:00,2024-08-11,14,2024,8,11,Sunday,True,summer,2164,215957,99.7952865064695,0.0809922881834863,175.26731162906435,270.4561062807078,53.26271497544337,True,,False,False,True,True,124430.0,119203.0,276515.0,363596.0,300.0,7145.0,631490.59,314.0,0.0,0.0,0.0,0.0,4,52.0,22,0,True,True,True,False,약한 이슬비,32.6,60,23.8,38.2,0.1,0.1,0.0,0.0,51,1002.1,998.4,25,15,11,5,11.6,206,23.4,782.0,622.0,160.0,3600.0,1,offday,valid,-0.4999999999999998,-0.8660254037844388,-0.8660254037844384,-0.5000000000000004,True,53.24678748799626,0.01592748744711514,special_case
2023-10-28 11:00:00,2023-10-28,11,2023,10,28,Saturday,True,fall,2323,196979,84.79509255273354,0.0550655360577097,127.91724026205972,164.29348635585467,53.273900062808394,True,,False,False,True,True,110958.0,104476.0,213989.0,339913.0,0.0,0.0,0.0,0.0,0.0,0.0,0.0,0.0,4,52.0,22,0,True,True,False,False,맑음,15.2,67,9.1,14.5,0.0,0.0,0.0,0.0,0,1019.5,1015.5,0,0,0,0,3.3,84,13.3,513.0,396.0,117.0,3600.0,1,offday,train,0.258819045102521,-0.9659258262890682,-0.8660254037844386,0.5000000000000001,True,53.26271497544337,0.011185087365021218,special_case
2022-06-25 13:00:00,2022-06-25,13,2022,6,25,Saturday,True,summer,2533,218309,86.18594551914725,0.0663205601576762,167.98997887939402,224.73644528207072,53.28739538008824,True,,False,False,True,True,,,217587.0,326187.0,0.0,0.0,0.0,0.0,0.0,0.0,0.0,0.0,4,52.0,22,0,False,True,False,False,대체로 맑음,29.0,67,22.3,33.3,0.0,0.0,0.0,0.0,1,1003.6,999.9,36,35,0,0,16.7,217,32.4,861.0,607.0,254.0,3600.0,1,offday,train,-0.2588190451025208,-0.9659258262890683,1.2246467991473532e-16,-1.0,True,53.273900062808394,0.01349531727984754,special_case
2022-04-03 10:00:00,2022-04-03,10,2022,4,3,Sunday,True,spring,3371,283907,84.22040937407297,0.0333632663106753,112.46757073328654,141.21360411804582,53.30733153393086,True,,False,False,True,True,,,151454.0,224442.0,0.0,0.0,0.0,0.0,0.0,0.0,0.0,0.0,4,52.0,22,0,False,True,False,False,맑음,9.0,56,0.7,6.8,0.0,0.0,0.0,0.0,0,1029.9,1025.8,0,0,0,0,1.3,34,13.0,542.0,400.0,142.0,3600.0,1,offday,train,0.49999999999999994,-0.8660254037844387,0.8660254037844387,-0.49999999999999983,True,53.28739538008824,0.019936153842621707,special_case
2025-09-28 09:00:00,2025-09-28,9,2025,9,28,Sunday,True,fall,4023,357249,88.80164056674124,0.0239536668290855,96.36560165341136,123.11046210201388,53.31242247983036,True,,False,False,True,True,172000.0,159065.0,261893.0,470903.0,0.0,0.0,0.0,0.0,15.0,14.0,1.0,9.0,4,52.0,22,0,True,True,False,True,보통 비,19.9,98,19.6,23.2,5.8,5.8,0.0,0.0,63,1011.6,1007.7,100,100,100,100,2.8,345,5.8,22.0,0.0,22.0,0.0,1,offday,test,0.7071067811865476,-0.7071067811865475,-1.0,-1.8369701987210297e-16,True,53.30733153393086,0.005090945899496546,special_case
2025-05-31 10:00:00,2025-05-31,10,2025,5,31,Saturday,True,spring,2982,292972,98.2468142186452,0.0333632663106753,99.48926013843383,139.64434972652117,53.329383176885926,True,,False,False,True,True,119974.0,107930.0,221425.0,328176.0,0.0,0.0,0.0,0.0,7.0,7.0,0.0,2.0,4,52.0,22,0,True,True,False,True,흐림,23.3,44,10.4,23.5,0.0,0.0,0.0,0.0,3,1013.1,1009.3,100,0,0,100,2.6,155,16.9,626.0,399.0,227.0,3600.0,1,offday,test,0.49999999999999994,-0.8660254037844387,0.49999999999999994,-0.8660254037844387,True,53.31242247983036,0.016960697055566243,special_case
2022-04-30 14:00:00,2022-04-30,14,2022,4,30,Saturday,True,spring,2571,207659,80.76973940101128,0.0977777335148833,251.3865528667651,325.2155628249428,53.39648514303133,True,,False,False,True,True,,,217213.0,285529.0,0.0,0.0,0.0,0.0,0.0,0.0,0.0,0.0,4,52.0,22,0,False,True,False,False,흐림,16.5,53,6.9,13.6,0.0,0.0,0.0,0.0,3,1016.8,1012.9,100,17,100,23,19.6,253,37.4,701.0,382.0,319.0,3600.0,1,offday,train,-0.4999999999999998,-0.8660254037844388,0.8660254037844387,-0.49999999999999983,True,53.329383176885926,0.06710196614540109,special_case
2023-09-17 09:00:00,2023-09-17,9,2023,9,17,Sunday,True,fall,3716,368243,99.09660925726588,0.0239536668290855,89.01182593688208,122.54602024730436,53.42469484188638,True,,False,False,True,True,155350.0,142576.0,240350.0,411969.0,0.0,0.0,0.0,0.0,0.0,0.0,0.0,0.0,4,52.0,22,0,True,True,False,False,흐림,23.6,88,21.6,28.0,0.0,0.0,0.0,0.0,3,1011.0,1007.2,100,39,7,90,2.6,34,9.7,157.0,38.0,119.0,860.64,1,offday,train,0.7071067811865476,-0.7071067811865475,-1.0,-1.8369701987210297e-16,True,53.39648514303133,0.028209698855050647,special_case
2023-07-08 12:00:00,2023-07-08,12,2023,7,8,Saturday,True,summer,2528,245536,97.126582278481,0.0513318154074477,129.76682935002793,188.38428925127533,53.44050989494812,True,,False,False,True,True,119088.0,110508.0,229140.0,351590.0,0.0,0.0,0.0,0.0,0.0,0.0,0.0,0.0,4,52.0,22,0,True,True,False,False,흐림,25.0,80,21.2,28.0,0.0,0.0,0.0,0.0,3,1002.6,998.8,100,100,0,82,10.2,113,22.0,261.0,14.0,247.0,0.0,1,offday,train,1.2246467991473532e-16,-1.0,-0.4999999999999998,-0.8660254037844388,True,53.42469484188638,0.015815053061743356,special_case
2022-07-17 12:00:00,2022-07-17,12,2022,7,17,Sunday,True,summer,2422,246742,101.87530966143684,0.0513318154074477,124.32565691683848,187.66843753932733,53.45512887597516,True,,False,False,True,True,,,205298.0,328901.0,0.0,0.0,0.0,0.0,0.0,0.0,0.0,0.0,4,52.0,22,0,False,True,False,False,약한 이슬비,26.2,75,21.5,29.4,0.1,0.1,0.0,0.0,51,1001.2,997.4,100,39,33,100,10.7,250,25.9,550.0,176.0,374.0,3600.0,1,offday,train,1.2246467991473532e-16,-1.0,-0.4999999999999998,-0.8660254037844388,True,53.44050989494812,0.0146189810270414,special_case
2024-08-10 13:00:00,2024-08-10,13,2024,8,10,Saturday,True,summer,2401,219687,91.4981257809246,0.0663205601576762,159.23566493858073,223.9368516688982,53.456565705998486,True,,False,False,True,True,125403.0,121513.0,256045.0,394469.0,335.0,7811.0,640891.91,322.0,0.0,0.0,0.0,0.0,4,52.0,22,0,True,True,True,False,흐림,31.9,68,25.1,38.9,0.0,0.0,0.0,0.0,3,1003.1,999.4,97,0,13,97,8.1,167,21.2,787.0,580.0,207.0,3600.0,1,offday,valid,-0.2588190451025208,-0.9659258262890683,-0.8660254037844384,-0.5000000000000004,True,53.45512887597516,0.0014368300233229547,special_case
2025-03-22 13:00:00,2025-03-22,13,2025,3,22,Saturday,True,spring,2345,186919,79.7095948827292,0.0829554972469645,194.53064104413193,245.19981283014565,53.495298105490406,True,,False,False,True,True,128545.0,123079.0,286466.0,434709.0,0.0,0.0,0.0,0.0,0.0,0.0,0.0,0.0,4,52.0,22,0,True,True,False,False,맑음,16.3,45,4.4,14.2,0.0,0.0,0.0,0.0,0,1009.8,1005.9,0,0,0,0,14.1,224,33.8,787.0,639.0,148.0,3600.0,1,offday,test,-0.2588190451025208,-0.9659258262890683,1.0,6.123233995736766e-17,True,53.456565705998486,0.03873239949191998,special_case
2025-08-24 13:00:00,2025-08-24,13,2025,8,24,Sunday,True,summer,2101,221339,105.34935744883389,0.0663205601576762,139.33949689127786,220.8535642280481,53.499230128482736,True,,False,False,True,True,130570.0,123894.0,275004.0,414551.0,0.0,0.0,0.0,0.0,13.0,13.0,0.0,7.0,4,52.0,22,0,True,True,False,True,흐림,33.5,53,22.8,39.0,0.0,0.0,0.0,0.0,3,1011.6,1007.9,92,5,3,92,8.9,223,24.5,796.0,637.0,159.0,3600.0,1,offday,test,-0.2588190451025208,-0.9659258262890683,-0.8660254037844384,-0.5000000000000004,True,53.495298105490406,0.0039320229923305305,special_case
2024-09-29 10:00:00,2024-09-29,10,2024,9,29,Sunday,True,fall,3998,230363,57.61955977988995,0.0378925808716765,151.49453832496278,145.48414345570035,53.51683425988959,True,,False,False,True,True,113071.0,105062.0,191989.0,288463.0,496.0,15323.0,1732642.14,427.0,0.0,0.0,0.0,0.0,4,52.0,22,0,True,True,True,False,맑음,22.3,69,16.2,22.4,0.0,0.0,0.0,0.0,0,1021.8,1017.9,0,0,0,0,14.1,86,27.7,447.0,317.0,130.0,3600.0,1,offday,valid,0.49999999999999994,-0.8660254037844387,-1.0,-1.8369701987210297e-16,True,53.499230128482736,0.017604131406855572,special_case
2024-09-26 12:00:00,2024-09-26,12,2024,9,26,Thursday,False,fall,2476,156008,63.00807754442649,0.1065118396644879,263.7233150092721,274.400504848294,53.60496949339961,False,,False,False,False,False,118989.0,114781.0,234418.0,344657.0,382.0,9098.0,870913.46,355.0,0.0,0.0,0.0,0.0,4,52.0,22,0,True,True,True,False,맑음,25.0,68,18.6,28.7,0.0,0.0,0.0,0.0,0,1013.9,1010.1,11,6,6,0,1.8,169,15.8,667.0,520.0,147.0,3600.0,1,weekday,valid,1.2246467991473532e-16,-1.0,-1.0,-1.8369701987210297e-16,True,53.51683425988959,0.08813523351001606,special_case
2025-04-26 09:00:00,2025-04-26,9,2025,4,26,Saturday,True,spring,4412,415974,94.2824116047144,0.0211246218855017,93.2018317588335,124.13023791168972,53.61664683890211,True,,False,False,True,True,167575.0,151825.0,272238.0,472900.0,0.0,0.0,0.0,0.0,4.0,4.0,0.0,3.0,4,52.0,22,0,True,True,False,True,맑음,12.1,62,5.0,9.6,0.0,0.0,0.0,0.0,0,1018.7,1014.7,0,0,0,0,9.4,188,23.0,428.0,289.0,139.0,3600.0,1,offday,test,0.7071067811865476,-0.7071067811865475,0.8660254037844387,-0.49999999999999983,True,53.60496949339961,0.011677345502505432,special_case
2022-04-03 15:00:00,2022-04-03,15,2022,4,3,Sunday,True,spring,3371,283907,84.22040937407297,0.1077131147753142,363.1009099075844,496.15522004574575,53.6620223050254,True,,False,False,True,True,,,247697.0,292531.0,0.0,0.0,0.0,0.0,0.0,0.0,0.0,0.0,4,52.0,22,0,False,True,False,False,맑음,13.9,45,2.2,11.3,0.0,0.0,0.0,0.0,0,1027.5,1023.5,0,0,0,0,12.6,267,26.6,720.0,560.0,160.0,3600.0,1,offday,train,-0.7071067811865471,-0.7071067811865479,0.8660254037844387,-0.49999999999999983,True,53.61664683890211,0.04537546612328924,special_case
2022-06-25 14:00:00,2022-06-25,14,2022,6,25,Saturday,True,summer,2533,218309,86.18594551914725,0.0809922881834863,205.1534659687708,278.46973988041265,53.73329459834193,True,,False,False,True,True,,,231925.0,303651.0,0.0,0.0,0.0,0.0,0.0,0.0,0.0,0.0,4,52.0,22,0,False,True,False,False,대체로 맑음,28.5,73,23.1,32.7,0.0,0.0,0.0,0.0,1,1003.3,999.6,36,36,0,0,17.9,220,34.2,795.0,525.0,270.0,3600.0,1,offday,train,-0.4999999999999998,-0.8660254037844388,1.2246467991473532e-16,-1.0,True,53.6620223050254,0.07127229331652529,special_case
2024-08-17 13:00:00,2024-08-17,13,2024,8,17,Saturday,True,summer,2234,221744,99.25872873769023,0.0663205601576762,148.1601313922488,223.19355703382877,53.74303312707707,True,,False,False,True,True,125403.0,121513.0,256045.0,394469.0,323.0,7997.0,710846.35,291.0,0.0,0.0,0.0,0.0,4,52.0,22,0,True,True,True,False,대체로 맑음,32.0,65,24.6,39.7,0.0,0.0,0.0,0.0,1,1010.5,1006.8,25,16,10,1,4.2,200,15.5,823.0,669.0,154.0,3600.0,1,offday,valid,-0.2588190451025208,-0.9659258262890683,-0.8660254037844384,-0.5000000000000004,True,53.73329459834193,0.009738528735141472,special_case
2025-09-07 15:00:00,2025-09-07,15,2025,9,7,Sunday,True,fall,4363,360584,82.64588585835435,0.1124759978651691,490.7327786857328,664.225813503717,53.76242668590521,True,,False,False,True,True,147067.0,148369.0,339515.0,383623.0,0.0,0.0,0.0,0.0,14.0,14.0,0.0,7.0,4,52.0,22,0,True,True,False,True,흐림,26.2,72,20.7,29.1,0.0,0.0,0.0,0.0,3,1007.6,1003.8,100,24,88,99,9.2,301,23.0,291.0,39.0,252.0,0.0,1,offday,test,-0.7071067811865471,-0.7071067811865479,-1.0,-1.8369701987210297e-16,True,53.74303312707707,0.019393558828141977,special_case
2022-05-01 15:00:00,2022-05-01,15,2022,5,1,Sunday,True,spring,3000,276982,92.32733333333331,0.1077131147753142,323.13934432594283,481.1840135216164,53.764312410214416,True,,False,False,True,True,,,285323.0,338698.0,0.0,0.0,0.0,0.0,0.0,0.0,0.0,0.0,4,52.0,22,0,False,True,False,False,맑음,15.9,37,1.4,11.0,0.0,0.0,0.0,0.0,0,1011.6,1007.7,0,0,0,0,27.7,232,50.0,777.0,594.0,183.0,3600.0,1,offday,train,-0.7071067811865471,-0.7071067811865479,0.49999999999999994,-0.8660254037844387,True,53.76242668590521,0.0018857243092043063,special_case
2024-11-09 13:00:00,2024-11-09,13,2024,11,9,Saturday,True,fall,2104,179016,85.08365019011407,0.0915726254037753,192.66880384954345,257.5953316889631,53.85566778454006,True,,False,False,True,True,131400.0,127665.0,282040.0,415237.0,0.0,0.0,0.0,0.0,0.0,0.0,0.0,0.0,4,52.0,22,0,True,True,False,False,맑음,16.8,53,7.2,15.4,0.0,0.0,0.0,0.0,0,1027.4,1023.4,1,0,0,1,4.6,36,15.1,545.0,423.0,122.0,3600.0,1,offday,valid,-0.2588190451025208,-0.9659258262890683,-0.5000000000000004,0.8660254037844384,True,53.764312410214416,0.09135537432564433,special_case
2023-07-01 12:00:00,2023-07-01,12,2023,7,1,Saturday,True,summer,2589,247330,95.53109308613364,0.0513318154074477,132.89807008988225,190.3501257529805,53.91999149337459,True,,False,False,True,True,119088.0,110508.0,229140.0,351590.0,0.0,0.0,0.0,0.0,0.0,0.0,0.0,0.0,4,52.0,22,0,True,True,False,False,대체로 맑음,29.8,69,23.4,36.2,0.0,0.0,0.0,0.0,1,1006.5,1002.8,37,37,3,0,1.6,207,11.5,701.0,404.0,297.0,3600.0,1,offday,train,1.2246467991473532e-16,-1.0,-0.4999999999999998,-0.8660254037844388,True,53.85566778454006,0.06432370883452876,special_case
2023-10-15 15:00:00,2023-10-15,15,2023,10,15,Sunday,True,fall,3994,350827,87.83850776164246,0.1124759978651691,449.22913547348537,644.4658674105244,53.97973559991283,True,,False,False,True,True,143101.0,142544.0,352489.0,399129.0,0.0,0.0,0.0,0.0,0.0,0.0,0.0,0.0,4,52.0,22,0,True,True,False,False,대체로 맑음,19.8,57,11.1,18.4,0.0,0.0,0.0,0.0,1,1010.2,1006.3,23,22,1,0,12.1,300,25.6,461.0,325.0,136.0,3600.0,1,offday,train,-0.7071067811865471,-0.7071067811865479,-0.8660254037844386,0.5000000000000001,True,53.91999149337459,0.059744106538239805,special_case
2022-05-06 12:00:00,2022-05-06,12,2022,5,6,Friday,False,spring,2203,160681,72.93735814798002,0.096293809375837,212.13526205496896,248.37479532826265,54.01412420347074,False,,False,False,False,False,,,213834.0,325207.0,0.0,0.0,0.0,0.0,0.0,0.0,0.0,0.0,4,52.0,22,0,False,True,False,False,흐림,23.0,50,11.9,21.7,0.0,0.0,0.0,0.0,3,1017.2,1013.3,95,95,0,2,16.1,250,32.0,636.0,335.0,301.0,3600.0,1,weekday,train,1.2246467991473532e-16,-1.0,0.49999999999999994,-0.8660254037844387,True,53.97973559991283,0.03438860355791462,special_case
2024-03-31 11:00:00,2024-03-31,11,2024,3,31,Sunday,True,spring,2464,228389,92.6903409090909,0.0486258337916605,119.81405446265155,164.60368343029467,54.03714243653606,True,,False,False,True,True,105579.0,95137.0,221973.0,329187.0,429.0,15022.0,1722185.64,357.0,0.0,0.0,0.0,0.0,4,52.0,22,0,True,True,True,False,대체로 맑음,11.1,34,-4.2,8.5,0.0,0.0,0.0,0.0,1,1014.9,1010.9,40,0,0,40,4.6,51,16.9,686.0,533.0,153.0,3600.0,1,offday,valid,0.258819045102521,-0.9659258262890682,1.0,6.123233995736766e-17,True,54.01412420347074,0.02301823306531503,special_case
2024-10-11 12:00:00,2024-10-11,12,2024,10,11,Friday,False,fall,2526,157635,62.40498812351544,0.1065118396644879,269.0489069924965,277.7578125070048,54.10411137276938,False,,False,False,False,False,130567.0,126480.0,266914.0,391643.0,470.0,11108.0,1244596.97,482.0,0.0,0.0,0.0,0.0,4,52.0,22,0,True,True,True,False,맑음,20.7,62,13.1,22.0,0.0,0.0,0.0,0.0,0,1019.4,1015.5,0,0,0,0,2.5,184,13.7,656.0,524.0,132.0,3600.0,1,weekday,valid,1.2246467991473532e-16,-1.0,-0.8660254037844386,0.5000000000000001,True,54.03714243653606,0.066968936233323,special_case
2023-05-28 10:00:00,2023-05-28,10,2023,5,28,Sunday,True,spring,3385,288986,85.3725258493353,0.0333632663106753,112.93465646163598,143.17314438260598,54.10433670187649,True,,False,False,True,True,115197.0,102928.0,200388.0,295253.0,6.0,136.0,17329.96,9.0,0.0,0.0,0.0,0.0,4,52.0,22,0,True,True,True,False,보통 비,19.6,94,18.6,21.4,3.5,3.5,0.0,0.0,63,1013.1,1009.2,100,100,100,100,9.6,200,16.2,106.0,0.0,106.0,0.0,1,offday,train,0.49999999999999994,-0.8660254037844387,0.49999999999999994,-0.8660254037844387,True,54.10411137276938,0.00022532910710992837,special_case
2025-04-27 09:00:00,2025-04-27,9,2025,4,27,Sunday,True,spring,3968,435330,109.7101814516129,0.0211246218855017,83.82249964167076,124.15616429616512,54.107682479871855,True,,False,False,True,True,167575.0,151825.0,272238.0,472900.0,0.0,0.0,0.0,0.0,4.0,4.0,0.0,3.0,4,52.0,22,0,True,True,False,True,흐림,14.2,61,6.8,11.8,0.0,0.0,0.0,0.0,3,1016.0,1012.0,100,0,14,100,11.0,204,25.9,394.0,215.0,179.0,3600.0,1,offday,test,0.7071067811865476,-0.7071067811865475,0.8660254037844387,-0.49999999999999983,True,54.10433670187649,0.003345777995363619,special_case
2024-08-10 14:00:00,2024-08-10,14,2024,8,10,Saturday,True,summer,2401,219687,91.4981257809246,0.0809922881834863,194.46248392855065,278.05623397929367,54.11938231039545,True,,False,False,True,True,124430.0,119203.0,276515.0,363596.0,301.0,6595.0,531469.74,331.0,0.0,0.0,0.0,0.0,4,52.0,22,0,True,True,True,False,흐림,32.1,66,25.0,39.1,0.0,0.0,0.0,0.0,3,1002.9,999.2,100,8,13,100,8.8,199,22.7,808.0,642.0,166.0,3600.0,1,offday,valid,-0.4999999999999998,-0.8660254037844388,-0.8660254037844384,-0.5000000000000004,True,54.107682479871855,0.011699830523596688,special_case
2023-08-20 14:00:00,2023-08-20,14,2023,8,20,Sunday,True,summer,2028,219332,108.15187376725838,0.0809922881834863,164.25236043611022,272.1912827780669,54.14894614216462,True,,False,False,True,True,114849.0,109096.0,257468.0,338044.0,0.0,0.0,0.0,0.0,0.0,0.0,0.0,0.0,4,52.0,22,0,True,True,False,False,흐림,30.1,67,23.4,35.1,0.0,0.0,0.0,0.0,3,1011.2,1007.4,97,21,55,91,6.9,231,16.9,604.0,353.0,251.0,3600.0,1,offday,train,-0.4999999999999998,-0.8660254037844388,-0.8660254037844384,-0.5000000000000004,True,54.11938231039545,0.02956383176916688,special_case
2023-08-13 13:00:00,2023-08-13,13,2023,8,13,Sunday,True,summer,2121,224316,105.75954738330977,0.0663205601576762,140.6659080944314,223.7002526975189,54.209462712531746,True,,False,False,True,True,117777.0,112087.0,243044.0,368150.0,0.0,0.0,0.0,0.0,0.0,0.0,0.0,0.0,4,52.0,22,0,True,True,False,False,약한 이슬비,29.4,67,22.5,33.6,0.1,0.1,0.0,0.0,51,1005.1,1001.4,100,7,6,100,6.8,155,16.9,528.0,166.0,362.0,3600.0,1,offday,train,-0.2588190451025208,-0.9659258262890683,-0.8660254037844384,-0.5000000000000004,True,54.14894614216462,0.06051657036712754,special_case
2024-03-23 12:00:00,2024-03-23,12,2024,3,23,Saturday,True,spring,2364,195639,82.75761421319797,0.0657770680274524,155.49698881689756,199.09734268619,54.23069886523746,True,,False,False,True,True,114077.0,107472.0,252667.0,379290.0,556.0,18834.0,2037489.37,471.0,0.0,0.0,0.0,0.0,4,52.0,22,0,True,True,True,False,부분적으로 흐림,14.1,58,5.8,12.8,0.0,0.0,0.0,0.0,2,1017.6,1013.6,76,8,0,74,8.7,308,22.7,728.0,537.0,191.0,3600.0,1,offday,valid,1.2246467991473532e-16,-1.0,1.0,6.123233995736766e-17,True,54.209462712531746,0.02123615270571122,special_case
2024-04-27 10:00:00,2024-04-27,10,2024,4,27,Saturday,True,spring,3026,298158,98.53205551883674,0.0333632663106753,100.95724385610356,142.008721566199,54.24366577167346,True,,False,False,True,True,114766.0,104402.0,219172.0,312755.0,464.0,12139.0,1402009.83,419.0,0.0,0.0,0.0,0.0,4,52.0,22,0,True,True,True,False,맑음,17.6,61,10.1,17.5,0.0,0.0,0.0,0.0,0,1012.9,1009.0,0,0,0,0,4.3,275,16.6,624.0,463.0,161.0,3600.0,1,offday,valid,0.49999999999999994,-0.8660254037844387,0.8660254037844387,-0.49999999999999983,True,54.23069886523746,0.012966906436005843,special_case
2022-06-18 12:00:00,2022-06-18,12,2022,6,18,Saturday,True,summer,2527,249817,98.85912148793037,0.0513318154074477,129.71549753462048,191.0441148837808,54.27791035599614,True,,False,False,True,True,,,200455.0,301531.0,0.0,0.0,0.0,0.0,0.0,0.0,0.0,0.0,4,52.0,22,0,False,True,False,False,약한 이슬비,26.3,64,18.9,28.2,0.1,0.1,0.0,0.0,51,1007.8,1004.0,100,100,33,100,14.8,241,30.6,685.0,403.0,282.0,3600.0,1,offday,train,1.2246467991473532e-16,-1.0,1.2246467991473532e-16,-1.0,True,54.24366577167346,0.034244584322678406,special_case
2024-07-14 13:00:00,2024-07-14,13,2024,7,14,Sunday,True,summer,2185,224403,102.70160183066362,0.0663205601576762,144.91042394452265,224.73396349387428,54.30186128088863,True,,False,False,True,True,127478.0,122887.0,263091.0,402726.0,342.0,9433.0,1151452.8,336.0,0.0,0.0,0.0,0.0,4,52.0,22,0,True,True,True,False,대체로 맑음,29.8,64,22.2,34.3,0.0,0.0,0.0,0.0,1,1009.2,1005.5,34,3,17,18,11.6,97,29.2,762.0,491.0,271.0,3600.0,1,offday,valid,-0.2588190451025208,-0.9659258262890683,-0.4999999999999998,-0.8660254037844388,True,54.27791035599614,0.023950924892488956,special_case
2025-07-06 12:00:00,2025-07-06,12,2025,7,6,Sunday,True,summer,2222,253203,113.95274527452746,0.0513318154074477,114.05929383534892,188.9318320357969,54.30348371107675,True,,False,False,True,True,127197.0,121966.0,249295.0,381671.0,0.0,0.0,0.0,0.0,11.0,10.0,1.0,5.0,4,52.0,22,0,True,True,False,True,흐림,29.5,69,23.2,34.0,0.0,0.0,0.0,0.0,3,1005.2,1001.5,100,33,0,100,8.4,225,25.6,480.0,86.0,394.0,965.45,1,offday,test,1.2246467991473532e-16,-1.0,-0.4999999999999998,-0.8660254037844388,True,54.30186128088863,0.0016224301881209158,special_case
2025-08-15 11:00:00,2025-08-15,11,2025,8,15,Friday,False,summer,2125,206666,97.25458823529412,0.0572715655729334,121.7020768424835,175.1104005083733,54.3156981494996,False,광복절,True,False,True,True,113554.0,104200.0,216133.0,342215.0,0.0,0.0,0.0,0.0,14.0,13.0,1.0,8.0,4,52.0,22,0,True,True,False,True,약한 이슬비,28.5,79,24.6,34.9,0.1,0.1,0.0,0.0,51,1016.6,1012.8,40,27,27,1,4.8,233,18.7,649.0,460.0,189.0,3600.0,1,offday,test,0.258819045102521,-0.9659258262890682,-0.8660254037844384,-0.5000000000000004,True,54.30348371107675,0.01221443842285197,special_case
2023-04-15 14:00:00,2023-04-15,14,2023,4,15,Saturday,True,spring,3015,214841,71.25737976782753,0.0977777335148833,294.7998665473733,341.72640874836037,54.40659345009948,True,,False,False,True,True,115768.0,111751.0,264100.0,346494.0,379.0,11786.0,1269858.92,303.0,0.0,0.0,0.0,0.0,4,52.0,22,0,True,True,True,False,약한 이슬비,11.2,91,9.8,9.8,0.1,0.1,0.0,0.0,51,1004.1,1000.1,100,44,100,43,9.4,238,24.8,149.0,8.0,141.0,0.0,1,offday,train,-0.4999999999999998,-0.8660254037844388,0.8660254037844387,-0.49999999999999983,True,54.3156981494996,0.09089530059987538,special_case
2024-05-25 10:00:00,2024-05-25,10,2024,5,25,Saturday,True,spring,3100,297748,96.04774193548388,0.0333632663106753,103.42612556309352,142.7700296707776,54.43347947940832,True,,False,False,True,True,120522.0,107575.0,222512.0,325261.0,572.0,15120.0,1664374.37,506.0,0.0,0.0,0.0,0.0,4,52.0,22,0,True,True,True,False,흐림,20.5,59,12.2,19.2,0.0,0.0,0.0,0.0,3,1016.8,1012.9,100,100,30,92,13.9,121,27.7,222.0,18.0,204.0,0.0,1,offday,valid,0.49999999999999994,-0.8660254037844387,0.49999999999999994,-0.8660254037844387,True,54.40659345009948,0.026886029308840875,special_case
2024-09-27 09:00:00,2024-09-27,9,2024,9,27,Friday,False,fall,2915,201302,69.05728987993139,0.0417237594214264,121.62475871345808,132.53912685838787,54.44099216183211,False,,False,False,False,False,152495.0,139393.0,235842.0,402293.0,433.0,8298.0,961860.72,437.0,0.0,0.0,0.0,0.0,4,52.0,22,0,True,True,True,False,흐림,20.9,88,18.8,23.7,0.0,0.0,0.0,0.0,3,1014.5,1010.6,94,12,3,93,3.1,69,11.2,288.0,166.0,122.0,3600.0,1,weekday,valid,0.7071067811865476,-0.7071067811865475,-1.0,-1.8369701987210297e-16,True,54.43347947940832,0.007512682423794104,special_case
2025-08-17 15:00:00,2025-08-17,15,2025,8,17,Sunday,True,summer,2157,241576,111.99629114510894,0.0935275965658001,201.7390257924309,353.1352103508824,54.46403232169678,True,,False,False,True,True,142475.0,139526.0,342579.0,398731.0,0.0,0.0,0.0,0.0,14.0,13.0,1.0,8.0,4,52.0,22,0,True,True,False,True,흐림,29.4,72,23.9,33.8,0.0,0.0,0.0,0.0,3,1013.8,1010.0,100,5,85,100,10.7,234,25.9,510.0,163.0,347.0,3600.0,1,offday,test,-0.7071067811865471,-0.7071067811865479,-0.8660254037844384,-0.5000000000000004,True,54.44099216183211,0.02304015986466368,special_case
2025-07-05 12:00:00,2025-07-05,12,2025,7,5,Saturday,True,summer,2437,251741,103.29954862535904,0.0513318154074477,125.0956341479502,190.9984319045084,54.46681789469923,True,,False,False,True,True,127197.0,121966.0,249295.0,381671.0,0.0,0.0,0.0,0.0,12.0,11.0,1.0,6.0,4,52.0,22,0,True,True,False,True,부분적으로 흐림,29.6,66,22.6,33.8,0.0,0.0,0.0,0.0,2,1006.4,1002.7,59,59,0,0,14.8,216,35.3,750.0,498.0,252.0,3600.0,1,offday,test,1.2246467991473532e-16,-1.0,-0.4999999999999998,-0.8660254037844388,True,54.46403232169678,0.0027855730024555214,special_case
2022-04-02 12:00:00,2022-04-02,12,2022,4,2,Saturday,True,spring,2878,192753,66.97463516330785,0.0657770680274524,189.3064017830081,205.57417447800813,54.46734408137269,True,,False,False,True,True,,,187587.0,271232.0,0.0,0.0,0.0,0.0,0.0,0.0,0.0,0.0,4,52.0,22,0,False,True,False,False,맑음,11.4,36,-3.1,9.0,0.0,0.0,0.0,0.0,0,1028.3,1024.2,0,0,0,0,8.9,243,22.3,802.0,637.0,165.0,3600.0,1,offday,train,1.2246467991473532e-16,-1.0,0.8660254037844387,-0.49999999999999983,True,54.46681789469923,0.0005261866734542764,special_case
2024-10-10 11:00:00,2024-10-10,11,2024,10,10,Thursday,False,fall,2191,143112,65.31811958010042,0.0860138816247737,188.45641463987928,200.6984683716429,54.47861992385572,False,,False,False,False,False,120632.0,113626.0,236195.0,363817.0,352.0,9139.0,761089.96,328.0,0.0,0.0,0.0,0.0,4,52.0,22,0,True,True,True,False,대체로 맑음,19.0,65,12.3,18.8,0.0,0.0,0.0,0.0,1,1016.4,1012.5,46,2,45,1,6.6,143,17.6,463.0,266.0,197.0,3600.0,1,weekday,valid,0.258819045102521,-0.9659258262890682,-0.8660254037844386,0.5000000000000001,True,54.46734408137269,0.011275842483030374,special_case
2024-11-09 12:00:00,2024-11-09,12,2024,11,9,Saturday,True,fall,2104,179016,85.08365019011407,0.0738136969525007,155.30401838806154,203.73966390442305,54.55146190427507,True,,False,False,True,True,125075.0,119418.0,255806.0,373219.0,0.0,0.0,0.0,0.0,0.0,0.0,0.0,0.0,4,52.0,22,0,True,True,False,False,맑음,15.8,58,7.5,14.3,0.0,0.0,0.0,0.0,0,1028.0,1024.0,0,0,0,0,5.2,68,17.6,529.0,408.0,121.0,3600.0,1,offday,valid,1.2246467991473532e-16,-1.0,-0.5000000000000004,0.8660254037844384,True,54.47861992385572,0.07284198041935497,special_case
2024-09-08 09:00:00,2024-09-08,9,2024,9,8,Sunday,True,fall,4690,347237,74.03773987206823,0.0239536668290855,112.34269742841146,127.53918119330666,54.58463758222834,True,,False,False,True,True,152495.0,139393.0,235842.0,402293.0,308.0,8990.0,1022403.46,270.0,0.0,0.0,0.0,0.0,4,52.0,22,0,True,True,True,False,대체로 맑음,24.3,86,21.9,29.0,0.0,0.0,0.0,0.0,1,1015.4,1011.6,40,40,0,0,1.1,90,9.4,337.0,206.0,131.0,3600.0,1,offday,valid,0.7071067811865476,-0.7071067811865475,-1.0,-1.8369701987210297e-16,True,54.55146190427507,0.03317567795326681,special_case
2025-09-26 10:00:00,2025-09-26,10,2025,9,26,Friday,False,fall,2774,153697,55.40627253064167,0.0630383817289576,174.86847091612842,161.4801692765933,54.599891746676946,False,,False,False,False,False,121550.0,113807.0,206448.0,315696.0,0.0,0.0,0.0,0.0,18.0,16.0,2.0,10.0,4,52.0,22,0,True,True,False,True,부분적으로 흐림,20.7,80,17.0,22.4,0.0,0.0,0.0,0.0,2,1021.3,1017.4,51,51,0,0,5.4,352,16.6,367.0,130.0,237.0,3600.0,1,weekday,test,0.49999999999999994,-0.8660254037844387,-1.0,-1.8369701987210297e-16,True,54.58463758222834,0.015254164448606389,special_case
2025-08-24 14:00:00,2025-08-24,14,2025,8,24,Sunday,True,summer,2101,221339,105.34935744883389,0.0809922881834863,170.16479747350473,275.48074166122535,54.62717743317725,True,,False,False,True,True,127692.0,124172.0,294888.0,387874.0,0.0,0.0,0.0,0.0,13.0,13.0,0.0,7.0,4,52.0,22,0,True,True,False,True,대체로 맑음,33.8,51,22.2,39.0,0.0,0.0,0.0,0.0,1,1011.1,1007.4,31,1,0,30,9.9,226,26.3,812.0,675.0,137.0,3600.0,1,offday,test,-0.4999999999999998,-0.8660254037844388,-0.8660254037844384,-0.5000000000000004,True,54.599891746676946,0.027285686500306383,special_case
2022-10-29 13:00:00,2022-10-29,13,2022,10,29,Saturday,True,fall,2363,182318,77.15531104528142,0.0915726254037753,216.38611382912129,266.2571079467958,54.63123036957933,True,,False,False,True,True,,,257977.0,384947.0,0.0,0.0,0.0,0.0,0.0,0.0,0.0,0.0,4,52.0,22,0,False,True,False,False,맑음,18.1,52,8.1,16.6,0.0,0.0,0.0,0.0,0,1026.7,1022.7,6,6,0,0,8.6,88,23.0,588.0,452.0,136.0,3600.0,1,offday,train,-0.2588190451025208,-0.9659258262890683,-0.8660254037844386,0.5000000000000001,True,54.62717743317725,0.004052936402075602,special_case
2024-10-17 11:00:00,2024-10-17,11,2024,10,17,Thursday,False,fall,2187,143580,65.65157750342935,0.0860138816247737,188.1123591133802,201.09826574954545,54.6382304675013,False,,False,False,False,False,120632.0,113626.0,236195.0,363817.0,391.0,11927.0,1051863.13,335.0,0.0,0.0,0.0,0.0,4,52.0,22,0,True,True,True,False,맑음,20.1,72,14.9,20.6,0.0,0.0,0.0,0.0,0,1024.6,1020.7,12,0,0,12,8.0,99,19.1,498.0,327.0,171.0,3600.0,1,weekday,valid,0.258819045102521,-0.9659258262890682,-0.8660254037844386,0.5000000000000001,True,54.63123036957933,0.007000097921974202,special_case
2023-07-08 15:00:00,2023-07-08,15,2023,7,8,Saturday,True,summer,2528,245536,97.126582278481,0.0935275965658001,236.4377641183428,363.13130078083094,54.63975468366317,True,,False,False,True,True,130983.0,128264.0,308704.0,371026.0,0.0,0.0,0.0,0.0,0.0,0.0,0.0,0.0,4,52.0,22,0,True,True,False,False,부분적으로 흐림,28.4,69,22.1,32.1,0.0,0.0,0.0,0.0,2,1001.4,997.7,67,67,0,0,9.2,159,22.3,497.0,163.0,334.0,3600.0,1,offday,train,-0.7071067811865471,-0.7071067811865479,-0.4999999999999998,-0.8660254037844388,True,54.6382304675013,0.0015242161618687078,special_case
2024-06-15 10:00:00,2024-06-15,10,2024,6,15,Saturday,True,summer,4097,398638,97.29997559189653,0.0257069519909139,105.3213823067746,147.33942326707347,54.64656769109152,True,,False,False,True,True,113188.0,102259.0,203479.0,297762.0,379.0,9344.0,993165.68,363.0,0.0,0.0,0.0,0.0,4,52.0,22,0,True,True,True,False,강한 이슬비,22.5,88,20.5,25.5,1.0,1.0,0.0,0.0,55,1005.2,1001.4,100,60,100,100,7.9,254,22.3,464.0,168.0,296.0,3600.0,1,offday,valid,0.49999999999999994,-0.8660254037844387,1.2246467991473532e-16,-1.0,True,54.63975468366317,0.006813007428348783,special_case
2024-08-17 14:00:00,2024-08-17,14,2024,8,17,Saturday,True,summer,2234,221744,99.25872873769023,0.0809922881834863,180.9367718019084,277.87974526972243,54.68618823589367,True,,False,False,True,True,124430.0,119203.0,276515.0,363596.0,354.0,8011.0,851844.69,359.0,0.0,0.0,0.0,0.0,4,52.0,22,0,True,True,True,False,대체로 맑음,31.5,66,24.5,37.9,0.0,0.0,0.0,0.0,1,1010.2,1006.5,33,22,13,0,9.2,244,21.6,755.0,574.0,181.0,3600.0,1,offday,valid,-0.4999999999999998,-0.8660254037844388,-0.8660254037844384,-0.5000000000000004,True,54.64656769109152,0.039620544802147606,special_case
2022-10-08 10:00:00,2022-10-08,10,2022,10,8,Saturday,True,fall,3141,253689,80.76695319961796,0.0378925808716765,119.020596517936,145.0618254111764,54.76721257999314,True,,False,False,True,True,,,190641.0,297782.0,0.0,0.0,0.0,0.0,0.0,0.0,0.0,0.0,4,52.0,22,0,False,True,False,False,대체로 맑음,14.6,70,9.2,12.8,0.0,0.0,0.0,0.0,1,1026.5,1022.5,33,33,3,0,10.8,88,22.7,412.0,238.0,174.0,3600.0,1,offday,train,0.49999999999999994,-0.8660254037844387,-0.8660254037844386,0.5000000000000001,True,54.68618823589367,0.08102434409947534,special_case
2025-10-03 11:00:00,2025-10-03,11,2025,10,3,Friday,False,fall,1804,145777,80.80764966740577,0.0860138816247737,155.16904245109183,194.6069047004232,54.78258477134892,False,개천절,True,False,True,True,115105.0,107090.0,225556.0,348326.0,0.0,0.0,0.0,0.0,15.0,14.0,1.0,9.0,4,52.0,22,0,True,True,False,True,약한 이슬비,20.6,82,17.5,21.9,0.1,0.1,0.0,0.0,51,1018.1,1014.2,100,0,100,0,9.7,68,23.0,144.0,0.0,144.0,0.0,1,offday,test,0.258819045102521,-0.9659258262890682,-0.8660254037844386,0.5000000000000001,True,54.76721257999314,0.015372191355780274,special_case
2023-04-08 12:00:00,2023-04-08,12,2023,4,8,Saturday,True,spring,2775,194960,70.25585585585586,0.0657770680274524,182.5313637761805,205.5962176046915,54.8342195128032,True,,False,False,True,True,113227.0,107312.0,235098.0,335669.0,614.0,18324.0,1914493.45,513.0,0.0,0.0,0.0,0.0,4,52.0,22,0,True,True,True,False,맑음,12.9,29,-4.8,9.4,0.0,0.0,0.0,0.0,0,1020.0,1016.0,2,0,2,0,15.0,287,31.0,820.0,646.0,174.0,3600.0,1,offday,train,1.2246467991473532e-16,-1.0,0.8660254037844387,-0.49999999999999983,True,54.78258477134892,0.051634741454279265,special_case
2023-10-21 13:00:00,2023-10-21,13,2023,10,21,Saturday,True,fall,2192,182448,83.23357664233576,0.0915726254037753,200.72719488507565,263.38026085835827,54.841010132692645,True,,False,False,True,True,128155.0,126336.0,273010.0,420242.0,0.0,0.0,0.0,0.0,0.0,0.0,0.0,0.0,4,52.0,22,0,True,True,False,False,맑음,15.4,42,2.7,11.0,0.0,0.0,0.0,0.0,0,1019.7,1015.7,8,8,0,0,19.7,308,38.2,578.0,400.0,178.0,3600.0,1,offday,train,-0.2588190451025208,-0.9659258262890683,-0.8660254037844386,0.5000000000000001,True,54.8342195128032,0.0067906198894434056,special_case
2023-05-28 15:00:00,2023-05-28,15,2023,5,28,Sunday,True,spring,3385,288986,85.3725258493353,0.1077131147753142,364.6088935144389,504.5712005254268,54.84830863499997,True,,False,False,True,True,132175.0,131307.0,314402.0,362761.0,12.0,350.0,27869.63,10.0,0.0,0.0,0.0,0.0,4,52.0,22,0,True,True,True,False,보통 이슬비,18.5,98,18.1,20.1,0.7,0.7,0.0,0.0,53,1011.3,1007.4,100,100,100,100,8.7,222,19.4,102.0,0.0,102.0,0.0,1,offday,train,-0.7071067811865471,-0.7071067811865479,0.49999999999999994,-0.8660254037844387,True,54.841010132692645,0.007298502307321542,special_case
2024-09-26 10:00:00,2024-09-26,10,2024,9,26,Thursday,False,fall,2476,156008,63.00807754442649,0.0630383817289576,156.08303316089905,161.26234249707878,54.87537265218741,False,,False,False,False,False,113071.0,105062.0,191989.0,288463.0,295.0,7830.0,811074.27,275.0,0.0,0.0,0.0,0.0,4,52.0,22,0,True,True,True,False,대체로 맑음,22.8,82,19.5,25.3,0.0,0.0,0.0,0.0,1,1014.8,1010.9,25,0,23,4,7.4,90,17.6,402.0,232.0,170.0,3600.0,1,weekday,valid,0.49999999999999994,-0.8660254037844387,-1.0,-1.8369701987210297e-16,True,54.84830863499997,0.02706401718744189,special_case
2025-09-07 09:00:00,2025-09-07,9,2025,9,7,Sunday,True,fall,4363,360584,82.64588585835435,0.0239536668290855,104.50984837530046,127.3157687833796,54.883090440050154,True,,False,False,True,True,172000.0,159065.0,261893.0,470903.0,0.0,0.0,0.0,0.0,14.0,14.0,0.0,7.0,4,52.0,22,0,True,True,False,True,흐림,24.1,85,21.5,27.6,0.0,0.0,0.0,0.0,3,1008.0,1004.2,94,29,2,92,8.2,328,21.2,328.0,202.0,126.0,3600.0,1,offday,test,0.7071067811865476,-0.7071067811865475,-1.0,-1.8369701987210297e-16,True,54.87537265218741,0.00771778786274524,special_case
2022-09-27 11:00:00,2022-09-27,11,2022,9,27,Tuesday,False,fall,2002,145156,72.50549450549451,0.0860138816247737,172.19979101279705,198.5036064289001,54.89083219294642,False,,False,False,False,False,,,174692.0,265622.0,0.0,0.0,0.0,0.0,0.0,0.0,0.0,0.0,4,52.0,22,0,False,True,False,False,맑음,21.7,57,12.9,22.9,0.0,0.0,0.0,0.0,0,1017.6,1013.7,8,0,0,8,3.2,63,13.7,659.0,534.0,125.0,3600.0,1,weekday,train,0.258819045102521,-0.9659258262890682,-1.0,-1.8369701987210297e-16,True,54.883090440050154,0.007741752896265552,special_case
2023-09-01 11:00:00,2023-09-01,11,2023,9,1,Friday,False,fall,2137,144601,67.66541881141788,0.0860138816247737,183.8116650321415,201.0221938838424,54.91789041102024,False,,False,False,False,False,102184.0,95020.0,197610.0,287652.0,0.0,0.0,0.0,0.0,0.0,0.0,0.0,0.0,4,52.0,22,0,True,True,False,False,맑음,26.0,62,18.3,29.3,0.0,0.0,0.0,0.0,0,1013.4,1009.6,1,0,0,1,5.8,338,16.2,721.0,599.0,122.0,3600.0,1,weekday,train,0.258819045102521,-0.9659258262890682,-1.0,-1.8369701987210297e-16,True,54.89083219294642,0.027058218073818807,special_case
2025-10-16 11:00:00,2025-10-16,11,2025,10,16,Thursday,False,fall,2278,143962,63.196663740122915,0.0860138816247737,195.93962234123455,203.59038060373905,54.92507342339317,False,,False,False,False,False,115105.0,107090.0,225556.0,348326.0,0.0,0.0,0.0,0.0,15.0,14.0,1.0,8.0,4,52.0,22,0,True,True,False,True,맑음,21.5,72,16.1,22.8,0.0,0.0,0.0,0.0,0,1018.2,1014.3,0,0,0,0,5.1,23,17.6,540.0,411.0,129.0,3600.0,1,weekday,test,0.258819045102521,-0.9659258262890682,-0.8660254037844386,0.5000000000000001,True,54.91789041102024,0.007183012372934172,special_case
2023-07-01 15:00:00,2023-07-01,15,2023,7,1,Saturday,True,summer,2589,247330,95.53109308613364,0.0935275965658001,242.1429475088566,366.3176240088383,54.94811775338161,True,,False,False,True,True,130983.0,128264.0,308704.0,371026.0,0.0,0.0,0.0,0.0,0.0,0.0,0.0,0.0,4,52.0,22,0,True,True,False,False,맑음,30.7,66,23.7,36.8,0.0,0.0,0.0,0.0,0,1005.0,1001.3,1,0,1,0,8.1,257,18.7,780.0,593.0,187.0,3600.0,1,offday,train,-0.7071067811865471,-0.7071067811865479,-0.4999999999999998,-0.8660254037844388,True,54.92507342339317,0.023044329988437084,special_case
2024-10-19 14:00:00,2024-10-19,14,2024,10,19,Saturday,True,fall,2506,219359,87.53351955307262,0.1053558771818858,264.02182821780593,369.3288212217242,54.96330069276979,True,,False,False,True,True,137145.0,135034.0,317937.0,400793.0,712.0,23322.0,2635737.47,720.0,0.0,0.0,0.0,0.0,4,52.0,22,0,True,True,True,False,약한 이슬비,20.5,61,12.7,19.4,0.1,0.1,0.0,0.0,51,1018.4,1014.5,50,26,46,0,13.5,65,27.0,426.0,231.0,195.0,3600.0,1,offday,valid,-0.4999999999999998,-0.8660254037844388,-0.8660254037844386,0.5000000000000001,True,54.94811775338161,0.015182939388182604,special_case
2023-04-09 11:00:00,2023-04-09,11,2023,4,9,Sunday,True,spring,2855,227135,79.5569176882662,0.0486258337916605,138.82675547519082,169.87405504946676,54.96370868287224,True,,False,False,True,True,104251.0,96251.0,205854.0,298552.0,469.0,14937.0,1725082.5,391.0,0.0,0.0,0.0,0.0,4,52.0,22,0,True,True,True,False,맑음,12.9,49,2.6,10.8,0.0,0.0,0.0,0.0,0,1020.6,1016.6,0,0,0,0,9.8,204,23.4,716.0,551.0,165.0,3600.0,1,offday,train,0.258819045102521,-0.9659258262890682,0.8660254037844387,-0.49999999999999983,True,54.96330069276979,0.00040799010244541023,special_case
2023-04-01 11:00:00,2023-04-01,11,2023,4,1,Saturday,True,spring,3008,225215,74.8720079787234,0.0486258337916605,146.26650804531488,171.14160335211588,55.034732288805856,True,,False,False,True,True,104251.0,96251.0,205854.0,298552.0,540.0,18062.0,1971294.17,491.0,0.0,0.0,0.0,0.0,4,52.0,22,0,True,True,True,False,대체로 맑음,20.5,29,1.9,18.4,0.0,0.0,0.0,0.0,1,1018.0,1014.1,40,0,0,40,7.2,93,21.6,679.0,530.0,149.0,3600.0,1,offday,train,0.258819045102521,-0.9659258262890682,0.8660254037844387,-0.49999999999999983,True,54.96370868287224,0.07102360593361823,special_case
2022-09-17 09:00:00,2022-09-17,9,2022,9,17,Saturday,True,fall,6267,326802,52.14648157012925,0.0239536668290855,150.11763001787943,130.46843711798053,55.03606189834288,True,,False,False,True,True,,,224535.0,401600.0,0.0,0.0,0.0,0.0,0.0,0.0,0.0,0.0,4,52.0,22,0,False,True,False,False,약한 이슬비,23.5,92,22.1,27.2,0.2,0.2,0.0,0.0,51,1009.9,1006.1,100,100,2,0,8.8,258,13.3,68.0,3.0,65.0,0.0,1,offday,train,0.7071067811865476,-0.7071067811865475,-1.0,-1.8369701987210297e-16,True,55.034732288805856,0.0013296095370236571,special_case
2023-09-14 10:00:00,2023-09-14,10,2023,9,14,Thursday,False,fall,2023,163654,80.8966880869995,0.0630383817289576,127.52664623768123,156.92381633403758,55.04092952768249,False,,False,False,False,False,109581.0,100741.0,188565.0,278575.0,0.0,0.0,0.0,0.0,0.0,0.0,0.0,0.0,4,52.0,22,0,True,True,False,False,흐림,23.5,78,19.5,25.6,0.0,0.0,0.0,0.0,3,1013.3,1009.5,99,0,1,99,10.9,44,23.0,507.0,348.0,159.0,3600.0,1,weekday,train,0.49999999999999994,-0.8660254037844387,-1.0,-1.8369701987210297e-16,True,55.03606189834288,0.0048676293396141546,special_case
2022-05-06 11:00:00,2022-05-06,11,2022,5,6,Friday,False,spring,2203,160681,72.93735814798002,0.0762910773796575,168.06924346738566,194.3606711247919,55.07960833872332,False,,False,False,False,False,,,179817.0,291051.0,0.0,0.0,0.0,0.0,0.0,0.0,0.0,0.0,4,52.0,22,0,False,True,False,False,흐림,22.9,50,11.9,22.5,0.0,0.0,0.0,0.0,3,1017.2,1013.3,100,100,0,18,13.5,245,27.7,721.0,495.0,226.0,3600.0,1,weekday,train,0.258819045102521,-0.9659258262890682,0.49999999999999994,-0.8660254037844387,True,55.04092952768249,0.03867881104082471,special_case
2025-10-25 14:00:00,2025-10-25,14,2025,10,25,Saturday,True,fall,2385,218198,91.48763102725368,0.1053558771818858,251.27376707879776,365.8891174550098,55.10072230469052,True,,False,False,True,True,134540.0,131055.0,316720.0,400504.0,0.0,0.0,0.0,0.0,19.0,18.0,1.0,7.0,4,52.0,22,0,True,True,False,True,흐림,16.9,58,8.6,15.2,0.0,0.0,0.0,0.0,3,1021.2,1017.2,100,16,0,100,9.2,334,23.8,526.0,369.0,157.0,3600.0,1,offday,test,-0.4999999999999998,-0.8660254037844388,-0.8660254037844386,0.5000000000000001,True,55.07960833872332,0.02111396596720283,special_case
2023-10-07 10:00:00,2023-10-07,10,2023,10,7,Saturday,True,fall,2886,261707,90.68156618156618,0.0378925808716765,109.35798839565848,144.70841067424251,55.139726578298294,True,,False,False,True,True,113203.0,108475.0,205835.0,319639.0,0.0,0.0,0.0,0.0,0.0,0.0,0.0,0.0,4,52.0,22,0,True,True,False,False,흐림,16.1,65,9.5,14.6,0.0,0.0,0.0,0.0,3,1024.0,1020.0,100,0,0,100,9.4,90,21.2,422.0,244.0,178.0,3600.0,1,offday,train,0.49999999999999994,-0.8660254037844387,-0.8660254037844386,0.5000000000000001,True,55.10072230469052,0.03900427360777314,special_case
2022-07-17 15:00:00,2022-07-17,15,2022,7,17,Sunday,True,summer,2422,246742,101.87530966143684,0.0935275965658001,226.52383888236795,363.4305030847937,55.16111689919251,True,,False,False,True,True,,,281479.0,334587.0,0.0,0.0,0.0,0.0,0.0,0.0,0.0,0.0,4,52.0,22,0,False,True,False,False,흐림,26.8,75,21.9,29.9,0.0,0.0,0.0,0.0,3,999.7,996.0,81,13,3,77,12.0,249,24.1,561.0,202.0,359.0,3600.0,1,offday,train,-0.7071067811865471,-0.7071067811865479,-0.4999999999999998,-0.8660254037844388,True,55.139726578298294,0.021390320894212778,special_case
2022-09-19 11:00:00,2022-09-19,11,2022,9,19,Monday,False,fall,2110,145438,68.92796208530805,0.0860138816247737,181.4892902282726,201.28124081177432,55.170385697326594,False,,False,False,False,False,,,174692.0,265622.0,0.0,0.0,0.0,0.0,0.0,0.0,0.0,0.0,4,52.0,22,0,False,True,False,False,맑음,26.4,65,19.3,26.9,0.0,0.0,0.0,0.0,0,1001.3,997.5,2,2,0,0,24.4,9,43.9,662.0,539.0,123.0,3600.0,1,weekday,train,0.258819045102521,-0.9659258262890682,-1.0,-1.8369701987210297e-16,True,55.16111689919251,0.00926879813408732,special_case
2022-04-02 13:00:00,2022-04-02,13,2022,4,2,Saturday,True,spring,2878,192753,66.97463516330785,0.0829554972469645,238.7459210767641,260.75163918534827,55.177464707340135,True,,False,False,True,True,,,206340.0,299990.0,0.0,0.0,0.0,0.0,0.0,0.0,0.0,0.0,4,52.0,22,0,False,True,False,False,맑음,11.6,38,-2.3,9.0,0.0,0.0,0.0,0.0,0,1027.8,1023.7,9,0,0,9,12.2,246,27.0,840.0,671.0,169.0,3600.0,1,offday,train,-0.2588190451025208,-0.9659258262890683,0.8660254037844387,-0.49999999999999983,True,55.170385697326594,0.007079010013541165,special_case
2023-07-02 13:00:00,2023-07-02,13,2023,7,2,Sunday,True,summer,2178,228384,104.8595041322314,0.0663205601576762,144.44618002341892,228.03490823290684,55.21349847477521,True,,False,False,True,True,123910.0,117664.0,250016.0,388692.0,0.0,0.0,0.0,0.0,0.0,0.0,0.0,0.0,4,52.0,22,0,True,True,False,False,약한 이슬비,27.4,76,22.7,31.8,0.2,0.2,0.0,0.0,51,1009.4,1005.6,100,100,0,99,6.2,324,15.8,483.0,88.0,395.0,933.81,1,offday,train,-0.2588190451025208,-0.9659258262890683,-0.4999999999999998,-0.8660254037844388,True,55.177464707340135,0.036033767435071695,special_case
2023-09-23 10:00:00,2023-09-23,10,2023,9,23,Saturday,True,fall,2796,264230,94.50286123032905,0.0378925808716765,105.9476561172076,144.4611601005724,55.21952067256749,True,,False,False,True,True,109581.0,100741.0,188565.0,278575.0,0.0,0.0,0.0,0.0,0.0,0.0,0.0,0.0,4,52.0,22,0,True,True,False,False,흐림,21.6,71,16.0,22.8,0.0,0.0,0.0,0.0,3,1021.3,1017.4,100,0,0,100,6.1,90,16.9,471.0,291.0,180.0,3600.0,1,offday,train,0.49999999999999994,-0.8660254037844387,-1.0,-1.8369701987210297e-16,True,55.21349847477521,0.0060221977922836345,special_case
2023-09-28 10:00:00,2023-09-28,10,2023,9,28,Thursday,False,fall,1925,165890,86.17662337662338,0.0630383817289576,121.3488848282434,156.38988878233806,55.24084321406005,False,추석,True,False,True,True,109581.0,100741.0,188565.0,278575.0,0.0,0.0,0.0,0.0,0.0,0.0,0.0,0.0,4,52.0,22,0,True,True,False,False,약한 이슬비,22.9,79,19.1,25.2,0.2,0.2,0.0,0.0,51,1014.9,1011.0,61,61,0,0,7.6,295,16.9,351.0,172.0,179.0,3600.0,1,offday,train,0.49999999999999994,-0.8660254037844387,-1.0,-1.8369701987210297e-16,True,55.21952067256749,0.021322541492558855,special_case
2025-09-28 15:00:00,2025-09-28,15,2025,9,28,Sunday,True,fall,4023,357249,88.80164056674124,0.1124759978651691,452.49093941157525,655.9489416313742,55.26177218014652,True,,False,False,True,True,147067.0,148369.0,339515.0,383623.0,0.0,0.0,0.0,0.0,15.0,14.0,1.0,9.0,4,52.0,22,0,True,True,False,True,흐림,22.6,70,16.9,23.6,0.0,0.0,0.0,0.0,3,1008.9,1005.1,95,63,1,86,10.1,321,24.1,488.0,297.0,191.0,3600.0,1,offday,test,-0.7071067811865471,-0.7071067811865479,-1.0,-1.8369701987210297e-16,True,55.24084321406005,0.020928966086472656,special_case
2022-06-06 10:00:00,2022-06-06,10,2022,6,6,Monday,False,summer,2874,255140,88.77522616562283,0.0404782282792282,116.33442807450204,152.66541919263324,55.272995203274405,False,현충일,True,False,True,True,,,162212.0,250594.0,0.0,0.0,0.0,0.0,0.0,0.0,0.0,0.0,4,52.0,22,0,False,True,False,False,보통 비,17.1,91,15.6,17.3,3.6,3.6,0.0,0.0,63,1001.4,997.5,100,11,100,80,12.0,41,21.2,80.0,1.0,79.0,0.0,1,offday,train,0.49999999999999994,-0.8660254037844387,1.2246467991473532e-16,-1.0,True,55.26177218014652,0.011223023127882925,special_case
2025-09-05 11:00:00,2025-09-05,11,2025,9,5,Friday,False,fall,2355,144591,61.39745222929936,0.0860138816247737,202.56269122634217,206.0203464641755,55.27640928821509,False,,False,False,False,False,115669.0,107010.0,220695.0,322793.0,0.0,0.0,0.0,0.0,15.0,15.0,0.0,8.0,4,52.0,22,0,True,True,False,True,맑음,28.5,66,21.6,33.0,0.0,0.0,0.0,0.0,0,1011.3,1007.5,0,0,0,0,6.4,106,19.4,683.0,555.0,128.0,3600.0,1,weekday,test,0.258819045102521,-0.9659258262890682,-1.0,-1.8369701987210297e-16,True,55.272995203274405,0.0034140849406867346,special_case
2025-09-25 11:00:00,2025-09-25,11,2025,9,25,Thursday,False,fall,2269,145016,63.9118554429264,0.0860138816247737,195.1654974066116,204.49097534371543,55.28455239030092,False,,False,False,False,False,115669.0,107010.0,220695.0,322793.0,0.0,0.0,0.0,0.0,16.0,14.0,2.0,9.0,4,52.0,22,0,True,True,False,True,부분적으로 흐림,23.4,74,18.5,26.5,0.0,0.0,0.0,0.0,2,1018.8,1014.9,70,9,0,67,0.7,270,10.1,505.0,297.0,208.0,3600.0,1,weekday,test,0.258819045102521,-0.9659258262890682,-1.0,-1.8369701987210297e-16,True,55.27640928821509,0.008143102085824694,special_case
2022-03-09 13:00:00,2022-03-09,13,2022,3,9,Wednesday,False,spring,2083,194007,93.1382621219395,0.111787395763264,232.853145374879,343.63435837131067,55.28528347001509,False,대통령선거일,True,False,True,False,,,184195.0,271619.0,0.0,0.0,0.0,0.0,0.0,0.0,0.0,0.0,4,52.0,22,0,False,True,False,False,맑음,10.1,59,2.5,9.2,0.0,0.0,0.0,0.0,0,1023.6,1019.5,2,0,0,2,3.0,256,15.1,738.0,568.0,170.0,3600.0,1,offday,train,-0.2588190451025208,-0.9659258262890683,1.0,6.123233995736766e-17,True,55.28455239030092,0.000731079714171301,special_case
2022-08-13 15:00:00,2022-08-13,15,2022,8,13,Saturday,True,summer,3960,260798,65.85808080808081,0.0935275965658001,370.3692824005686,401.68360075524384,55.31240030634183,True,,False,False,True,True,,,273883.0,323254.0,0.0,0.0,0.0,0.0,0.0,0.0,0.0,0.0,4,52.0,22,0,False,True,False,False,약한 비,25.0,93,23.7,29.3,1.9,1.9,0.0,0.0,61,1004.8,1001.0,100,23,100,100,10.5,164,18.0,152.0,2.0,150.0,0.0,1,offday,train,-0.7071067811865471,-0.7071067811865479,-0.8660254037844384,-0.5000000000000004,True,55.28528347001509,0.027116836326740668,special_case
2023-08-13 14:00:00,2023-08-13,14,2023,8,13,Sunday,True,summer,2121,224316,105.75954738330977,0.0809922881834863,171.78464323717446,279.06478134823163,55.36452865071274,True,,False,False,True,True,114849.0,109096.0,257468.0,338044.0,0.0,0.0,0.0,0.0,0.0,0.0,0.0,0.0,4,52.0,22,0,True,True,False,False,흐림,29.8,65,22.5,34.0,0.0,0.0,0.0,0.0,3,1004.7,1001.0,100,7,67,100,6.7,164,16.2,468.0,120.0,348.0,2201.68,1,offday,train,-0.4999999999999998,-0.8660254037844388,-0.8660254037844384,-0.5000000000000004,True,55.31240030634183,0.05212834437091374,special_case
2024-07-14 14:00:00,2024-07-14,14,2024,7,14,Sunday,True,summer,2185,224403,102.70160183066362,0.0809922881834863,176.96814968091758,280.09993675411204,55.36597326023775,True,,False,False,True,True,126524.0,122244.0,280897.0,372774.0,370.0,10490.0,1099139.91,348.0,0.0,0.0,0.0,0.0,4,52.0,22,0,True,True,True,False,대체로 맑음,30.5,61,22.1,35.2,0.0,0.0,0.0,0.0,1,1008.7,1005.0,30,13,15,6,9.7,105,27.0,753.0,534.0,219.0,3600.0,1,offday,valid,-0.4999999999999998,-0.8660254037844388,-0.4999999999999998,-0.8660254037844388,True,55.36452865071274,0.001444609525009355,special_case
2023-10-08 14:00:00,2023-10-08,14,2023,10,8,Sunday,True,fall,2403,219881,91.50270495214316,0.1053558771818858,253.17017286807172,368.70582812959174,55.527298067631875,True,,False,False,True,True,128103.0,125637.0,300223.0,395149.0,0.0,0.0,0.0,0.0,0.0,0.0,0.0,0.0,4,52.0,22,0,True,True,False,False,흐림,19.5,60,11.5,18.5,0.0,0.0,0.0,0.0,3,1023.0,1019.1,100,5,100,0,9.7,94,20.2,243.0,54.0,189.0,551.16,1,offday,train,-0.4999999999999998,-0.8660254037844388,-0.8660254037844386,0.5000000000000001,True,55.36597326023775,0.16132480739412358,special_case
2023-04-30 15:00:00,2023-04-30,15,2023,4,30,Sunday,True,spring,4249,308886,72.69616380324783,0.1077131147753142,457.6730246803104,545.5849848835421,55.542107604056866,True,,False,False,True,True,128851.0,128817.0,304413.0,360146.0,794.0,31116.0,3493582.28,766.0,0.0,0.0,0.0,0.0,4,52.0,22,0,True,True,True,False,흐림,16.8,50,6.2,13.0,0.0,0.0,0.0,0.0,3,1009.0,1005.1,83,0,72,37,25.8,240,47.5,752.0,545.0,207.0,3600.0,1,offday,train,-0.7071067811865471,-0.7071067811865479,0.8660254037844387,-0.49999999999999983,True,55.527298067631875,0.014809536424991165,special_case
2025-06-22 16:00:00,2025-06-22,16,2025,6,22,Sunday,True,summer,2907,322514,110.9439284485724,0.1019931999973653,296.4942323923411,527.3421638226012,55.54957516839977,True,,False,False,True,True,154793.0,157040.0,397001.0,425028.0,0.0,0.0,0.0,0.0,12.0,12.0,0.0,3.0,4,52.0,22,0,True,True,False,True,맑음,25.0,65,18.0,26.6,0.0,0.0,0.0,0.0,0,1006.3,1002.5,18,6,15,0,11.5,247,29.5,635.0,453.0,182.0,3600.0,1,offday,test,-0.8660254037844384,-0.5000000000000004,1.2246467991473532e-16,-1.0,True,55.542107604056866,0.007467564342903188,special_case
2024-10-11 10:00:00,2024-10-11,10,2024,10,11,Friday,False,fall,2526,157635,62.40498812351544,0.0630383817289576,159.2349522473469,163.45948288876633,55.55391190194496,False,,False,False,False,False,123410.0,114950.0,224680.0,341541.0,337.0,7608.0,805379.53,340.0,0.0,0.0,0.0,0.0,4,52.0,22,0,True,True,True,False,맑음,17.6,83,14.7,18.4,0.0,0.0,0.0,0.0,0,1019.5,1015.6,7,7,0,0,5.0,109,15.5,410.0,264.0,146.0,3600.0,1,weekday,valid,0.49999999999999994,-0.8660254037844387,-0.8660254037844386,0.5000000000000001,True,55.54957516839977,0.004336733545187599,special_case
2022-10-30 14:00:00,2022-10-30,14,2022,10,30,Sunday,True,fall,2522,221968,88.01268834258525,0.1053558771818858,265.7075222527161,373.5312362448148,55.671907271488806,True,,False,False,True,True,,,276284.0,355207.0,0.0,0.0,0.0,0.0,0.0,0.0,0.0,0.0,4,52.0,22,0,False,True,False,False,흐림,19.2,51,8.9,18.1,0.0,0.0,0.0,0.0,3,1024.7,1020.8,100,26,13,100,5.5,101,19.4,530.0,401.0,129.0,3600.0,1,offday,train,-0.4999999999999998,-0.8660254037844388,-0.8660254037844386,0.5000000000000001,True,55.55391190194496,0.11799536954384848,special_case
2023-10-21 12:00:00,2023-10-21,12,2023,10,21,Saturday,True,fall,2192,182448,83.23357664233576,0.0738136969525007,161.7996237198816,208.5392507256656,55.672373043286825,True,,False,False,True,True,121558.0,116166.0,246525.0,380684.0,0.0,0.0,0.0,0.0,0.0,0.0,0.0,0.0,4,52.0,22,0,True,True,False,False,대체로 맑음,14.4,51,4.6,11.3,0.0,0.0,0.0,0.0,1,1020.4,1016.4,44,44,0,0,15.6,308,28.8,632.0,503.0,129.0,3600.0,1,offday,train,1.2246467991473532e-16,-1.0,-0.8660254037844386,0.5000000000000001,True,55.671907271488806,0.000465771798019432,special_case
2022-06-18 15:00:00,2022-06-18,15,2022,6,18,Saturday,True,summer,2527,249817,98.85912148793037,0.0935275965658001,236.34423652177696,368.8975652343404,55.688718897948206,True,,False,False,True,True,,,265436.0,314411.0,0.0,0.0,0.0,0.0,0.0,0.0,0.0,0.0,4,52.0,22,0,False,True,False,False,흐림,26.4,64,19.0,27.6,0.0,0.0,0.0,0.0,3,1006.3,1002.5,97,34,0,96,14.8,227,32.0,414.0,88.0,326.0,1213.38,1,offday,train,-0.7071067811865471,-0.7071067811865479,1.2246467991473532e-16,-1.0,True,55.672373043286825,0.016345854661381054,special_case
2022-05-07 11:00:00,2022-05-07,11,2022,5,7,Saturday,True,spring,2686,233331,86.8693224125093,0.0486258337916605,130.6089895644002,170.73999444619602,55.71650970074637,True,,False,False,True,True,,,179817.0,291051.0,0.0,0.0,0.0,0.0,0.0,0.0,0.0,0.0,4,52.0,22,0,False,True,False,False,흐림,18.4,55,9.1,16.1,0.0,0.0,0.0,0.0,3,1018.3,1014.4,97,0,67,90,13.6,310,27.0,304.0,65.0,239.0,542.57,1,offday,train,0.258819045102521,-0.9659258262890682,0.49999999999999994,-0.8660254037844387,True,55.688718897948206,0.02779080279816526,special_case
2025-05-25 15:00:00,2025-05-25,15,2025,5,25,Sunday,True,spring,4303,310877,72.24657215895887,0.1077131147753142,463.4895328781774,549.3660865954075,55.77006864047621,True,,False,False,True,True,145162.0,145607.0,361252.0,431423.0,0.0,0.0,0.0,0.0,10.0,9.0,1.0,6.0,4,52.0,22,0,True,True,False,True,대체로 맑음,20.8,51,10.3,20.0,0.0,0.0,0.0,0.0,1,1013.5,1009.6,21,0,21,0,12.5,264,33.5,718.0,527.0,191.0,3600.0,1,offday,test,-0.7071067811865471,-0.7071067811865479,0.49999999999999994,-0.8660254037844387,True,55.71650970074637,0.053558939729839494,special_case
2025-03-15 12:00:00,2025-03-15,12,2025,3,15,Saturday,True,spring,2328,202009,86.77362542955326,0.0657770680274524,153.12901436790926,203.64234094124944,55.78308277629566,True,,False,False,True,True,122122.0,116333.0,258645.0,392749.0,0.0,0.0,0.0,0.0,0.0,0.0,0.0,0.0,4,52.0,22,0,True,True,False,False,부분적으로 흐림,12.8,39,-0.9,9.1,0.0,0.0,0.0,0.0,2,1023.9,1019.9,51,0,13,43,15.9,124,38.2,710.0,559.0,151.0,3600.0,1,offday,test,1.2246467991473532e-16,-1.0,1.0,6.123233995736766e-17,True,55.77006864047621,0.013014135819446437,special_case
2023-04-08 13:00:00,2023-04-08,13,2023,4,8,Saturday,True,spring,2775,194960,70.25585585585586,0.0829554972469645,230.2015048603267,261.40176079468165,55.805543189990146,True,,False,False,True,True,119997.0,113194.0,254833.0,374954.0,703.0,25212.0,2764179.48,652.0,0.0,0.0,0.0,0.0,4,52.0,22,0,True,True,True,False,대체로 맑음,13.4,30,-4.0,10.0,0.0,0.0,0.0,0.0,1,1019.3,1015.3,27,1,27,0,16.2,273,33.1,852.0,671.0,181.0,3600.0,1,offday,train,-0.2588190451025208,-0.9659258262890683,0.8660254037844387,-0.49999999999999983,True,55.78308277629566,0.022460413694489034,special_case
2022-05-29 10:00:00,2022-05-29,10,2022,5,29,Sunday,True,spring,3060,308203,100.71993464052288,0.0333632663106753,102.0915949106665,145.96144925731932,55.841294541453635,True,,False,False,True,True,,,172412.0,265296.0,0.0,0.0,0.0,0.0,0.0,0.0,0.0,0.0,4,52.0,22,0,False,True,False,False,흐림,20.9,70,15.2,21.9,0.0,0.0,0.0,0.0,3,1007.0,1003.1,100,100,0,93,5.1,184,15.5,255.0,11.0,244.0,0.0,1,offday,train,0.49999999999999994,-0.8660254037844387,0.49999999999999994,-0.8660254037844387,True,55.805543189990146,0.035751351463488845,special_case
2023-05-29 13:00:00,2023-05-29,13,2023,5,29,Monday,False,spring,2377,199768,84.04206983592763,0.111787395763264,265.71863972927866,357.4352833661175,55.88019031154175,False,대체공휴일,True,True,True,True,122764.0,116539.0,259824.0,381217.0,648.0,22226.0,2419628.75,568.0,0.0,0.0,0.0,0.0,4,52.0,22,0,True,True,True,False,흐림,24.6,72,19.2,26.9,0.0,0.0,0.0,0.0,3,1010.5,1006.7,100,53,99,12,8.8,81,17.3,273.0,22.0,251.0,0.0,1,offday,train,-0.2588190451025208,-0.9659258262890683,0.49999999999999994,-0.8660254037844387,True,55.841294541453635,0.03889577008811784,special_case
2022-10-29 12:00:00,2022-10-29,12,2022,10,29,Saturday,True,fall,2363,182318,77.15531104528142,0.0738136969525007,174.42176589875922,211.6258775772165,55.90452514991466,True,,False,False,True,True,,,231747.0,349570.0,0.0,0.0,0.0,0.0,0.0,0.0,0.0,0.0,4,52.0,22,0,False,True,False,False,맑음,17.2,59,9.1,15.6,0.0,0.0,0.0,0.0,0,1027.6,1023.6,1,1,0,0,10.4,88,24.1,577.0,447.0,130.0,3600.0,1,offday,train,1.2246467991473532e-16,-1.0,-0.8660254037844386,0.5000000000000001,True,55.88019031154175,0.024334838372908507,special_case
2023-03-25 12:00:00,2023-03-25,12,2023,3,25,Saturday,True,spring,2492,201343,80.79574638844302,0.0657770680274524,163.91645352441148,205.91539660083188,55.923409625045025,True,,False,False,True,True,113237.0,106929.0,231136.0,337100.0,615.0,19730.0,2323041.65,530.0,0.0,0.0,0.0,0.0,4,52.0,22,0,True,True,True,False,흐림,16.4,41,3.0,14.1,0.0,0.0,0.0,0.0,3,1019.7,1015.7,100,80,26,100,5.2,155,20.9,575.0,305.0,270.0,3600.0,1,offday,train,1.2246467991473532e-16,-1.0,1.0,6.123233995736766e-17,True,55.90452514991466,0.0188844751303634,special_case
2022-06-01 15:00:00,2022-06-01,15,2022,6,1,Wednesday,False,summer,3020,344335,114.0182119205298,0.111744554381455,337.46855423199423,622.8413454413079,55.94348819919969,False,전국동시지방선거,True,False,True,False,,,265436.0,314411.0,0.0,0.0,0.0,0.0,0.0,0.0,0.0,0.0,4,52.0,22,0,False,True,False,False,맑음,25.9,28,5.9,23.4,0.0,0.0,0.0,0.0,0,1004.8,1001.0,9,0,9,0,18.2,252,38.9,780.0,579.0,201.0,3600.0,1,offday,train,-0.7071067811865471,-0.7071067811865479,1.2246467991473532e-16,-1.0,True,55.923409625045025,0.02007857415466674,special_case
2025-05-11 15:00:00,2025-05-11,15,2025,5,11,Sunday,True,spring,2729,280458,102.7695126419934,0.1077131147753142,293.9490902218327,484.1561152283353,55.947351671698414,True,,False,False,True,True,145162.0,145607.0,361252.0,431423.0,0.0,0.0,0.0,0.0,8.0,7.0,1.0,5.0,4,52.0,22,0,True,True,False,True,대체로 맑음,19.0,59,10.8,18.8,0.0,0.0,0.0,0.0,1,1004.9,1001.0,36,3,35,0,11.0,236,30.2,739.0,500.0,239.0,3600.0,1,offday,test,-0.7071067811865471,-0.7071067811865479,0.49999999999999994,-0.8660254037844387,True,55.94348819919969,0.003863472498721876,special_case
2024-03-23 13:00:00,2024-03-23,13,2024,3,23,Saturday,True,spring,2364,195639,82.75761421319797,0.0829554972469645,196.10679549182427,255.0858035386395,55.98846085244952,True,,False,False,True,True,120819.0,115262.0,277246.0,422421.0,670.0,24213.0,2699987.26,592.0,0.0,0.0,0.0,0.0,4,52.0,22,0,True,True,True,False,맑음,15.4,50,4.9,14.1,0.0,0.0,0.0,0.0,0,1017.0,1013.0,10,0,0,10,9.4,317,23.4,780.0,598.0,182.0,3600.0,1,offday,valid,-0.2588190451025208,-0.9659258262890683,1.0,6.123233995736766e-17,True,55.947351671698414,0.04110918075110703,special_case
2023-09-16 10:00:00,2023-09-16,10,2023,9,16,Saturday,True,fall,2539,274840,108.24734147302088,0.0378925808716765,96.20926283318671,145.1146659425698,56.020879261463904,True,,False,False,True,True,109581.0,100741.0,188565.0,278575.0,0.0,0.0,0.0,0.0,0.0,0.0,0.0,0.0,4,52.0,22,0,True,True,False,False,흐림,23.9,88,21.8,27.7,0.0,0.0,0.0,0.0,3,1013.4,1009.6,99,65,1,98,6.1,93,15.1,251.0,53.0,198.0,878.99,1,offday,train,0.49999999999999994,-0.8660254037844387,-1.0,-1.8369701987210297e-16,True,55.98846085244952,0.03241840901438309,special_case
2025-08-10 12:00:00,2025-08-10,12,2025,8,10,Sunday,True,summer,2598,258098,99.3448806774442,0.0513318154074477,133.36005642854929,197.19997626516823,56.05040834374455,True,,False,False,True,True,126454.0,118904.0,251505.0,388203.0,0.0,0.0,0.0,0.0,14.0,13.0,1.0,8.0,4,52.0,22,0,True,True,False,True,맑음,28.4,65,21.2,33.8,0.0,0.0,0.0,0.0,0,1002.5,998.8,0,0,0,0,6.5,316,20.2,851.0,713.0,138.0,3600.0,1,offday,test,1.2246467991473532e-16,-1.0,-0.8660254037844384,-0.5000000000000004,True,56.020879261463904,0.029529082280646435,special_case
2024-05-12 10:00:00,2024-05-12,10,2024,5,12,Sunday,True,spring,3001,311072,103.65611462845716,0.0333632663106753,100.12316219833666,146.2494782393925,56.06516439337392,True,,False,False,True,True,120522.0,107575.0,222512.0,325261.0,443.0,16307.0,1775166.56,365.0,0.0,0.0,0.0,0.0,4,52.0,22,0,True,True,True,False,맑음,16.5,73,11.6,16.7,0.0,0.0,0.0,0.0,0,1011.7,1007.8,0,0,0,0,6.2,280,18.4,644.0,470.0,174.0,3600.0,1,offday,valid,0.49999999999999994,-0.8660254037844387,0.49999999999999994,-0.8660254037844387,True,56.05040834374455,0.014756049629369272,special_case
2024-08-15 14:00:00,2024-08-15,14,2024,8,15,Thursday,False,summer,2148,229335,106.76675977653632,0.1049582705891367,225.45036522546567,379.3480779892512,56.06797785847209,False,광복절,True,False,True,False,124430.0,119203.0,276515.0,363596.0,294.0,7373.0,649103.24,272.0,0.0,0.0,0.0,0.0,4,52.0,22,0,True,True,True,False,약한 이슬비,31.8,66,24.8,39.7,0.2,0.2,0.0,0.0,51,1007.4,1003.7,42,27,4,17,0.8,243,15.5,760.0,567.0,193.0,3600.0,1,offday,valid,-0.4999999999999998,-0.8660254037844388,-0.8660254037844384,-0.5000000000000004,True,56.06516439337392,0.002813465098171264,special_case
2022-06-04 11:00:00,2022-06-04,11,2022,6,4,Saturday,True,summer,3062,314357,102.66394513389942,0.037472805085182,114.74172917082736,170.71304729144455,56.07909151193826,True,,False,False,True,True,,,171667.0,266208.0,0.0,0.0,0.0,0.0,0.0,0.0,0.0,0.0,4,52.0,22,0,False,True,False,False,흐림,26.8,50,15.4,28.9,0.0,0.0,0.0,0.0,3,1011.1,1007.3,100,0,5,100,4.8,132,20.5,713.0,439.0,274.0,3600.0,1,offday,train,0.258819045102521,-0.9659258262890682,1.2246467991473532e-16,-1.0,True,56.06797785847209,0.011113653466168216,special_case
2024-05-01 14:00:00,2024-05-01,14,2024,5,1,Wednesday,False,spring,2654,297262,112.00527505651846,0.1194960865470364,317.1426136958347,574.2946126631218,56.09979501288944,False,,False,False,False,False,125232.0,122594.0,306752.0,401290.0,928.0,34237.0,3908309.3,811.0,0.0,0.0,0.0,0.0,4,52.0,22,0,True,True,True,False,흐림,22.0,28,2.5,19.9,0.0,0.0,0.0,0.0,3,1011.4,1007.5,99,0,33,99,9.3,126,24.1,698.0,346.0,352.0,3600.0,1,weekday,valid,-0.4999999999999998,-0.8660254037844388,0.49999999999999994,-0.8660254037844387,True,56.07909151193826,0.020703500951178455,special_case
2023-10-01 10:00:00,2023-10-01,10,2023,10,1,Sunday,True,fall,2918,266846,91.44825222755313,0.0378925808716765,110.57055098355212,147.20608748751658,56.127877087882254,True,,False,False,True,True,113203.0,108475.0,205835.0,319639.0,0.0,0.0,0.0,0.0,0.0,0.0,0.0,0.0,4,52.0,22,0,True,True,False,False,맑음,17.3,64,10.4,16.1,0.0,0.0,0.0,0.0,0,1016.1,1012.2,0,0,0,0,9.3,324,21.2,503.0,392.0,111.0,3600.0,1,offday,train,0.49999999999999994,-0.8660254037844387,-0.8660254037844386,0.5000000000000001,True,56.09979501288944,0.028082074992816786,special_case
2023-10-13 11:00:00,2023-10-13,11,2023,10,13,Friday,False,fall,2197,147808,67.27719617660446,0.0860138816247737,188.9724979296279,205.77012538100416,56.15680962865488,False,,False,False,False,False,110958.0,104476.0,213989.0,339913.0,0.0,0.0,0.0,0.0,0.0,0.0,0.0,0.0,4,52.0,22,0,True,True,False,False,흐림,19.1,66,12.5,19.8,0.0,0.0,0.0,0.0,3,1020.2,1016.3,100,1,100,100,0.8,63,11.2,409.0,129.0,280.0,3600.0,1,weekday,train,0.258819045102521,-0.9659258262890682,-0.8660254037844386,0.5000000000000001,True,56.127877087882254,0.028932540772622417,special_case
2022-07-10 13:00:00,2022-07-10,13,2022,7,10,Sunday,True,summer,2215,232374,104.90925507900675,0.0663205601576762,146.90004074925295,232.0030575132606,56.17692283504053,True,,False,False,True,True,,,226135.0,351547.0,0.0,0.0,0.0,0.0,0.0,0.0,0.0,0.0,4,52.0,22,0,False,True,False,False,부분적으로 흐림,31.0,66,24.0,37.7,0.0,0.0,0.0,0.0,2,1005.3,1001.6,51,10,6,42,6.4,254,17.3,797.0,605.0,192.0,3600.0,1,offday,train,-0.2588190451025208,-0.9659258262890683,-0.4999999999999998,-0.8660254037844388,True,56.15680962865488,0.02011320638565195,special_case
2022-06-19 13:00:00,2022-06-19,13,2022,6,19,Sunday,True,summer,2245,232355,103.4988864142539,0.0663205601576762,148.88965755398323,232.4364647808884,56.20642618127735,True,,False,False,True,True,,,217587.0,326187.0,0.0,0.0,0.0,0.0,0.0,0.0,0.0,0.0,4,52.0,22,0,False,True,False,False,흐림,25.8,67,19.2,27.6,0.0,0.0,0.0,0.0,3,1007.7,1003.9,98,98,3,0,11.0,238,23.8,414.0,93.0,321.0,1083.94,1,offday,train,-0.2588190451025208,-0.9659258262890683,1.2246467991473532e-16,-1.0,True,56.17692283504053,0.02950334623682238,special_case
2022-03-09 10:00:00,2022-03-09,10,2022,3,9,Wednesday,False,spring,2083,194007,93.1382621219395,0.0553484319653476,115.2907837838192,157.30729699723705,56.21085382590769,False,대통령선거일,True,False,True,False,,,131138.0,195580.0,0.0,0.0,0.0,0.0,0.0,0.0,0.0,0.0,4,52.0,22,0,False,True,False,False,흐림,3.2,88,1.5,0.5,0.0,0.0,0.0,0.0,3,1024.1,1019.9,100,100,0,0,6.0,115,16.2,223.0,35.0,188.0,410.55,1,offday,train,0.49999999999999994,-0.8660254037844387,1.0,6.123233995736766e-17,True,56.20642618127735,0.004427644630339955,special_case
2022-03-27 12:00:00,2022-03-27,12,2022,3,27,Sunday,True,spring,2770,200490,72.37906137184116,0.0657770680274524,182.2024784360433,209.99214244797727,56.23147614852664,True,,False,False,True,True,,,168088.0,244278.0,0.0,0.0,0.0,0.0,0.0,0.0,0.0,0.0,4,52.0,22,0,False,True,False,False,맑음,9.4,57,1.4,5.2,0.0,0.0,0.0,0.0,0,1015.3,1011.3,17,0,17,0,15.8,317,30.2,250.0,25.0,225.0,0.0,1,offday,train,1.2246467991473532e-16,-1.0,1.0,6.123233995736766e-17,True,56.21085382590769,0.02062232261894792,special_case
2024-03-16 12:00:00,2024-03-16,12,2024,3,16,Saturday,True,spring,2414,203456,84.28169014084507,0.0657770680274524,158.78584221827018,206.29004011046973,56.313590369625445,True,,False,False,True,True,114077.0,107472.0,252667.0,379290.0,516.0,17772.0,2020738.0,413.0,0.0,0.0,0.0,0.0,4,52.0,22,0,True,True,True,False,맑음,13.5,52,3.7,12.6,0.0,0.0,0.0,0.0,0,1022.9,1018.9,10,0,0,10,4.0,95,16.2,727.0,588.0,139.0,3600.0,1,offday,valid,1.2246467991473532e-16,-1.0,1.0,6.123233995736766e-17,True,56.23147614852664,0.08211422109880573,special_case
2022-09-10 11:00:00,2022-09-10,11,2022,9,10,Saturday,True,fall,2769,203878,73.62874684001444,0.0550655360577097,152.47646934379827,176.30963962605375,56.31902521244755,True,추석,True,False,True,True,,,174692.0,265622.0,0.0,0.0,0.0,0.0,0.0,0.0,0.0,0.0,4,52.0,22,0,False,True,False,False,흐림,24.3,56,15.1,25.4,0.0,0.0,0.0,0.0,3,1019.2,1015.3,96,0,0,96,10.8,90,22.0,722.0,601.0,121.0,3600.0,1,offday,train,0.258819045102521,-0.9659258262890682,-1.0,-1.8369701987210297e-16,True,56.313590369625445,0.005434842822104713,special_case
2025-07-05 15:00:00,2025-07-05,15,2025,7,5,Saturday,True,summer,2437,251741,103.29954862535904,0.0935275965658001,227.92675283085495,370.36654018768263,56.3514700778905,True,,False,False,True,True,143189.0,141105.0,339393.0,392613.0,0.0,0.0,0.0,0.0,12.0,11.0,1.0,6.0,4,52.0,22,0,True,True,False,True,부분적으로 흐림,30.2,66,23.3,35.1,0.0,0.0,0.0,0.0,2,1004.6,1000.9,79,15,0,75,13.0,228,31.3,752.0,548.0,204.0,3600.0,1,offday,test,-0.7071067811865471,-0.7071067811865479,-0.4999999999999998,-0.8660254037844388,True,56.31902521244755,0.032444865442947446,special_case
2023-07-02 14:00:00,2023-07-02,14,2023,7,2,Sunday,True,summer,2178,228384,104.8595041322314,0.0809922881834863,176.40120366363317,284.39760382439323,56.362695591486386,True,,False,False,True,True,120440.0,114479.0,265385.0,357273.0,0.0,0.0,0.0,0.0,0.0,0.0,0.0,0.0,4,52.0,22,0,True,True,False,False,흐림,27.8,74,22.6,32.2,0.0,0.0,0.0,0.0,3,1008.7,1004.9,100,89,0,100,6.1,357,15.5,433.0,63.0,370.0,197.24,1,offday,train,-0.4999999999999998,-0.8660254037844388,-0.4999999999999998,-0.8660254037844388,True,56.3514700778905,0.01122551359588897,special_case
2023-08-15 10:00:00,2023-08-15,10,2023,8,15,Tuesday,False,summer,2294,273047,119.02659110723629,0.0404782282792282,92.85705567254963,152.34279345166442,56.44807821591908,False,광복절,True,False,True,False,112365.0,103085.0,183500.0,280757.0,0.0,0.0,0.0,0.0,0.0,0.0,0.0,0.0,4,52.0,22,0,True,True,False,False,대체로 맑음,28.0,74,22.9,32.6,0.0,0.0,0.0,0.0,1,1006.7,1002.9,23,0,0,23,5.8,83,17.3,563.0,415.0,148.0,3600.0,1,offday,train,0.49999999999999994,-0.8660254037844387,-0.8660254037844384,-0.5000000000000004,True,56.362695591486386,0.08538262443269673,special_case
2024-11-02 11:00:00,2024-11-02,11,2024,11,2,Saturday,True,fall,2508,208239,83.02990430622009,0.0550655360577097,138.10436443273602,174.58165740885542,56.48806720967143,True,,False,False,True,True,115464.0,106671.0,224119.0,333177.0,0.0,0.0,0.0,0.0,0.0,0.0,0.0,0.0,4,52.0,22,0,True,True,False,False,맑음,19.6,61,11.8,18.7,0.0,0.0,0.0,0.0,0,1018.7,1014.8,0,0,0,0,10.2,14,21.2,475.0,359.0,116.0,3600.0,1,offday,valid,0.258819045102521,-0.9659258262890682,-0.5000000000000004,0.8660254037844384,True,56.44807821591908,0.039988993752345436,special_case
2025-07-12 13:00:00,2025-07-12,13,2025,7,12,Saturday,True,summer,2444,233011,95.3400163666121,0.0663205601576762,162.08744902536085,235.98045283463864,56.582768511965384,True,,False,False,True,True,132696.0,128054.0,274433.0,411400.0,0.0,0.0,0.0,0.0,11.0,10.0,1.0,5.0,4,52.0,22,0,True,True,False,True,대체로 맑음,35.8,24,12.1,38.0,0.0,0.0,0.0,0.0,1,1009.2,1005.5,44,0,0,44,5.0,120,22.3,911.0,745.0,166.0,3600.0,1,offday,test,-0.2588190451025208,-0.9659258262890683,-0.4999999999999998,-0.8660254037844388,True,56.48806720967143,0.09470130229395579,special_case
2025-11-09 13:00:00,2025-11-09,13,2025,11,9,Sunday,True,fall,1942,187417,96.50720906282184,0.0915726254037753,177.83403853413182,265.0535330814892,56.64097843500866,True,,False,False,True,True,135049.0,128717.0,294036.0,419840.0,0.0,0.0,0.0,0.0,19.0,18.0,1.0,11.0,4,52.0,22,0,True,True,False,True,대체로 맑음,15.8,47,4.6,13.0,0.0,0.0,0.0,0.0,1,1016.2,1012.2,27,13,26,0,10.3,285,25.2,552.0,430.0,122.0,3600.0,1,offday,test,-0.2588190451025208,-0.9659258262890683,-0.5000000000000004,0.8660254037844384,True,56.582768511965384,0.05820992304327888,special_case
2025-09-27 08:00:00,2025-09-27,8,2025,9,27,Saturday,True,fall,5508,653955,118.72821350762528,0.0138491885397832,76.28133047712637,115.59658210709956,56.64728611779248,True,,False,False,True,True,244402.0,212862.0,394863.0,565382.0,0.0,0.0,0.0,0.0,17.0,15.0,2.0,9.0,4,52.0,22,0,True,True,False,True,흐림,18.5,93,17.3,20.1,0.0,0.0,0.0,0.0,3,1019.2,1015.3,84,27,0,78,6.7,92,16.2,134.0,72.0,62.0,3600.0,1,offday,test,0.8660254037844387,-0.49999999999999983,-1.0,-1.8369701987210297e-16,True,56.64097843500866,0.006307682783820212,special_case
2023-03-26 11:00:00,2023-03-26,11,2023,3,26,Sunday,True,spring,2982,233665,78.35848423876593,0.0486258337916605,145.00223636673172,175.4434366030304,56.679719379233376,True,,False,False,True,True,105718.0,96045.0,205204.0,299945.0,481.0,17337.0,1892216.91,410.0,0.0,0.0,0.0,0.0,4,52.0,22,0,True,True,True,False,맑음,11.9,21,-9.9,6.9,0.0,0.0,0.0,0.0,0,1018.6,1014.6,0,0,0,0,16.6,333,34.2,686.0,545.0,141.0,3600.0,1,offday,train,0.258819045102521,-0.9659258262890682,1.0,6.123233995736766e-17,True,56.64728611779248,0.03243326144089309,special_case
2025-11-09 12:00:00,2025-11-09,12,2025,11,9,Sunday,True,fall,1942,187417,96.50720906282184,0.0738136969525007,143.34619948175643,208.41255464648057,56.70077852142072,True,,False,False,True,True,128858.0,121990.0,269715.0,380596.0,0.0,0.0,0.0,0.0,19.0,18.0,1.0,11.0,4,52.0,22,0,True,True,False,True,맑음,14.9,62,7.7,13.1,0.0,0.0,0.0,0.0,0,1017.4,1013.4,2,1,2,0,8.1,298,21.6,517.0,374.0,143.0,3600.0,1,offday,test,1.2246467991473532e-16,-1.0,-0.5000000000000004,0.8660254037844384,True,56.679719379233376,0.02105914218734739,special_case
2024-04-21 11:00:00,2024-04-21,11,2024,4,21,Sunday,True,spring,2292,244049,106.47862129144852,0.0486258337916605,111.45041105048595,170.6863343306515,56.71131386590679,True,,False,False,True,True,110732.0,102208.0,228291.0,325242.0,506.0,17410.0,2126445.71,393.0,0.0,0.0,0.0,0.0,4,52.0,22,0,True,True,True,False,흐림,19.6,56,10.5,16.7,0.0,0.0,0.0,0.0,3,1011.4,1007.5,100,58,31,100,21.3,87,40.0,437.0,105.0,332.0,2167.64,1,offday,valid,0.258819045102521,-0.9659258262890682,0.8660254037844387,-0.49999999999999983,True,56.70077852142072,0.010535344486065412,special_case
2025-09-13 15:00:00,2025-09-13,15,2025,9,13,Saturday,True,fall,3830,358122,93.50443864229766,0.1124759978651691,430.78307182359765,656.107686352497,56.748302794819665,True,,False,False,True,True,147067.0,148369.0,339515.0,383623.0,0.0,0.0,0.0,0.0,17.0,17.0,0.0,8.0,4,52.0,22,0,True,True,False,True,흐림,26.6,66,19.6,29.5,0.0,0.0,0.0,0.0,3,1006.7,1002.9,92,92,0,0,5.3,66,19.4,461.0,205.0,256.0,3600.0,1,offday,test,-0.7071067811865471,-0.7071067811865479,-1.0,-1.8369701987210297e-16,True,56.71131386590679,0.03698892891287642,special_case
2024-10-13 15:00:00,2024-10-13,15,2024,10,13,Sunday,True,fall,3900,360223,92.3648717948718,0.1124759978651691,438.65639167415947,660.295306432979,56.76452715127857,True,,False,False,True,True,151361.0,152876.0,372698.0,420149.0,867.0,33904.0,3659844.43,760.0,0.0,0.0,0.0,0.0,4,52.0,22,0,True,True,True,False,흐림,22.1,53,12.1,21.4,0.0,0.0,0.0,0.0,3,1022.6,1018.7,100,0,4,100,8.9,117,18.0,246.0,21.0,225.0,0.0,1,offday,valid,-0.7071067811865471,-0.7071067811865479,-0.8660254037844386,0.5000000000000001,True,56.748302794819665,0.016224356458906186,special_case
2025-06-08 12:00:00,2025-06-08,12,2025,6,8,Sunday,True,summer,2482,263165,106.02941176470588,0.0513318154074477,127.40556584128534,198.75690945722903,56.80122839910777,True,,False,False,True,True,120695.0,114182.0,252871.0,367500.0,0.0,0.0,0.0,0.0,10.0,10.0,0.0,3.0,4,52.0,22,0,True,True,False,True,부분적으로 흐림,29.1,45,15.9,31.5,0.0,0.0,0.0,0.0,2,1007.7,1003.9,64,19,0,56,5.3,237,20.9,736.0,449.0,287.0,3600.0,1,offday,test,1.2246467991473532e-16,-1.0,1.2246467991473532e-16,-1.0,True,56.76452715127857,0.0367012478291997,special_case
2022-09-11 14:00:00,2022-09-11,14,2022,9,11,Sunday,True,fall,2753,229018,83.18852161278605,0.1053558771818858,290.04472988173177,387.474950890502,56.840200053012666,True,추석,True,False,True,True,,,237928.0,302473.0,0.0,0.0,0.0,0.0,0.0,0.0,0.0,0.0,4,52.0,22,0,False,True,False,False,흐림,23.6,68,17.5,25.7,0.0,0.0,0.0,0.0,3,1014.9,1011.1,100,0,98,100,3.6,53,9.4,141.0,0.0,141.0,0.0,1,offday,train,-0.4999999999999998,-0.8660254037844388,-1.0,-1.8369701987210297e-16,True,56.80122839910777,0.038971653904894765,special_case
2025-06-22 11:00:00,2025-06-22,11,2025,6,22,Sunday,True,summer,2907,322514,110.9439284485724,0.037472805085182,108.93344438262416,172.38420018499772,56.93493621080839,True,,False,False,True,True,111737.0,101422.0,221297.0,326763.0,0.0,0.0,0.0,0.0,12.0,12.0,0.0,3.0,4,52.0,22,0,True,True,False,True,맑음,24.5,67,18.0,27.5,0.0,0.0,0.0,0.0,0,1007.6,1003.8,0,0,0,0,8.8,231,24.1,783.0,601.0,182.0,3600.0,1,offday,test,0.258819045102521,-0.9659258262890682,1.2246467991473532e-16,-1.0,True,56.840200053012666,0.09473615779572242,special_case
2022-08-28 10:00:00,2022-08-28,10,2022,8,28,Sunday,True,summer,4557,408972,89.74588545095457,0.0257069519909139,117.14658022259503,154.4172517943368,56.971936238349514,True,,False,False,True,True,,,161049.0,257746.0,0.0,0.0,0.0,0.0,0.0,0.0,0.0,0.0,4,52.0,22,0,False,True,False,False,흐림,21.5,64,14.4,21.7,0.0,0.0,0.0,0.0,3,1016.6,1012.7,87,0,0,87,9.8,82,20.5,577.0,414.0,163.0,3600.0,1,offday,train,0.49999999999999994,-0.8660254037844387,-0.8660254037844384,-0.5000000000000004,True,56.93493621080839,0.037000027541125746,special_case
2022-10-16 13:00:00,2022-10-16,13,2022,10,16,Sunday,True,fall,2229,189458,84.99685957828623,0.0915726254037753,204.11538202501535,272.6612414716726,56.994818663490605,True,,False,False,True,True,,,257977.0,384947.0,0.0,0.0,0.0,0.0,0.0,0.0,0.0,0.0,4,52.0,22,0,False,True,False,False,흐림,17.7,79,14.1,17.9,0.0,0.0,0.0,0.0,3,1018.7,1014.8,100,6,100,100,8.1,328,16.2,144.0,0.0,144.0,0.0,1,offday,train,-0.2588190451025208,-0.9659258262890683,-0.8660254037844386,0.5000000000000001,True,56.971936238349514,0.02288242514109129,special_case
2022-06-12 16:00:00,2022-06-12,16,2022,6,12,Sunday,True,summer,2988,331115,110.81492637215528,0.1019931999973653,304.75568159212764,541.4350586682654,57.01686552399383,True,,False,False,True,True,,,324835.0,354235.0,0.0,0.0,0.0,0.0,0.0,0.0,0.0,0.0,4,52.0,22,0,False,True,False,False,흐림,27.9,41,13.6,27.0,0.0,0.0,0.0,0.0,3,1010.3,1006.5,100,0,16,100,14.4,248,27.0,258.0,26.0,232.0,0.0,1,offday,train,-0.8660254037844384,-0.5000000000000004,1.2246467991473532e-16,-1.0,True,56.994818663490605,0.022046860503223797,special_case
2025-10-18 09:00:00,2025-10-18,9,2025,10,18,Saturday,True,fall,3839,397366,103.50768429278456,0.0239536668290855,91.9581269568596,130.51103637429034,57.04360982804852,True,,False,False,True,True,151082.0,138671.0,244959.0,422085.0,0.0,0.0,0.0,0.0,20.0,17.0,3.0,12.0,4,52.0,22,0,True,True,False,True,흐림,14.4,93,13.2,13.3,0.0,0.0,0.0,0.0,3,1020.0,1016.0,100,77,96,100,14.4,318,26.6,93.0,9.0,84.0,0.0,1,offday,test,0.7071067811865476,-0.7071067811865475,-0.8660254037844386,0.5000000000000001,True,57.01686552399383,0.026744304054687973,special_case
2023-04-29 15:00:00,2023-04-29,15,2023,4,29,Saturday,True,spring,4145,313019,75.51724969843184,0.1077131147753142,446.4708607436777,551.2869614427407,57.07134556642393,True,,False,False,True,True,128851.0,128817.0,304413.0,360146.0,313.0,9024.0,1068504.03,254.0,0.0,0.0,0.0,0.0,4,52.0,22,0,True,True,True,False,대체로 맑음,14.8,67,8.6,10.9,0.0,0.0,0.0,0.0,1,1004.7,1000.8,47,21,17,32,26.0,260,46.8,608.0,327.0,281.0,3600.0,1,offday,train,-0.7071067811865471,-0.7071067811865479,0.8660254037844387,-0.49999999999999983,True,57.04360982804852,0.02773573837541221,special_case
2025-07-06 15:00:00,2025-07-06,15,2025,7,6,Sunday,True,summer,2222,253203,113.95274527452746,0.0935275965658001,207.81831956920792,369.6449609742228,57.16830140747112,True,,False,False,True,True,143189.0,141105.0,339393.0,392613.0,0.0,0.0,0.0,0.0,11.0,10.0,1.0,5.0,4,52.0,22,0,True,True,False,True,흐림,31.2,66,24.0,37.0,0.0,0.0,0.0,0.0,3,1003.8,1000.1,99,14,0,99,10.7,250,27.4,766.0,553.0,213.0,3600.0,1,offday,test,-0.7071067811865471,-0.7071067811865479,-0.4999999999999998,-0.8660254037844388,True,57.07134556642393,0.09695584104719046,special_case
2022-09-24 15:00:00,2022-09-24,15,2022,9,24,Saturday,True,fall,4584,382094,83.35383944153578,0.1124759978651691,515.5899742139352,703.5694421444286,57.23117047640096,True,,False,False,True,True,,,278702.0,322443.0,0.0,0.0,0.0,0.0,0.0,0.0,0.0,0.0,4,52.0,22,0,False,True,False,False,맑음,22.0,48,10.4,20.8,0.0,0.0,0.0,0.0,0,1016.5,1012.6,0,0,0,0,10.8,307,25.9,593.0,436.0,157.0,3600.0,1,offday,train,-0.7071067811865471,-0.7071067811865479,-1.0,-1.8369701987210297e-16,True,57.16830140747112,0.06286906892984234,special_case
2022-07-09 13:00:00,2022-07-09,13,2022,7,9,Saturday,True,summer,2527,235514,93.199050257222,0.0663205601576762,167.59205551844795,239.36591088165497,57.25468818343015,True,,False,False,True,True,,,226135.0,351547.0,0.0,0.0,0.0,0.0,0.0,0.0,0.0,0.0,4,52.0,22,0,False,True,False,False,흐림,28.9,72,23.2,33.3,0.0,0.0,0.0,0.0,3,1002.6,998.9,100,100,0,0,8.7,287,20.5,531.0,214.0,317.0,3600.0,1,offday,train,-0.2588190451025208,-0.9659258262890683,-0.4999999999999998,-0.8660254037844388,True,57.23117047640096,0.02351770702918543,special_case
2023-04-22 15:00:00,2023-04-22,15,2023,4,22,Saturday,True,spring,2993,291040,97.24022719679252,0.1077131147753142,322.38535252251563,504.0237888153306,57.27137035284022,True,,False,False,True,True,128851.0,128817.0,304413.0,360146.0,877.0,34663.0,3923104.57,761.0,0.0,0.0,0.0,0.0,4,52.0,22,0,True,True,True,False,흐림,18.6,18,-5.9,13.5,0.0,0.0,0.0,0.0,3,1020.3,1016.4,100,0,100,100,15.5,59,31.7,473.0,151.0,322.0,3600.0,1,offday,train,-0.7071067811865471,-0.7071067811865479,0.8660254037844387,-0.49999999999999983,True,57.25468818343015,0.01668216941007472,special_case
2022-06-19 14:00:00,2022-06-19,14,2022,6,19,Sunday,True,summer,2245,232355,103.4988864142539,0.0809922881834863,181.82768697192677,289.7699253418914,57.333460561002994,True,,False,False,True,True,,,231925.0,303651.0,0.0,0.0,0.0,0.0,0.0,0.0,0.0,0.0,4,52.0,22,0,False,True,False,False,흐림,25.9,67,19.2,27.6,0.0,0.0,0.0,0.0,3,1007.4,1003.6,100,100,43,0,12.6,233,25.9,380.0,77.0,303.0,642.01,1,offday,train,-0.4999999999999998,-0.8660254037844388,1.2246467991473532e-16,-1.0,True,57.27137035284022,0.06209020816277189,special_case
2022-07-10 14:00:00,2022-07-10,14,2022,7,10,Sunday,True,summer,2215,232374,104.90925507900675,0.0809922881834863,179.39791832642217,289.35077501183366,57.347717498573076,True,,False,False,True,True,,,242820.0,328804.0,0.0,0.0,0.0,0.0,0.0,0.0,0.0,0.0,4,52.0,22,0,False,True,False,False,흐림,31.4,64,23.8,38.2,0.0,0.0,0.0,0.0,3,1004.4,1000.7,97,6,9,97,4.3,246,17.3,779.0,557.0,222.0,3600.0,1,offday,train,-0.4999999999999998,-0.8660254037844388,-0.4999999999999998,-0.8660254037844388,True,57.333460561002994,0.014256937570081618,special_case
2025-09-14 15:00:00,2025-09-14,15,2025,9,14,Sunday,True,fall,3695,356876,96.58349120433016,0.1124759978651691,415.5988121117998,652.9585796774431,57.36159329736256,True,,False,False,True,True,147067.0,148369.0,339515.0,383623.0,0.0,0.0,0.0,0.0,17.0,17.0,0.0,8.0,4,52.0,22,0,True,True,False,True,대체로 맑음,27.7,61,19.5,30.6,0.0,0.0,0.0,0.0,1,1010.8,1007.0,35,29,0,8,4.5,263,14.0,522.0,325.0,197.0,3600.0,1,offday,test,-0.7071067811865471,-0.7071067811865479,-1.0,-1.8369701987210297e-16,True,57.347717498573076,0.013875798789484861,special_case
2022-03-27 13:00:00,2022-03-27,13,2022,3,27,Sunday,True,spring,2770,200490,72.37906137184116,0.0829554972469645,229.78672737409187,267.37832175178096,57.38617930380369,True,,False,False,True,True,,,184195.0,271619.0,0.0,0.0,0.0,0.0,0.0,0.0,0.0,0.0,4,52.0,22,0,False,True,False,False,부분적으로 흐림,11.6,50,1.5,8.1,0.0,0.0,0.0,0.0,2,1014.8,1010.8,68,15,67,0,15.9,295,30.2,690.0,465.0,225.0,3600.0,1,offday,train,-0.2588190451025208,-0.9659258262890683,1.0,6.123233995736766e-17,True,57.36159329736256,0.024586006441126074,special_case
2023-04-01 14:00:00,2023-04-01,14,2023,4,1,Saturday,True,spring,3008,225215,74.8720079787234,0.0977777335148833,294.11542241276914,355.96565856848514,57.39323721281431,True,,False,False,True,True,115768.0,111751.0,264100.0,346494.0,942.0,38367.0,4147597.26,794.0,0.0,0.0,0.0,0.0,4,52.0,22,0,True,True,True,False,흐림,25.0,17,-1.4,23.8,0.0,0.0,0.0,0.0,3,1015.3,1011.5,93,0,0,93,2.8,130,16.9,779.0,593.0,186.0,3600.0,1,offday,train,-0.4999999999999998,-0.8660254037844388,0.8660254037844387,-0.49999999999999983,True,57.38617930380369,0.0070579090106264175,special_case
2024-06-23 12:00:00,2024-06-23,12,2024,6,23,Sunday,True,summer,2575,265375,103.05825242718448,0.0513318154074477,132.17942467417797,201.42604573783728,57.429267610283745,True,,False,False,True,True,117789.0,111354.0,243753.0,356376.0,435.0,12297.0,1289112.67,429.0,0.0,0.0,0.0,0.0,4,52.0,22,0,True,True,True,False,약한 이슬비,27.8,63,20.1,30.9,0.1,0.1,0.0,0.0,51,998.6,994.9,99,31,13,99,5.5,247,17.3,536.0,195.0,341.0,3600.0,1,offday,valid,1.2246467991473532e-16,-1.0,1.2246467991473532e-16,-1.0,True,57.39323721281431,0.03603039746943182,special_case
2025-07-12 14:00:00,2025-07-12,14,2025,7,12,Saturday,True,summer,2444,233011,95.3400163666121,0.0809922881834863,197.94515232044057,293.41470401008485,57.43425117544621,True,,False,False,True,True,129895.0,127431.0,290689.0,378212.0,0.0,0.0,0.0,0.0,11.0,10.0,1.0,5.0,4,52.0,22,0,True,True,False,True,흐림,36.9,22,11.6,38.7,0.0,0.0,0.0,0.0,3,1008.2,1004.5,91,0,0,91,5.4,120,21.6,889.0,723.0,166.0,3600.0,1,offday,test,-0.4999999999999998,-0.8660254037844388,-0.4999999999999998,-0.8660254037844388,True,57.429267610283745,0.0049835651624619,special_case
2022-04-23 10:00:00,2022-04-23,10,2022,4,23,Saturday,True,spring,3263,314876,96.49892736745326,0.0333632663106753,108.8643379717336,150.79530410632876,57.51292207927682,True,,False,False,True,True,,,151454.0,224442.0,0.0,0.0,0.0,0.0,0.0,0.0,0.0,0.0,4,52.0,22,0,False,True,False,False,흐림,15.4,64,8.6,14.2,0.0,0.0,0.0,0.0,3,1015.4,1011.4,100,3,0,100,5.9,76,18.0,536.0,295.0,241.0,3600.0,1,offday,train,0.49999999999999994,-0.8660254037844387,0.8660254037844387,-0.49999999999999983,True,57.43425117544621,0.07867090383061281,special_case
2024-11-10 13:00:00,2024-11-10,13,2024,11,10,Sunday,True,fall,2253,191212,84.8699511762095,0.0915726254037753,206.31312503470596,275.2452761620813,57.519148321670656,True,,False,False,True,True,131400.0,127665.0,282040.0,415237.0,0.0,0.0,0.0,0.0,0.0,0.0,0.0,0.0,4,52.0,22,0,True,True,False,False,맑음,17.0,62,9.6,16.5,0.0,0.0,0.0,0.0,0,1022.3,1018.3,8,0,1,8,3.3,77,15.8,533.0,410.0,123.0,3600.0,1,offday,valid,-0.2588190451025208,-0.9659258262890683,-0.5000000000000004,0.8660254037844384,True,57.51292207927682,0.006226242393836401,special_case
2022-05-28 09:00:00,2022-05-28,9,2022,5,28,Saturday,True,spring,6869,389759,56.74173824428592,0.0211246218855017,145.1050277315112,137.22519169118763,57.527301693362176,True,,False,False,True,True,,,231591.0,417942.0,0.0,0.0,0.0,0.0,0.0,0.0,0.0,0.0,4,52.0,22,0,False,True,False,False,맑음,20.5,65,13.6,19.9,0.0,0.0,0.0,0.0,0,1005.7,1001.8,13,0,85,82,11.4,169,29.9,486.0,339.0,147.0,3600.0,1,offday,train,0.7071067811865476,-0.7071067811865475,0.49999999999999994,-0.8660254037844387,True,57.519148321670656,0.008153371691520306,special_case
2024-05-03 12:00:00,2024-05-03,12,2024,5,3,Friday,False,spring,2328,171110,73.5008591065292,0.096293809375837,224.1719882269486,264.1357975943259,57.53681584330175,False,,False,False,False,False,127195.0,117440.0,269436.0,392811.0,540.0,14822.0,1550575.64,526.0,0.0,0.0,0.0,0.0,4,52.0,22,0,True,True,True,False,맑음,24.1,28,4.4,23.7,0.0,0.0,0.0,0.0,0,1019.1,1015.2,0,0,0,0,7.1,300,21.6,867.0,679.0,188.0,3600.0,1,weekday,valid,1.2246467991473532e-16,-1.0,0.49999999999999994,-0.8660254037844387,True,57.527301693362176,0.009514149939576555,special_case
2025-08-10 15:00:00,2025-08-10,15,2025,8,10,Sunday,True,summer,2598,258098,99.3448806774442,0.0935275965658001,242.9846958779488,380.96585777027553,57.5619760996222,True,,False,False,True,True,142475.0,139526.0,342579.0,398731.0,0.0,0.0,0.0,0.0,14.0,13.0,1.0,8.0,4,52.0,22,0,True,True,False,True,대체로 맑음,30.1,57,20.8,34.3,0.0,0.0,0.0,0.0,1,1001.3,997.6,29,28,7,0,7.6,317,21.6,710.0,498.0,212.0,3600.0,1,offday,test,-0.7071067811865471,-0.7071067811865479,-0.8660254037844384,-0.5000000000000004,True,57.53681584330175,0.02516025632044716,special_case
2023-03-25 13:00:00,2023-03-25,13,2023,3,25,Saturday,True,spring,2492,201343,80.79574638844302,0.0829554972469645,206.7250991394357,263.5378490792135,57.62245247838163,True,,False,False,True,True,121347.0,113931.0,253070.0,376569.0,832.0,30123.0,3342728.0,702.0,0.0,0.0,0.0,0.0,4,52.0,22,0,True,True,True,False,흐림,16.8,39,2.5,14.3,0.0,0.0,0.0,0.0,3,1018.3,1014.3,98,48,59,94,5.5,212,17.6,516.0,207.0,309.0,3600.0,1,offday,train,-0.2588190451025208,-0.9659258262890683,1.0,6.123233995736766e-17,True,57.5619760996222,0.06047637875943224,special_case
2023-09-14 12:00:00,2023-09-14,12,2023,9,14,Thursday,False,fall,2023,163654,80.8966880869995,0.1065118396644879,215.47345164125903,276.07596550468713,57.6551404909373,False,,False,False,False,False,114019.0,106991.0,224885.0,326978.0,0.0,0.0,0.0,0.0,0.0,0.0,0.0,0.0,4,52.0,22,0,True,True,False,False,흐림,25.6,68,19.1,26.6,0.0,0.0,0.0,0.0,3,1013.5,1009.7,93,17,0,92,18.1,83,33.5,583.0,298.0,285.0,3600.0,1,weekday,train,1.2246467991473532e-16,-1.0,-1.0,-1.8369701987210297e-16,True,57.62245247838163,0.032688012555667,special_case
2022-04-30 12:00:00,2022-04-30,12,2022,4,30,Saturday,True,spring,2571,207659,80.76973940101128,0.0657770680274524,169.11284189858023,212.3890235425949,57.679253902173144,True,,False,False,True,True,,,187587.0,271232.0,0.0,0.0,0.0,0.0,0.0,0.0,0.0,0.0,4,52.0,22,0,False,True,False,False,약한 이슬비,14.9,62,7.8,12.0,0.1,0.1,0.0,0.0,51,1018.3,1014.3,97,3,53,94,16.3,242,31.0,385.0,46.0,339.0,0.0,1,offday,train,1.2246467991473532e-16,-1.0,0.8660254037844387,-0.49999999999999983,True,57.6551404909373,0.024113411235845206,special_case
2024-05-18 10:00:00,2024-05-18,10,2024,5,18,Saturday,True,spring,3302,315232,95.46698970321016,0.0333632663106753,110.16550535784994,151.39795066209786,57.69739654716163,True,,False,False,True,True,120522.0,107575.0,222512.0,325261.0,536.0,16809.0,1803911.35,481.0,0.0,0.0,0.0,0.0,4,52.0,22,0,True,True,True,False,흐림,20.1,70,14.5,20.1,0.0,0.0,0.0,0.0,3,1018.6,1014.7,97,97,0,0,10.5,196,21.2,452.0,153.0,299.0,3600.0,1,offday,valid,0.49999999999999994,-0.8660254037844387,0.49999999999999994,-0.8660254037844387,True,57.679253902173144,0.018142644988486722,special_case
2022-10-16 12:00:00,2022-10-16,12,2022,10,16,Sunday,True,fall,2229,189458,84.99685957828623,0.0738136969525007,164.53073050712413,215.666422808182,57.73702925207911,True,,False,False,True,True,,,231747.0,349570.0,0.0,0.0,0.0,0.0,0.0,0.0,0.0,0.0,4,52.0,22,0,False,True,False,False,흐림,18.5,77,14.4,19.2,0.0,0.0,0.0,0.0,3,1019.0,1015.1,100,0,100,93,5.0,291,11.5,237.0,27.0,210.0,0.0,1,offday,train,1.2246467991473532e-16,-1.0,-0.8660254037844386,0.5000000000000001,True,57.69739654716163,0.039632704917480055,special_case
2025-05-31 15:00:00,2025-05-31,15,2025,5,31,Saturday,True,spring,2982,292972,98.2468142186452,0.1077131147753142,321.2005082599872,507.06294264064513,57.80240176574955,True,,False,False,True,True,145162.0,145607.0,361252.0,431423.0,0.0,0.0,0.0,0.0,7.0,7.0,0.0,2.0,4,52.0,22,0,True,True,False,True,흐림,27.3,34,10.2,26.1,0.0,0.0,0.0,0.0,3,1009.5,1005.7,100,0,0,100,8.8,265,24.8,529.0,156.0,373.0,3600.0,1,offday,test,-0.7071067811865471,-0.7071067811865479,0.49999999999999994,-0.8660254037844387,True,57.73702925207911,0.0653725136704395,special_case
2025-03-15 13:00:00,2025-03-15,13,2025,3,15,Saturday,True,spring,2328,202009,86.77362542955326,0.0829554972469645,193.12039759093352,261.45071214231825,57.80837120106881,True,,False,False,True,True,128545.0,123079.0,286466.0,434709.0,0.0,0.0,0.0,0.0,0.0,0.0,0.0,0.0,4,52.0,22,0,True,True,False,False,대체로 맑음,13.6,40,0.2,10.6,0.0,0.0,0.0,0.0,1,1022.9,1018.9,37,0,31,9,13.6,129,37.1,749.0,585.0,164.0,3600.0,1,offday,test,-0.2588190451025208,-0.9659258262890683,1.0,6.123233995736766e-17,True,57.80240176574955,0.005969435319258309,special_case
2024-10-27 14:00:00,2024-10-27,14,2024,10,27,Sunday,True,fall,2344,226831,96.77090443686006,0.1053558771818858,246.95417611434044,378.49977871728714,57.81893887028781,True,,False,False,True,True,137145.0,135034.0,317937.0,400793.0,365.0,14825.0,1536876.71,444.0,0.0,0.0,0.0,0.0,4,52.0,22,0,True,True,True,False,흐림,18.2,73,13.2,18.2,0.0,0.0,0.0,0.0,3,1013.2,1009.3,100,26,98,100,7.4,283,16.9,333.0,68.0,265.0,1631.6,1,offday,valid,-0.4999999999999998,-0.8660254037844388,-0.8660254037844386,0.5000000000000001,True,57.80837120106881,0.010567669219000209,special_case
2024-10-05 10:00:00,2024-10-05,10,2024,10,5,Saturday,True,fall,3224,270065,83.76705955334988,0.0378925808716765,122.16568073028512,152.75650940992986,57.843319688609654,True,,False,False,True,True,123410.0,114950.0,224680.0,341541.0,484.0,13757.0,1529847.5,435.0,0.0,0.0,0.0,0.0,4,52.0,22,0,True,True,True,False,흐림,17.5,67,11.2,17.3,0.0,0.0,0.0,0.0,3,1025.6,1021.6,100,1,0,100,4.3,73,13.7,434.0,269.0,165.0,3600.0,1,offday,valid,0.49999999999999994,-0.8660254037844387,-0.8660254037844386,0.5000000000000001,True,57.81893887028781,0.0243808183218448,special_case
2025-10-26 12:00:00,2025-10-26,12,2025,10,26,Sunday,True,fall,1908,191835,100.54245283018868,0.0738136969525007,140.8365337853714,211.82977614777369,57.91172346085449,True,,False,False,True,True,127375.0,121081.0,263189.0,392489.0,0.0,0.0,0.0,0.0,16.0,15.0,1.0,7.0,4,52.0,22,0,True,True,False,True,흐림,14.0,54,4.8,12.2,0.0,0.0,0.0,0.0,3,1019.1,1015.1,100,18,100,80,4.0,243,13.3,314.0,77.0,237.0,1904.24,1,offday,test,1.2246467991473532e-16,-1.0,-0.8660254037844386,0.5000000000000001,True,57.843319688609654,0.06840377224483518,special_case
2025-06-07 12:00:00,2025-06-07,12,2025,6,7,Saturday,True,summer,2609,267631,102.5799156765044,0.0513318154074477,133.9247063980312,203.30622955999712,57.94283103238013,True,,False,False,True,True,120695.0,114182.0,252871.0,367500.0,0.0,0.0,0.0,0.0,11.0,10.0,1.0,3.0,4,52.0,22,0,True,True,False,True,보통 이슬비,26.2,51,15.4,26.4,0.6,0.6,0.0,0.0,53,1008.8,1005.0,100,100,40,95,11.4,242,28.4,499.0,225.0,274.0,3600.0,1,offday,test,1.2246467991473532e-16,-1.0,1.2246467991473532e-16,-1.0,True,57.91172346085449,0.031107571525637923,special_case
2024-06-16 11:00:00,2024-06-16,11,2024,6,16,Sunday,True,summer,3487,319548,91.63980498996273,0.037472805085182,130.66767133202973,177.93761465292235,57.96226108905839,True,,False,False,True,True,108329.0,98784.0,213110.0,318651.0,394.0,11844.0,1366006.73,384.0,0.0,0.0,0.0,0.0,4,52.0,22,0,True,True,True,False,맑음,27.2,38,11.6,27.3,0.0,0.0,0.0,0.0,0,1006.8,1003.0,16,0,16,0,11.7,313,28.1,788.0,605.0,183.0,3600.0,1,offday,valid,0.258819045102521,-0.9659258262890682,1.2246467991473532e-16,-1.0,True,57.94283103238013,0.019430056678260144,special_case
2022-09-24 09:00:00,2022-09-24,9,2022,9,24,Saturday,True,fall,4584,382094,83.35383944153578,0.0239536668290855,109.80360874452838,134.5137925768277,58.017736012462336,True,,False,False,True,True,,,224535.0,401600.0,0.0,0.0,0.0,0.0,0.0,0.0,0.0,0.0,4,52.0,22,0,False,True,False,False,맑음,15.2,74,10.6,14.9,0.0,0.0,0.0,0.0,0,1018.9,1014.9,0,0,0,0,4.1,45,10.4,345.0,251.0,94.0,3600.0,1,offday,train,0.7071067811865476,-0.7071067811865475,-1.0,-1.8369701987210297e-16,True,57.96226108905839,0.055474923403949106,special_case
2023-09-29 12:00:00,2023-09-29,12,2023,9,29,Friday,False,fall,2901,169834,58.543260944501895,0.1065118396644879,308.9908468666795,301.48886295964405,58.02083676194698,False,추석,True,False,True,True,114019.0,106991.0,224885.0,326978.0,0.0,0.0,0.0,0.0,0.0,0.0,0.0,0.0,4,52.0,22,0,True,True,False,False,흐림,22.1,58,13.4,23.0,0.0,0.0,0.0,0.0,3,1015.9,1012.0,80,0,3,80,1.1,180,9.7,520.0,234.0,286.0,3600.0,1,offday,train,1.2246467991473532e-16,-1.0,-1.0,-1.8369701987210297e-16,True,58.017736012462336,0.0031007494846448935,special_case
2022-07-09 14:00:00,2022-07-09,14,2022,7,9,Saturday,True,summer,2527,235514,93.199050257222,0.0809922881834863,204.6675122396699,297.39913013747145,58.03321925581648,True,,False,False,True,True,,,242820.0,328804.0,0.0,0.0,0.0,0.0,0.0,0.0,0.0,0.0,4,52.0,22,0,False,True,False,False,약한 이슬비,29.6,70,23.5,34.8,0.1,0.1,0.0,0.0,51,1002.0,998.3,100,100,1,13,7.3,279,19.8,624.0,276.0,348.0,3600.0,1,offday,train,-0.4999999999999998,-0.8660254037844388,-0.4999999999999998,-0.8660254037844388,True,58.02083676194698,0.012382493869502298,special_case
2025-10-26 13:00:00,2025-10-26,13,2025,10,26,Sunday,True,fall,1908,191835,100.54245283018868,0.0915726254037753,174.72056927040344,269.884878066415,58.055101918641355,True,,False,False,True,True,133452.0,129282.0,289919.0,426437.0,0.0,0.0,0.0,0.0,16.0,15.0,1.0,7.0,4,52.0,22,0,True,True,False,True,흐림,14.4,61,7.1,12.8,0.0,0.0,0.0,0.0,3,1018.2,1014.2,100,13,100,13,5.9,239,17.6,413.0,147.0,266.0,3600.0,1,offday,test,-0.2588190451025208,-0.9659258262890683,-0.8660254037844386,0.5000000000000001,True,58.03321925581648,0.021882662824872057,special_case
2024-10-26 15:00:00,2024-10-26,15,2024,10,26,Saturday,True,fall,3356,350067,104.31078665077472,0.1124759978651691,377.4694488355075,638.5887226369525,58.05622538255648,True,,False,False,True,True,151361.0,152876.0,372698.0,420149.0,885.0,32441.0,3408217.7699999996,786.0,0.0,0.0,0.0,0.0,4,52.0,22,0,True,True,True,False,맑음,21.5,58,12.9,21.3,0.0,0.0,0.0,0.0,0,1019.1,1015.2,0,0,0,0,7.1,81,18.7,463.0,349.0,114.0,3600.0,1,offday,valid,-0.7071067811865471,-0.7071067811865479,-0.8660254037844386,0.5000000000000001,True,58.055101918641355,0.0011234639151211923,special_case
2023-09-02 09:00:00,2023-09-02,9,2023,9,2,Saturday,True,fall,3905,404509,103.58745198463508,0.0239536668290855,93.53906896757924,132.82667783704548,58.05834204189716,True,,False,False,True,True,155350.0,142576.0,240350.0,411969.0,0.0,0.0,0.0,0.0,0.0,0.0,0.0,0.0,4,52.0,22,0,True,True,False,False,부분적으로 흐림,22.9,81,19.4,25.9,0.0,0.0,0.0,0.0,2,1013.1,1009.3,75,0,0,60,3.8,49,12.6,393.0,287.0,106.0,3600.0,1,offday,train,0.7071067811865476,-0.7071067811865475,-1.0,-1.8369701987210297e-16,True,58.05622538255648,0.0021166593406860557,special_case
2022-05-22 09:00:00,2022-05-22,9,2022,5,22,Sunday,True,spring,6410,399059,62.25569422776911,0.0211246218855017,135.4088262860659,138.36540148119562,58.1562405065754,True,,False,False,True,True,,,231591.0,417942.0,0.0,0.0,0.0,0.0,0.0,0.0,0.0,0.0,4,52.0,22,0,False,True,False,False,부분적으로 흐림,17.0,73,12.1,16.7,0.0,0.0,0.0,0.0,2,1009.0,1005.1,53,100,6,88,6.5,199,27.7,412.0,215.0,197.0,3600.0,1,offday,train,0.7071067811865476,-0.7071067811865475,0.49999999999999994,-0.8660254037844387,True,58.05834204189716,0.09789846467823793,special_case
2025-09-22 11:00:00,2025-09-22,11,2025,9,22,Monday,False,fall,2294,153069,66.7258064516129,0.0860138816247737,197.31584444723097,213.5261643088324,58.18685188738388,False,,False,False,False,False,115669.0,107010.0,220695.0,322793.0,0.0,0.0,0.0,0.0,16.0,15.0,1.0,7.0,4,52.0,22,0,True,True,False,True,흐림,22.0,56,12.8,21.7,0.0,0.0,0.0,0.0,3,1022.6,1018.7,100,0,93,100,9.6,87,23.8,585.0,357.0,228.0,3600.0,1,weekday,test,0.258819045102521,-0.9659258262890682,-1.0,-1.8369701987210297e-16,True,58.1562405065754,0.03061138080848025,special_case
2024-03-16 13:00:00,2024-03-16,13,2024,3,16,Saturday,True,spring,2414,203456,84.28169014084507,0.0829554972469645,200.2545703541725,264.514380679125,58.224340568655265,True,,False,False,True,True,120819.0,115262.0,277246.0,422421.0,758.0,28976.0,3252779.85,593.0,0.0,0.0,0.0,0.0,4,52.0,22,0,True,True,True,False,흐림,14.8,44,2.6,14.1,0.0,0.0,0.0,0.0,3,1021.7,1017.7,100,0,0,100,3.3,103,16.6,776.0,635.0,141.0,3600.0,1,offday,valid,-0.2588190451025208,-0.9659258262890683,1.0,6.123233995736766e-17,True,58.18685188738388,0.03748868127138394,special_case
2025-08-17 13:00:00,2025-08-17,13,2025,8,17,Sunday,True,summer,2157,241576,111.99629114510894,0.0663205601576762,143.05344826010773,239.00629974073624,58.2369084546435,True,,False,False,True,True,130570.0,123894.0,275004.0,414551.0,0.0,0.0,0.0,0.0,14.0,13.0,1.0,8.0,4,52.0,22,0,True,True,False,True,흐림,30.0,66,23.0,35.4,0.0,0.0,0.0,0.0,3,1014.8,1011.0,100,13,7,100,9.4,244,24.5,750.0,435.0,315.0,3600.0,1,offday,test,-0.2588190451025208,-0.9659258262890683,-0.8660254037844384,-0.5000000000000004,True,58.224340568655265,0.012567885988232774,special_case
2024-11-10 12:00:00,2024-11-10,12,2024,11,10,Sunday,True,fall,2253,191212,84.8699511762095,0.0738136969525007,166.30225923398413,217.72612784041067,58.276856912360984,True,,False,False,True,True,125075.0,119418.0,255806.0,373219.0,0.0,0.0,0.0,0.0,0.0,0.0,0.0,0.0,4,52.0,22,0,True,True,False,False,대체로 맑음,15.3,65,8.9,14.2,0.0,0.0,0.0,0.0,1,1023.2,1019.2,21,0,1,21,5.4,76,14.0,325.0,94.0,231.0,3248.87,1,offday,valid,1.2246467991473532e-16,-1.0,-0.5000000000000004,0.8660254037844384,True,58.2369084546435,0.03994845771748601,special_case
2023-04-09 14:00:00,2023-04-09,14,2023,4,9,Sunday,True,spring,2855,227135,79.5569176882662,0.0977777335148833,279.155429184992,356.3524323313964,58.30344446943246,True,,False,False,True,True,115768.0,111751.0,264100.0,346494.0,941.0,39231.0,4273322.35,835.0,0.0,0.0,0.0,0.0,4,52.0,22,0,True,True,True,False,맑음,15.8,38,1.5,12.4,0.0,0.0,0.0,0.0,0,1018.7,1014.7,0,0,0,0,19.1,229,37.4,822.0,648.0,174.0,3600.0,1,offday,train,-0.4999999999999998,-0.8660254037844388,0.8660254037844387,-0.49999999999999983,True,58.276856912360984,0.02658755707147975,special_case
2025-10-25 11:00:00,2025-10-25,11,2025,10,25,Saturday,True,fall,2385,218198,91.48763102725368,0.0550655360577097,131.33130349763772,178.75892080265712,58.403907564864085,True,,False,False,True,True,115105.0,107090.0,225556.0,348326.0,0.0,0.0,0.0,0.0,19.0,18.0,1.0,7.0,4,52.0,22,0,True,True,False,True,흐림,15.8,73,11.0,14.9,0.0,0.0,0.0,0.0,3,1023.2,1019.2,82,9,1,80,8.1,325,22.0,462.0,318.0,144.0,3600.0,1,offday,test,0.258819045102521,-0.9659258262890682,-0.8660254037844386,0.5000000000000001,True,58.30344446943246,0.10046309543162124,special_case
2024-05-25 15:00:00,2024-05-25,15,2024,5,25,Saturday,True,spring,3100,297748,96.04774193548388,0.1077131147753142,333.9106558034743,516.0184252171607,58.40560288179239,True,,False,False,True,True,139083.0,140387.0,352075.0,417775.0,803.0,29394.0,3203920.99,690.0,0.0,0.0,0.0,0.0,4,52.0,22,0,True,True,True,False,흐림,24.5,52,14.1,24.1,0.0,0.0,0.0,0.0,3,1014.9,1011.1,99,78,21,96,12.1,192,26.6,509.0,186.0,323.0,3600.0,1,offday,valid,-0.7071067811865471,-0.7071067811865479,0.49999999999999994,-0.8660254037844387,True,58.403907564864085,0.0016953169283056013,special_case
2024-04-06 11:00:00,2024-04-06,11,2024,4,6,Saturday,True,spring,2690,246652,91.6921933085502,0.0486258337916605,130.80349289956683,178.2082458915284,58.44578843276524,True,,False,False,True,True,110732.0,102208.0,228291.0,325242.0,541.0,17233.0,1724840.71,521.0,0.0,0.0,0.0,0.0,4,52.0,22,0,True,True,True,False,흐림,13.5,51,3.5,11.3,0.0,0.0,0.0,0.0,3,1021.4,1017.4,100,0,49,100,4.7,212,15.8,474.0,155.0,319.0,3600.0,1,offday,valid,0.258819045102521,-0.9659258262890682,0.8660254037844387,-0.49999999999999983,True,58.40560288179239,0.04018555097285059,special_case
2022-06-12 11:00:00,2022-06-12,11,2022,6,12,Sunday,True,summer,2988,331115,110.81492637215528,0.037472805085182,111.96874159452388,177.02232585353096,58.46219290206392,True,,False,False,True,True,,,171667.0,266208.0,0.0,0.0,0.0,0.0,0.0,0.0,0.0,0.0,4,52.0,22,0,False,True,False,False,흐림,26.9,43,13.4,28.0,0.0,0.0,0.0,0.0,3,1013.1,1009.3,100,0,0,100,8.1,103,25.2,759.0,544.0,215.0,3600.0,1,offday,train,0.258819045102521,-0.9659258262890682,1.2246467991473532e-16,-1.0,True,58.44578843276524,0.016404469298677782,special_case
2023-04-16 10:00:00,2023-04-16,10,2023,4,16,Sunday,True,spring,3321,320677,96.5603733815116,0.0333632663106753,110.79940741775276,153.54754434228545,58.56533634644179,True,,False,False,True,True,111048.0,102209.0,201090.0,284648.0,296.0,8429.0,1109760.18,279.0,0.0,0.0,0.0,0.0,4,52.0,22,0,True,True,True,False,흐림,10.9,73,6.2,9.2,0.0,0.0,0.0,0.0,3,1005.1,1001.1,100,2,100,100,4.6,141,15.8,325.0,65.0,260.0,1202.3,1,offday,train,0.49999999999999994,-0.8660254037844387,0.8660254037844387,-0.49999999999999983,True,58.46219290206392,0.10314344437787071,special_case
2024-05-03 11:00:00,2024-05-03,11,2024,5,3,Friday,False,spring,2328,171110,73.5008591065292,0.0762910773796575,177.60562813984285,206.59898175102413,58.61649207604094,False,,False,False,False,False,117501.0,104744.0,235739.0,348778.0,477.0,11958.0,1264265.16,402.0,0.0,0.0,0.0,0.0,4,52.0,22,0,True,True,True,False,맑음,22.0,33,5.1,21.5,0.0,0.0,0.0,0.0,0,1020.0,1016.1,0,0,0,0,5.2,282,18.7,776.0,597.0,179.0,3600.0,1,weekday,valid,0.258819045102521,-0.9659258262890682,0.49999999999999994,-0.8660254037844387,True,58.56533634644179,0.051155729599152266,special_case
2022-09-02 12:00:00,2022-09-02,12,2022,9,2,Friday,False,fall,2765,171122,61.88860759493671,0.1065118396644879,294.5052366723091,301.99131150305186,58.67648832074218,False,,False,False,False,False,,,203808.0,301768.0,0.0,0.0,0.0,0.0,0.0,0.0,0.0,0.0,4,52.0,22,0,False,True,False,False,맑음,27.0,55,17.2,28.6,0.0,0.0,0.0,0.0,0,1016.3,1012.5,0,0,0,0,16.6,85,31.0,827.0,700.0,127.0,3600.0,1,weekday,train,1.2246467991473532e-16,-1.0,-1.0,-1.8369701987210297e-16,True,58.61649207604094,0.059996244701238766,special_case
2023-09-28 12:00:00,2023-09-28,12,2023,9,28,Thursday,False,fall,1925,165890,86.17662337662338,0.1065118396644879,205.03529135413925,277.27261627201176,58.75415988895273,False,추석,True,False,True,True,114019.0,106991.0,224885.0,326978.0,0.0,0.0,0.0,0.0,0.0,0.0,0.0,0.0,4,52.0,22,0,True,True,False,False,약한 이슬비,24.4,72,18.9,25.8,0.2,0.2,0.0,0.0,51,1014.4,1010.6,27,21,11,0,13.3,270,26.3,557.0,352.0,205.0,3600.0,1,offday,train,1.2246467991473532e-16,-1.0,-1.0,-1.8369701987210297e-16,True,58.67648832074218,0.07767156821054755,special_case
2023-05-29 10:00:00,2023-05-29,10,2023,5,29,Monday,False,spring,2377,199768,84.04206983592763,0.0553484319653476,131.5632227816314,166.34902684555425,58.821177497564264,False,대체공휴일,True,True,True,True,115197.0,102928.0,200388.0,295253.0,319.0,9439.0,1078745.5,285.0,0.0,0.0,0.0,0.0,4,52.0,22,0,True,True,True,False,흐림,21.2,88,19.1,23.6,0.0,0.0,0.0,0.0,3,1010.6,1006.7,100,29,72,100,7.1,49,15.8,127.0,0.0,127.0,0.0,1,offday,train,0.49999999999999994,-0.8660254037844387,0.49999999999999994,-0.8660254037844387,True,58.75415988895273,0.06701760861153616,special_case
2023-06-17 16:00:00,2023-06-17,16,2023,6,17,Saturday,True,summer,3966,358951,90.50706001008572,0.1019931999973653,404.505031189551,593.104988457763,58.85224148432985,True,,False,False,True,True,153885.0,155559.0,377288.0,391651.0,628.0,20909.0,2521422.74,562.0,0.0,0.0,0.0,0.0,4,52.0,22,0,True,True,True,False,흐림,26.1,55,16.5,26.4,0.0,0.0,0.0,0.0,3,1012.1,1008.3,91,0,0,91,15.0,249,28.8,593.0,355.0,238.0,3600.0,1,offday,train,-0.8660254037844384,-0.5000000000000004,1.2246467991473532e-16,-1.0,True,58.821177497564264,0.03106398676558797,special_case
2023-10-08 11:00:00,2023-10-08,11,2023,10,8,Sunday,True,fall,2403,219881,91.50270495214316,0.0550655360577097,132.3224831466765,180.13092088945623,58.853106844340715,True,,False,False,True,True,110958.0,104476.0,213989.0,339913.0,0.0,0.0,0.0,0.0,0.0,0.0,0.0,0.0,4,52.0,22,0,True,True,False,False,보통 이슬비,17.9,74,13.1,17.6,0.8,0.8,0.0,0.0,53,1024.6,1020.6,92,8,87,38,8.6,88,19.8,286.0,93.0,193.0,2585.94,1,offday,train,0.258819045102521,-0.9659258262890682,-0.8660254037844386,0.5000000000000001,True,58.85224148432985,0.0008653600108630144,special_case
2025-09-26 11:00:00,2025-09-26,11,2025,9,26,Friday,False,fall,2774,153697,55.40627253064167,0.0860138816247737,238.6025076271224,220.3345927347142,58.85442345812089,False,,False,False,False,False,115669.0,107010.0,220695.0,322793.0,0.0,0.0,0.0,0.0,18.0,16.0,2.0,10.0,4,52.0,22,0,True,True,False,True,대체로 맑음,22.0,73,17.0,24.1,0.0,0.0,0.0,0.0,1,1020.7,1016.8,38,38,0,0,3.8,357,17.6,563.0,341.0,222.0,3600.0,1,weekday,test,0.258819045102521,-0.9659258262890682,-1.0,-1.8369701987210297e-16,True,58.853106844340715,0.0013166137801761124,special_case
2024-04-27 15:00:00,2024-04-27,15,2024,4,27,Saturday,True,spring,3026,298158,98.53205551883674,0.1077131147753142,325.93988531010103,515.9513548495738,58.86851543351054,True,,False,False,True,True,134685.0,137880.0,333807.0,394074.0,902.0,34387.0,3701069.63,802.0,0.0,0.0,0.0,0.0,4,52.0,22,0,True,True,True,False,맑음,23.8,43,10.4,23.5,0.0,0.0,0.0,0.0,0,1010.2,1006.4,0,0,0,0,10.9,253,25.2,762.0,585.0,177.0,3600.0,1,offday,valid,-0.7071067811865471,-0.7071067811865479,0.8660254037844387,-0.49999999999999983,True,58.85442345812089,0.014091975389646905,special_case
2024-10-09 08:00:00,2024-10-09,8,2024,10,9,Wednesday,False,fall,3382,372716,110.20579538734476,0.0248035030943029,83.88544746493257,121.16006952782992,59.01788280398506,False,한글날,True,False,True,False,226347.0,198309.0,384313.0,541063.0,274.0,7077.0,941159.69,237.0,0.0,0.0,0.0,0.0,4,52.0,22,0,True,True,True,False,대체로 맑음,14.4,87,12.4,13.5,0.0,0.0,0.0,0.0,1,1018.1,1014.1,41,0,0,41,11.2,78,18.4,102.0,46.0,56.0,3600.0,1,offday,valid,0.8660254037844387,-0.49999999999999983,-0.8660254037844386,0.5000000000000001,True,58.86851543351054,0.14936737047452198,special_case
2025-06-08 15:00:00,2025-06-08,15,2025,6,8,Sunday,True,summer,2482,263165,106.02941176470588,0.0935275965658001,232.13549467631597,386.3515607350226,59.04882821004742,True,,False,False,True,True,140061.0,140461.0,334487.0,385706.0,0.0,0.0,0.0,0.0,10.0,10.0,0.0,3.0,4,52.0,22,0,True,True,False,True,맑음,30.4,40,15.4,31.4,0.0,0.0,0.0,0.0,0,1006.2,1002.5,18,17,10,0,11.8,246,32.0,717.0,489.0,228.0,3600.0,1,offday,test,-0.7071067811865471,-0.7071067811865479,1.2246467991473532e-16,-1.0,True,59.01788280398506,0.03094540606235796,special_case
2024-06-06 10:00:00,2024-06-06,10,2024,6,6,Thursday,False,summer,2869,276505,96.37678633670268,0.0404782282792282,116.13203693310592,161.98069337861693,59.051614500012136,False,현충일,True,False,True,False,113188.0,102259.0,203479.0,297762.0,477.0,13506.0,1585006.55,429.0,0.0,0.0,0.0,0.0,4,52.0,22,0,True,True,True,False,대체로 맑음,24.4,50,13.4,25.6,0.0,0.0,0.0,0.0,1,1018.1,1014.3,30,0,0,30,1.8,127,13.0,603.0,373.0,230.0,3600.0,1,offday,valid,0.49999999999999994,-0.8660254037844387,1.2246467991473532e-16,-1.0,True,59.04882821004742,0.0027862899647175254,special_case
2024-10-19 11:00:00,2024-10-19,11,2024,10,19,Saturday,True,fall,2506,219359,87.53351955307262,0.0550655360577097,137.9942333606206,181.5700698200341,59.06494452994474,True,,False,False,True,True,120632.0,113626.0,236195.0,363817.0,465.0,13165.0,1297861.27,458.0,0.0,0.0,0.0,0.0,4,52.0,22,0,True,True,True,False,부분적으로 흐림,20.1,69,14.3,19.4,0.0,0.0,0.0,0.0,2,1017.5,1013.6,60,27,1,45,14.8,3,31.0,524.0,382.0,142.0,3600.0,1,offday,valid,0.258819045102521,-0.9659258262890682,-0.8660254037844386,0.5000000000000001,True,59.051614500012136,0.013330029932603793,special_case
2025-08-15 13:00:00,2025-08-15,13,2025,8,15,Friday,False,summer,2125,206666,97.25458823529412,0.0919203898842977,195.3308285041327,294.4982341795769,59.21916004949304,False,광복절,True,False,True,True,130570.0,123894.0,275004.0,414551.0,0.0,0.0,0.0,0.0,14.0,13.0,1.0,8.0,4,52.0,22,0,True,True,False,True,약한 이슬비,30.2,69,23.9,35.7,0.1,0.1,0.0,0.0,51,1015.6,1011.8,21,14,8,1,9.5,237,27.0,697.0,514.0,183.0,3600.0,1,offday,test,-0.2588190451025208,-0.9659258262890683,-0.8660254037844384,-0.5000000000000004,True,59.06494452994474,0.15421551954830193,special_case
2023-10-28 13:00:00,2023-10-28,13,2023,10,28,Saturday,True,fall,2323,196979,84.79509255273354,0.0915726254037753,212.72320881297023,283.5831276590884,59.251912781962176,True,,False,False,True,True,128155.0,126336.0,273010.0,420242.0,0.0,0.0,0.0,0.0,0.0,0.0,0.0,0.0,4,52.0,22,0,True,True,False,False,맑음,17.4,52,7.5,16.9,0.0,0.0,0.0,0.0,0,1018.5,1014.6,0,0,0,0,1.1,342,11.9,607.0,481.0,126.0,3600.0,1,offday,train,-0.2588190451025208,-0.9659258262890683,-0.8660254037844386,0.5000000000000001,True,59.21916004949304,0.03275273246913457,special_case
2024-11-03 14:00:00,2024-11-03,14,2024,11,3,Sunday,True,fall,2554,234502,91.8175411119812,0.1053558771818858,269.07891032253644,393.10182174856305,59.2545257714188,True,,False,False,True,True,130366.0,126846.0,301164.0,386387.0,0.0,0.0,0.0,0.0,0.0,0.0,0.0,0.0,4,52.0,22,0,True,True,False,False,맑음,21.2,55,11.8,20.0,0.0,0.0,0.0,0.0,0,1020.7,1016.8,0,0,0,0,11.9,214,23.4,521.0,401.0,120.0,3600.0,1,offday,valid,-0.4999999999999998,-0.8660254037844388,-0.5000000000000004,0.8660254037844384,True,59.251912781962176,0.002612989456622472,special_case
2024-04-28 10:00:00,2024-04-28,10,2024,4,28,Sunday,True,spring,3102,330803,106.6418439716312,0.0333632663106753,103.49285209571488,154.43241323338225,59.31906756049408,True,,False,False,True,True,114766.0,104402.0,219172.0,312755.0,513.0,15072.0,1807038.73,418.0,0.0,0.0,0.0,0.0,4,52.0,22,0,True,True,True,False,흐림,18.9,60,10.9,19.0,0.0,0.0,0.0,0.0,3,1015.0,1011.1,100,0,0,100,1.8,127,13.3,572.0,339.0,233.0,3600.0,1,offday,valid,0.49999999999999994,-0.8660254037844387,0.8660254037844387,-0.49999999999999983,True,59.2545257714188,0.06454178907527819,special_case
2024-06-23 15:00:00,2024-06-23,15,2024,6,23,Sunday,True,summer,2575,265375,103.05825242718448,0.0935275965658001,240.8335611569354,390.5005603626695,59.39054983215294,True,,False,False,True,True,135633.0,134648.0,323366.0,377916.0,518.0,16969.0,1719888.06,494.0,0.0,0.0,0.0,0.0,4,52.0,22,0,True,True,True,False,맑음,27.6,67,20.9,29.9,0.0,0.0,0.0,0.0,0,998.2,994.5,12,11,0,0,19.5,242,38.2,719.0,504.0,215.0,3600.0,1,offday,valid,-0.7071067811865471,-0.7071067811865479,1.2246467991473532e-16,-1.0,True,59.31906756049408,0.07148227165886567,special_case
2022-04-30 13:00:00,2022-04-30,13,2022,4,30,Saturday,True,spring,2571,207659,80.76973940101128,0.0829554972469645,213.2785834219459,271.8190776819115,59.43005413931658,True,,False,False,True,True,,,206340.0,299990.0,0.0,0.0,0.0,0.0,0.0,0.0,0.0,0.0,4,52.0,22,0,False,True,False,False,흐림,16.4,57,7.8,14.1,0.0,0.0,0.0,0.0,3,1017.5,1013.5,97,2,58,94,17.4,246,35.3,719.0,384.0,335.0,3600.0,1,offday,train,-0.2588190451025208,-0.9659258262890683,0.8660254037844387,-0.49999999999999983,True,59.39054983215294,0.039504307163639396,special_case
2022-08-13 12:00:00,2022-08-13,12,2022,8,13,Saturday,True,summer,3960,260798,65.85808080808081,0.0513318154074477,203.27398901349312,217.76222455292736,59.43075187751947,True,,False,False,True,True,,,199190.0,319504.0,0.0,0.0,0.0,0.0,0.0,0.0,0.0,0.0,4,52.0,22,0,False,True,False,False,보통 이슬비,24.6,82,21.4,28.0,0.8,0.8,0.0,0.0,53,1006.3,1002.5,100,0,83,100,8.0,80,14.4,134.0,3.0,131.0,0.0,1,offday,train,1.2246467991473532e-16,-1.0,-0.8660254037844384,-0.5000000000000004,True,59.43005413931658,0.0006977382028878765,special_case
2025-08-23 12:00:00,2025-08-23,12,2025,8,23,Saturday,True,summer,2560,275770,107.72265625,0.0513318154074477,131.40944744306626,207.71032406401105,59.4363043004457,True,,False,False,True,True,126454.0,118904.0,251505.0,388203.0,0.0,0.0,0.0,0.0,15.0,15.0,0.0,9.0,4,52.0,22,0,True,True,False,True,약한 이슬비,31.0,67,24.2,35.9,0.2,0.2,0.0,0.0,51,1010.8,1007.1,51,46,12,0,10.9,243,26.6,588.0,351.0,237.0,3600.0,1,offday,test,1.2246467991473532e-16,-1.0,-0.8660254037844384,-0.5000000000000004,True,59.43075187751947,0.005552422926228928,special_case
2024-09-26 11:00:00,2024-09-26,11,2024,9,26,Thursday,False,fall,2476,156008,63.00807754442649,0.0860138816247737,212.9703709029398,220.7955353548944,59.533192857815635,False,,False,False,False,False,108403.0,100418.0,204482.0,304686.0,337.0,8231.0,762936.23,324.0,0.0,0.0,0.0,0.0,4,52.0,22,0,True,True,True,False,맑음,24.2,72,18.8,26.8,0.0,0.0,0.0,0.0,0,1014.6,1010.8,11,6,5,1,5.0,125,19.4,556.0,389.0,167.0,3600.0,1,weekday,valid,0.258819045102521,-0.9659258262890682,-1.0,-1.8369701987210297e-16,True,59.4363043004457,0.09688855736993673,special_case
2023-07-08 13:00:00,2023-07-08,13,2023,7,8,Saturday,True,summer,2528,245536,97.126582278481,0.0663205601576762,167.6583760786056,247.95502385996255,59.57073460868722,True,,False,False,True,True,123910.0,117664.0,250016.0,388692.0,0.0,0.0,0.0,0.0,0.0,0.0,0.0,0.0,4,52.0,22,0,True,True,False,False,약한 이슬비,26.6,76,22.0,29.9,0.1,0.1,0.0,0.0,51,1002.2,998.4,100,100,0,0,11.3,121,23.8,514.0,104.0,410.0,1439.62,1,offday,train,-0.2588190451025208,-0.9659258262890683,-0.4999999999999998,-0.8660254037844388,True,59.533192857815635,0.037541750871582735,special_case
2024-03-31 14:00:00,2024-03-31,14,2024,3,31,Sunday,True,spring,2464,228389,92.6903409090909,0.0977777335148833,240.92433538067257,352.2907078431017,59.5837450841932,True,,False,False,True,True,117722.0,116668.0,296005.0,401026.0,995.0,44352.0,4776620.9,799.0,0.0,0.0,0.0,0.0,4,52.0,22,0,True,True,True,False,흐림,14.5,26,-4.9,11.6,0.0,0.0,0.0,0.0,3,1012.1,1008.1,81,0,33,71,10.6,350,25.2,801.0,642.0,159.0,3600.0,1,offday,valid,-0.4999999999999998,-0.8660254037844388,1.0,6.123233995736766e-17,True,59.57073460868722,0.013010475505979002,special_case
2025-08-17 14:00:00,2025-08-17,14,2025,8,17,Sunday,True,summer,2157,241576,111.99629114510894,0.0809922881834863,174.70036561177997,298.6711780291856,59.66487828844939,True,,False,False,True,True,127692.0,124172.0,294888.0,387874.0,0.0,0.0,0.0,0.0,14.0,13.0,1.0,8.0,4,52.0,22,0,True,True,False,True,흐림,29.8,67,23.0,34.2,0.0,0.0,0.0,0.0,3,1014.1,1010.3,100,12,21,100,9.4,241,24.5,598.0,227.0,371.0,3600.0,1,offday,test,-0.4999999999999998,-0.8660254037844388,-0.8660254037844384,-0.5000000000000004,True,59.5837450841932,0.08113320425619008,special_case
2025-10-04 13:00:00,2025-10-04,13,2025,10,4,Saturday,True,fall,2077,197587,95.1309581126625,0.0915726254037753,190.19634296364148,279.9624100558602,59.685245326801066,True,,False,False,True,True,133452.0,129282.0,289919.0,426437.0,0.0,0.0,0.0,0.0,15.0,14.0,1.0,9.0,4,52.0,22,0,True,True,False,True,흐림,22.9,76,18.4,25.3,0.0,0.0,0.0,0.0,3,1014.0,1010.1,100,100,28,0,4.8,79,13.3,250.0,40.0,210.0,0.0,1,offday,test,-0.2588190451025208,-0.9659258262890683,-0.8660254037844386,0.5000000000000001,True,59.66487828844939,0.020367038351679412,special_case
2024-08-15 11:00:00,2024-08-15,11,2024,8,15,Thursday,False,summer,2148,229335,106.76675977653632,0.0572715655729334,123.01932285066096,190.78999654715892,59.71181041653415,False,광복절,True,False,True,False,111416.0,102608.0,205665.0,328301.0,270.0,7262.0,617411.33,267.0,0.0,0.0,0.0,0.0,4,52.0,22,0,True,True,True,False,맑음,30.9,67,24.0,37.3,0.0,0.0,0.0,0.0,0,1009.0,1005.3,14,0,11,4,4.3,132,16.2,697.0,533.0,164.0,3600.0,1,offday,valid,0.258819045102521,-0.9659258262890682,-0.8660254037844384,-0.5000000000000004,True,59.685245326801066,0.026565089733082914,special_case
2022-10-30 11:00:00,2022-10-30,11,2022,10,30,Sunday,True,fall,2522,221968,88.01268834258525,0.0550655360577097,138.87528193754397,183.492532827914,59.72279963385846,True,,False,False,True,True,,,200013.0,311760.0,0.0,0.0,0.0,0.0,0.0,0.0,0.0,0.0,4,52.0,22,0,False,True,False,False,맑음,16.2,66,9.9,14.4,0.0,0.0,0.0,0.0,0,1026.5,1022.5,0,0,0,0,12.6,95,25.9,490.0,367.0,123.0,3600.0,1,offday,train,0.258819045102521,-0.9659258262890682,-0.8660254037844386,0.5000000000000001,True,59.71181041653415,0.010989217324308242,special_case
2022-07-17 13:00:00,2022-07-17,13,2022,7,17,Sunday,True,summer,2422,246742,101.87530966143684,0.0663205601576762,160.62839670189194,247.39798640612804,59.72954886680071,True,,False,False,True,True,,,226135.0,351547.0,0.0,0.0,0.0,0.0,0.0,0.0,0.0,0.0,4,52.0,22,0,False,True,False,False,약한 이슬비,25.6,79,21.8,28.7,0.2,0.2,0.0,0.0,51,1000.7,996.9,100,39,32,100,12.0,249,27.7,398.0,39.0,359.0,0.0,1,offday,train,-0.2588190451025208,-0.9659258262890683,-0.4999999999999998,-0.8660254037844388,True,59.72279963385846,0.006749232942254935,special_case
2024-05-04 14:00:00,2024-05-04,14,2024,5,4,Saturday,True,spring,4896,241877,49.40298202614379,0.0977777335148833,478.7197832888689,394.1697474896573,59.752634029589785,True,,False,False,True,True,125232.0,122594.0,306752.0,401290.0,721.0,25261.0,2748570.25,728.0,0.0,0.0,0.0,0.0,4,52.0,22,0,True,True,True,False,흐림,26.9,26,5.8,26.1,0.0,0.0,0.0,0.0,3,1015.6,1011.8,98,0,0,98,10.2,231,26.3,867.0,681.0,186.0,3600.0,1,offday,valid,-0.4999999999999998,-0.8660254037844388,0.49999999999999994,-0.8660254037844387,True,59.72954886680071,0.02308516278907291,special_case
2023-05-14 10:00:00,2023-05-14,10,2023,5,14,Sunday,True,spring,3229,331034,102.51904614431712,0.0333632663106753,107.72998691717063,156.06805086963848,59.782780362447795,True,,False,False,True,True,115197.0,102928.0,200388.0,295253.0,396.0,12545.0,1462150.83,330.0,0.0,0.0,0.0,0.0,4,52.0,22,0,True,True,True,False,부분적으로 흐림,18.5,54,9.0,17.8,0.0,0.0,0.0,0.0,2,1011.0,1007.1,58,1,58,0,2.9,210,12.6,548.0,319.0,229.0,3600.0,1,offday,train,0.49999999999999994,-0.8660254037844387,0.49999999999999994,-0.8660254037844387,True,59.752634029589785,0.030146332858009828,special_case
2025-10-04 12:00:00,2025-10-04,12,2025,10,4,Saturday,True,fall,2077,197587,95.1309581126625,0.0738136969525007,153.311048570344,220.2771647290591,59.824247196135616,True,,False,False,True,True,127375.0,121081.0,263189.0,392489.0,0.0,0.0,0.0,0.0,15.0,14.0,1.0,9.0,4,52.0,22,0,True,True,False,True,흐림,22.2,79,18.4,24.6,0.0,0.0,0.0,0.0,3,1014.7,1010.8,100,100,82,0,4.9,66,13.7,197.0,10.0,187.0,0.0,1,offday,test,1.2246467991473532e-16,-1.0,-0.8660254037844386,0.5000000000000001,True,59.782780362447795,0.04146683368782078,special_case
2023-09-17 15:00:00,2023-09-17,15,2023,9,17,Sunday,True,fall,3716,368243,99.09660925726588,0.1124759978651691,417.9608080669683,673.0677731439005,59.83290459373427,True,,False,False,True,True,129581.0,129207.0,302627.0,354386.0,0.0,0.0,0.0,0.0,0.0,0.0,0.0,0.0,4,52.0,22,0,True,True,False,False,약한 이슬비,24.9,82,21.6,28.6,0.1,0.1,0.0,0.0,51,1010.1,1006.3,78,42,12,59,7.4,284,18.7,566.0,331.0,235.0,3600.0,1,offday,train,-0.7071067811865471,-0.7071067811865479,-1.0,-1.8369701987210297e-16,True,59.824247196135616,0.008657397598653915,special_case
2024-09-01 13:00:00,2024-09-01,13,2024,9,1,Sunday,True,fall,2183,198453,90.90838295923042,0.0915726254037753,199.9030412564417,282.9102341643764,59.8509851433698,True,,False,False,True,True,124352.0,120608.0,258882.0,380199.0,343.0,9947.0,1035088.31,335.0,0.0,0.0,0.0,0.0,4,52.0,22,0,True,True,True,False,부분적으로 흐림,28.3,60,19.9,31.8,0.0,0.0,0.0,0.0,2,1007.9,1004.1,64,3,0,63,12.6,233,27.0,825.0,652.0,173.0,3600.0,1,offday,valid,-0.2588190451025208,-0.9659258262890683,-1.0,-1.8369701987210297e-16,True,59.83290459373427,0.018080549635527632,special_case
2022-05-14 11:00:00,2022-05-14,11,2022,5,14,Saturday,True,spring,2936,249959,85.1358991825613,0.0486258337916605,142.76544801231535,183.80170952000748,59.86422678972906,True,,False,False,True,True,,,179817.0,291051.0,0.0,0.0,0.0,0.0,0.0,0.0,0.0,0.0,4,52.0,22,0,False,True,False,False,흐림,19.2,29,0.6,15.8,0.0,0.0,0.0,0.0,3,1012.4,1008.5,100,0,0,100,16.7,277,33.8,766.0,537.0,229.0,3600.0,1,offday,train,0.258819045102521,-0.9659258262890682,0.49999999999999994,-0.8660254037844387,True,59.8509851433698,0.01324164635926195,special_case
2025-06-07 15:00:00,2025-06-07,15,2025,6,7,Saturday,True,summer,2609,267631,102.5799156765044,0.0935275965658001,244.01349944017255,393.9720708833672,59.86956853804452,True,,False,False,True,True,140061.0,140461.0,334487.0,385706.0,0.0,0.0,0.0,0.0,11.0,10.0,1.0,3.0,4,52.0,22,0,True,True,False,True,약한 이슬비,26.9,52,16.2,27.0,0.2,0.2,0.0,0.0,51,1007.4,1003.6,54,22,14,31,15.9,242,42.8,595.0,363.0,232.0,3600.0,1,offday,test,-0.7071067811865471,-0.7071067811865479,1.2246467991473532e-16,-1.0,True,59.86422678972906,0.005341748315458972,special_case
2023-03-26 14:00:00,2023-03-26,14,2023,3,26,Sunday,True,spring,2982,233665,78.35848423876593,0.0977777335148833,291.5732013413822,367.2631796211334,59.8737936779703,True,,False,False,True,True,119986.0,114041.0,266347.0,344525.0,884.0,34670.0,3945046.14,760.0,0.0,0.0,0.0,0.0,4,52.0,22,0,True,True,True,False,맑음,12.9,17,-11.4,7.4,0.0,0.0,0.0,0.0,0,1017.1,1013.1,0,0,0,0,23.2,313,44.3,819.0,667.0,152.0,3600.0,1,offday,train,-0.4999999999999998,-0.8660254037844388,1.0,6.123233995736766e-17,True,59.86956853804452,0.004225139925779331,special_case
2024-09-22 14:00:00,2024-09-22,14,2024,9,22,Sunday,True,fall,4411,260877,59.14237134436636,0.1053558771818858,464.7247742492985,458.08208619298057,59.92888956863533,True,,False,False,True,True,123791.0,120526.0,276892.0,362326.0,924.0,37198.0,3878723.73,848.0,0.0,0.0,0.0,0.0,4,52.0,22,0,True,True,True,False,대체로 맑음,23.8,60,15.4,23.9,0.0,0.0,0.0,0.0,1,1012.8,1009.0,31,25,10,0,12.5,41,25.2,566.0,407.0,159.0,3600.0,1,offday,valid,-0.4999999999999998,-0.8660254037844388,-1.0,-1.8369701987210297e-16,True,59.8737936779703,0.0550958906650294,special_case
2023-04-30 10:00:00,2023-04-30,10,2023,4,30,Sunday,True,spring,4249,308886,72.69616380324783,0.0333632663106753,141.76051855405947,160.75366609131407,59.96427381666725,True,,False,False,True,True,111048.0,102209.0,201090.0,284648.0,425.0,11594.0,1444291.02,347.0,0.0,0.0,0.0,0.0,4,52.0,22,0,True,True,True,False,부분적으로 흐림,13.6,52,4.1,10.4,0.0,0.0,0.0,0.0,2,1011.9,1007.9,78,0,78,0,15.0,246,30.6,608.0,428.0,180.0,3600.0,1,offday,train,0.49999999999999994,-0.8660254037844387,0.8660254037844387,-0.49999999999999983,True,59.92888956863533,0.035384248031924415,special_case
2023-10-28 12:00:00,2023-10-28,12,2023,10,28,Saturday,True,fall,2323,196979,84.79509255273354,0.0738136969525007,171.46921802065918,224.33121487712623,60.03772852127156,True,,False,False,True,True,121558.0,116166.0,246525.0,380684.0,0.0,0.0,0.0,0.0,0.0,0.0,0.0,0.0,4,52.0,22,0,True,True,False,False,맑음,16.5,58,8.1,16.0,0.0,0.0,0.0,0.0,0,1019.4,1015.4,0,0,0,0,1.8,53,13.3,590.0,465.0,125.0,3600.0,1,offday,train,1.2246467991473532e-16,-1.0,-0.8660254037844386,0.5000000000000001,True,59.96427381666725,0.07345470460430903,special_case
2023-07-01 13:00:00,2023-07-01,13,2023,7,1,Saturday,True,summer,2589,247330,95.53109308613364,0.0663205601576762,171.70393024822388,250.4041585704092,60.05403281742872,True,,False,False,True,True,123910.0,117664.0,250016.0,388692.0,0.0,0.0,0.0,0.0,0.0,0.0,0.0,0.0,4,52.0,22,0,True,True,False,False,약한 이슬비,30.5,65,23.1,36.8,0.1,0.1,0.0,0.0,51,1006.3,1002.6,23,23,3,0,5.4,274,15.5,786.0,511.0,275.0,3600.0,1,offday,train,-0.2588190451025208,-0.9659258262890683,-0.4999999999999998,-0.8660254037844388,True,60.03772852127156,0.016304296157159115,special_case
2025-03-23 11:00:00,2025-03-23,11,2025,3,23,Sunday,True,spring,2724,254202,93.31938325991187,0.0486258337916605,132.4567712484833,182.92538419664183,60.08863124016385,True,,False,False,True,True,113645.0,102848.0,226269.0,343412.0,0.0,0.0,0.0,0.0,0.0,0.0,0.0,0.0,4,52.0,22,0,True,True,False,False,맑음,15.2,54,6.1,13.7,0.0,0.0,0.0,0.0,0,1012.2,1008.3,0,0,0,0,7.8,136,22.0,647.0,511.0,136.0,3600.0,1,offday,test,0.258819045102521,-0.9659258262890682,1.0,6.123233995736766e-17,True,60.05403281742872,0.034598422735129475,special_case
2022-06-11 12:00:00,2022-06-11,12,2022,6,11,Saturday,True,summer,2957,275073,93.02434900236726,0.0513318154074477,151.78817815982302,212.77704207621105,60.130607726515734,True,,False,False,True,True,,,200455.0,301531.0,0.0,0.0,0.0,0.0,0.0,0.0,0.0,0.0,4,52.0,22,0,False,True,False,False,맑음,27.6,44,14.2,29.4,0.0,0.0,0.0,0.0,0,1012.9,1009.1,5,1,3,2,9.4,2,23.8,843.0,631.0,212.0,3600.0,1,offday,train,1.2246467991473532e-16,-1.0,1.2246467991473532e-16,-1.0,True,60.08863124016385,0.041976486351885,special_case
2022-08-27 16:00:00,2022-08-27,16,2022,8,27,Saturday,True,summer,4495,375388,83.5123470522803,0.1019931999973653,458.4594339881572,623.205177752262,60.13341529671868,True,,False,False,True,True,,,329289.0,353510.0,0.0,0.0,0.0,0.0,0.0,0.0,0.0,0.0,4,52.0,22,0,False,True,False,False,맑음,23.0,55,13.3,22.1,0.0,0.0,0.0,0.0,0,1010.2,1006.4,3,3,0,0,15.6,320,29.2,625.0,509.0,116.0,3600.0,1,offday,train,-0.8660254037844384,-0.5000000000000004,-0.8660254037844384,-0.5000000000000004,True,60.130607726515734,0.002807570202946863,special_case
2023-09-10 09:00:00,2023-09-10,9,2023,9,10,Sunday,True,fall,3847,425511,110.60852612425266,0.0239536668290855,92.1497562914923,137.08829572480812,60.14766300669379,True,,False,False,True,True,155350.0,142576.0,240350.0,411969.0,0.0,0.0,0.0,0.0,0.0,0.0,0.0,0.0,4,52.0,22,0,True,True,False,False,부분적으로 흐림,23.6,85,20.9,27.7,0.0,0.0,0.0,0.0,2,1011.9,1008.1,74,0,6,38,1.3,146,10.8,338.0,208.0,130.0,3600.0,1,offday,train,0.7071067811865476,-0.7071067811865475,-1.0,-1.8369701987210297e-16,True,60.13341529671868,0.014247709975109046,special_case
2025-08-15 12:00:00,2025-08-15,12,2025,8,15,Friday,False,summer,2125,206666,97.25458823529412,0.0751590877463387,159.71306146096973,235.27907413008387,60.16867362171058,False,광복절,True,False,True,True,126454.0,118904.0,251505.0,388203.0,0.0,0.0,0.0,0.0,14.0,13.0,1.0,8.0,4,52.0,22,0,True,True,False,True,약한 이슬비,29.7,75,24.8,36.7,0.1,0.1,0.0,0.0,51,1016.1,1012.3,25,12,14,0,6.4,227,20.2,770.0,575.0,195.0,3600.0,1,offday,test,1.2246467991473532e-16,-1.0,-0.8660254037844384,-0.5000000000000004,True,60.14766300669379,0.02101061501679169,special_case
2024-10-11 11:00:00,2024-10-11,11,2024,10,11,Friday,False,fall,2526,157635,62.40498812351544,0.0860138816247737,217.27106498417848,223.65370113423543,60.1942182454691,False,,False,False,False,False,120632.0,113626.0,236195.0,363817.0,434.0,10696.0,1114154.44,375.0,0.0,0.0,0.0,0.0,4,52.0,22,0,True,True,True,False,맑음,19.5,72,14.2,20.6,0.0,0.0,0.0,0.0,0,1019.5,1015.6,0,0,0,0,3.2,137,15.1,569.0,436.0,133.0,3600.0,1,weekday,valid,0.258819045102521,-0.9659258262890682,-0.8660254037844386,0.5000000000000001,True,60.16867362171058,0.0255446237585204,special_case
2023-04-29 10:00:00,2023-04-29,10,2023,4,29,Saturday,True,spring,4145,313019,75.51724969843184,0.0333632663106753,138.29073885774923,160.93598144197563,60.22247961041177,True,,False,False,True,True,111048.0,102209.0,201090.0,284648.0,5.0,81.0,6654.2,9.0,0.0,0.0,0.0,0.0,4,52.0,22,0,True,True,True,False,강한 이슬비,13.4,98,13.2,11.9,1.2,1.2,0.0,0.0,55,1006.1,1002.2,100,100,100,100,17.6,247,28.4,30.0,0.0,30.0,0.0,1,offday,train,0.49999999999999994,-0.8660254037844387,0.8660254037844387,-0.49999999999999983,True,60.1942182454691,0.028261364942665068,special_case
2023-05-27 10:00:00,2023-05-27,10,2023,5,27,Saturday,True,spring,3432,329453,95.99446386946389,0.0333632663106753,114.50272997823772,157.99586190126576,60.23614136075038,True,부처님오신날,True,False,True,True,115197.0,102928.0,200388.0,295253.0,72.0,1798.0,195459.72,93.0,0.0,0.0,0.0,0.0,4,52.0,22,0,True,True,True,False,보통 이슬비,19.5,79,15.6,20.0,0.8,0.8,0.0,0.0,53,1019.1,1015.2,100,54,100,100,9.3,126,16.9,89.0,1.0,88.0,0.0,1,offday,train,0.49999999999999994,-0.8660254037844387,0.49999999999999994,-0.8660254037844387,True,60.22247961041177,0.013661750338613388,special_case
2024-09-01 12:00:00,2024-09-01,12,2024,9,1,Sunday,True,fall,2183,198453,90.90838295923042,0.0738136969525007,161.13530044730908,223.0592490210066,60.239081987782384,True,,False,False,True,True,118989.0,114781.0,234418.0,344657.0,348.0,8418.0,903535.82,357.0,0.0,0.0,0.0,0.0,4,52.0,22,0,True,True,True,False,부분적으로 흐림,28.0,64,20.6,31.6,0.0,0.0,0.0,0.0,2,1008.5,1004.7,74,10,0,71,13.0,236,27.4,773.0,602.0,171.0,3600.0,1,offday,valid,1.2246467991473532e-16,-1.0,-1.0,-1.8369701987210297e-16,True,60.23614136075038,0.0029406270320038175,special_case
2022-04-24 10:00:00,2022-04-24,10,2022,4,24,Sunday,True,spring,3199,335005,104.72178805876835,0.0333632663106753,106.72908892785036,157.09898942867207,60.26740394701429,True,,False,False,True,True,,,151454.0,224442.0,0.0,0.0,0.0,0.0,0.0,0.0,0.0,0.0,4,52.0,22,0,False,True,False,False,흐림,16.8,77,12.6,16.4,0.0,0.0,0.0,0.0,3,1012.1,1008.2,100,100,0,0,8.1,193,17.6,227.0,16.0,211.0,0.0,1,offday,train,0.49999999999999994,-0.8660254037844387,0.8660254037844387,-0.49999999999999983,True,60.239081987782384,0.028321959231902838,special_case
2024-10-27 11:00:00,2024-10-27,11,2024,10,27,Sunday,True,fall,2344,226831,96.77090443686006,0.0550655360577097,129.07361651927164,183.5069404844495,60.27688929347778,True,,False,False,True,True,120632.0,113626.0,236195.0,363817.0,427.0,13411.0,1513099.05,360.0,0.0,0.0,0.0,0.0,4,52.0,22,0,True,True,True,False,흐림,16.7,76,12.4,16.9,0.0,0.0,0.0,0.0,3,1015.5,1011.6,100,28,96,100,4.0,252,12.2,179.0,18.0,161.0,0.0,1,offday,valid,0.258819045102521,-0.9659258262890682,-0.8660254037844386,0.5000000000000001,True,60.26740394701429,0.009485346463492306,special_case
2025-06-01 12:00:00,2025-06-01,12,2025,6,1,Sunday,True,summer,2685,278968,103.89869646182495,0.0513318154074477,137.82592436899722,211.44000086533447,60.32506892386988,True,,False,False,True,True,120695.0,114182.0,252871.0,367500.0,0.0,0.0,0.0,0.0,7.0,7.0,0.0,2.0,4,52.0,22,0,True,True,False,True,맑음,27.5,38,11.9,29.4,0.0,0.0,0.0,0.0,0,1010.3,1006.5,0,0,0,0,4.5,272,20.2,870.0,674.0,196.0,3600.0,1,offday,test,1.2246467991473532e-16,-1.0,1.2246467991473532e-16,-1.0,True,60.27688929347778,0.048179630392098716,special_case
2023-09-29 10:00:00,2023-09-29,10,2023,9,29,Friday,False,fall,2901,169834,58.543260944501895,0.0630383817289576,182.87434539570603,178.43434204259646,60.33245941628746,False,추석,True,False,True,True,109581.0,100741.0,188565.0,278575.0,0.0,0.0,0.0,0.0,0.0,0.0,0.0,0.0,4,52.0,22,0,True,True,False,False,흐림,19.5,71,14.1,20.6,0.0,0.0,0.0,0.0,3,1017.1,1013.2,100,0,7,100,1.1,90,8.6,251.0,60.0,191.0,1467.4,1,offday,train,0.49999999999999994,-0.8660254037844387,-1.0,-1.8369701987210297e-16,True,60.32506892386988,0.007390492417584937,special_case
2023-04-15 12:00:00,2023-04-15,12,2023,4,15,Saturday,True,spring,3015,214841,71.25737976782753,0.0657770680274524,198.3178601027691,225.82468384814825,60.34475126878121,True,,False,False,True,True,113227.0,107312.0,235098.0,335669.0,123.0,3483.0,297698.5,73.0,0.0,0.0,0.0,0.0,4,52.0,22,0,True,True,True,False,보통 비,11.9,96,11.2,11.3,2.8,2.8,0.0,0.0,63,1005.8,1001.8,100,18,100,82,6.5,236,21.6,87.0,0.0,87.0,0.0,1,offday,train,1.2246467991473532e-16,-1.0,0.8660254037844387,-0.49999999999999983,True,60.33245941628746,0.012291852493746092,special_case
2022-09-02 10:00:00,2022-09-02,10,2022,9,2,Friday,False,fall,2765,171122,61.88860759493671,0.0630383817289576,174.30112548056778,177.93248334221258,60.40755698932762,False,,False,False,False,False,,,165820.0,254499.0,0.0,0.0,0.0,0.0,0.0,0.0,0.0,0.0,4,52.0,22,0,False,True,False,False,맑음,24.8,64,17.5,25.3,0.0,0.0,0.0,0.0,0,1017.3,1013.5,0,0,0,0,16.0,82,29.5,584.0,473.0,111.0,3600.0,1,weekday,train,0.49999999999999994,-0.8660254037844387,-1.0,-1.8369701987210297e-16,True,60.34475126878121,0.06280572054640743,special_case
2025-05-25 10:00:00,2025-05-25,10,2025,5,25,Sunday,True,spring,4303,310877,72.24657215895887,0.0333632663106753,143.56213493483594,162.11553825984066,60.44081182620799,True,,False,False,True,True,119974.0,107930.0,221425.0,328176.0,0.0,0.0,0.0,0.0,10.0,9.0,1.0,6.0,4,52.0,22,0,True,True,False,True,맑음,17.9,57,9.1,17.8,0.0,0.0,0.0,0.0,0,1015.0,1011.1,0,0,0,0,3.4,264,15.5,652.0,476.0,176.0,3600.0,1,offday,test,0.49999999999999994,-0.8660254037844387,0.49999999999999994,-0.8660254037844387,True,60.40755698932762,0.03325483688037423,special_case
2022-05-07 14:00:00,2022-05-07,14,2022,5,7,Saturday,True,spring,2686,233331,86.8693224125093,0.0977777335148833,262.6309922209767,362.414012084488,60.47560020232004,True,,False,False,True,True,,,246708.0,328829.0,0.0,0.0,0.0,0.0,0.0,0.0,0.0,0.0,4,52.0,22,0,False,True,False,False,대체로 맑음,22.8,19,-2.3,18.7,0.0,0.0,0.0,0.0,1,1016.4,1012.5,34,0,0,34,21.9,319,42.5,873.0,679.0,194.0,3600.0,1,offday,train,-0.4999999999999998,-0.8660254037844388,0.49999999999999994,-0.8660254037844387,True,60.44081182620799,0.034788376112047104,special_case
2022-04-17 10:00:00,2022-04-17,10,2022,4,17,Sunday,True,spring,3440,330896,96.1906976744186,0.0333632663106753,114.76963610872312,158.60181821301344,60.4761865323328,True,,False,False,True,True,,,151454.0,224442.0,0.0,0.0,0.0,0.0,0.0,0.0,0.0,0.0,4,52.0,22,0,False,True,False,False,맑음,13.1,58,5.1,11.3,0.0,0.0,0.0,0.0,0,1020.0,1016.0,0,0,0,0,5.9,194,18.0,588.0,429.0,159.0,3600.0,1,offday,train,0.49999999999999994,-0.8660254037844387,0.8660254037844387,-0.49999999999999983,True,60.47560020232004,0.0005863300127586513,special_case
2023-05-13 11:00:00,2023-05-13,11,2023,5,13,Saturday,True,spring,2846,254340,89.3675333801827,0.0486258337916605,138.3891229710659,184.8641529418366,60.48569873515075,True,,False,False,True,True,110461.0,98328.0,210432.0,310155.0,570.0,17560.0,1995627.97,460.0,0.0,0.0,0.0,0.0,4,52.0,22,0,True,True,True,False,맑음,19.2,58,10.8,20.8,0.0,0.0,0.0,0.0,0,1014.7,1010.8,0,0,0,0,1.1,162,13.3,779.0,597.0,182.0,3600.0,1,offday,train,0.258819045102521,-0.9659258262890682,0.49999999999999994,-0.8660254037844387,True,60.4761865323328,0.009512202817951732,special_case
2023-07-08 14:00:00,2023-07-08,14,2023,7,8,Saturday,True,summer,2528,245536,97.126582278481,0.0809922881834863,204.74850452785336,308.49154609716777,60.53652223720522,True,,False,False,True,True,120440.0,114479.0,265385.0,357273.0,0.0,0.0,0.0,0.0,0.0,0.0,0.0,0.0,4,52.0,22,0,True,True,False,False,약한 이슬비,27.6,74,22.5,31.2,0.1,0.1,0.0,0.0,51,1001.6,997.9,87,87,0,0,10.7,130,23.4,527.0,121.0,406.0,2043.29,1,offday,train,-0.4999999999999998,-0.8660254037844388,-0.4999999999999998,-0.8660254037844388,True,60.48569873515075,0.05082350205447028,special_case
2025-10-12 12:00:00,2025-10-12,12,2025,10,12,Sunday,True,fall,1965,200707,102.1409669211196,0.0738136969525007,145.04391451166393,221.04077858384343,60.54081782642848,True,,False,False,True,True,127375.0,121081.0,263189.0,392489.0,0.0,0.0,0.0,0.0,14.0,13.0,1.0,7.0,4,52.0,22,0,True,True,False,True,흐림,22.0,73,17.0,22.9,0.0,0.0,0.0,0.0,3,1014.2,1010.3,98,59,97,5,10.6,89,27.7,428.0,175.0,253.0,3600.0,1,offday,test,1.2246467991473532e-16,-1.0,-0.8660254037844386,0.5000000000000001,True,60.53652223720522,0.004295589223261231,special_case
2023-05-21 11:00:00,2023-05-21,11,2023,5,21,Sunday,True,spring,2560,258878,101.12421875,0.0486258337916605,124.48213450665097,183.0224336842389,60.54650621454593,True,,False,False,True,True,110461.0,98328.0,210432.0,310155.0,511.0,17406.0,2071122.71,431.0,0.0,0.0,0.0,0.0,4,52.0,22,0,True,True,True,False,흐림,19.1,61,11.4,18.0,0.0,0.0,0.0,0.0,3,1010.5,1006.6,100,59,0,100,14.9,233,31.3,667.0,364.0,303.0,3600.0,1,offday,train,0.258819045102521,-0.9659258262890682,0.49999999999999994,-0.8660254037844387,True,60.54081782642848,0.0056883881174485396,special_case
2022-06-18 13:00:00,2022-06-18,13,2022,6,18,Saturday,True,summer,2527,249817,98.85912148793037,0.0663205601576762,167.59205551844795,251.60256014453373,60.55844526075293,True,,False,False,True,True,,,217587.0,326187.0,0.0,0.0,0.0,0.0,0.0,0.0,0.0,0.0,4,52.0,22,0,False,True,False,False,약한 이슬비,27.1,59,18.5,28.8,0.1,0.1,0.0,0.0,51,1007.0,1003.2,100,55,0,100,14.1,218,30.6,673.0,329.0,344.0,3600.0,1,offday,train,-0.2588190451025208,-0.9659258262890683,1.2246467991473532e-16,-1.0,True,60.54650621454593,0.011939046207004367,special_case
2022-06-06 14:00:00,2022-06-06,14,2022,6,6,Monday,False,summer,2874,255140,88.77522616562283,0.1049582705891367,301.6500696731789,428.3470070637027,60.57353059252739,False,현충일,True,False,True,True,,,231925.0,303651.0,0.0,0.0,0.0,0.0,0.0,0.0,0.0,0.0,4,52.0,22,0,False,True,False,False,흐림,20.9,57,12.1,19.2,0.0,0.0,0.0,0.0,3,1001.0,997.2,100,2,2,100,18.7,65,38.5,633.0,250.0,383.0,3600.0,1,offday,train,-0.4999999999999998,-0.8660254037844388,1.2246467991473532e-16,-1.0,True,60.55844526075293,0.0150853317744577,special_case
2024-09-22 10:00:00,2024-09-22,10,2024,9,22,Sunday,True,fall,4411,260877,59.14237134436636,0.0378925808716765,167.14417422496518,164.75504700100598,60.60570131148326,True,,False,False,True,True,113071.0,105062.0,191989.0,288463.0,494.0,14877.0,1659715.48,410.0,0.0,0.0,0.0,0.0,4,52.0,22,0,True,True,True,False,흐림,21.6,70,15.9,21.9,0.0,0.0,0.0,0.0,3,1013.9,1010.0,86,1,86,0,12.0,57,24.8,497.0,366.0,131.0,3600.0,1,offday,valid,0.49999999999999994,-0.8660254037844387,-1.0,-1.8369701987210297e-16,True,60.57353059252739,0.03217071895586798,special_case
2025-10-19 10:00:00,2025-10-19,10,2025,10,19,Sunday,True,fall,2856,295270,103.38585434173667,0.0378925808716765,108.22121096950818,157.68952524937478,60.67697025276385,True,,False,False,True,True,116268.0,108069.0,208720.0,320017.0,0.0,0.0,0.0,0.0,19.0,17.0,2.0,11.0,4,52.0,22,0,True,True,False,True,대체로 맑음,16.6,78,12.8,17.5,0.0,0.0,0.0,0.0,1,1024.1,1020.1,36,36,0,0,0.4,297,10.8,405.0,282.0,123.0,3600.0,1,offday,test,0.49999999999999994,-0.8660254037844387,-0.8660254037844386,0.5000000000000001,True,60.60570131148326,0.07126894128059291,special_case
2023-09-24 10:00:00,2023-09-24,10,2023,9,24,Sunday,True,fall,2753,297833,108.18488921176898,0.0378925808716765,104.31827513972549,157.27703790437033,60.7136530010998,True,,False,False,True,True,109581.0,100741.0,188565.0,278575.0,0.0,0.0,0.0,0.0,0.0,0.0,0.0,0.0,4,52.0,22,0,True,True,False,False,맑음,21.2,61,13.4,20.7,0.0,0.0,0.0,0.0,0,1022.7,1018.8,0,0,0,0,11.3,81,23.4,516.0,404.0,112.0,3600.0,1,offday,train,0.49999999999999994,-0.8660254037844387,-1.0,-1.8369701987210297e-16,True,60.67697025276385,0.036682748335948645,special_case
2025-10-12 13:00:00,2025-10-12,13,2025,10,12,Sunday,True,fall,1965,200707,102.1409669211196,0.0915726254037753,179.94020891841865,281.8117223108475,60.77094372700404,True,,False,False,True,True,133452.0,129282.0,289919.0,426437.0,0.0,0.0,0.0,0.0,14.0,13.0,1.0,7.0,4,52.0,22,0,True,True,False,True,흐림,21.9,71,16.4,22.2,0.0,0.0,0.0,0.0,3,1013.7,1009.8,97,75,88,0,12.4,93,28.1,318.0,63.0,255.0,887.47,1,offday,test,-0.2588190451025208,-0.9659258262890683,-0.8660254037844386,0.5000000000000001,True,60.7136530010998,0.057290725904238116,special_case
2023-10-14 11:00:00,2023-10-14,11,2023,10,14,Saturday,True,fall,3352,215087,64.1667661097852,0.0550655360577097,184.57967686544305,193.4004381493548,60.80849265746443,True,,False,False,True,True,110958.0,104476.0,213989.0,339913.0,0.0,0.0,0.0,0.0,0.0,0.0,0.0,0.0,4,52.0,22,0,True,True,False,False,흐림,15.8,83,13.0,15.5,0.0,0.0,0.0,0.0,3,1012.0,1008.1,91,0,89,61,8.6,112,22.3,261.0,82.0,179.0,2224.6,1,offday,train,0.258819045102521,-0.9659258262890682,-0.8660254037844386,0.5000000000000001,True,60.77094372700404,0.037548930460388874,special_case
2022-07-17 14:00:00,2022-07-17,14,2022,7,17,Sunday,True,summer,2422,246742,101.87530966143684,0.0809922881834863,196.16332198040385,308.2693861856012,60.871399779473165,True,,False,False,True,True,,,242820.0,328804.0,0.0,0.0,0.0,0.0,0.0,0.0,0.0,0.0,4,52.0,22,0,False,True,False,False,흐림,26.0,79,22.0,29.4,0.0,0.0,0.0,0.0,3,1000.1,996.3,99,19,1,99,10.8,249,24.1,415.0,65.0,350.0,276.77,1,offday,train,-0.4999999999999998,-0.8660254037844388,-0.4999999999999998,-0.8660254037844388,True,60.80849265746443,0.06290712200873827,special_case
2025-07-05 13:00:00,2025-07-05,13,2025,7,5,Saturday,True,summer,2437,251741,103.29954862535904,0.0663205601576762,161.6232051042571,251.89961333107868,60.901181426570275,True,,False,False,True,True,132696.0,128054.0,274433.0,411400.0,0.0,0.0,0.0,0.0,12.0,11.0,1.0,6.0,4,52.0,22,0,True,True,False,True,부분적으로 흐림,30.2,64,22.6,35.0,0.0,0.0,0.0,0.0,2,1005.9,1002.2,57,41,0,26,13.5,218,34.6,809.0,558.0,251.0,3600.0,1,offday,test,-0.2588190451025208,-0.9659258262890683,-0.4999999999999998,-0.8660254037844388,True,60.871399779473165,0.029781647097109953,special_case
2022-06-11 15:00:00,2022-06-11,15,2022,6,11,Saturday,True,summer,2957,275073,93.02434900236726,0.0935275965658001,276.56110304507104,408.38010167810415,60.94587783490914,True,,False,False,True,True,,,265436.0,314411.0,0.0,0.0,0.0,0.0,0.0,0.0,0.0,0.0,4,52.0,22,0,False,True,False,False,맑음,30.0,38,14.3,31.0,0.0,0.0,0.0,0.0,0,1010.2,1006.5,3,0,2,1,10.6,342,24.5,746.0,534.0,212.0,3600.0,1,offday,train,-0.7071067811865471,-0.7071067811865479,1.2246467991473532e-16,-1.0,True,60.901181426570275,0.04469640833886501,special_case
2023-07-01 14:00:00,2023-07-01,14,2023,7,1,Saturday,True,summer,2589,247330,95.53109308613364,0.0809922881834863,209.68903410704604,311.3695062554567,60.965347685047504,True,,False,False,True,True,120440.0,114479.0,265385.0,357273.0,0.0,0.0,0.0,0.0,0.0,0.0,0.0,0.0,4,52.0,22,0,True,True,False,False,대체로 맑음,31.0,63,23.1,37.0,0.0,0.0,0.0,0.0,1,1005.7,1002.0,21,21,1,0,6.8,270,17.6,789.0,564.0,225.0,3600.0,1,offday,train,-0.4999999999999998,-0.8660254037844388,-0.4999999999999998,-0.8660254037844388,True,60.94587783490914,0.01946985013836411,special_case
2022-09-10 13:00:00,2022-09-10,13,2022,9,10,Saturday,True,fall,2769,203878,73.62874684001444,0.0915726254037753,253.5645997430541,299.99095466961194,60.96644114570657,True,추석,True,False,True,True,,,222483.0,326414.0,0.0,0.0,0.0,0.0,0.0,0.0,0.0,0.0,4,52.0,22,0,False,True,False,False,부분적으로 흐림,25.6,52,15.1,27.1,0.0,0.0,0.0,0.0,2,1018.1,1014.3,59,0,12,56,8.7,95,22.3,720.0,429.0,291.0,3600.0,1,offday,train,-0.2588190451025208,-0.9659258262890683,-1.0,-1.8369701987210297e-16,True,60.965347685047504,0.001093460659063794,special_case
2025-07-06 13:00:00,2025-07-06,13,2025,7,6,Sunday,True,summer,2222,253203,113.95274527452746,0.0663205601576762,147.36428467035668,249.92781844520772,60.99598640941082,True,,False,False,True,True,132696.0,128054.0,274433.0,411400.0,0.0,0.0,0.0,0.0,11.0,10.0,1.0,5.0,4,52.0,22,0,True,True,False,True,흐림,30.8,66,23.7,37.1,0.0,0.0,0.0,0.0,3,1004.7,1001.0,99,3,0,99,7.8,228,22.7,800.0,457.0,343.0,3600.0,1,offday,test,-0.2588190451025208,-0.9659258262890683,-0.4999999999999998,-0.8660254037844388,True,60.96644114570657,0.029545263704250146,special_case
2022-05-21 09:00:00,2022-05-21,9,2022,5,21,Saturday,True,spring,7059,413591,58.59059356849412,0.0211246218855017,149.1187058897565,145.6158915041089,61.044836000347274,True,,False,False,True,True,,,231591.0,417942.0,0.0,0.0,0.0,0.0,0.0,0.0,0.0,0.0,4,52.0,22,0,False,True,False,False,흐림,18.4,74,13.6,18.4,0.0,0.0,0.0,0.0,3,1011.9,1008.0,100,84,11,0,7.3,237,19.4,179.0,4.0,175.0,0.0,1,offday,train,0.7071067811865476,-0.7071067811865475,0.49999999999999994,-0.8660254037844387,True,60.99598640941082,0.04884959093645591,special_case
2023-10-22 14:00:00,2023-10-22,14,2023,10,22,Sunday,True,fall,2336,238091,101.92251712328768,0.1053558771818858,246.11132909688536,395.5746420705042,61.18350318969567,True,,False,False,True,True,128103.0,125637.0,300223.0,395149.0,0.0,0.0,0.0,0.0,0.0,0.0,0.0,0.0,4,52.0,22,0,True,True,False,False,흐림,16.6,56,7.9,14.8,0.0,0.0,0.0,0.0,3,1022.1,1018.1,95,3,0,95,9.2,222,20.5,556.0,379.0,177.0,3600.0,1,offday,train,-0.4999999999999998,-0.8660254037844388,-0.8660254037844386,0.5000000000000001,True,61.044836000347274,0.1386671893483964,special_case
2022-05-29 15:00:00,2022-05-29,15,2022,5,29,Sunday,True,spring,3060,308203,100.71993464052288,0.1077131147753142,329.6021312124617,532.6587800317119,61.18385175177673,True,,False,False,True,True,,,285323.0,338698.0,0.0,0.0,0.0,0.0,0.0,0.0,0.0,0.0,4,52.0,22,0,False,True,False,False,흐림,26.2,47,13.9,25.7,0.0,0.0,0.0,0.0,3,1003.8,1000.0,100,0,0,100,13.3,237,27.4,579.0,203.0,376.0,3600.0,1,offday,train,-0.7071067811865471,-0.7071067811865479,0.49999999999999994,-0.8660254037844387,True,61.18350318969567,0.00034856208105793485,special_case
2025-09-20 09:00:00,2025-09-20,9,2025,9,20,Saturday,True,fall,3574,456305,127.6734750979295,0.0239536668290855,85.61040524715193,138.44064807760094,61.288104967395,True,,False,False,True,True,172000.0,159065.0,261893.0,470903.0,0.0,0.0,0.0,0.0,17.0,16.0,1.0,8.0,4,52.0,22,0,True,True,False,True,흐림,18.8,88,16.8,20.1,0.0,0.0,0.0,0.0,3,1008.9,1005.0,100,100,13,0,7.4,317,17.3,127.0,9.0,118.0,0.0,1,offday,test,0.7071067811865476,-0.7071067811865475,-1.0,-1.8369701987210297e-16,True,61.18385175177673,0.10425321561827161,special_case
2024-06-09 12:00:00,2024-06-09,12,2024,6,9,Sunday,True,summer,2737,283801,103.69053708439898,0.0513318154074477,140.4951787701845,215.1791038517037,61.381652566469086,True,,False,False,True,True,117789.0,111354.0,243753.0,356376.0,536.0,18131.0,1971293.36,468.0,0.0,0.0,0.0,0.0,4,52.0,22,0,True,True,True,False,흐림,25.8,55,15.9,29.1,0.0,0.0,0.0,0.0,3,1008.4,1004.6,96,3,0,96,4.6,219,17.6,856.0,625.0,231.0,3600.0,1,offday,valid,1.2246467991473532e-16,-1.0,1.2246467991473532e-16,-1.0,True,61.288104967395,0.0935475990740855,special_case
2023-10-29 14:00:00,2023-10-29,14,2023,10,29,Sunday,True,fall,2458,240441,97.81977217249796,0.1053558771818858,258.9647461130754,400.8427932824149,61.39402866657792,True,,False,False,True,True,128103.0,125637.0,300223.0,395149.0,0.0,0.0,0.0,0.0,0.0,0.0,0.0,0.0,4,52.0,22,0,True,True,False,False,맑음,18.6,52,8.4,17.6,0.0,0.0,0.0,0.0,0,1021.0,1017.1,0,0,0,0,4.1,142,16.2,554.0,432.0,122.0,3600.0,1,offday,train,-0.4999999999999998,-0.8660254037844388,-0.8660254037844386,0.5000000000000001,True,61.381652566469086,0.012376100108831167,special_case
2023-05-20 11:00:00,2023-05-20,11,2023,5,20,Saturday,True,spring,2871,258545,90.05398815743644,0.0486258337916605,139.6047688158574,187.58392604280107,61.419021808343615,True,,False,False,True,True,110461.0,98328.0,210432.0,310155.0,556.0,18576.0,1940752.19,504.0,0.0,0.0,0.0,0.0,4,52.0,22,0,True,True,True,False,흐림,24.5,57,15.5,24.7,0.0,0.0,0.0,0.0,3,1011.1,1007.3,100,25,0,100,15.2,216,30.6,670.0,390.0,280.0,3600.0,1,offday,train,0.258819045102521,-0.9659258262890682,0.49999999999999994,-0.8660254037844387,True,61.39402866657792,0.024993141765698113,special_case
2022-04-16 11:00:00,2022-04-16,11,2022,4,16,Saturday,True,spring,3208,253615,79.05704488778055,0.0486258337916605,155.991674803647,189.9860629020326,61.43247526121704,True,,False,False,True,True,,,158439.0,237117.0,0.0,0.0,0.0,0.0,0.0,0.0,0.0,0.0,4,52.0,22,0,False,True,False,False,맑음,14.4,48,3.5,12.1,0.0,0.0,0.0,0.0,0,1019.6,1015.6,10,0,0,10,12.0,261,27.4,731.0,552.0,179.0,3600.0,1,offday,train,0.258819045102521,-0.9659258262890682,0.8660254037844387,-0.49999999999999983,True,61.419021808343615,0.013453452873427807,special_case
2024-05-19 10:00:00,2024-05-19,10,2024,5,19,Sunday,True,spring,3297,340677,103.32939035486808,0.0333632663106753,109.99868902629656,160.29535750458186,61.43609090196307,True,,False,False,True,True,120522.0,107575.0,222512.0,325261.0,536.0,20449.0,2397034.63,588.0,0.0,0.0,0.0,0.0,4,52.0,22,0,True,True,True,False,맑음,21.5,62,13.8,22.7,0.0,0.0,0.0,0.0,0,1016.5,1012.6,3,0,3,0,3.3,96,14.0,631.0,459.0,172.0,3600.0,1,offday,valid,0.49999999999999994,-0.8660254037844387,0.49999999999999994,-0.8660254037844387,True,61.43247526121704,0.003615640746026827,special_case
2023-04-15 13:00:00,2023-04-15,13,2023,4,15,Saturday,True,spring,3015,214841,71.25737976782753,0.0829554972469645,250.1108241995982,287.3198152982609,61.49513145011264,True,,False,False,True,True,119997.0,113194.0,254833.0,374954.0,206.0,5653.0,560904.4,164.0,0.0,0.0,0.0,0.0,4,52.0,22,0,True,True,True,False,보통 이슬비,11.6,92,10.4,9.9,0.7,0.7,0.0,0.0,53,1005.2,1001.2,100,44,100,79,12.7,223,25.6,140.0,0.0,140.0,0.0,1,offday,train,-0.2588190451025208,-0.9659258262890683,0.8660254037844387,-0.49999999999999983,True,61.43609090196307,0.05904054814956794,special_case
2023-09-14 11:00:00,2023-09-14,11,2023,9,14,Thursday,False,fall,2023,163654,80.8966880869995,0.0860138816247737,174.00608252691728,218.42082501374983,61.49700867971225,False,,False,False,False,False,102184.0,95020.0,197610.0,287652.0,0.0,0.0,0.0,0.0,0.0,0.0,0.0,0.0,4,52.0,22,0,True,True,False,False,흐림,25.2,70,19.4,26.9,0.0,0.0,0.0,0.0,3,1013.6,1009.8,90,12,0,89,15.6,75,29.2,642.0,462.0,180.0,3600.0,1,weekday,train,0.258819045102521,-0.9659258262890682,-1.0,-1.8369701987210297e-16,True,61.49513145011264,0.0018772295996143384,special_case
2023-06-25 12:00:00,2023-06-25,12,2023,6,25,Sunday,True,summer,2562,286263,111.73419203747072,0.0513318154074477,131.51211107388116,214.29141114730248,61.49814222353763,True,,False,False,True,True,114927.0,107375.0,227105.0,336045.0,356.0,9019.0,1013587.57,367.0,0.0,0.0,0.0,0.0,4,52.0,22,0,True,True,True,False,대체로 맑음,30.2,56,20.5,34.6,0.0,0.0,0.0,0.0,1,1012.5,1008.7,49,3,3,47,9.4,86,21.2,841.0,643.0,198.0,3600.0,1,offday,train,1.2246467991473532e-16,-1.0,1.2246467991473532e-16,-1.0,True,61.49700867971225,0.0011335438253752272,special_case
2023-06-24 12:00:00,2023-06-24,12,2023,6,24,Saturday,True,summer,2812,283710,100.89260312944523,0.0513318154074477,144.3450649257431,216.16169587149443,61.52079448137593,True,,False,False,True,True,114927.0,107375.0,227105.0,336045.0,466.0,10839.0,1279254.96,446.0,0.0,0.0,0.0,0.0,4,52.0,22,0,True,True,True,False,약한 이슬비,27.5,67,20.9,31.1,0.3,0.3,0.0,0.0,51,1014.8,1011.0,40,38,30,0,5.5,212,16.9,556.0,217.0,339.0,3600.0,1,offday,train,1.2246467991473532e-16,-1.0,1.2246467991473532e-16,-1.0,True,61.49814222353763,0.022652257838302603,special_case
2024-05-04 11:00:00,2024-05-04,11,2024,5,4,Saturday,True,spring,4896,241877,49.40298202614379,0.0486258337916605,238.07208224397,196.0245133337579,61.527733909971005,True,,False,False,True,True,117501.0,104744.0,235739.0,348778.0,630.0,21474.0,2251350.62,558.0,0.0,0.0,0.0,0.0,4,52.0,22,0,True,True,True,False,맑음,23.8,34,6.9,23.6,0.0,0.0,0.0,0.0,0,1017.1,1013.2,17,0,0,17,5.6,195,19.1,774.0,593.0,181.0,3600.0,1,offday,valid,0.258819045102521,-0.9659258262890682,0.49999999999999994,-0.8660254037844387,True,61.52079448137593,0.0069394285950750145,special_case
2023-09-09 09:00:00,2023-09-09,9,2023,9,9,Saturday,True,fall,4206,426609,101.4286733238231,0.0239536668290855,100.74912268313402,140.96924358094566,61.541279184761976,True,,False,False,True,True,155350.0,142576.0,240350.0,411969.0,0.0,0.0,0.0,0.0,0.0,0.0,0.0,0.0,4,52.0,22,0,True,True,False,False,대체로 맑음,23.4,84,20.5,27.2,0.0,0.0,0.0,0.0,1,1012.7,1008.9,22,1,0,0,2.4,117,11.5,364.0,254.0,110.0,3600.0,1,offday,train,0.7071067811865476,-0.7071067811865475,-1.0,-1.8369701987210297e-16,True,61.527733909971005,0.013545274790971007,special_case
2024-04-07 10:00:00,2024-04-07,10,2024,4,7,Sunday,True,spring,3221,343484,106.63893200869296,0.0333632663106753,107.46308078668524,160.3535007554787,61.59330182929034,True,,False,False,True,True,114766.0,104402.0,219172.0,312755.0,433.0,13176.0,1585345.93,366.0,0.0,0.0,0.0,0.0,4,52.0,22,0,True,True,True,False,맑음,14.5,31,-2.5,11.6,0.0,0.0,0.0,0.0,0,1020.0,1016.0,5,0,0,5,2.8,140,13.3,529.0,358.0,171.0,3600.0,1,offday,valid,0.49999999999999994,-0.8660254037844387,0.8660254037844387,-0.49999999999999983,True,61.541279184761976,0.052022644528364026,special_case
2022-06-18 14:00:00,2022-06-18,14,2022,6,18,Saturday,True,summer,2527,249817,98.85912148793037,0.0809922881834863,204.6675122396699,313.2088463363922,61.60628619185846,True,,False,False,True,True,,,231925.0,303651.0,0.0,0.0,0.0,0.0,0.0,0.0,0.0,0.0,4,52.0,22,0,False,True,False,False,흐림,27.5,58,18.5,29.0,0.0,0.0,0.0,0.0,3,1006.3,1002.5,100,42,0,100,15.9,219,32.0,689.0,314.0,375.0,3600.0,1,offday,train,-0.4999999999999998,-0.8660254037844388,1.2246467991473532e-16,-1.0,True,61.59330182929034,0.012984362568118968,special_case
2025-05-05 11:00:00,2025-05-05,11,2025,5,5,Monday,False,spring,2012,182910,90.90954274353876,0.0762910773796575,153.49764768787105,210.8662974199539,61.65039903459993,False,부처님오신날 / 어린이날,True,False,True,True,118017.0,105966.0,236494.0,354786.0,0.0,0.0,0.0,0.0,7.0,5.0,2.0,3.0,4,52.0,22,0,True,True,False,True,흐림,12.8,69,7.2,11.1,0.0,0.0,0.0,0.0,3,1013.9,1009.9,100,0,100,100,6.4,74,17.3,272.0,21.0,251.0,0.0,1,offday,test,0.258819045102521,-0.9659258262890682,0.49999999999999994,-0.8660254037844387,True,61.60628619185846,0.04411284274146965,special_case
2024-09-07 11:00:00,2024-09-07,11,2024,9,7,Saturday,True,fall,4533,215429,47.524597396867414,0.0550655360577097,249.61207494959825,197.71188945627253,61.65920937953248,True,,False,False,True,True,108403.0,100418.0,204482.0,304686.0,444.0,13219.0,1400680.53,428.0,0.0,0.0,0.0,0.0,4,52.0,22,0,True,True,True,False,대체로 맑음,26.9,73,21.6,31.5,0.0,0.0,0.0,0.0,1,1014.6,1010.8,35,35,0,0,0.8,243,9.7,541.0,291.0,250.0,3600.0,1,offday,valid,0.258819045102521,-0.9659258262890682,-1.0,-1.8369701987210297e-16,True,61.65039903459993,0.00881034493254873,special_case
2024-05-18 15:00:00,2024-05-18,15,2024,5,18,Saturday,True,spring,3302,315232,95.46698970321016,0.1077131147753142,355.66870498808777,546.5178037780047,61.7376578187513,True,,False,False,True,True,139083.0,140387.0,352075.0,417775.0,935.0,37548.0,3785149.81,851.0,0.0,0.0,0.0,0.0,4,52.0,22,0,True,True,True,False,맑음,23.8,59,15.4,24.8,0.0,0.0,0.0,0.0,0,1015.4,1011.6,0,0,0,0,13.2,241,27.0,764.0,575.0,189.0,3600.0,1,offday,valid,-0.7071067811865471,-0.7071067811865479,0.49999999999999994,-0.8660254037844387,True,61.65920937953248,0.07844843921882472,special_case
2024-04-13 10:00:00,2024-04-13,10,2024,4,13,Saturday,True,spring,3291,343106,104.25584928593132,0.0333632663106753,109.79850942843252,161.0771207473622,61.774307373032926,True,,False,False,True,True,114766.0,104402.0,219172.0,312755.0,499.0,14466.0,1698095.73,426.0,0.0,0.0,0.0,0.0,4,52.0,22,0,True,True,True,False,맑음,18.4,58,9.9,17.9,0.0,0.0,0.0,0.0,0,1019.6,1015.7,0,0,0,0,3.4,72,17.6,558.0,394.0,164.0,3600.0,1,offday,valid,0.49999999999999994,-0.8660254037844387,0.8660254037844387,-0.49999999999999983,True,61.7376578187513,0.036649554281623864,special_case
2024-04-10 14:00:00,2024-04-10,14,2024,4,10,Wednesday,False,spring,2764,322664,116.73806078147612,0.1194960865470364,330.2871832160087,622.4696257689774,61.802924520044485,False,국회의원선거,True,False,True,False,121205.0,117543.0,291812.0,369919.0,1041.0,44932.0,4609804.53,891.0,0.0,0.0,0.0,0.0,4,52.0,22,0,True,True,True,False,흐림,17.8,47,6.3,15.6,0.0,0.0,0.0,0.0,3,1024.2,1020.2,100,8,0,100,12.5,231,29.5,650.0,317.0,333.0,3600.0,1,offday,valid,-0.4999999999999998,-0.8660254037844388,0.8660254037844387,-0.49999999999999983,True,61.774307373032926,0.02861714701155904,special_case
2022-04-23 15:00:00,2022-04-23,15,2022,4,23,Saturday,True,spring,3263,314876,96.49892736745326,0.1077131147753142,351.4678935118505,545.5501760233262,61.840299895520275,True,,False,False,True,True,,,247697.0,292531.0,0.0,0.0,0.0,0.0,0.0,0.0,0.0,0.0,4,52.0,22,0,False,True,False,False,흐림,24.3,23,1.8,23.1,0.0,0.0,0.0,0.0,3,1010.6,1006.8,97,0,0,97,4.1,142,19.8,735.0,511.0,224.0,3600.0,1,offday,train,-0.7071067811865471,-0.7071067811865479,0.8660254037844387,-0.49999999999999983,True,61.802924520044485,0.03737537547578995,special_case
2023-10-09 09:00:00,2023-10-09,9,2023,10,9,Monday,False,fall,2470,251608,101.8655870445344,0.0417237594214264,103.05768577092331,145.80569657051797,61.84030823134191,False,한글날,True,False,True,True,158383.0,144419.0,256330.0,438186.0,0.0,0.0,0.0,0.0,0.0,0.0,0.0,0.0,4,52.0,22,0,True,True,False,False,흐림,14.6,81,11.3,14.1,0.0,0.0,0.0,0.0,3,1021.7,1017.7,100,6,100,27,6.1,90,17.6,177.0,28.0,149.0,550.48,1,offday,train,0.7071067811865476,-0.7071067811865475,-0.8660254037844386,0.5000000000000001,True,61.840299895520275,8.335821632954321e-06,special_case
2022-05-15 10:00:00,2022-05-15,10,2022,5,15,Sunday,True,spring,3542,338077,95.44805194805195,0.0333632663106753,118.172689272412,162.3784251070443,61.88112879658536,True,,False,False,True,True,,,172412.0,265296.0,0.0,0.0,0.0,0.0,0.0,0.0,0.0,0.0,4,52.0,22,0,False,True,False,False,맑음,17.4,33,0.9,14.7,0.0,0.0,0.0,0.0,0,1016.4,1012.5,0,0,0,0,9.4,320,23.0,666.0,496.0,170.0,3600.0,1,offday,train,0.49999999999999994,-0.8660254037844387,0.49999999999999994,-0.8660254037844387,True,61.84030823134191,0.040820565243450346,special_case
2022-10-01 14:00:00,2022-10-01,14,2022,10,1,Saturday,True,fall,2838,247292,87.13601127554615,0.1053558771818858,298.99997944219206,416.53649656878457,61.911045177770234,True,,False,False,True,True,,,276284.0,355207.0,0.0,0.0,0.0,0.0,0.0,0.0,0.0,0.0,4,52.0,22,0,False,True,False,False,흐림,24.6,48,12.8,25.9,0.0,0.0,0.0,0.0,3,1017.5,1013.7,100,0,0,100,3.6,264,13.3,688.0,522.0,166.0,3600.0,1,offday,train,-0.4999999999999998,-0.8660254037844388,-0.8660254037844386,0.5000000000000001,True,61.88112879658536,0.029916381184875718,special_case
2025-05-05 12:00:00,2025-05-05,12,2025,5,5,Monday,False,spring,2012,182910,90.90954274353876,0.096293809375837,193.7431444641841,272.8188461681992,61.95254874824528,False,부처님오신날 / 어린이날,True,False,True,True,126039.0,119058.0,269610.0,399733.0,0.0,0.0,0.0,0.0,7.0,5.0,2.0,3.0,4,52.0,22,0,True,True,False,True,흐림,13.2,65,6.8,11.9,0.0,0.0,0.0,0.0,3,1014.2,1010.2,100,0,100,100,3.6,27,16.6,201.0,6.0,195.0,0.0,1,offday,test,1.2246467991473532e-16,-1.0,0.49999999999999994,-0.8660254037844387,True,61.911045177770234,0.041503570475043716,special_case
2025-08-23 15:00:00,2025-08-23,15,2025,8,23,Saturday,True,summer,2560,275770,107.72265625,0.0935275965658001,239.43064720844836,404.3444446647237,61.96447300727692,True,,False,False,True,True,142475.0,139526.0,342579.0,398731.0,0.0,0.0,0.0,0.0,15.0,15.0,0.0,9.0,4,52.0,22,0,True,True,False,True,맑음,32.5,62,24.2,37.9,0.0,0.0,0.0,0.0,0,1009.9,1006.2,13,13,0,0,10.6,260,26.6,679.0,523.0,156.0,3600.0,1,offday,test,-0.7071067811865471,-0.7071067811865479,-0.8660254037844384,-0.5000000000000004,True,61.95254874824528,0.011924259031644624,special_case
2022-09-11 11:00:00,2022-09-11,11,2022,9,11,Sunday,True,fall,2753,229018,83.18852161278605,0.0550655360577097,151.5954207668749,191.91186372830967,62.107685537998094,True,추석,True,False,True,True,,,174692.0,265622.0,0.0,0.0,0.0,0.0,0.0,0.0,0.0,0.0,4,52.0,22,0,False,True,False,False,흐림,24.0,65,16.9,25.1,0.0,0.0,0.0,0.0,3,1016.4,1012.6,100,0,42,100,9.4,88,19.1,423.0,120.0,303.0,3116.5,1,offday,train,0.258819045102521,-0.9659258262890682,-1.0,-1.8369701987210297e-16,True,61.96447300727692,0.14321253072117202,special_case
2025-07-05 14:00:00,2025-07-05,14,2025,7,5,Saturday,True,summer,2437,251741,103.29954862535904,0.0809922881834863,197.37820630315613,314.01507010979213,62.11545677871345,True,,False,False,True,True,129895.0,127431.0,290689.0,378212.0,0.0,0.0,0.0,0.0,12.0,11.0,1.0,6.0,4,52.0,22,0,True,True,False,True,부분적으로 흐림,30.5,64,23.0,35.5,0.0,0.0,0.0,0.0,2,1005.4,1001.7,68,5,0,66,13.0,225,32.0,816.0,588.0,228.0,3600.0,1,offday,test,-0.4999999999999998,-0.8660254037844388,-0.4999999999999998,-0.8660254037844388,True,62.107685537998094,0.007771240715356953,special_case
2023-09-28 11:00:00,2023-09-28,11,2023,9,28,Thursday,False,fall,1925,165890,86.17662337662338,0.0860138816247737,165.57672212768946,218.51845638305903,62.12856760072097,False,추석,True,False,True,True,102184.0,95020.0,197610.0,287652.0,0.0,0.0,0.0,0.0,0.0,0.0,0.0,0.0,4,52.0,22,0,True,True,False,False,약한 이슬비,23.9,74,19.0,25.8,0.1,0.1,0.0,0.0,51,1014.8,1011.0,57,56,7,0,9.9,280,20.5,464.0,259.0,205.0,3600.0,1,offday,train,0.258819045102521,-0.9659258262890682,-1.0,-1.8369701987210297e-16,True,62.11545677871345,0.013110822007519118,special_case
2024-05-12 15:00:00,2024-05-12,15,2024,5,12,Sunday,True,spring,3001,311072,103.65611462845716,0.1077131147753142,323.24705744071815,536.7479978282498,62.18092612809619,True,,False,False,True,True,139083.0,140387.0,352075.0,417775.0,1086.0,45914.0,4945586.7,955.0,0.0,0.0,0.0,0.0,4,52.0,22,0,True,True,True,False,대체로 맑음,21.5,40,7.2,19.3,0.0,0.0,0.0,0.0,1,1009.0,1005.1,21,1,2,19,18.0,296,33.8,781.0,597.0,184.0,3600.0,1,offday,valid,-0.7071067811865471,-0.7071067811865479,0.49999999999999994,-0.8660254037844387,True,62.12856760072097,0.052358527375218955,special_case
2025-04-20 10:00:00,2025-04-20,10,2025,4,20,Sunday,True,spring,3755,336440,89.59786950732357,0.0333632663106753,125.27906499658586,164.4089062691635,62.360052535489885,True,,False,False,True,True,116944.0,108056.0,220606.0,314678.0,0.0,0.0,0.0,0.0,2.0,2.0,0.0,1.0,4,52.0,22,0,True,True,False,True,부분적으로 흐림,14.5,76,10.3,13.8,0.0,0.0,0.0,0.0,2,1014.8,1010.8,54,54,0,0,5.4,37,18.7,401.0,136.0,265.0,3600.0,1,offday,test,0.49999999999999994,-0.8660254037844387,0.8660254037844387,-0.49999999999999983,True,62.18092612809619,0.17912640739369579,special_case
2023-04-23 10:00:00,2023-04-23,10,2023,4,23,Sunday,True,spring,3301,347232,105.18994244168434,0.0333632663106753,110.13214209153928,162.6521770232736,62.41712122440239,True,,False,False,True,True,111048.0,102209.0,201090.0,284648.0,390.0,11274.0,1486544.25,299.0,0.0,0.0,0.0,0.0,4,52.0,22,0,True,True,True,False,흐림,16.0,41,2.8,13.3,0.0,0.0,0.0,0.0,3,1025.2,1021.2,100,0,7,100,7.4,76,18.0,341.0,58.0,283.0,781.15,1,offday,train,0.49999999999999994,-0.8660254037844387,0.8660254037844387,-0.49999999999999983,True,62.360052535489885,0.05706868891250849,special_case
2025-06-01 15:00:00,2025-06-01,15,2025,6,1,Sunday,True,summer,2685,278968,103.89869646182495,0.0935275965658001,251.1215967791734,410.2282471726928,62.47942365561562,True,,False,False,True,True,140061.0,140461.0,334487.0,385706.0,0.0,0.0,0.0,0.0,7.0,7.0,0.0,2.0,4,52.0,22,0,True,True,False,True,흐림,28.0,35,11.1,27.5,0.0,0.0,0.0,0.0,3,1008.5,1004.7,93,0,0,93,13.7,252,35.3,780.0,587.0,193.0,3600.0,1,offday,test,-0.7071067811865471,-0.7071067811865479,1.2246467991473532e-16,-1.0,True,62.41712122440239,0.06230243121322587,special_case
2025-07-06 14:00:00,2025-07-06,14,2025,7,6,Sunday,True,summer,2222,253203,113.95274527452746,0.0809922881834863,179.96486434370658,312.47665956675166,62.548841121543944,True,,False,False,True,True,129895.0,127431.0,290689.0,378212.0,0.0,0.0,0.0,0.0,11.0,10.0,1.0,5.0,4,52.0,22,0,True,True,False,True,흐림,31.3,64,23.5,37.0,0.0,0.0,0.0,0.0,3,1004.1,1000.4,100,9,0,100,9.1,231,24.1,751.0,444.0,307.0,3600.0,1,offday,test,-0.4999999999999998,-0.8660254037844388,-0.4999999999999998,-0.8660254037844388,True,62.47942365561562,0.06941746592832487,special_case
2024-05-01 09:00:00,2024-05-01,9,2024,5,1,Wednesday,False,spring,2654,297262,112.00527505651846,0.0365218073044616,96.92887658604111,146.96031405478493,62.549077908804634,False,,False,False,False,False,162855.0,147764.0,271690.0,456688.0,462.0,12467.0,1560631.0,401.0,0.0,0.0,0.0,0.0,4,52.0,22,0,True,True,True,False,약한 이슬비,14.6,48,3.9,12.4,0.1,0.1,0.0,0.0,51,1013.0,1009.0,97,15,29,95,5.2,74,16.2,278.0,132.0,146.0,3600.0,1,weekday,valid,0.7071067811865476,-0.7071067811865475,0.49999999999999994,-0.8660254037844387,True,62.548841121543944,0.0002367872606896526,special_case
2025-08-10 13:00:00,2025-08-10,13,2025,8,10,Sunday,True,summer,2598,258098,99.3448806774442,0.0663205601576762,172.30081528964297,259.75140707828456,62.551430813116326,True,,False,False,True,True,130570.0,123894.0,275004.0,414551.0,0.0,0.0,0.0,0.0,14.0,13.0,1.0,8.0,4,52.0,22,0,True,True,False,True,대체로 맑음,29.2,62,21.4,35.1,0.0,0.0,0.0,0.0,1,1002.1,998.4,22,20,0,2,5.6,318,20.5,891.0,749.0,142.0,3600.0,1,offday,test,-0.2588190451025208,-0.9659258262890683,-0.8660254037844384,-0.5000000000000004,True,62.549077908804634,0.0023529043116923276,special_case
2024-11-02 13:00:00,2024-11-02,13,2024,11,2,Saturday,True,fall,2508,208239,83.02990430622009,0.0915726254037753,229.66414451266868,300.7208998839935,62.58730964116742,True,,False,False,True,True,131400.0,127665.0,282040.0,415237.0,0.0,0.0,0.0,0.0,0.0,0.0,0.0,0.0,4,52.0,22,0,True,True,False,False,맑음,21.5,58,12.9,20.9,0.0,0.0,0.0,0.0,0,1018.2,1014.3,0,0,0,0,11.1,31,25.6,565.0,438.0,127.0,3600.0,1,offday,valid,-0.2588190451025208,-0.9659258262890683,-0.5000000000000004,0.8660254037844384,True,62.551430813116326,0.035878828051096434,special_case
2022-10-08 14:00:00,2022-10-08,14,2022,10,8,Saturday,True,fall,3141,253689,80.76695319961796,0.1053558771818858,330.9228102283035,430.4759899360179,62.599812900848235,True,,False,False,True,True,,,276284.0,355207.0,0.0,0.0,0.0,0.0,0.0,0.0,0.0,0.0,4,52.0,22,0,False,True,False,False,맑음,18.9,50,8.3,17.0,0.0,0.0,0.0,0.0,0,1023.7,1019.8,18,12,16,0,10.2,98,21.6,566.0,358.0,208.0,3600.0,1,offday,train,-0.4999999999999998,-0.8660254037844388,-0.8660254037844386,0.5000000000000001,True,62.58730964116742,0.012503259680812562,special_case
2025-05-18 10:00:00,2025-05-18,10,2025,5,18,Sunday,True,spring,3378,347214,102.78685612788632,0.0333632663106753,112.70111359746126,163.5882152574463,62.67494145256788,True,,False,False,True,True,119974.0,107930.0,221425.0,328176.0,0.0,0.0,0.0,0.0,7.0,6.0,1.0,4.0,4,52.0,22,0,True,True,False,True,흐림,14.9,65,8.3,14.1,0.0,0.0,0.0,0.0,3,1013.0,1009.0,100,0,0,100,2.4,312,13.3,463.0,140.0,323.0,3600.0,1,offday,test,0.49999999999999994,-0.8660254037844387,0.49999999999999994,-0.8660254037844387,True,62.599812900848235,0.07512855171964361,special_case
2023-04-02 10:00:00,2023-04-02,10,2023,4,2,Sunday,True,spring,3509,344368,98.13850099743516,0.0333632663106753,117.07170148415972,164.18946644570843,62.698029220932014,True,,False,False,True,True,111048.0,102209.0,201090.0,284648.0,452.0,15161.0,1657434.22,357.0,0.0,0.0,0.0,0.0,4,52.0,22,0,True,True,True,False,맑음,18.5,25,-2.2,13.6,0.0,0.0,0.0,0.0,0,1021.1,1017.2,2,0,0,2,16.6,90,32.4,526.0,390.0,136.0,3600.0,1,offday,train,0.49999999999999994,-0.8660254037844387,0.8660254037844387,-0.49999999999999983,True,62.67494145256788,0.023087768364135286,special_case
2022-09-10 12:00:00,2022-09-10,12,2022,9,10,Saturday,True,fall,2769,203878,73.62874684001444,0.0738136969525007,204.39012686147453,239.02451352390537,62.71487389785162,True,추석,True,False,True,True,,,203808.0,301768.0,0.0,0.0,0.0,0.0,0.0,0.0,0.0,0.0,4,52.0,22,0,False,True,False,False,흐림,25.0,53,14.9,25.9,0.0,0.0,0.0,0.0,3,1018.6,1014.8,100,0,10,100,11.2,92,23.8,701.0,467.0,234.0,3600.0,1,offday,train,1.2246467991473532e-16,-1.0,-1.0,-1.8369701987210297e-16,True,62.698029220932014,0.016844676919603785,special_case
2024-10-01 10:00:00,2024-10-01,10,2024,10,1,Tuesday,False,fall,2312,186400,80.62283737024221,0.0630383817289576,145.74473855735,178.9012193775769,62.72537046963285,False,임시공휴일,True,False,True,False,123410.0,114950.0,224680.0,341541.0,252.0,7023.0,746093.03,177.0,0.0,0.0,0.0,0.0,4,52.0,22,0,True,True,True,False,약한 비,17.6,94,16.8,17.6,1.7,1.7,0.0,0.0,61,1012.0,1008.1,100,17,100,99,16.9,315,33.5,98.0,2.0,96.0,0.0,1,offday,valid,0.49999999999999994,-0.8660254037844387,-0.8660254037844386,0.5000000000000001,True,62.71487389785162,0.010496571781231978,special_case
2024-11-03 11:00:00,2024-11-03,11,2024,11,3,Sunday,True,fall,2554,234502,91.8175411119812,0.0550655360577097,140.63737909139067,191.9578275379603,62.738128093945875,True,,False,False,True,True,115464.0,106671.0,224119.0,333177.0,0.0,0.0,0.0,0.0,0.0,0.0,0.0,0.0,4,52.0,22,0,True,True,False,False,맑음,18.1,68,12.1,17.3,0.0,0.0,0.0,0.0,0,1023.6,1019.6,0,0,0,0,10.0,120,22.0,476.0,360.0,116.0,3600.0,1,offday,valid,0.258819045102521,-0.9659258262890682,-0.5000000000000004,0.8660254037844384,True,62.72537046963285,0.012757624313024962,special_case
2024-03-31 12:00:00,2024-03-31,12,2024,3,31,Sunday,True,spring,2464,228389,92.6903409090909,0.0657770680274524,162.0746956196428,227.35406705438385,62.75038362408918,True,,False,False,True,True,114077.0,107472.0,252667.0,379290.0,611.0,23794.0,2508859.55,460.0,0.0,0.0,0.0,0.0,4,52.0,22,0,True,True,True,False,맑음,12.6,31,-4.0,10.5,0.0,0.0,0.0,0.0,0,1014.1,1010.1,13,0,0,13,6.6,13,19.8,789.0,632.0,157.0,3600.0,1,offday,valid,1.2246467991473532e-16,-1.0,1.0,6.123233995736766e-17,True,62.738128093945875,0.012255530143306714,special_case
2023-10-22 11:00:00,2023-10-22,11,2023,10,22,Sunday,True,fall,2336,238091,101.92251712328768,0.0550655360577097,128.63309223080995,190.48073118654588,62.86688649965646,True,,False,False,True,True,110958.0,104476.0,213989.0,339913.0,0.0,0.0,0.0,0.0,0.0,0.0,0.0,0.0,4,52.0,22,0,True,True,False,False,맑음,13.1,53,3.8,10.8,0.0,0.0,0.0,0.0,0,1024.4,1020.4,0,0,0,0,5.7,145,16.6,547.0,426.0,121.0,3600.0,1,offday,train,0.258819045102521,-0.9659258262890682,-0.8660254037844386,0.5000000000000001,True,62.75038362408918,0.1165028755672779,special_case
2023-04-01 12:00:00,2023-04-01,12,2023,4,1,Saturday,True,spring,3008,225215,74.8720079787234,0.0657770680274524,197.85742062657692,234.11203187107583,62.97042851895995,True,,False,False,True,True,113227.0,107312.0,235098.0,335669.0,655.0,21907.0,2335239.13,575.0,0.0,0.0,0.0,0.0,4,52.0,22,0,True,True,True,False,흐림,22.6,24,1.2,21.4,0.0,0.0,0.0,0.0,3,1017.3,1013.4,98,0,0,98,5.1,98,20.5,772.0,600.0,172.0,3600.0,1,offday,train,1.2246467991473532e-16,-1.0,0.8660254037844387,-0.49999999999999983,True,62.86688649965646,0.1035420193034895,special_case
2023-04-16 15:00:00,2023-04-16,15,2023,4,16,Sunday,True,spring,3321,320677,96.5603733815116,0.1077131147753142,357.7152541688187,555.5799053384286,62.989925514922675,True,,False,False,True,True,128851.0,128817.0,304413.0,360146.0,679.0,24009.0,2610832.34,625.0,0.0,0.0,0.0,0.0,4,52.0,22,0,True,True,True,False,흐림,15.4,38,1.0,11.3,0.0,0.0,0.0,0.0,3,1005.0,1001.1,82,0,82,0,20.8,288,39.6,724.0,527.0,197.0,3600.0,1,offday,train,-0.7071067811865471,-0.7071067811865479,0.8660254037844387,-0.49999999999999983,True,62.97042851895995,0.019496995962725805,special_case
2023-04-09 12:00:00,2023-04-09,12,2023,4,9,Sunday,True,spring,2855,227135,79.5569176882662,0.0657770680274524,187.7935292183767,233.0439197143328,63.169864664866026,True,,False,False,True,True,113227.0,107312.0,235098.0,335669.0,598.0,21021.0,2377907.49,518.0,0.0,0.0,0.0,0.0,4,52.0,22,0,True,True,True,False,맑음,14.4,41,1.5,11.9,0.0,0.0,0.0,0.0,0,1020.1,1016.1,0,0,0,0,14.5,222,30.2,813.0,638.0,175.0,3600.0,1,offday,train,1.2246467991473532e-16,-1.0,0.8660254037844387,-0.49999999999999983,True,62.989925514922675,0.17993914994335114,special_case
2023-09-03 09:00:00,2023-09-03,9,2023,9,3,Sunday,True,fall,3849,453195,117.7435697583788,0.0239536668290855,92.19766362515048,143.49852027364273,63.18005208615861,True,,False,False,True,True,155350.0,142576.0,240350.0,411969.0,0.0,0.0,0.0,0.0,0.0,0.0,0.0,0.0,4,52.0,22,0,True,True,False,False,보통 이슬비,24.5,88,22.4,28.4,0.5,0.5,0.0,0.0,53,1013.3,1009.5,99,47,10,0,8.4,83,20.9,246.0,94.0,152.0,3600.0,1,offday,train,0.7071067811865476,-0.7071067811865475,-1.0,-1.8369701987210297e-16,True,63.169864664866026,0.010187421292584986,special_case
2025-08-16 12:00:00,2025-08-16,12,2025,8,16,Saturday,True,summer,2622,294606,112.35926773455378,0.0513318154074477,134.59201999832803,220.33354531373303,63.25977352997546,True,,False,False,True,True,126454.0,118904.0,251505.0,388203.0,0.0,0.0,0.0,0.0,14.0,13.0,1.0,8.0,4,52.0,22,0,True,True,False,True,대체로 맑음,29.6,69,23.5,35.0,0.0,0.0,0.0,0.0,1,1014.3,1010.5,21,21,5,0,11.0,232,27.0,760.0,581.0,179.0,3600.0,1,offday,test,1.2246467991473532e-16,-1.0,-0.8660254037844384,-0.5000000000000004,True,63.18005208615861,0.07972144381685098,special_case
2023-05-01 13:00:00,2023-05-01,13,2023,5,1,Monday,False,spring,2500,223690,89.476,0.111787395763264,279.4684894081601,397.7333362899173,63.30065464854198,False,,False,False,False,False,122764.0,116539.0,259824.0,381217.0,831.0,30230.0,3353148.82,726.0,0.0,0.0,0.0,0.0,4,52.0,22,0,True,True,True,False,맑음,18.0,36,2.8,15.7,0.0,0.0,0.0,0.0,0,1018.6,1014.7,1,0,0,0,15.5,273,33.8,853.0,632.0,221.0,3600.0,1,weekday,train,-0.2588190451025208,-0.9659258262890683,0.49999999999999994,-0.8660254037844387,True,63.25977352997546,0.040881118566517216,special_case
2023-06-24 15:00:00,2023-06-24,15,2023,6,24,Saturday,True,summer,2812,283710,100.89260312944523,0.0935275965658001,262.99960154303,418.2213218466815,63.367653932531425,True,,False,False,True,True,130894.0,129443.0,304228.0,351124.0,536.0,14018.0,1510752.8,509.0,0.0,0.0,0.0,0.0,4,52.0,22,0,True,True,True,False,맑음,28.7,63,20.9,32.1,0.0,0.0,0.0,0.0,0,1013.7,1009.9,15,11,9,0,8.6,255,19.8,617.0,362.0,255.0,3600.0,1,offday,train,-0.7071067811865471,-0.7071067811865479,1.2246467991473532e-16,-1.0,True,63.30065464854198,0.06699928398944621,special_case
2024-10-20 10:00:00,2024-10-20,10,2024,10,20,Sunday,True,fall,3071,306369,99.76196678606316,0.0378925808716765,116.36811585691864,165.1174209041322,63.37053401527035,True,,False,False,True,True,123410.0,114950.0,224680.0,341541.0,405.0,12289.0,1427418.5,332.0,0.0,0.0,0.0,0.0,4,52.0,22,0,True,True,True,False,맑음,13.4,56,4.7,9.2,0.0,0.0,0.0,0.0,0,1033.5,1029.4,0,0,0,0,19.4,91,36.4,414.0,301.0,113.0,3600.0,1,offday,valid,0.49999999999999994,-0.8660254037844387,-0.8660254037844386,0.5000000000000001,True,63.367653932531425,0.0028800827389261485,special_case
2024-06-09 15:00:00,2024-06-09,15,2024,6,9,Sunday,True,summer,2737,283801,103.69053708439898,0.0935275965658001,255.985031800595,417.4040120217529,63.55013752663274,True,,False,False,True,True,135633.0,134648.0,323366.0,377916.0,662.0,24400.0,2462041.46,620.0,0.0,0.0,0.0,0.0,4,52.0,22,0,True,True,True,False,흐림,27.0,50,15.6,28.2,0.0,0.0,0.0,0.0,3,1007.0,1003.2,100,0,0,100,12.2,242,27.7,727.0,450.0,277.0,3600.0,1,offday,valid,-0.7071067811865471,-0.7071067811865479,1.2246467991473532e-16,-1.0,True,63.37053401527035,0.17960351136238728,special_case
2024-11-02 12:00:00,2024-11-02,12,2024,11,2,Saturday,True,fall,2508,208239,83.02990430622009,0.0738136969525007,185.12475195687185,238.1335902428261,63.55193283397068,True,,False,False,True,True,125075.0,119418.0,255806.0,373219.0,0.0,0.0,0.0,0.0,0.0,0.0,0.0,0.0,4,52.0,22,0,True,True,False,False,맑음,20.8,58,12.2,19.7,0.0,0.0,0.0,0.0,0,1018.6,1014.7,1,1,0,0,11.9,18,24.1,550.0,427.0,123.0,3600.0,1,offday,valid,1.2246467991473532e-16,-1.0,-0.5000000000000004,0.8660254037844384,True,63.55013752663274,0.0017953073379430862,special_case
2025-06-08 13:00:00,2025-06-08,13,2025,6,8,Sunday,True,summer,2482,263165,106.02941176470588,0.0663205601576762,164.60763031135252,262.347684498417,63.59077504118795,True,,False,False,True,True,126242.0,120332.0,275513.0,398781.0,0.0,0.0,0.0,0.0,10.0,10.0,0.0,3.0,4,52.0,22,0,True,True,False,True,흐림,30.1,40,15.1,32.7,0.0,0.0,0.0,0.0,3,1007.0,1003.3,100,15,0,100,6.5,247,23.4,844.0,608.0,236.0,3600.0,1,offday,test,-0.2588190451025208,-0.9659258262890683,1.2246467991473532e-16,-1.0,True,63.55193283397068,0.03884220721727161,special_case
2025-08-10 14:00:00,2025-08-10,14,2025,8,10,Sunday,True,summer,2598,258098,99.3448806774442,0.0809922881834863,210.4179647006974,323.40388167065333,63.652474592368776,True,,False,False,True,True,127692.0,124172.0,294888.0,387874.0,0.0,0.0,0.0,0.0,14.0,13.0,1.0,8.0,4,52.0,22,0,True,True,False,True,대체로 맑음,29.9,59,21.1,34.9,0.0,0.0,0.0,0.0,1,1001.5,997.8,38,38,0,0,7.2,309,20.5,819.0,639.0,180.0,3600.0,1,offday,test,-0.4999999999999998,-0.8660254037844388,-0.8660254037844384,-0.5000000000000004,True,63.59077504118795,0.06169955118082271,special_case
2024-09-07 13:00:00,2024-09-07,13,2024,9,7,Saturday,True,fall,4533,215429,47.524597396867414,0.0915726254037753,415.09871095531383,328.78998530183213,63.7631366221608,True,,False,False,True,True,124352.0,120608.0,258882.0,380199.0,465.0,11621.0,1243613.78,473.0,0.0,0.0,0.0,0.0,4,52.0,22,0,True,True,True,False,대체로 맑음,28.7,63,21.0,33.8,0.0,0.0,0.0,0.0,1,1013.8,1010.0,20,20,0,0,3.5,246,13.3,732.0,519.0,213.0,3600.0,1,offday,valid,-0.2588190451025208,-0.9659258262890683,-1.0,-1.8369701987210297e-16,True,63.652474592368776,0.11066202979202444,special_case
2023-10-29 11:00:00,2023-10-29,11,2023,10,29,Sunday,True,fall,2458,240441,97.81977217249796,0.0550655360577097,135.35108762985053,194.05995780338256,63.80738031915786,True,,False,False,True,True,110958.0,104476.0,213989.0,339913.0,0.0,0.0,0.0,0.0,0.0,0.0,0.0,0.0,4,52.0,22,0,True,True,False,False,맑음,15.8,67,9.6,14.4,0.0,0.0,0.0,0.0,0,1023.1,1019.1,0,0,0,0,8.8,102,20.5,504.0,385.0,119.0,3600.0,1,offday,train,0.258819045102521,-0.9659258262890682,-0.8660254037844386,0.5000000000000001,True,63.7631366221608,0.044243696997057214,special_case
2024-10-12 10:00:00,2024-10-12,10,2024,10,12,Saturday,True,fall,4146,284640,68.65412445730824,0.0378925808716765,157.1026402939709,171.42693305776407,63.833215637584786,True,,False,False,True,True,123410.0,114950.0,224680.0,341541.0,449.0,13556.0,1544406.33,393.0,0.0,0.0,0.0,0.0,4,52.0,22,0,True,True,True,False,맑음,17.0,76,12.7,17.6,0.0,0.0,0.0,0.0,0,1025.0,1021.0,0,0,0,0,2.0,90,11.9,445.0,330.0,115.0,3600.0,1,offday,valid,0.49999999999999994,-0.8660254037844387,-0.8660254037844386,0.5000000000000001,True,63.80738031915786,0.02583531842692821,special_case
2023-10-14 13:00:00,2023-10-14,13,2023,10,14,Saturday,True,fall,3352,215087,64.1667661097852,0.0915726254037753,306.9514403534551,324.1340387757147,63.89218755563172,True,,False,False,True,True,128155.0,126336.0,273010.0,420242.0,0.0,0.0,0.0,0.0,0.0,0.0,0.0,0.0,4,52.0,22,0,True,True,False,False,약한 이슬비,17.0,80,13.6,17.8,0.3,0.3,0.0,0.0,51,1010.6,1006.7,97,12,96,74,2.2,171,18.7,461.0,183.0,278.0,3600.0,1,offday,train,-0.2588190451025208,-0.9659258262890683,-0.8660254037844386,0.5000000000000001,True,63.833215637584786,0.05897191804693591,special_case
2022-08-13 14:00:00,2022-08-13,14,2022,8,13,Saturday,True,summer,3960,260798,65.85808080808081,0.0809922881834863,320.7294612066058,346.371200448902,63.89519132747108,True,,False,False,True,True,,,234997.0,314740.0,0.0,0.0,0.0,0.0,0.0,0.0,0.0,0.0,4,52.0,22,0,False,True,False,False,보통 비,24.4,93,23.1,29.1,2.7,2.7,0.0,0.0,63,1005.6,1001.8,100,100,100,100,5.5,101,10.4,76.0,0.0,76.0,0.0,1,offday,train,-0.4999999999999998,-0.8660254037844388,-0.8660254037844384,-0.5000000000000004,True,63.89218755563172,0.00300377183936007,special_case
2024-06-23 13:00:00,2024-06-23,13,2024,6,23,Sunday,True,summer,2575,265375,103.05825242718448,0.0663205601576762,170.7754424060164,265.6323596276959,64.20631388985862,True,,False,False,True,True,122281.0,117640.0,264558.0,388976.0,512.0,15700.0,1682539.32,467.0,0.0,0.0,0.0,0.0,4,52.0,22,0,True,True,True,False,약한 이슬비,28.5,63,20.6,31.8,0.1,0.1,0.0,0.0,51,998.5,994.8,58,34,19,30,11.0,238,24.8,682.0,293.0,389.0,3600.0,1,offday,valid,-0.2588190451025208,-0.9659258262890683,1.2246467991473532e-16,-1.0,True,63.89519132747108,0.31112256238753844,special_case
2024-04-06 14:00:00,2024-04-06,14,2024,4,6,Saturday,True,spring,2690,246652,91.6921933085502,0.0977777335148833,263.02210315503623,380.89080401000666,64.28007302439903,True,,False,False,True,True,121205.0,117543.0,291812.0,369919.0,1065.0,43696.0,4317253.19,926.0,0.0,0.0,0.0,0.0,4,52.0,22,0,True,True,True,False,흐림,16.6,36,1.5,13.4,0.0,0.0,0.0,0.0,3,1018.9,1014.9,100,0,88,100,9.5,245,21.2,476.0,108.0,368.0,2090.21,1,offday,valid,-0.4999999999999998,-0.8660254037844388,0.8660254037844387,-0.49999999999999983,True,64.20631388985862,0.07375913454040983,special_case
2022-09-25 09:00:00,2022-09-25,9,2022,9,25,Sunday,True,fall,4893,429828,87.84549356223177,0.0239536668290855,117.20529179471583,148.65402913085575,64.33032551084924,True,,False,False,True,True,,,224535.0,401600.0,0.0,0.0,0.0,0.0,0.0,0.0,0.0,0.0,4,52.0,22,0,False,True,False,False,흐림,17.5,82,14.4,17.9,0.0,0.0,0.0,0.0,3,1017.9,1014.0,100,0,87,100,6.5,87,13.0,108.0,2.0,106.0,0.0,1,offday,train,0.7071067811865476,-0.7071067811865475,-1.0,-1.8369701987210297e-16,True,64.28007302439903,0.05025248645020497,special_case
2024-06-01 11:00:00,2024-06-01,11,2024,6,1,Saturday,True,summer,4711,340856,72.35321587773296,0.037472805085182,176.53438475629252,201.4684143906797,64.3616946551669,True,,False,False,True,True,108329.0,98784.0,213110.0,318651.0,634.0,20146.0,2056214.53,563.0,0.0,0.0,0.0,0.0,4,52.0,22,0,True,True,True,False,맑음,22.4,48,10.7,21.8,0.0,0.0,0.0,0.0,0,1011.8,1007.9,6,5,3,0,12.8,308,28.4,757.0,541.0,216.0,3600.0,1,offday,valid,0.258819045102521,-0.9659258262890682,1.2246467991473532e-16,-1.0,True,64.33032551084924,0.03136914431766513,special_case
2025-05-04 11:00:00,2025-05-04,11,2025,5,4,Sunday,True,spring,3130,269269,86.02843450479233,0.0486258337916605,152.1988597678975,197.50005881897096,64.38967159339154,True,,False,False,True,True,118017.0,105966.0,236494.0,354786.0,0.0,0.0,0.0,0.0,4.0,4.0,0.0,2.0,4,52.0,22,0,True,True,False,True,대체로 맑음,16.5,51,6.3,14.7,0.0,0.0,0.0,0.0,1,1012.3,1008.4,22,0,0,22,14.0,242,33.1,782.0,600.0,182.0,3600.0,1,offday,test,0.258819045102521,-0.9659258262890682,0.49999999999999994,-0.8660254037844387,True,64.3616946551669,0.02797693822463998,special_case
2022-05-07 12:00:00,2022-05-07,12,2022,5,7,Saturday,True,spring,2686,233331,86.8693224125093,0.0657770680274524,176.67720472173724,235.16678889803612,64.4267944518401,True,,False,False,True,True,,,213834.0,325207.0,0.0,0.0,0.0,0.0,0.0,0.0,0.0,0.0,4,52.0,22,0,False,True,False,False,흐림,21.3,31,3.6,17.8,0.0,0.0,0.0,0.0,3,1017.6,1013.7,96,0,0,96,13.7,305,28.1,553.0,349.0,204.0,3600.0,1,offday,train,1.2246467991473532e-16,-1.0,0.49999999999999994,-0.8660254037844387,True,64.38967159339154,0.03712285844855501,special_case
2023-04-01 13:00:00,2023-04-01,13,2023,4,1,Saturday,True,spring,3008,225215,74.8720079787234,0.0829554972469645,249.53013571886945,298.5724213556708,64.460389484595,True,,False,False,True,True,119997.0,113194.0,254833.0,374954.0,810.0,32304.0,3429714.91,701.0,0.0,0.0,0.0,0.0,4,52.0,22,0,True,True,True,False,대체로 맑음,24.1,20,-0.3,23.1,0.0,0.0,0.0,0.0,1,1016.3,1012.5,45,0,0,45,3.7,101,18.7,800.0,602.0,198.0,3600.0,1,offday,train,-0.2588190451025208,-0.9659258262890683,0.8660254037844387,-0.49999999999999983,True,64.4267944518401,0.03359503275490283,special_case
2024-04-21 14:00:00,2024-04-21,14,2024,4,21,Sunday,True,spring,2292,244049,106.47862129144852,0.0977777335148833,224.10656521611264,371.3926679864775,64.47258029815998,True,,False,False,True,True,121205.0,117543.0,291812.0,369919.0,788.0,30449.0,3363571.74,737.0,0.0,0.0,0.0,0.0,4,52.0,22,0,True,True,True,False,흐림,20.3,53,10.4,17.7,0.0,0.0,0.0,0.0,3,1010.9,1007.0,100,100,100,100,18.7,79,39.6,183.0,0.0,183.0,0.0,1,offday,valid,-0.4999999999999998,-0.8660254037844388,0.8660254037844387,-0.49999999999999983,True,64.460389484595,0.012190813564984637,special_case
2023-06-25 15:00:00,2023-06-25,15,2023,6,25,Sunday,True,summer,2562,286263,111.73419203747072,0.0935275965658001,239.61770240158,418.5337166133104,64.52604087090373,True,,False,False,True,True,130894.0,129443.0,304228.0,351124.0,475.0,11770.0,1416323.52,439.0,0.0,0.0,0.0,0.0,4,52.0,22,0,True,True,True,False,흐림,31.9,50,20.0,35.2,0.0,0.0,0.0,0.0,3,1010.1,1006.4,100,6,24,100,11.0,109,25.2,727.0,498.0,229.0,3600.0,1,offday,train,-0.7071067811865471,-0.7071067811865479,1.2246467991473532e-16,-1.0,True,64.47258029815998,0.05346057274374516,special_case
2022-05-28 15:00:00,2022-05-28,15,2022,5,28,Saturday,True,spring,6869,389759,56.74173824428592,0.1077131147753142,739.8813853916338,699.702598361862,64.54007107807172,True,,False,False,True,True,,,285323.0,338698.0,0.0,0.0,0.0,0.0,0.0,0.0,0.0,0.0,4,52.0,22,0,False,True,False,False,대체로 맑음,26.5,43,12.9,25.4,0.0,0.0,0.0,0.0,1,1004.4,1000.6,35,0,0,35,21.8,231,41.0,773.0,570.0,203.0,3600.0,1,offday,train,-0.7071067811865471,-0.7071067811865479,0.49999999999999994,-0.8660254037844387,True,64.52604087090373,0.014030207167991193,special_case
2025-09-18 10:00:00,2025-09-18,10,2025,9,18,Thursday,False,fall,2450,190691,77.8330612244898,0.0630383817289576,154.44403523594613,184.8265814506385,64.54187330659055,False,,False,False,False,False,121550.0,113807.0,206448.0,315696.0,0.0,0.0,0.0,0.0,20.0,19.0,1.0,10.0,4,52.0,22,0,True,True,False,True,흐림,22.0,81,18.6,24.0,0.0,0.0,0.0,0.0,3,1016.4,1012.5,100,11,0,100,8.1,72,18.0,224.0,22.0,202.0,0.0,1,weekday,test,0.49999999999999994,-0.8660254037844387,-1.0,-1.8369701987210297e-16,True,64.54007107807172,0.0018022285188266096,special_case
2023-05-27 15:00:00,2023-05-27,15,2023,5,27,Saturday,True,spring,3432,329453,95.99446386946389,0.1077131147753142,369.6714099088786,570.98435581378,64.61548370054572,True,부처님오신날,True,False,True,True,132175.0,131307.0,314402.0,362761.0,26.0,414.0,40390.97,23.0,0.0,0.0,0.0,0.0,4,52.0,22,0,True,True,True,False,약한 비,19.5,93,18.2,20.8,2.4,2.4,0.0,0.0,61,1016.5,1012.6,100,7,100,100,11.7,124,21.6,98.0,2.0,96.0,0.0,1,offday,train,-0.7071067811865471,-0.7071067811865479,0.49999999999999994,-0.8660254037844387,True,64.54187330659055,0.07361039395517821,special_case
2022-05-14 14:00:00,2022-05-14,14,2022,5,14,Saturday,True,spring,2936,249959,85.1358991825613,0.0977777335148833,287.0754255996975,389.1093046218431,64.64726731545574,True,,False,False,True,True,,,246708.0,328829.0,0.0,0.0,0.0,0.0,0.0,0.0,0.0,0.0,4,52.0,22,0,False,True,False,False,흐림,18.4,33,1.7,13.1,0.0,0.0,0.0,0.0,3,1012.0,1008.1,100,0,21,100,24.6,265,46.1,582.0,178.0,404.0,3600.0,1,offday,train,-0.4999999999999998,-0.8660254037844388,0.49999999999999994,-0.8660254037844387,True,64.61548370054572,0.03178361491001169,special_case
2022-08-13 13:00:00,2022-08-13,13,2022,8,13,Saturday,True,summer,3960,260798,65.85808080808081,0.0663205601576762,262.629418224398,282.47600912143093,64.7137845685036,True,,False,False,True,True,,,218636.0,340539.0,0.0,0.0,0.0,0.0,0.0,0.0,0.0,0.0,4,52.0,22,0,False,True,False,False,약한 비,24.5,89,22.6,29.2,1.5,1.5,0.0,0.0,61,1006.3,1002.5,100,100,100,100,4.4,55,14.8,137.0,0.0,137.0,0.0,1,offday,train,-0.2588190451025208,-0.9659258262890683,-0.8660254037844384,-0.5000000000000004,True,64.64726731545574,0.06651725304786282,special_case
2025-04-20 15:00:00,2025-04-20,15,2025,4,20,Sunday,True,spring,3755,336440,89.59786950732357,0.1077131147753142,404.46274598130515,585.5797010287074,64.76307894652643,True,,False,False,True,True,138174.0,140551.0,335455.0,381149.0,0.0,0.0,0.0,0.0,2.0,2.0,0.0,1.0,4,52.0,22,0,True,True,False,True,맑음,21.6,52,11.3,23.0,0.0,0.0,0.0,0.0,0,1012.8,1008.9,0,0,0,0,1.7,257,11.5,741.0,563.0,178.0,3600.0,1,offday,test,-0.7071067811865471,-0.7071067811865479,0.8660254037844387,-0.49999999999999983,True,64.7137845685036,0.04929437802283587,special_case
2025-06-07 13:00:00,2025-06-07,13,2025,6,7,Saturday,True,summer,2609,267631,102.5799156765044,0.0663205601576762,173.0303414513774,268.0720532085237,64.76582364852658,True,,False,False,True,True,126242.0,120332.0,275513.0,398781.0,0.0,0.0,0.0,0.0,11.0,10.0,1.0,3.0,4,52.0,22,0,True,True,False,True,흐림,27.0,50,15.5,26.8,0.0,0.0,0.0,0.0,3,1008.2,1004.4,97,42,40,92,13.7,242,32.4,484.0,234.0,250.0,3600.0,1,offday,test,-0.2588190451025208,-0.9659258262890683,1.2246467991473532e-16,-1.0,True,64.76307894652643,0.0027447020001432065,special_case
2022-06-05 12:00:00,2022-06-05,12,2022,6,5,Sunday,True,summer,2693,301765,112.05532862978092,0.0513318154074477,138.2365788922568,225.7886652400275,64.81225006486102,True,,False,False,True,True,,,200455.0,301531.0,0.0,0.0,0.0,0.0,0.0,0.0,0.0,0.0,4,52.0,22,0,False,True,False,False,흐림,26.5,42,12.4,25.4,0.0,0.0,0.0,0.0,3,1003.2,999.4,100,5,48,100,12.6,114,26.3,441.0,83.0,358.0,855.16,1,offday,train,1.2246467991473532e-16,-1.0,1.2246467991473532e-16,-1.0,True,64.76582364852658,0.046426416334441,special_case
2022-04-09 11:00:00,2022-04-09,11,2022,4,9,Saturday,True,spring,3380,267728,79.20946745562131,0.0486258337916605,164.35531821581262,200.45882079947145,64.83132317302457,True,,False,False,True,True,,,158439.0,237117.0,0.0,0.0,0.0,0.0,0.0,0.0,0.0,0.0,4,52.0,22,0,False,True,False,False,맑음,18.2,50,7.6,15.7,0.0,0.0,0.0,0.0,0,1015.3,1011.4,4,0,4,0,16.5,200,31.3,636.0,442.0,194.0,3600.0,1,offday,train,0.258819045102521,-0.9659258262890682,0.8660254037844387,-0.49999999999999983,True,64.81225006486102,0.019073108163553343,special_case
2022-09-09 10:00:00,2022-09-09,10,2022,9,9,Friday,False,fall,2510,190848,76.03505976095617,0.0630383817289576,158.2263381396836,186.21463595957647,64.84980993613767,False,추석,True,False,True,True,,,165820.0,254499.0,0.0,0.0,0.0,0.0,0.0,0.0,0.0,0.0,4,52.0,22,0,False,True,False,False,흐림,23.5,72,18.2,25.5,0.0,0.0,0.0,0.0,3,1019.0,1015.1,100,0,0,100,7.2,90,17.3,544.0,388.0,156.0,3600.0,1,offday,train,0.49999999999999994,-0.8660254037844387,-1.0,-1.8369701987210297e-16,True,64.83132317302457,0.01848676311310271,special_case
2022-04-17 15:00:00,2022-04-17,15,2022,4,17,Sunday,True,spring,3440,330896,96.1906976744186,0.1077131147753142,370.53311482708114,573.4153933548964,64.93286364272933,True,,False,False,True,True,,,247697.0,292531.0,0.0,0.0,0.0,0.0,0.0,0.0,0.0,0.0,4,52.0,22,0,False,True,False,False,맑음,16.1,42,3.1,12.7,0.0,0.0,0.0,0.0,0,1018.3,1014.3,6,0,0,6,19.3,243,38.5,752.0,579.0,173.0,3600.0,1,offday,train,-0.7071067811865471,-0.7071067811865479,0.8660254037844387,-0.49999999999999983,True,64.84980993613767,0.0830537065916559,special_case
2025-06-08 14:00:00,2025-06-08,14,2025,6,8,Sunday,True,summer,2482,263165,106.02941176470588,0.0809922881834863,201.022859271413,327.3027325249751,64.95504802655813,True,,False,False,True,True,124546.0,121399.0,291512.0,373818.0,0.0,0.0,0.0,0.0,10.0,10.0,0.0,3.0,4,52.0,22,0,True,True,False,True,대체로 맑음,30.5,39,14.9,31.9,0.0,0.0,0.0,0.0,1,1006.5,1002.8,41,8,0,36,8.9,249,26.6,731.0,381.0,350.0,3600.0,1,offday,test,-0.4999999999999998,-0.8660254037844388,1.2246467991473532e-16,-1.0,True,64.93286364272933,0.022184383828800947,special_case
2023-04-09 13:00:00,2023-04-09,13,2023,4,9,Sunday,True,spring,2855,227135,79.5569176882662,0.0829554972469645,236.83794464008383,298.04898786196395,65.00506814763116,True,,False,False,True,True,119997.0,113194.0,254833.0,374954.0,795.0,32663.0,3593769.68,615.0,0.0,0.0,0.0,0.0,4,52.0,22,0,True,True,True,False,맑음,15.2,39,1.3,12.4,0.0,0.0,0.0,0.0,0,1019.3,1015.3,0,0,0,0,16.8,227,34.2,849.0,671.0,178.0,3600.0,1,offday,train,-0.2588190451025208,-0.9659258262890683,0.8660254037844387,-0.49999999999999983,True,64.95504802655813,0.05002012107303244,special_case
2023-10-03 09:00:00,2023-10-03,9,2023,10,3,Tuesday,False,fall,2469,267960,108.52976913730257,0.0417237594214264,103.0159620115019,152.54855769082488,65.00511355713734,False,개천절,True,False,True,True,158383.0,144419.0,256330.0,438186.0,0.0,0.0,0.0,0.0,0.0,0.0,0.0,0.0,4,52.0,22,0,True,True,False,False,흐림,15.9,75,11.4,15.0,0.0,0.0,0.0,0.0,3,1019.5,1015.5,100,0,99,94,8.7,85,17.6,175.0,33.0,142.0,818.71,1,offday,train,0.7071067811865476,-0.7071067811865475,-0.8660254037844386,0.5000000000000001,True,65.00506814763116,4.540950617126782e-05,special_case
2023-06-18 16:00:00,2023-06-18,16,2023,6,18,Sunday,True,summer,3819,385582,100.96412673474732,0.1019931999973653,389.51203078993825,633.3727684890533,65.01428473757983,True,,False,False,True,True,153885.0,155559.0,377288.0,391651.0,540.0,16521.0,1831041.82,509.0,0.0,0.0,0.0,0.0,4,52.0,22,0,True,True,True,False,맑음,27.6,61,19.4,29.6,0.0,0.0,0.0,0.0,0,1005.7,1001.9,0,0,0,0,14.4,248,28.4,660.0,495.0,165.0,3600.0,1,offday,train,-0.8660254037844384,-0.5000000000000004,1.2246467991473532e-16,-1.0,True,65.00511355713734,0.00917118044249321,special_case
2023-09-29 11:00:00,2023-09-29,11,2023,9,29,Friday,False,fall,2901,169834,58.543260944501895,0.0860138816247737,249.52627059346864,243.46802619769707,65.03368415510062,False,추석,True,False,True,True,102184.0,95020.0,197610.0,287652.0,0.0,0.0,0.0,0.0,0.0,0.0,0.0,0.0,4,52.0,22,0,True,True,False,False,흐림,21.2,63,13.8,22.4,0.0,0.0,0.0,0.0,3,1016.7,1012.8,100,0,4,100,0.5,225,10.1,477.0,185.0,292.0,3600.0,1,offday,train,0.258819045102521,-0.9659258262890682,-1.0,-1.8369701987210297e-16,True,65.01428473757983,0.019399417520787665,special_case
2022-04-16 14:00:00,2022-04-16,14,2022,4,16,Saturday,True,spring,3208,253615,79.05704488778055,0.0977777335148833,313.6709691157458,398.1957078522988,65.05312178639798,True,,False,False,True,True,,,217213.0,285529.0,0.0,0.0,0.0,0.0,0.0,0.0,0.0,0.0,4,52.0,22,0,False,True,False,False,맑음,17.1,33,0.6,14.0,0.0,0.0,0.0,0.0,0,1017.5,1013.6,0,0,0,0,17.3,265,34.6,838.0,654.0,184.0,3600.0,1,offday,train,-0.4999999999999998,-0.8660254037844388,0.8660254037844387,-0.49999999999999983,True,65.03368415510062,0.019437631297364533,special_case
2023-03-26 12:00:00,2023-03-26,12,2023,3,26,Sunday,True,spring,2982,233665,78.35848423876593,0.0657770680274524,196.14721685786316,240.51423803993745,65.07080143690703,True,,False,False,True,True,113237.0,106929.0,231136.0,337100.0,635.0,21248.0,2206695.87,557.0,0.0,0.0,0.0,0.0,4,52.0,22,0,True,True,True,False,맑음,12.9,16,-12.4,8.1,0.0,0.0,0.0,0.0,0,1018.2,1014.2,0,0,0,0,18.3,324,36.7,796.0,646.0,150.0,3600.0,1,offday,train,1.2246467991473532e-16,-1.0,1.0,6.123233995736766e-17,True,65.05312178639798,0.01767965050905218,special_case
2023-05-06 10:00:00,2023-05-06,10,2023,5,6,Saturday,True,spring,3386,364001,107.50177200236269,0.0333632663106753,112.96801972794668,169.59644153937967,65.17971666805681,True,,False,False,True,True,115197.0,102928.0,200388.0,295253.0,3.0,89.0,13410.9,2.0,0.0,0.0,0.0,0.0,4,52.0,22,0,True,True,True,False,보통 비,11.4,88,9.6,7.7,2.7,2.7,0.0,0.0,63,1005.5,1001.5,100,86,100,100,25.0,63,48.6,47.0,0.0,47.0,0.0,1,offday,train,0.49999999999999994,-0.8660254037844387,0.49999999999999994,-0.8660254037844387,True,65.07080143690703,0.10891523114977986,special_case
2023-05-01 10:00:00,2023-05-01,10,2023,5,1,Monday,False,spring,2500,223690,89.476,0.0553484319653476,138.37107991336916,183.2259462511321,65.20962387851951,False,,False,False,False,False,115197.0,102928.0,200388.0,295253.0,442.0,13077.0,1600909.91,358.0,0.0,0.0,0.0,0.0,4,52.0,22,0,True,True,True,False,흐림,13.5,61,6.2,12.1,0.0,0.0,0.0,0.0,3,1018.2,1014.2,100,0,100,100,3.0,346,13.7,457.0,156.0,301.0,3600.0,1,weekday,train,0.49999999999999994,-0.8660254037844387,0.49999999999999994,-0.8660254037844387,True,65.17971666805681,0.029907210462695843,special_case
2023-06-17 11:00:00,2023-06-17,11,2023,6,17,Saturday,True,summer,3966,358951,90.50706001008572,0.037472805085182,148.6171449678319,200.45564210670975,65.23481562305156,True,,False,False,True,True,105419.0,96068.0,200649.0,304043.0,466.0,12476.0,1177514.54,462.0,0.0,0.0,0.0,0.0,4,52.0,22,0,True,True,True,False,흐림,25.4,55,15.6,27.8,0.0,0.0,0.0,0.0,3,1014.1,1010.3,100,0,0,100,6.2,263,17.6,781.0,599.0,182.0,3600.0,1,offday,train,0.258819045102521,-0.9659258262890682,1.2246467991473532e-16,-1.0,True,65.20962387851951,0.02519174453205153,special_case
2024-04-14 10:00:00,2024-04-14,10,2024,4,14,Sunday,True,spring,3287,366759,111.57864313964102,0.0333632663106753,109.6650563631898,169.3558441939577,65.2518905259799,True,,False,False,True,True,114766.0,104402.0,219172.0,312755.0,455.0,17877.0,2084237.31,351.0,0.0,0.0,0.0,0.0,4,52.0,22,0,True,True,True,False,부분적으로 흐림,20.8,50,10.1,19.5,0.0,0.0,0.0,0.0,2,1018.2,1014.3,71,0,0,71,9.7,92,23.8,566.0,415.0,151.0,3600.0,1,offday,valid,0.49999999999999994,-0.8660254037844387,0.8660254037844387,-0.49999999999999983,True,65.23481562305156,0.017074902928342794,special_case
2022-03-09 11:00:00,2022-03-09,11,2022,3,9,Wednesday,False,spring,2083,194007,93.1382621219395,0.0762910773796575,158.91431418182674,222.58991773636097,65.2826207391239,False,대통령선거일,True,False,True,False,,,139942.0,211258.0,0.0,0.0,0.0,0.0,0.0,0.0,0.0,0.0,4,52.0,22,0,False,True,False,False,부분적으로 흐림,5.6,76,1.8,3.3,0.0,0.0,0.0,0.0,2,1024.5,1020.4,54,54,0,0,3.3,103,16.6,414.0,148.0,266.0,3600.0,1,offday,train,0.258819045102521,-0.9659258262890682,1.0,6.123233995736766e-17,True,65.2518905259799,0.03073021314399682,special_case
2024-09-28 09:00:00,2024-09-28,9,2024,9,28,Saturday,True,fall,5061,433205,85.59672001580715,0.0239536668290855,121.2295078220022,151.1310599784393,65.29537737862736,True,,False,False,True,True,152495.0,139393.0,235842.0,402293.0,474.0,11588.0,1381249.37,418.0,0.0,0.0,0.0,0.0,4,52.0,22,0,True,True,True,False,맑음,21.2,68,15.1,21.2,0.0,0.0,0.0,0.0,0,1018.9,1015.0,0,0,0,0,12.0,78,23.0,312.0,218.0,94.0,3600.0,1,offday,valid,0.7071067811865476,-0.7071067811865475,-1.0,-1.8369701987210297e-16,True,65.2826207391239,0.01275663950346484,special_case
2022-10-15 10:00:00,2022-10-15,10,2022,10,15,Saturday,True,fall,3436,309646,90.11816065192085,0.0378925808716765,130.19890787508055,171.51339396632642,65.32197598778808,True,,False,False,True,True,,,190641.0,297782.0,0.0,0.0,0.0,0.0,0.0,0.0,0.0,0.0,4,52.0,22,0,False,True,False,False,맑음,16.5,73,11.5,16.3,0.0,0.0,0.0,0.0,0,1021.3,1017.3,12,0,0,11,4.1,75,13.3,445.0,333.0,112.0,3600.0,1,offday,train,0.49999999999999994,-0.8660254037844387,-0.8660254037844386,0.5000000000000001,True,65.29537737862736,0.02659860916071466,special_case
2024-03-31 13:00:00,2024-03-31,13,2024,3,31,Sunday,True,spring,2464,228389,92.6903409090909,0.0829554972469645,204.40234521652073,292.7069627589085,65.35289570452466,True,,False,False,True,True,120819.0,115262.0,277246.0,422421.0,768.0,29817.0,3293475.04,661.0,0.0,0.0,0.0,0.0,4,52.0,22,0,True,True,True,False,맑음,13.9,26,-5.1,11.6,0.0,0.0,0.0,0.0,0,1013.2,1009.2,17,0,2,15,8.3,360,21.6,828.0,666.0,162.0,3600.0,1,offday,valid,-0.2588190451025208,-0.9659258262890683,1.0,6.123233995736766e-17,True,65.32197598778808,0.030919716736576675,special_case
2025-09-19 10:00:00,2025-09-19,10,2025,9,19,Friday,False,fall,2223,197116,88.67116509221772,0.0630383817289576,140.13432258347277,184.45608142487336,65.35622967740083,False,,False,False,False,False,121550.0,113807.0,206448.0,315696.0,0.0,0.0,0.0,0.0,19.0,18.0,1.0,9.0,4,52.0,22,0,True,True,False,True,보통 이슬비,19.3,85,16.8,20.3,0.6,0.6,0.0,0.0,53,1019.1,1015.2,100,17,100,100,9.6,95,18.7,86.0,0.0,86.0,0.0,1,weekday,test,0.49999999999999994,-0.8660254037844387,-1.0,-1.8369701987210297e-16,True,65.35289570452466,0.0033339728761774268,special_case
2024-03-24 10:00:00,2024-03-24,10,2024,3,24,Sunday,True,spring,3466,363489,104.8727639930756,0.0333632663106753,115.6370810328007,170.39526965330393,65.374772377882,True,,False,False,True,True,113232.0,101023.0,210764.0,308638.0,384.0,12432.0,1446767.82,297.0,0.0,0.0,0.0,0.0,4,52.0,22,0,True,True,True,False,대체로 맑음,14.0,50,3.7,10.7,0.0,0.0,0.0,0.0,1,1019.5,1015.5,22,0,22,0,12.6,88,26.6,495.0,375.0,120.0,3600.0,1,offday,valid,0.49999999999999994,-0.8660254037844387,1.0,6.123233995736766e-17,True,65.35622967740083,0.01854270048116291,special_case
2022-09-02 11:00:00,2022-09-02,11,2022,9,2,Friday,False,fall,2765,171122,61.88860759493671,0.0860138816247737,237.82838269249945,243.31482318230968,65.3823398400971,False,,False,False,False,False,,,174692.0,265622.0,0.0,0.0,0.0,0.0,0.0,0.0,0.0,0.0,4,52.0,22,0,False,True,False,False,맑음,26.0,58,17.0,27.1,0.0,0.0,0.0,0.0,0,1016.8,1013.0,0,0,0,0,16.3,82,30.2,733.0,612.0,121.0,3600.0,1,weekday,train,0.258819045102521,-0.9659258262890682,-1.0,-1.8369701987210297e-16,True,65.374772377882,0.007567462215106957,special_case
2025-05-11 11:00:00,2025-05-11,11,2025,5,11,Sunday,True,spring,2729,280458,102.7695126419934,0.0486258337916605,132.6999004174416,197.6014623715983,65.45938165589888,True,,False,False,True,True,118017.0,105966.0,236494.0,354786.0,0.0,0.0,0.0,0.0,8.0,7.0,1.0,5.0,4,52.0,22,0,True,True,False,True,흐림,16.2,73,11.4,15.9,0.0,0.0,0.0,0.0,3,1007.2,1003.3,95,10,95,0,5.4,180,18.0,380.0,78.0,302.0,984.7,1,offday,test,0.258819045102521,-0.9659258262890682,0.49999999999999994,-0.8660254037844387,True,65.3823398400971,0.0770418158017776,special_case
2024-06-23 14:00:00,2024-06-23,14,2024,6,23,Sunday,True,summer,2575,265375,103.05825242718448,0.0809922881834863,208.5551420724772,331.11001053051655,65.47765090282064,True,,False,False,True,True,120402.0,116099.0,282830.0,361605.0,495.0,16638.0,1859843.95,461.0,0.0,0.0,0.0,0.0,4,52.0,22,0,True,True,True,False,맑음,28.5,63,20.9,31.8,0.0,0.0,0.0,0.0,0,998.1,994.4,10,8,2,0,16.1,241,33.1,818.0,568.0,250.0,3600.0,1,offday,valid,-0.4999999999999998,-0.8660254037844388,1.2246467991473532e-16,-1.0,True,65.45938165589888,0.01826924692176135,special_case
2025-10-09 09:00:00,2025-10-09,9,2025,10,9,Thursday,False,fall,2317,274547,118.49244712990937,0.0417237594214264,96.67395057944508,152.69968997713835,65.47828478542182,False,한글날,True,False,True,True,151082.0,138671.0,244959.0,422085.0,0.0,0.0,0.0,0.0,13.0,12.0,1.0,7.0,4,52.0,22,0,True,True,False,True,흐림,19.6,78,15.7,20.0,0.0,0.0,0.0,0.0,3,1020.5,1016.6,100,25,100,0,10.3,75,28.4,121.0,7.0,114.0,0.0,1,offday,test,0.7071067811865476,-0.7071067811865475,-0.8660254037844386,0.5000000000000001,True,65.47765090282064,0.0006338826011784704,special_case
2025-06-03 10:00:00,2025-06-03,10,2025,6,3,Tuesday,False,summer,2829,313831,110.93354542241076,0.0404782282792282,114.51290780193678,177.81361930378253,65.54494329333494,False,임시공휴일(제21대 대통령 선거),True,False,True,False,114779.0,104532.0,208234.0,303688.0,0.0,0.0,0.0,0.0,7.0,7.0,0.0,2.0,4,52.0,22,0,True,True,False,True,맑음,23.8,37,8.3,23.1,0.0,0.0,0.0,0.0,0,1000.0,996.2,0,0,0,0,6.1,268,21.2,657.0,484.0,173.0,3600.0,1,offday,test,0.49999999999999994,-0.8660254037844387,1.2246467991473532e-16,-1.0,True,65.47828478542182,0.06665850791311811,special_case
2022-05-01 11:00:00,2022-05-01,11,2022,5,1,Sunday,True,spring,3000,276982,92.32733333333331,0.0486258337916605,145.87750137498162,199.8047729306802,65.56983933699212,True,,False,False,True,True,,,179817.0,291051.0,0.0,0.0,0.0,0.0,0.0,0.0,0.0,0.0,4,52.0,22,0,False,True,False,False,맑음,15.9,35,0.6,13.2,0.0,0.0,0.0,0.0,0,1014.2,1010.3,0,0,0,0,13.7,235,28.1,780.0,599.0,181.0,3600.0,1,offday,train,0.258819045102521,-0.9659258262890682,0.49999999999999994,-0.8660254037844387,True,65.54494329333494,0.024896043657179234,special_case
2025-06-06 10:00:00,2025-06-06,10,2025,6,6,Friday,False,summer,2994,310867,103.82999331997328,0.0404782282792282,121.19181546800944,178.84123471177006,65.58913056523318,False,현충일,True,False,True,True,114779.0,104532.0,208234.0,303688.0,0.0,0.0,0.0,0.0,10.0,10.0,0.0,3.0,4,52.0,22,0,True,True,False,True,흐림,25.4,39,10.4,24.0,0.0,0.0,0.0,0.0,3,1008.9,1005.1,100,0,6,100,11.1,187,28.8,561.0,289.0,272.0,3600.0,1,offday,test,0.49999999999999994,-0.8660254037844387,1.2246467991473532e-16,-1.0,True,65.56983933699212,0.01929122824105889,special_case
2024-10-01 12:00:00,2024-10-01,12,2024,10,1,Tuesday,False,fall,2312,186400,80.62283737024221,0.1065118396644879,246.25537330429609,314.60773790211624,65.64914290502773,False,임시공휴일,True,False,True,False,130567.0,126480.0,266914.0,391643.0,468.0,14275.0,1427785.18,418.0,0.0,0.0,0.0,0.0,4,52.0,22,0,True,True,True,False,약한 이슬비,16.9,87,14.6,16.3,0.3,0.3,0.0,0.0,51,1012.4,1008.5,100,3,100,100,14.5,301,26.6,143.0,3.0,140.0,0.0,1,offday,valid,1.2246467991473532e-16,-1.0,-0.8660254037844386,0.5000000000000001,True,65.58913056523318,0.06001233979455378,special_case
2025-10-18 15:00:00,2025-10-18,15,2025,10,18,Saturday,True,fall,3839,397366,103.50768429278456,0.1124759978651691,431.79535580438414,725.0815348407452,65.70350016130226,True,,False,False,True,True,149178.0,147634.0,366698.0,410984.0,0.0,0.0,0.0,0.0,20.0,17.0,3.0,12.0,4,52.0,22,0,True,True,False,True,흐림,16.4,76,12.2,16.0,0.0,0.0,0.0,0.0,3,1020.8,1016.8,100,43,0,100,7.5,316,27.7,237.0,21.0,216.0,0.0,1,offday,test,-0.7071067811865471,-0.7071067811865479,-0.8660254037844386,0.5000000000000001,True,65.64914290502773,0.054357256274528254,special_case
2022-03-09 12:00:00,2022-03-09,12,2022,3,9,Wednesday,False,spring,2083,194007,93.1382621219395,0.096293809375837,200.58000492986852,288.3490749012956,65.75915716493463,False,대통령선거일,True,False,True,False,,,168088.0,244278.0,0.0,0.0,0.0,0.0,0.0,0.0,0.0,0.0,4,52.0,22,0,False,True,False,False,맑음,8.0,68,2.5,6.6,0.0,0.0,0.0,0.0,0,1024.1,1020.0,18,18,0,0,1.3,124,14.8,622.0,385.0,237.0,3600.0,1,offday,train,1.2246467991473532e-16,-1.0,1.0,6.123233995736766e-17,True,65.70350016130226,0.055657003632376245,special_case
2024-09-28 15:00:00,2024-09-28,15,2024,9,28,Saturday,True,fall,5061,433205,85.59672001580715,0.1124759978651691,569.2410251956208,796.7131436877442,65.79411997135173,True,,False,False,True,True,138586.0,141284.0,321614.0,389738.0,896.0,35684.0,3829711.11,802.0,0.0,0.0,0.0,0.0,4,52.0,22,0,True,True,True,False,맑음,26.0,58,17.1,26.6,0.0,0.0,0.0,0.0,0,1018.0,1014.2,5,4,2,0,14.3,61,29.5,563.0,423.0,140.0,3600.0,1,offday,valid,-0.7071067811865471,-0.7071067811865479,-1.0,-1.8369701987210297e-16,True,65.75915716493463,0.03496280641709859,special_case
2025-10-25 13:00:00,2025-10-25,13,2025,10,25,Saturday,True,fall,2385,218198,91.48763102725368,0.0915726254037753,218.4007115880043,310.7883951503193,65.82086747090693,True,,False,False,True,True,133452.0,129282.0,289919.0,426437.0,0.0,0.0,0.0,0.0,19.0,18.0,1.0,7.0,4,52.0,22,0,True,True,False,True,부분적으로 흐림,16.9,62,9.4,15.4,0.0,0.0,0.0,0.0,2,1021.8,1017.8,66,25,0,55,8.9,324,23.4,549.0,370.0,179.0,3600.0,1,offday,test,-0.2588190451025208,-0.9659258262890683,-0.8660254037844386,0.5000000000000001,True,65.79411997135173,0.026747499555199283,special_case
2024-09-29 11:00:00,2024-09-29,11,2024,9,29,Sunday,True,fall,3998,230363,57.61955977988995,0.0550655360577097,220.15201315872352,211.4177013810365,65.93355792533612,True,,False,False,True,True,108403.0,100418.0,204482.0,304686.0,525.0,17712.0,1872873.52,486.0,0.0,0.0,0.0,0.0,4,52.0,22,0,True,True,True,False,맑음,24.0,65,17.0,25.0,0.0,0.0,0.0,0.0,0,1021.3,1017.4,0,0,0,0,12.7,83,27.7,616.0,490.0,126.0,3600.0,1,offday,valid,0.258819045102521,-0.9659258262890682,-1.0,-1.8369701987210297e-16,True,65.82086747090693,0.11269045442918468,special_case
2024-08-15 13:00:00,2024-08-15,13,2024,8,15,Thursday,False,summer,2148,229335,106.76675977653632,0.0919203898842977,197.4449974714716,323.28010013077915,65.95146099115988,False,광복절,True,False,True,False,125403.0,121513.0,256045.0,394469.0,271.0,5706.0,524731.84,293.0,0.0,0.0,0.0,0.0,4,52.0,22,0,True,True,True,False,약한 이슬비,31.8,65,24.5,39.1,0.1,0.1,0.0,0.0,51,1008.1,1004.4,28,12,4,16,3.0,166,16.2,760.0,556.0,204.0,3600.0,1,offday,valid,-0.2588190451025208,-0.9659258262890683,-0.8660254037844384,-0.5000000000000004,True,65.93355792533612,0.017903065823759334,special_case
2023-10-07 14:00:00,2023-10-07,14,2023,10,7,Saturday,True,fall,2886,261707,90.68156618156618,0.1053558771818858,304.05706154692257,439.19841590739094,65.98679525787708,True,,False,False,True,True,128103.0,125637.0,300223.0,395149.0,0.0,0.0,0.0,0.0,0.0,0.0,0.0,0.0,4,52.0,22,0,True,True,False,False,흐림,20.9,50,9.9,19.5,0.0,0.0,0.0,0.0,3,1022.0,1018.1,100,0,0,100,9.0,106,19.8,532.0,247.0,285.0,3600.0,1,offday,train,-0.4999999999999998,-0.8660254037844388,-0.8660254037844386,0.5000000000000001,True,65.95146099115988,0.03533426671720008,special_case
2023-05-14 15:00:00,2023-05-14,15,2023,5,14,Sunday,True,spring,3229,331034,102.51904614431712,0.1077131147753142,347.8056476094898,571.5439166960298,65.99808119272552,True,,False,False,True,True,132175.0,131307.0,314402.0,362761.0,946.0,40367.0,4343531.71,820.0,0.0,0.0,0.0,0.0,4,52.0,22,0,True,True,True,False,흐림,21.6,39,7.2,20.0,0.0,0.0,0.0,0.0,3,1008.8,1005.0,89,3,5,89,13.3,251,28.8,751.0,536.0,215.0,3600.0,1,offday,train,-0.7071067811865471,-0.7071067811865479,0.49999999999999994,-0.8660254037844387,True,65.98679525787708,0.011285934848444867,special_case
2025-06-07 14:00:00,2025-06-07,14,2025,6,7,Saturday,True,summer,2609,267631,102.5799156765044,0.0809922881834863,211.30887987071577,334.1025023453227,66.030449136799,True,,False,False,True,True,124546.0,121399.0,291512.0,373818.0,0.0,0.0,0.0,0.0,11.0,10.0,1.0,3.0,4,52.0,22,0,True,True,False,True,약한 이슬비,27.0,51,16.0,26.3,0.2,0.2,0.0,0.0,51,1007.5,1003.7,100,29,40,99,18.4,230,43.2,543.0,237.0,306.0,3600.0,1,offday,test,-0.4999999999999998,-0.8660254037844388,1.2246467991473532e-16,-1.0,True,65.99808119272552,0.03236794407348498,special_case
2024-10-19 13:00:00,2024-10-19,13,2024,10,19,Saturday,True,fall,2506,219359,87.53351955307262,0.0915726254037753,229.48099926186111,314.3655205289544,66.06394725855569,True,,False,False,True,True,137374.0,134469.0,296007.0,431650.0,637.0,19666.0,2112145.79,586.0,0.0,0.0,0.0,0.0,4,52.0,22,0,True,True,True,False,약한 이슬비,20.5,67,14.3,20.1,0.4,0.4,0.0,0.0,51,1018.2,1014.3,78,38,75,0,12.6,52,26.6,396.0,171.0,225.0,3600.0,1,offday,valid,-0.2588190451025208,-0.9659258262890683,-0.8660254037844386,0.5000000000000001,True,66.030449136799,0.03349812175667921,special_case
2023-05-13 14:00:00,2023-05-13,14,2023,5,13,Saturday,True,spring,2846,254340,89.3675333801827,0.0977777335148833,278.275429583358,393.8324372483797,66.11363632127723,True,,False,False,True,True,119940.0,114747.0,271180.0,349432.0,789.0,29976.0,3164600.86,712.0,0.0,0.0,0.0,0.0,4,52.0,22,0,True,True,True,False,흐림,22.1,47,10.3,22.2,0.0,0.0,0.0,0.0,3,1012.4,1008.5,84,0,76,63,11.2,285,24.8,841.0,620.0,221.0,3600.0,1,offday,train,-0.4999999999999998,-0.8660254037844388,0.49999999999999994,-0.8660254037844387,True,66.06394725855569,0.04968906272154072,special_case
2022-09-25 15:00:00,2022-09-25,15,2022,9,25,Sunday,True,fall,4893,429828,87.84549356223177,0.1124759978651691,550.3450575542724,789.587183458899,66.1377586410382,True,,False,False,True,True,,,278702.0,322443.0,0.0,0.0,0.0,0.0,0.0,0.0,0.0,0.0,4,52.0,22,0,False,True,False,False,맑음,23.1,50,12.1,23.4,0.0,0.0,0.0,0.0,0,1015.8,1011.9,0,0,0,0,5.9,308,15.5,628.0,509.0,119.0,3600.0,1,offday,train,-0.7071067811865471,-0.7071067811865479,-1.0,-1.8369701987210297e-16,True,66.11363632127723,0.024122319760977007,special_case
2022-05-15 15:00:00,2022-05-15,15,2022,5,15,Sunday,True,spring,3542,338077,95.44805194805195,0.1077131147753142,381.5198525341632,586.1311673163,66.20837907596433,True,,False,False,True,True,,,285323.0,338698.0,0.0,0.0,0.0,0.0,0.0,0.0,0.0,0.0,4,52.0,22,0,False,True,False,False,맑음,18.8,33,2.3,13.8,0.0,0.0,0.0,0.0,0,1012.8,1008.9,17,0,12,6,24.7,251,45.4,640.0,317.0,323.0,3600.0,1,offday,train,-0.7071067811865471,-0.7071067811865479,0.49999999999999994,-0.8660254037844387,True,66.1377586410382,0.07062043492612702,special_case
2025-10-25 12:00:00,2025-10-25,12,2025,10,25,Saturday,True,fall,2385,218198,91.48763102725368,0.0738136969525007,176.04566723171425,244.9675276794123,66.20860687675523,True,,False,False,True,True,127375.0,121081.0,263189.0,392489.0,0.0,0.0,0.0,0.0,19.0,18.0,1.0,7.0,4,52.0,22,0,True,True,False,True,부분적으로 흐림,16.5,67,10.4,15.4,0.0,0.0,0.0,0.0,2,1022.6,1018.6,56,27,0,41,8.7,318,23.4,543.0,369.0,174.0,3600.0,1,offday,test,1.2246467991473532e-16,-1.0,-0.8660254037844386,0.5000000000000001,True,66.20837907596433,0.00022780079089557148,special_case
2023-10-08 13:00:00,2023-10-08,13,2023,10,8,Sunday,True,fall,2403,219881,91.50270495214316,0.0915726254037753,220.04901884527223,313.17853006195986,66.32894720002253,True,,False,False,True,True,128155.0,126336.0,273010.0,420242.0,0.0,0.0,0.0,0.0,0.0,0.0,0.0,0.0,4,52.0,22,0,True,True,False,False,흐림,19.7,58,11.3,18.6,0.0,0.0,0.0,0.0,3,1023.2,1019.3,100,2,100,0,10.2,98,23.8,367.0,87.0,280.0,1802.31,1,offday,train,-0.2588190451025208,-0.9659258262890683,-0.8660254037844386,0.5000000000000001,True,66.20860687675523,0.12034032326729971,special_case
2025-03-23 14:00:00,2025-03-23,14,2025,3,23,Sunday,True,spring,2724,254202,93.31938325991187,0.0977777335148833,266.34654609454225,391.8333267800255,66.36158147416671,True,,False,False,True,True,128057.0,123831.0,306602.0,397393.0,0.0,0.0,0.0,0.0,0.0,0.0,0.0,0.0,4,52.0,22,0,True,True,False,False,맑음,20.2,41,6.6,19.5,0.0,0.0,0.0,0.0,0,1009.2,1005.3,0,0,0,0,8.0,200,22.3,773.0,627.0,146.0,3600.0,1,offday,test,-0.4999999999999998,-0.8660254037844388,1.0,6.123233995736766e-17,True,66.32894720002253,0.03263427414418629,special_case
2024-04-21 12:00:00,2024-04-21,12,2024,4,21,Sunday,True,spring,2292,244049,106.47862129144852,0.0657770680274524,150.761039918921,237.09539738545112,66.40906305479962,True,,False,False,True,True,118947.0,113763.0,254785.0,361161.0,702.0,22977.0,2736985.51,604.0,0.0,0.0,0.0,0.0,4,52.0,22,0,True,True,True,False,흐림,19.9,56,10.8,17.1,0.0,0.0,0.0,0.0,3,1011.1,1007.2,100,52,77,100,20.3,83,40.7,425.0,63.0,362.0,366.61,1,offday,valid,1.2246467991473532e-16,-1.0,0.8660254037844387,-0.49999999999999983,True,66.36158147416671,0.04748158063290475,special_case
2025-08-16 15:00:00,2025-08-16,15,2025,8,16,Saturday,True,summer,2622,294606,112.35926773455378,0.0935275965658001,245.229358195528,430.547812788163,66.43795947428282,True,,False,False,True,True,142475.0,139526.0,342579.0,398731.0,0.0,0.0,0.0,0.0,14.0,13.0,1.0,8.0,4,52.0,22,0,True,True,False,True,흐림,29.5,71,23.8,33.7,0.0,0.0,0.0,0.0,3,1012.9,1009.1,98,23,0,97,14.1,235,32.8,597.0,380.0,217.0,3600.0,1,offday,test,-0.7071067811865471,-0.7071067811865479,-0.8660254037844384,-0.5000000000000004,True,66.40906305479962,0.028896419483203317,special_case
2024-08-15 12:00:00,2024-08-15,12,2024,8,15,Thursday,False,summer,2148,229335,106.76675977653632,0.0751590877463387,161.4417204791355,257.32863913961927,66.53864259246035,False,광복절,True,False,True,False,123173.0,117125.0,233257.0,367781.0,306.0,7157.0,650521.72,281.0,0.0,0.0,0.0,0.0,4,52.0,22,0,True,True,True,False,약한 이슬비,31.5,65,24.1,38.6,0.1,0.1,0.0,0.0,51,1008.5,1004.8,24,13,3,11,3.8,139,16.2,775.0,600.0,175.0,3600.0,1,offday,valid,1.2246467991473532e-16,-1.0,-0.8660254037844384,-0.5000000000000004,True,66.43795947428282,0.10068311817752829,special_case
2024-06-06 14:00:00,2024-06-06,14,2024,6,6,Thursday,False,summer,2869,276505,96.37678633670268,0.1049582705891367,301.12527832023324,461.0131364914788,66.5605680359846,False,현충일,True,False,True,False,120402.0,116099.0,282830.0,361605.0,597.0,21875.0,2185021.63,551.0,0.0,0.0,0.0,0.0,4,52.0,22,0,True,True,True,False,대체로 맑음,29.4,35,12.4,31.0,0.0,0.0,0.0,0.0,1,1015.2,1011.4,23,0,23,0,4.6,141,18.7,802.0,567.0,235.0,3600.0,1,offday,valid,-0.4999999999999998,-0.8660254037844388,1.2246467991473532e-16,-1.0,True,66.53864259246035,0.021925443524253296,special_case
2024-04-28 15:00:00,2024-04-28,15,2024,4,28,Sunday,True,spring,3102,330803,106.6418439716312,0.1077131147753142,334.1260820330249,569.9056790019226,66.56164616904493,True,,False,False,True,True,134685.0,137880.0,333807.0,394074.0,901.0,33502.0,3819466.37,858.0,0.0,0.0,0.0,0.0,4,52.0,22,0,True,True,True,False,흐림,26.9,27,6.4,26.1,0.0,0.0,0.0,0.0,3,1012.2,1008.4,100,0,0,100,5.6,220,16.6,700.0,418.0,282.0,3600.0,1,offday,valid,-0.7071067811865471,-0.7071067811865479,0.8660254037844387,-0.49999999999999983,True,66.5605680359846,0.0010781330603322203,special_case
2025-08-23 13:00:00,2025-08-23,13,2025,8,23,Saturday,True,summer,2560,275770,107.72265625,0.0663205601576762,169.78063400365127,274.3007654757828,66.59044141177174,True,,False,False,True,True,130570.0,123894.0,275004.0,414551.0,0.0,0.0,0.0,0.0,15.0,15.0,0.0,9.0,4,52.0,22,0,True,True,False,True,약한 이슬비,31.1,68,24.5,36.1,0.3,0.3,0.0,0.0,51,1010.6,1006.9,28,23,7,0,11.7,250,28.8,608.0,376.0,232.0,3600.0,1,offday,test,-0.2588190451025208,-0.9659258262890683,-0.8660254037844384,-0.5000000000000004,True,66.56164616904493,0.028795242726801007,special_case
2024-06-15 16:00:00,2024-06-15,16,2024,6,15,Saturday,True,summer,4097,398638,97.29997559189653,0.1019931999973653,417.86614038920584,656.0778112557466,66.61058986526314,True,,False,False,True,True,154396.0,157144.0,385186.0,425241.0,615.0,18033.0,2033975.89,569.0,0.0,0.0,0.0,0.0,4,52.0,22,0,True,True,True,False,흐림,28.2,52,17.5,29.7,0.0,0.0,0.0,0.0,3,1001.7,998.0,100,100,28,2,9.7,272,24.1,589.0,359.0,230.0,3600.0,1,offday,valid,-0.8660254037844384,-0.5000000000000004,1.2246467991473532e-16,-1.0,True,66.59044141177174,0.020148453491401597,special_case
2022-10-01 11:00:00,2022-10-01,11,2022,10,1,Saturday,True,fall,2838,247292,87.13601127554615,0.0550655360577097,156.27599133178023,204.91238196660612,66.62790762209579,True,,False,False,True,True,,,200013.0,311760.0,0.0,0.0,0.0,0.0,0.0,0.0,0.0,0.0,4,52.0,22,0,False,True,False,False,흐림,19.9,74,15.1,21.6,0.0,0.0,0.0,0.0,3,1020.0,1016.1,100,18,0,100,2.5,8,13.7,610.0,435.0,175.0,3600.0,1,offday,train,0.258819045102521,-0.9659258262890682,-0.8660254037844386,0.5000000000000001,True,66.61058986526314,0.017317756832653686,special_case
2023-10-08 12:00:00,2023-10-08,12,2023,10,8,Sunday,True,fall,2403,219881,91.50270495214316,0.0738136969525007,177.37431377685925,246.84958286193736,66.7186619724811,True,,False,False,True,True,121558.0,116166.0,246525.0,380684.0,0.0,0.0,0.0,0.0,0.0,0.0,0.0,0.0,4,52.0,22,0,True,True,False,False,흐림,19.5,63,12.2,18.6,0.0,0.0,0.0,0.0,3,1024.0,1020.1,96,5,96,5,11.5,86,22.7,448.0,202.0,246.0,3600.0,1,offday,train,1.2246467991473532e-16,-1.0,-0.8660254037844386,0.5000000000000001,True,66.62790762209579,0.09075435038531054,special_case
2024-10-19 12:00:00,2024-10-19,12,2024,10,19,Saturday,True,fall,2506,219359,87.53351955307262,0.0738136969525007,184.9771245629668,248.3015732703987,66.73150345036464,True,,False,False,True,True,130567.0,126480.0,266914.0,391643.0,600.0,18984.0,1891661.01,514.0,0.0,0.0,0.0,0.0,4,52.0,22,0,True,True,True,False,약한 이슬비,20.5,67,14.1,19.9,0.1,0.1,0.0,0.0,51,1018.0,1014.1,75,74,16,0,13.9,23,29.2,457.0,246.0,211.0,3600.0,1,offday,valid,1.2246467991473532e-16,-1.0,-0.8660254037844386,0.5000000000000001,True,66.7186619724811,0.01284147788354062,special_case
2022-05-07 13:00:00,2022-05-07,13,2022,5,7,Saturday,True,spring,2686,233331,86.8693224125093,0.0829554972469645,222.8184656053469,301.938411882168,66.77162298413188,True,,False,False,True,True,,,232173.0,351954.0,0.0,0.0,0.0,0.0,0.0,0.0,0.0,0.0,4,52.0,22,0,False,True,False,False,대체로 맑음,23.3,18,-2.5,19.6,0.0,0.0,0.0,0.0,1,1016.5,1012.6,42,0,0,42,20.0,321,38.5,896.0,696.0,200.0,3600.0,1,offday,train,-0.2588190451025208,-0.9659258262890683,0.49999999999999994,-0.8660254037844387,True,66.73150345036464,0.04011953376723909,special_case
2023-10-14 12:00:00,2023-10-14,12,2023,10,14,Saturday,True,fall,3352,215087,64.1667661097852,0.0738136969525007,247.42351218478245,260.241851220083,66.84141307072818,True,,False,False,True,True,121558.0,116166.0,246525.0,380684.0,0.0,0.0,0.0,0.0,0.0,0.0,0.0,0.0,4,52.0,22,0,True,True,False,False,약한 이슬비,15.9,85,13.4,16.2,0.3,0.3,0.0,0.0,51,1011.7,1007.8,100,91,84,87,5.6,165,19.4,271.0,46.0,225.0,229.6,1,offday,train,1.2246467991473532e-16,-1.0,-0.8660254037844386,0.5000000000000001,True,66.77162298413188,0.06979008659629926,special_case
2022-09-09 12:00:00,2022-09-09,12,2022,9,9,Friday,False,fall,2510,190848,76.03505976095617,0.1065118396644879,267.34471755786467,325.04282935176286,66.86184000979597,False,추석,True,False,True,True,,,203808.0,301768.0,0.0,0.0,0.0,0.0,0.0,0.0,0.0,0.0,4,52.0,22,0,False,True,False,False,흐림,25.9,64,18.5,29.4,0.0,0.0,0.0,0.0,3,1018.5,1014.7,100,0,0,100,6.6,81,17.6,765.0,565.0,200.0,3600.0,1,offday,train,1.2246467991473532e-16,-1.0,-1.0,-1.8369701987210297e-16,True,66.84141307072818,0.020426939067789363,special_case
2022-10-30 13:00:00,2022-10-30,13,2022,10,30,Sunday,True,fall,2522,221968,88.01268834258525,0.0915726254037753,230.94616126832153,317.859328973326,66.86335206903456,True,,False,False,True,True,,,257977.0,384947.0,0.0,0.0,0.0,0.0,0.0,0.0,0.0,0.0,4,52.0,22,0,False,True,False,False,대체로 맑음,18.6,55,9.5,17.5,0.0,0.0,0.0,0.0,1,1025.2,1021.2,29,29,0,0,8.2,105,24.5,585.0,457.0,128.0,3600.0,1,offday,train,-0.2588190451025208,-0.9659258262890683,-0.8660254037844386,0.5000000000000001,True,66.86184000979597,0.0015120592385926557,special_case
2023-03-26 13:00:00,2023-03-26,13,2023,3,26,Sunday,True,spring,2982,233665,78.35848423876593,0.0829554972469645,247.37329279044835,307.3893859431631,66.8751479032257,True,,False,False,True,True,121347.0,113931.0,253070.0,376569.0,752.0,28240.0,3162422.27,647.0,0.0,0.0,0.0,0.0,4,52.0,22,0,True,True,True,False,맑음,13.1,15,-12.9,7.9,0.0,0.0,0.0,0.0,0,1017.8,1013.8,0,0,0,0,21.4,316,41.4,842.0,689.0,153.0,3600.0,1,offday,train,-0.2588190451025208,-0.9659258262890683,1.0,6.123233995736766e-17,True,66.86335206903456,0.011795834191133281,special_case
2022-06-11 13:00:00,2022-06-11,13,2022,6,11,Saturday,True,summer,2957,275073,93.02434900236726,0.0663205601576762,196.10989638624875,279.65499255264035,66.87795047642933,True,,False,False,True,True,,,217587.0,326187.0,0.0,0.0,0.0,0.0,0.0,0.0,0.0,0.0,4,52.0,22,0,False,True,False,False,맑음,28.8,41,14.3,30.7,0.0,0.0,0.0,0.0,0,1012.1,1008.3,5,0,2,2,9.4,356,24.1,872.0,655.0,217.0,3600.0,1,offday,train,-0.2588190451025208,-0.9659258262890683,1.2246467991473532e-16,-1.0,True,66.8751479032257,0.0028025732036383033,special_case
2022-08-28 16:00:00,2022-08-28,16,2022,8,28,Sunday,True,summer,4557,408972,89.74588545095457,0.1019931999973653,464.7830123879939,676.0805585494496,66.89752353496613,True,,False,False,True,True,,,329289.0,353510.0,0.0,0.0,0.0,0.0,0.0,0.0,0.0,0.0,4,52.0,22,0,False,True,False,False,흐림,25.8,50,14.6,26.9,0.0,0.0,0.0,0.0,3,1014.2,1010.4,100,0,0,100,3.5,66,12.6,582.0,396.0,186.0,3600.0,1,offday,train,-0.8660254037844384,-0.5000000000000004,-0.8660254037844384,-0.5000000000000004,True,66.87795047642933,0.019573058536792587,special_case
2023-09-02 15:00:00,2023-09-02,15,2023,9,2,Saturday,True,fall,3905,404509,103.58745198463508,0.1124759978651691,439.2187716634853,738.0940799843454,66.90462963322773,True,,False,False,True,True,129581.0,129207.0,302627.0,354386.0,0.0,0.0,0.0,0.0,0.0,0.0,0.0,0.0,4,52.0,22,0,True,True,False,False,부분적으로 흐림,29.2,44,15.8,31.6,0.0,0.0,0.0,0.0,2,1011.0,1007.2,72,0,0,72,4.0,80,13.7,716.0,556.0,160.0,3600.0,1,offday,train,-0.7071067811865471,-0.7071067811865479,-1.0,-1.8369701987210297e-16,True,66.89752353496613,0.007106098261601801,special_case
2025-09-18 12:00:00,2025-09-18,12,2025,9,18,Thursday,False,fall,2450,190691,77.8330612244898,0.1065118396644879,260.9540071779954,323.58788221246186,66.95037329643475,False,,False,False,False,False,126915.0,121371.0,254165.0,356827.0,0.0,0.0,0.0,0.0,20.0,19.0,1.0,10.0,4,52.0,22,0,True,True,False,True,맑음,24.0,64,16.8,24.7,0.0,0.0,0.0,0.0,0,1016.3,1012.5,18,7,12,0,15.3,91,35.3,659.0,463.0,196.0,3600.0,1,weekday,test,1.2246467991473532e-16,-1.0,-1.0,-1.8369701987210297e-16,True,66.90462963322773,0.045743663207019836,special_case
2023-09-23 14:00:00,2023-09-23,14,2023,9,23,Saturday,True,fall,2796,264230,94.50286123032905,0.1053558771818858,294.57503260055284,441.8085521455897,67.09136909983795,True,,False,False,True,True,114872.0,111185.0,261221.0,333016.0,0.0,0.0,0.0,0.0,0.0,0.0,0.0,0.0,4,52.0,22,0,True,True,False,False,흐림,25.0,53,14.8,25.1,0.0,0.0,0.0,0.0,3,1020.1,1016.3,100,0,0,100,10.7,76,22.3,565.0,264.0,301.0,3600.0,1,offday,train,-0.4999999999999998,-0.8660254037844388,-1.0,-1.8369701987210297e-16,True,66.95037329643475,0.14099580340320017,special_case
2024-10-05 14:00:00,2024-10-05,14,2024,10,5,Saturday,True,fall,3224,270065,83.76705955334988,0.1053558771818858,339.6673480344,456.6132217271382,67.11683527561019,True,,False,False,True,True,137145.0,135034.0,317937.0,400793.0,819.0,31613.0,3037532.17,720.0,0.0,0.0,0.0,0.0,4,52.0,22,0,True,True,True,False,흐림,20.9,53,10.9,20.6,0.0,0.0,0.0,0.0,3,1022.9,1019.0,100,0,0,100,3.5,336,13.3,538.0,232.0,306.0,3600.0,1,offday,valid,-0.4999999999999998,-0.8660254037844388,-0.8660254037844386,0.5000000000000001,True,67.09136909983795,0.02546617577223742,special_case
2022-04-24 15:00:00,2022-04-24,15,2022,4,24,Sunday,True,spring,3199,335005,104.72178805876835,0.1077131147753142,344.5742541662304,577.7171115880102,67.1256718466152,True,,False,False,True,True,,,247697.0,292531.0,0.0,0.0,0.0,0.0,0.0,0.0,0.0,0.0,4,52.0,22,0,False,True,False,False,대체로 맑음,20.6,63,13.4,20.2,0.0,0.0,0.0,0.0,1,1010.2,1006.3,30,8,0,23,16.5,250,33.5,721.0,515.0,206.0,3600.0,1,offday,train,-0.7071067811865471,-0.7071067811865479,0.8660254037844387,-0.49999999999999983,True,67.11683527561019,0.008836571005019778,special_case
2022-05-22 15:00:00,2022-05-22,15,2022,5,22,Sunday,True,spring,6410,399059,62.25569422776911,0.1077131147753142,690.4410657097645,714.0038698579594,67.25770578265951,True,,False,False,True,True,,,285323.0,338698.0,0.0,0.0,0.0,0.0,0.0,0.0,0.0,0.0,4,52.0,22,0,False,True,False,False,맑음,23.6,52,13.2,23.0,0.0,0.0,0.0,0.0,0,1006.3,1002.5,0,0,0,0,18.7,230,37.8,767.0,583.0,184.0,3600.0,1,offday,train,-0.7071067811865471,-0.7071067811865479,0.49999999999999994,-0.8660254037844387,True,67.1256718466152,0.13203393604430858,special_case
2023-05-20 14:00:00,2023-05-20,14,2023,5,20,Saturday,True,spring,2871,258545,90.05398815743644,0.0977777335148833,280.7198729212301,400.0167909204691,67.25865307862153,True,,False,False,True,True,119940.0,114747.0,271180.0,349432.0,706.0,24726.0,2626964.82,653.0,0.0,0.0,0.0,0.0,4,52.0,22,0,True,True,True,False,흐림,24.4,53,14.2,24.5,0.0,0.0,0.0,0.0,3,1009.6,1005.8,87,0,0,87,18.6,238,39.2,830.0,611.0,219.0,3600.0,1,offday,train,-0.4999999999999998,-0.8660254037844388,0.49999999999999994,-0.8660254037844387,True,67.25770578265951,0.0009472959620211441,special_case
2024-09-07 12:00:00,2024-09-07,12,2024,9,7,Saturday,True,fall,4533,215429,47.524597396867414,0.0738136969525007,334.5974882856858,265.02684867967133,67.3149592233988,True,,False,False,True,True,118989.0,114781.0,234418.0,344657.0,524.0,16022.0,1512646.53,482.0,0.0,0.0,0.0,0.0,4,52.0,22,0,True,True,True,False,맑음,27.9,68,21.4,32.8,0.0,0.0,0.0,0.0,0,1014.3,1010.5,11,11,0,0,1.9,248,11.2,636.0,389.0,247.0,3600.0,1,offday,valid,1.2246467991473532e-16,-1.0,-1.0,-1.8369701987210297e-16,True,67.25865307862153,0.05630614477726681,special_case
2022-05-05 08:00:00,2022-05-05,8,2022,5,5,Thursday,False,spring,4234,493800,116.62730278696267,0.0217493316147036,92.0866700566553,138.4476644439551,67.31645863207625,False,어린이날,True,False,True,False,,,369139.0,553700.0,0.0,0.0,0.0,0.0,0.0,0.0,0.0,0.0,4,52.0,22,0,False,True,False,False,맑음,14.9,53,5.4,12.8,0.0,0.0,0.0,0.0,0,1020.3,1016.3,0,0,0,0,7.2,143,15.5,264.0,155.0,109.0,3600.0,1,offday,train,0.8660254037844387,-0.49999999999999983,0.49999999999999994,-0.8660254037844387,True,67.3149592233988,0.0014994086774464677,special_case
2024-04-10 09:00:00,2024-04-10,9,2024,4,10,Wednesday,False,spring,2764,322664,116.73806078147612,0.0365218073044616,100.94627538953188,157.79322840860334,67.35393258317877,False,국회의원선거,True,False,True,False,163425.0,148545.0,272881.0,454633.0,339.0,9131.0,1120306.57,298.0,0.0,0.0,0.0,0.0,4,52.0,22,0,True,True,True,False,흐림,12.4,71,7.2,9.6,0.0,0.0,0.0,0.0,3,1026.4,1022.4,100,75,37,100,13.7,198,32.0,190.0,16.0,174.0,0.0,1,offday,valid,0.7071067811865476,-0.7071067811865475,0.8660254037844387,-0.49999999999999983,True,67.31645863207625,0.037473951102526826,special_case
2023-10-01 14:00:00,2023-10-01,14,2023,10,1,Sunday,True,fall,2918,266846,91.44825222755313,0.1053558771818858,307.4284496167429,447.4826753301237,67.38062582618744,True,,False,False,True,True,128103.0,125637.0,300223.0,395149.0,0.0,0.0,0.0,0.0,0.0,0.0,0.0,0.0,4,52.0,22,0,True,True,False,False,맑음,21.4,48,9.9,20.3,0.0,0.0,0.0,0.0,0,1015.1,1011.2,4,1,4,0,13.6,310,27.4,702.0,573.0,129.0,3600.0,1,offday,train,-0.4999999999999998,-0.8660254037844388,-0.8660254037844386,0.5000000000000001,True,67.35393258317877,0.02669324300866549,special_case
2025-06-01 13:00:00,2025-06-01,13,2025,6,1,Sunday,True,summer,2685,278968,103.89869646182495,0.0663205601576762,178.0707040233608,278.91034433077834,67.47034346544388,True,,False,False,True,True,126242.0,120332.0,275513.0,398781.0,0.0,0.0,0.0,0.0,7.0,7.0,0.0,2.0,4,52.0,22,0,True,True,False,True,맑음,28.5,35,11.7,30.1,0.0,0.0,0.0,0.0,0,1009.4,1005.6,0,0,0,0,7.0,258,23.8,897.0,696.0,201.0,3600.0,1,offday,test,-0.2588190451025208,-0.9659258262890683,1.2246467991473532e-16,-1.0,True,67.38062582618744,0.08971763925643472,special_case
2023-05-29 12:00:00,2023-05-29,12,2023,5,29,Monday,False,spring,2377,199768,84.04206983592763,0.096293809375837,228.8903848863646,301.55509305457576,67.49366562386822,False,대체공휴일,True,True,True,True,118937.0,111204.0,240041.0,344089.0,559.0,17760.0,2012478.11,509.0,0.0,0.0,0.0,0.0,4,52.0,22,0,True,True,True,False,흐림,24.1,74,19.2,26.3,0.0,0.0,0.0,0.0,3,1010.6,1006.8,100,55,95,100,8.7,83,20.5,281.0,16.0,265.0,0.0,1,offday,train,1.2246467991473532e-16,-1.0,0.49999999999999994,-0.8660254037844387,True,67.47034346544388,0.02332215842434948,special_case
2022-10-30 12:00:00,2022-10-30,12,2022,10,30,Sunday,True,fall,2522,221968,88.01268834258525,0.0738136969525007,186.15814371420683,250.99597690429144,67.50344407637746,True,,False,False,True,True,,,231747.0,349570.0,0.0,0.0,0.0,0.0,0.0,0.0,0.0,0.0,4,52.0,22,0,False,True,False,False,맑음,17.6,61,10.1,16.1,0.0,0.0,0.0,0.0,0,1026.0,1022.0,0,0,0,0,11.7,99,25.9,567.0,439.0,128.0,3600.0,1,offday,train,1.2246467991473532e-16,-1.0,-0.8660254037844386,0.5000000000000001,True,67.49366562386822,0.009778452509237923,special_case
2023-05-29 11:00:00,2023-05-29,11,2023,5,29,Monday,False,spring,2377,199768,84.04206983592763,0.0762910773796575,181.34389093144608,234.0614274307075,67.71240058515329,False,대체공휴일,True,True,True,True,110461.0,98328.0,210432.0,310155.0,418.0,13114.0,1536923.12,332.0,0.0,0.0,0.0,0.0,4,52.0,22,0,True,True,True,False,흐림,23.4,78,19.2,25.4,0.0,0.0,0.0,0.0,3,1010.4,1006.6,100,100,100,100,9.8,62,20.2,445.0,109.0,336.0,1999.96,1,offday,train,0.258819045102521,-0.9659258262890682,0.49999999999999994,-0.8660254037844387,True,67.50344407637746,0.2089565087758274,special_case
2022-06-06 11:00:00,2022-06-06,11,2022,6,6,Monday,False,summer,2874,255140,88.77522616562283,0.0572715655729334,164.59847945661062,220.39097076814693,67.72555157551369,False,현충일,True,False,True,True,,,171667.0,266208.0,0.0,0.0,0.0,0.0,0.0,0.0,0.0,0.0,4,52.0,22,0,False,True,False,False,약한 비,17.8,89,15.9,18.1,1.6,1.6,0.0,0.0,61,1001.7,997.8,99,11,90,97,11.7,45,21.6,221.0,26.0,195.0,0.0,1,offday,train,0.258819045102521,-0.9659258262890682,1.2246467991473532e-16,-1.0,True,67.71240058515329,0.013150990360401238,special_case
2023-08-15 14:00:00,2023-08-15,14,2023,8,15,Tuesday,False,summer,2294,273047,119.02659110723629,0.1049582705891367,240.77427273147964,448.2186766158647,67.73552564681097,False,광복절,True,False,True,False,114849.0,109096.0,257468.0,338044.0,0.0,0.0,0.0,0.0,0.0,0.0,0.0,0.0,4,52.0,22,0,True,True,False,False,흐림,30.5,64,23.0,34.9,0.0,0.0,0.0,0.0,3,1004.7,1001.0,100,4,1,100,6.7,286,14.8,483.0,151.0,332.0,3261.33,1,offday,train,-0.4999999999999998,-0.8660254037844388,-0.8660254037844384,-0.5000000000000004,True,67.72555157551369,0.009974071297278897,special_case
2024-10-12 14:00:00,2024-10-12,14,2024,10,12,Saturday,True,fall,4146,284640,68.65412445730824,0.1053558771818858,436.8054667960987,491.5658967875564,67.76520108590819,True,,False,False,True,True,137145.0,135034.0,317937.0,400793.0,898.0,34843.0,3516247.36,858.0,0.0,0.0,0.0,0.0,4,52.0,22,0,True,True,True,False,맑음,20.8,49,9.8,20.6,0.0,0.0,0.0,0.0,0,1023.2,1019.3,0,0,0,0,5.2,276,15.5,640.0,512.0,128.0,3600.0,1,offday,valid,-0.4999999999999998,-0.8660254037844388,-0.8660254037844386,0.5000000000000001,True,67.73552564681097,0.02967543909721826,special_case
2022-06-11 14:00:00,2022-06-11,14,2022,6,11,Saturday,True,summer,2957,275073,93.02434900236726,0.0809922881834863,239.494196158569,347.434223843195,67.77923129055466,True,,False,False,True,True,,,231925.0,303651.0,0.0,0.0,0.0,0.0,0.0,0.0,0.0,0.0,4,52.0,22,0,False,True,False,False,맑음,29.6,40,14.4,31.4,0.0,0.0,0.0,0.0,0,1011.0,1007.2,12,5,3,5,9.7,356,24.5,839.0,624.0,215.0,3600.0,1,offday,train,-0.4999999999999998,-0.8660254037844388,1.2246467991473532e-16,-1.0,True,67.76520108590819,0.014030204646473976,special_case
2024-04-06 12:00:00,2024-04-06,12,2024,4,6,Saturday,True,spring,2690,246652,91.6921933085502,0.0657770680274524,176.94031299384704,246.03113936729113,67.82289347576273,True,,False,False,True,True,118947.0,113763.0,254785.0,361161.0,746.0,26549.0,2788299.5,598.0,0.0,0.0,0.0,0.0,4,52.0,22,0,True,True,True,False,흐림,15.2,42,2.5,13.4,0.0,0.0,0.0,0.0,3,1020.5,1016.5,100,0,67,100,3.3,264,16.2,600.0,243.0,357.0,3600.0,1,offday,valid,1.2246467991473532e-16,-1.0,0.8660254037844387,-0.49999999999999983,True,67.77923129055466,0.04366218520806342,special_case
2022-09-04 10:00:00,2022-09-04,10,2022,9,4,Sunday,True,fall,3837,315442,82.21058118321605,0.0378925808716765,145.39383280462286,179.4168227130951,67.83567732760345,True,,False,False,True,True,,,165820.0,254499.0,0.0,0.0,0.0,0.0,0.0,0.0,0.0,0.0,4,52.0,22,0,False,True,False,False,보통 비,21.0,89,19.1,21.7,3.3,3.3,0.0,0.0,63,1010.4,1006.5,100,7,76,100,18.9,103,35.3,166.0,6.0,160.0,0.0,1,offday,train,0.49999999999999994,-0.8660254037844387,-1.0,-1.8369701987210297e-16,True,67.82289347576273,0.01278385184072306,special_case
2023-04-02 15:00:00,2023-04-02,15,2023,4,2,Sunday,True,spring,3509,344368,98.13850099743516,0.1077131147753142,377.96531974657785,596.0552950937414,67.9237567639027,True,,False,False,True,True,128851.0,128817.0,304413.0,360146.0,1196.0,57303.0,5512798.3,1050.0,0.0,0.0,0.0,0.0,4,52.0,22,0,True,True,True,False,맑음,24.1,13,-6.2,19.7,0.0,0.0,0.0,0.0,0,1018.3,1014.4,0,0,0,0,16.2,89,33.1,721.0,568.0,153.0,3600.0,1,offday,train,-0.7071067811865471,-0.7071067811865479,0.8660254037844387,-0.49999999999999983,True,67.83567732760345,0.08807943629925319,special_case
2023-05-07 10:00:00,2023-05-07,10,2023,5,7,Sunday,True,spring,3406,382650,112.3458602466236,0.0333632663106753,113.63528505416016,176.40709898692847,67.99991151537964,True,,False,False,True,True,115197.0,102928.0,200388.0,295253.0,278.0,7471.0,979692.72,243.0,0.0,0.0,0.0,0.0,4,52.0,22,0,True,True,True,False,흐림,12.9,62,5.8,10.9,0.0,0.0,0.0,0.0,3,1014.2,1010.2,100,0,100,100,6.0,25,14.0,121.0,0.0,121.0,0.0,1,offday,train,0.49999999999999994,-0.8660254037844387,0.49999999999999994,-0.8660254037844387,True,67.9237567639027,0.07615475147693473,special_case
2022-06-05 15:00:00,2022-06-05,15,2022,6,5,Sunday,True,summer,2693,301765,112.05532862978092,0.0935275965658001,251.8698175516998,441.1015495350669,68.03685536187419,True,,False,False,True,True,,,265436.0,314411.0,0.0,0.0,0.0,0.0,0.0,0.0,0.0,0.0,4,52.0,22,0,False,True,False,False,흐림,25.1,45,12.5,23.2,0.0,0.0,0.0,0.0,3,1001.7,997.9,100,0,20,100,19.0,127,36.4,311.0,47.0,264.0,0.0,1,offday,train,-0.7071067811865471,-0.7071067811865479,1.2246467991473532e-16,-1.0,True,67.99991151537964,0.036943846494551735,special_case
2024-05-19 15:00:00,2024-05-19,15,2024,5,19,Sunday,True,spring,3297,340677,103.32939035486808,0.1077131147753142,355.1301394142112,587.9340340264728,68.04795545774198,True,,False,False,True,True,139083.0,140387.0,352075.0,417775.0,924.0,33866.0,3761365.5,902.0,0.0,0.0,0.0,0.0,4,52.0,22,0,True,True,True,False,맑음,25.5,49,13.9,26.4,0.0,0.0,0.0,0.0,0,1014.2,1010.4,7,0,1,6,10.8,249,23.4,768.0,581.0,187.0,3600.0,1,offday,valid,-0.7071067811865471,-0.7071067811865479,0.49999999999999994,-0.8660254037844387,True,68.03685536187419,0.01110009586778915,special_case
2022-06-04 12:00:00,2022-06-04,12,2022,6,4,Saturday,True,summer,3062,314357,102.66394513389942,0.0513318154074477,157.17801877760505,238.76693274282047,68.05388545137592,True,,False,False,True,True,,,200455.0,301531.0,0.0,0.0,0.0,0.0,0.0,0.0,0.0,0.0,4,52.0,22,0,False,True,False,False,흐림,28.4,44,15.1,31.1,0.0,0.0,0.0,0.0,3,1010.9,1007.1,100,5,7,100,3.7,191,18.4,780.0,478.0,302.0,3600.0,1,offday,train,1.2246467991473532e-16,-1.0,1.2246467991473532e-16,-1.0,True,68.04795545774198,0.005929993633941422,special_case
2025-08-23 14:00:00,2025-08-23,14,2025,8,23,Saturday,True,summer,2560,275770,107.72265625,0.0809922881834863,207.34025774972497,342.3799716574468,68.079206181664,True,,False,False,True,True,127692.0,124172.0,294888.0,387874.0,0.0,0.0,0.0,0.0,15.0,15.0,0.0,9.0,4,52.0,22,0,True,True,False,True,맑음,32.2,63,24.4,38.1,0.0,0.0,0.0,0.0,0,1010.1,1006.4,10,10,0,0,10.3,258,29.2,741.0,573.0,168.0,3600.0,1,offday,test,-0.4999999999999998,-0.8660254037844388,-0.8660254037844384,-0.5000000000000004,True,68.05388545137592,0.02532073028808668,special_case
2023-05-21 14:00:00,2023-05-21,14,2023,5,21,Sunday,True,spring,2560,258878,101.12421875,0.0977777335148833,250.31099779810137,395.867478450867,68.08676936873542,True,,False,False,True,True,119940.0,114747.0,271180.0,349432.0,768.0,30625.0,3303683.34,668.0,0.0,0.0,0.0,0.0,4,52.0,22,0,True,True,True,False,흐림,20.2,58,11.8,19.3,0.0,0.0,0.0,0.0,3,1009.4,1005.5,100,6,1,100,18.4,239,38.2,786.0,498.0,288.0,3600.0,1,offday,train,-0.4999999999999998,-0.8660254037844388,0.49999999999999994,-0.8660254037844387,True,68.079206181664,0.007563187071411903,special_case
2022-04-03 11:00:00,2022-04-03,11,2022,4,3,Sunday,True,spring,3371,283907,84.22040937407297,0.0486258337916605,163.91768571168765,209.31786245281612,68.1042583347703,True,,False,False,True,True,,,158439.0,237117.0,0.0,0.0,0.0,0.0,0.0,0.0,0.0,0.0,4,52.0,22,0,False,True,False,False,맑음,10.9,51,1.1,9.5,0.0,0.0,0.0,0.0,0,1029.9,1025.8,0,0,0,0,3.1,315,14.4,696.0,537.0,159.0,3600.0,1,offday,train,0.258819045102521,-0.9659258262890682,0.8660254037844387,-0.49999999999999983,True,68.08676936873542,0.017488966034875375,special_case
2024-09-29 13:00:00,2024-09-29,13,2024,9,29,Sunday,True,fall,3998,230363,57.61955977988995,0.0915726254037753,366.1073563642941,351.5824117648319,68.1833339136831,True,,False,False,True,True,124352.0,120608.0,258882.0,380199.0,711.0,24850.0,2717117.73,655.0,0.0,0.0,0.0,0.0,4,52.0,22,0,True,True,True,False,맑음,26.1,58,17.2,27.9,0.0,0.0,0.0,0.0,0,1019.9,1016.1,0,0,0,0,12.2,81,25.6,723.0,589.0,134.0,3600.0,1,offday,valid,-0.2588190451025208,-0.9659258262890683,-1.0,-1.8369701987210297e-16,True,68.1042583347703,0.07907557891280703,special_case
2023-04-22 11:00:00,2023-04-22,11,2023,4,22,Saturday,True,spring,2993,291040,97.24022719679252,0.0486258337916605,145.53712053843998,207.5149482549045,68.4161862644196,True,,False,False,True,True,104251.0,96251.0,205854.0,298552.0,531.0,16228.0,1636924.15,478.0,0.0,0.0,0.0,0.0,4,52.0,22,0,True,True,True,False,흐림,17.2,20,-6.2,12.3,0.0,0.0,0.0,0.0,3,1021.3,1017.3,100,0,66,100,13.8,70,28.1,467.0,153.0,314.0,3600.0,1,offday,train,0.258819045102521,-0.9659258262890682,0.8660254037844387,-0.49999999999999983,True,68.1833339136831,0.23285235073649346,special_case
2022-05-21 15:00:00,2022-05-21,15,2022,5,21,Saturday,True,spring,7059,413591,58.59059356849412,0.1077131147753142,760.3468771989435,742.4862475506168,68.48640451471488,True,,False,False,True,True,,,285323.0,338698.0,0.0,0.0,0.0,0.0,0.0,0.0,0.0,0.0,4,52.0,22,0,False,True,False,False,맑음,21.6,60,13.6,21.1,0.0,0.0,0.0,0.0,0,1008.3,1004.5,13,13,0,0,17.6,247,37.1,727.0,495.0,232.0,3600.0,1,offday,train,-0.7071067811865471,-0.7071067811865479,0.49999999999999994,-0.8660254037844387,True,68.4161862644196,0.07021825029528372,special_case
2024-10-27 13:00:00,2024-10-27,13,2024,10,27,Sunday,True,fall,2344,226831,96.77090443686006,0.0915726254037753,214.6462339464495,320.68083984699933,68.5589738845033,True,,False,False,True,True,137374.0,134469.0,296007.0,431650.0,569.0,16966.0,1844208.82,538.0,0.0,0.0,0.0,0.0,4,52.0,22,0,True,True,True,False,흐림,17.5,78,13.6,17.8,0.0,0.0,0.0,0.0,3,1013.8,1009.9,100,23,85,100,5.6,268,13.7,199.0,7.0,192.0,0.0,1,offday,valid,-0.2588190451025208,-0.9659258262890683,-0.8660254037844386,0.5000000000000001,True,68.48640451471488,0.07256936978842532,special_case
2025-05-24 15:00:00,2025-05-24,15,2025,5,24,Saturday,True,spring,4978,376177,75.56789875451989,0.1077131147753142,536.1958853515144,662.4872355882296,68.60297531534013,True,,False,False,True,True,145162.0,145607.0,361252.0,431423.0,0.0,0.0,0.0,0.0,10.0,9.0,1.0,5.0,4,52.0,22,0,True,True,False,True,흐림,17.6,57,8.9,15.3,0.0,0.0,0.0,0.0,3,1009.1,1005.2,84,31,81,0,13.8,63,31.7,344.0,57.0,287.0,198.36,1,offday,test,-0.7071067811865471,-0.7071067811865479,0.49999999999999994,-0.8660254037844387,True,68.5589738845033,0.04400143083682906,special_case
2024-10-27 12:00:00,2024-10-27,12,2024,10,27,Sunday,True,fall,2344,226831,96.77090443686006,0.0738136969525007,173.01930565666171,252.12186596249603,68.61492547804653,True,,False,False,True,True,130567.0,126480.0,266914.0,391643.0,510.0,16177.0,1789909.79,457.0,0.0,0.0,0.0,0.0,4,52.0,22,0,True,True,True,False,흐림,17.5,75,13.0,17.8,0.0,0.0,0.0,0.0,3,1014.8,1010.9,100,20,100,100,4.9,270,13.7,309.0,65.0,244.0,1353.92,1,offday,valid,1.2246467991473532e-16,-1.0,-0.8660254037844386,0.5000000000000001,True,68.60297531534013,0.01195016270639826,special_case
2024-06-09 13:00:00,2024-06-09,13,2024,6,9,Sunday,True,summer,2737,283801,103.69053708439898,0.0663205601576762,181.51937315155996,283.82453678886014,68.64543293715644,True,,False,False,True,True,122281.0,117640.0,264558.0,388976.0,544.0,16202.0,1776761.56,517.0,0.0,0.0,0.0,0.0,4,52.0,22,0,True,True,True,False,흐림,27.0,52,16.3,30.0,0.0,0.0,0.0,0.0,3,1007.9,1004.1,91,0,0,91,8.4,223,22.0,888.0,664.0,224.0,3600.0,1,offday,valid,-0.2588190451025208,-0.9659258262890683,1.2246467991473532e-16,-1.0,True,68.61492547804653,0.030507459109912816,special_case
2024-04-13 15:00:00,2024-04-13,15,2024,4,13,Saturday,True,spring,3291,343106,104.25584928593132,0.1077131147753142,354.4838607255593,591.8327903173711,68.6773301193665,True,,False,False,True,True,134685.0,137880.0,333807.0,394074.0,1004.0,42384.0,4406365.24,875.0,0.0,0.0,0.0,0.0,4,52.0,22,0,True,True,True,False,맑음,26.6,26,5.4,25.0,0.0,0.0,0.0,0.0,0,1016.5,1012.7,0,0,0,0,10.5,264,24.5,726.0,561.0,165.0,3600.0,1,offday,valid,-0.7071067811865471,-0.7071067811865479,0.8660254037844387,-0.49999999999999983,True,68.64543293715644,0.03189718221005933,special_case
2022-04-09 14:00:00,2022-04-09,14,2022,4,9,Saturday,True,spring,3380,267728,79.20946745562131,0.0977777335148833,330.4887392803057,420.2576480344877,68.68850945830684,True,,False,False,True,True,,,217213.0,285529.0,0.0,0.0,0.0,0.0,0.0,0.0,0.0,0.0,4,52.0,22,0,False,True,False,False,맑음,20.8,46,8.7,19.0,0.0,0.0,0.0,0.0,0,1014.0,1010.1,0,0,0,0,18.3,225,36.7,794.0,619.0,175.0,3600.0,1,offday,train,-0.4999999999999998,-0.8660254037844388,0.8660254037844387,-0.49999999999999983,True,68.6773301193665,0.011179338940337402,special_case
2023-06-24 13:00:00,2023-06-24,13,2023,6,24,Saturday,True,summer,2812,283710,100.89260312944523,0.0663205601576762,186.4934151633857,284.8708393917593,68.70914352026489,True,,False,False,True,True,120185.0,113904.0,249942.0,367950.0,498.0,12214.0,1285565.71,517.0,0.0,0.0,0.0,0.0,4,52.0,22,0,True,True,True,False,약한 이슬비,28.5,64,20.9,33.6,0.1,0.1,0.0,0.0,51,1014.2,1010.4,59,58,6,0,5.1,225,16.6,799.0,527.0,272.0,3600.0,1,offday,train,-0.2588190451025208,-0.9659258262890683,1.2246467991473532e-16,-1.0,True,68.68850945830684,0.020634061958048733,special_case
2024-09-21 10:00:00,2024-09-21,10,2024,9,21,Saturday,True,fall,4008,316973,79.08507984031937,0.0378925808716765,151.87346413367953,182.4115947463003,68.74919844576449,True,,False,False,True,True,113071.0,105062.0,191989.0,288463.0,199.0,4964.0,462387.04,145.0,0.0,0.0,0.0,0.0,4,52.0,22,0,True,True,True,False,약한 비,19.3,85,16.8,18.5,1.4,1.4,0.0,0.0,61,1009.1,1005.2,100,100,100,100,21.7,79,38.5,152.0,6.0,146.0,0.0,1,offday,valid,0.49999999999999994,-0.8660254037844387,-1.0,-1.8369701987210297e-16,True,68.70914352026489,0.040054925499603655,special_case
2022-09-18 15:00:00,2022-09-18,15,2022,9,18,Sunday,True,fall,6875,498703,72.53861818181818,0.1124759978651691,773.2724853230376,924.6390300015394,68.75345724804663,True,,False,False,True,True,,,278702.0,322443.0,0.0,0.0,0.0,0.0,0.0,0.0,0.0,0.0,4,52.0,22,0,False,True,False,False,대체로 맑음,31.5,59,22.6,35.6,0.0,0.0,0.0,0.0,1,1002.4,998.7,32,32,0,0,10.8,30,20.2,620.0,480.0,140.0,3600.0,1,offday,train,-0.7071067811865471,-0.7071067811865479,-1.0,-1.8369701987210297e-16,True,68.74919844576449,0.004258802282137708,special_case
2025-05-31 11:00:00,2025-05-31,11,2025,5,31,Saturday,True,spring,2982,292972,98.2468142186452,0.0486258337916605,145.00223636673172,208.42135718781745,68.77700746129625,True,,False,False,True,True,118017.0,105966.0,236494.0,354786.0,0.0,0.0,0.0,0.0,7.0,7.0,0.0,2.0,4,52.0,22,0,True,True,False,True,흐림,24.9,41,10.6,25.7,0.0,0.0,0.0,0.0,3,1012.6,1008.8,100,0,0,100,1.4,230,15.8,676.0,335.0,341.0,3600.0,1,offday,test,0.258819045102521,-0.9659258262890682,0.49999999999999994,-0.8660254037844387,True,68.75345724804663,0.02355021324962081,special_case
2022-09-11 13:00:00,2022-09-11,13,2022,9,11,Sunday,True,fall,2753,229018,83.18852161278605,0.0915726254037753,252.09943773659364,330.6347508374893,68.83774827972024,True,추석,True,False,True,True,,,222483.0,326414.0,0.0,0.0,0.0,0.0,0.0,0.0,0.0,0.0,4,52.0,22,0,False,True,False,False,흐림,23.6,67,17.1,25.6,0.0,0.0,0.0,0.0,3,1015.5,1011.7,100,0,100,100,4.0,95,16.2,166.0,0.0,166.0,0.0,1,offday,train,-0.2588190451025208,-0.9659258262890683,-1.0,-1.8369701987210297e-16,True,68.77700746129625,0.06074081842399437,special_case
2025-06-01 14:00:00,2025-06-01,14,2025,6,1,Sunday,True,summer,2685,278968,103.89869646182495,0.0809922881834863,217.4642937726607,347.7488235170772,68.83847918629885,True,,False,False,True,True,124546.0,121399.0,291512.0,373818.0,0.0,0.0,0.0,0.0,7.0,7.0,0.0,2.0,4,52.0,22,0,True,True,False,True,맑음,28.5,36,11.9,29.3,0.0,0.0,0.0,0.0,0,1008.6,1004.8,0,0,0,0,11.0,252,30.6,867.0,665.0,202.0,3600.0,1,offday,test,-0.4999999999999998,-0.8660254037844388,1.2246467991473532e-16,-1.0,True,68.83774827972024,0.000730906578610302,special_case
2023-10-09 13:00:00,2023-10-09,13,2023,10,9,Monday,False,fall,2470,251608,101.8655870445344,0.1201225009099709,296.70257724762814,480.27218251471754,68.94588069252234,False,한글날,True,False,True,True,128155.0,126336.0,273010.0,420242.0,0.0,0.0,0.0,0.0,0.0,0.0,0.0,0.0,4,52.0,22,0,True,True,False,False,흐림,19.5,59,11.4,20.1,0.0,0.0,0.0,0.0,3,1020.1,1016.2,95,0,39,92,3.8,107,16.2,646.0,456.0,190.0,3600.0,1,offday,train,-0.2588190451025208,-0.9659258262890683,-0.8660254037844386,0.5000000000000001,True,68.83847918629885,0.1074015062234821,special_case
2023-06-18 11:00:00,2023-06-18,11,2023,6,18,Sunday,True,summer,3819,385582,100.96412673474732,0.037472805085182,143.10864262031015,210.1360923430196,68.94676557373091,True,,False,False,True,True,105419.0,96068.0,200649.0,304043.0,398.0,10990.0,1283058.15,387.0,0.0,0.0,0.0,0.0,4,52.0,22,0,True,True,True,False,흐림,26.4,54,16.4,28.6,0.0,0.0,0.0,0.0,3,1008.5,1004.7,100,0,0,100,4.8,297,15.5,673.0,363.0,310.0,3600.0,1,offday,train,0.258819045102521,-0.9659258262890682,1.2246467991473532e-16,-1.0,True,68.94588069252234,0.0008848812085773261,special_case
2023-06-25 13:00:00,2023-06-25,13,2023,6,25,Sunday,True,summer,2562,286263,111.73419203747072,0.0663205601576762,169.91327512396663,283.30782194978906,69.01641080248658,True,,False,False,True,True,120185.0,113904.0,249942.0,367950.0,419.0,11006.0,1251884.76,392.0,0.0,0.0,0.0,0.0,4,52.0,22,0,True,True,True,False,부분적으로 흐림,31.0,53,20.3,35.2,0.0,0.0,0.0,0.0,2,1011.7,1008.0,77,2,2,76,10.5,96,22.7,860.0,661.0,199.0,3600.0,1,offday,train,-0.2588190451025208,-0.9659258262890683,1.2246467991473532e-16,-1.0,True,68.94676557373091,0.06964522875566104,special_case
2025-05-06 10:00:00,2025-05-06,10,2025,5,6,Tuesday,False,spring,2428,240602,99.09472817133444,0.0553484319653476,134.38599281186413,192.16470936109923,69.08159363368475,False,대체공휴일,True,True,True,True,119974.0,107930.0,221425.0,328176.0,0.0,0.0,0.0,0.0,6.0,5.0,1.0,3.0,4,52.0,22,0,True,True,False,True,흐림,15.6,52,5.8,14.4,0.0,0.0,0.0,0.0,3,1007.8,1003.9,100,0,1,100,5.0,2,16.2,633.0,465.0,168.0,3600.0,1,offday,test,0.49999999999999994,-0.8660254037844387,0.49999999999999994,-0.8660254037844387,True,69.01641080248658,0.0651828311981717,special_case
2022-10-08 11:00:00,2022-10-08,11,2022,10,8,Saturday,True,fall,3141,253689,80.76695319961796,0.0550655360577097,172.9608487572663,214.15576805190943,69.09394264073302,True,,False,False,True,True,,,200013.0,311760.0,0.0,0.0,0.0,0.0,0.0,0.0,0.0,0.0,4,52.0,22,0,False,True,False,False,맑음,16.2,65,9.6,14.6,0.0,0.0,0.0,0.0,0,1026.1,1022.1,0,0,0,0,10.4,90,23.0,541.0,340.0,201.0,3600.0,1,offday,train,0.258819045102521,-0.9659258262890682,-0.8660254037844386,0.5000000000000001,True,69.08159363368475,0.012349007048271687,special_case
2022-08-27 11:00:00,2022-08-27,11,2022,8,27,Saturday,True,summer,4495,375388,83.5123470522803,0.037472805085182,168.4402588578932,213.7221978914885,69.11002694219553,True,,False,False,True,True,,,171969.0,276271.0,0.0,0.0,0.0,0.0,0.0,0.0,0.0,0.0,4,52.0,22,0,False,True,False,False,맑음,21.1,53,11.2,20.3,0.0,0.0,0.0,0.0,0,1011.2,1007.3,0,0,0,0,16.4,322,32.8,763.0,641.0,122.0,3600.0,1,offday,train,0.258819045102521,-0.9659258262890682,-0.8660254037844384,-0.5000000000000004,True,69.09394264073302,0.01608430146251294,special_case
2024-04-07 15:00:00,2024-04-07,15,2024,4,7,Sunday,True,spring,3221,343484,106.63893200869296,0.1077131147753142,346.9439426912873,591.7533133502845,69.11279005837855,True,,False,False,True,True,134685.0,137880.0,333807.0,394074.0,1401.0,62347.0,6618988.06,1172.0,0.0,0.0,0.0,0.0,4,52.0,22,0,True,True,True,False,맑음,21.1,25,0.2,18.9,0.0,0.0,0.0,0.0,0,1016.1,1012.2,3,0,0,3,7.9,231,20.5,719.0,559.0,160.0,3600.0,1,offday,valid,-0.7071067811865471,-0.7071067811865479,0.8660254037844387,-0.49999999999999983,True,69.11002694219553,0.00276311618301861,special_case
2022-05-14 12:00:00,2022-05-14,12,2022,5,14,Saturday,True,spring,2936,249959,85.1358991825613,0.0657770680274524,193.12147172860037,252.9304368617796,69.12872734177213,True,,False,False,True,True,,,213834.0,325207.0,0.0,0.0,0.0,0.0,0.0,0.0,0.0,0.0,4,52.0,22,0,False,True,False,False,흐림,19.4,31,1.9,15.7,0.0,0.0,0.0,0.0,3,1012.4,1008.5,100,1,26,100,21.7,277,42.1,833.0,549.0,284.0,3600.0,1,offday,train,1.2246467991473532e-16,-1.0,0.49999999999999994,-0.8660254037844387,True,69.11279005837855,0.015937283393583357,special_case
2024-05-04 12:00:00,2024-05-04,12,2024,5,4,Saturday,True,spring,4896,241877,49.40298202614379,0.0657770680274524,322.04452506240716,265.1659980546019,69.14148472084398,True,,False,False,True,True,127195.0,117440.0,269436.0,392811.0,688.0,22354.0,2344918.71,636.0,0.0,0.0,0.0,0.0,4,52.0,22,0,True,True,True,False,맑음,25.4,30,6.8,25.4,0.0,0.0,0.0,0.0,0,1016.6,1012.8,0,0,0,0,7.7,221,22.3,863.0,671.0,192.0,3600.0,1,offday,valid,1.2246467991473532e-16,-1.0,0.49999999999999994,-0.8660254037844387,True,69.12872734177213,0.012757379071842934,special_case
2023-05-28 11:00:00,2023-05-28,11,2023,5,28,Sunday,True,spring,3385,288986,85.3725258493353,0.0486258337916605,164.5984473847709,212.3557388907486,69.18259450814261,True,,False,False,True,True,110461.0,98328.0,210432.0,310155.0,10.0,115.0,10771.29,6.0,0.0,0.0,0.0,0.0,4,52.0,22,0,True,True,True,False,보통 비,19.4,96,18.7,20.9,3.4,3.4,0.0,0.0,63,1012.9,1009.0,100,100,100,100,12.0,219,27.7,93.0,0.0,93.0,0.0,1,offday,train,0.258819045102521,-0.9659258262890682,0.49999999999999994,-0.8660254037844387,True,69.14148472084398,0.04110978729863746,special_case
2024-05-04 13:00:00,2024-05-04,13,2024,5,4,Saturday,True,spring,4896,241877,49.40298202614379,0.0829554972469645,406.15011452113856,334.4171134600675,69.25111540546561,True,,False,False,True,True,129171.0,124826.0,291672.0,434999.0,745.0,23048.0,2444346.31,717.0,0.0,0.0,0.0,0.0,4,52.0,22,0,True,True,True,False,맑음,26.4,28,6.2,26.1,0.0,0.0,0.0,0.0,0,1016.1,1012.3,4,0,0,4,9.0,233,24.8,897.0,708.0,189.0,3600.0,1,offday,valid,-0.2588190451025208,-0.9659258262890683,0.49999999999999994,-0.8660254037844387,True,69.18259450814261,0.0685208973229976,special_case
2025-05-06 13:00:00,2025-05-06,13,2025,5,6,Tuesday,False,spring,2428,240602,99.09472817133444,0.111787395763264,271.4197969132051,423.7598131394252,69.2634165243619,False,대체공휴일,True,True,True,True,131842.0,124440.0,292232.0,438367.0,0.0,0.0,0.0,0.0,6.0,5.0,1.0,3.0,4,52.0,22,0,True,True,False,True,흐림,17.9,42,4.8,16.1,0.0,0.0,0.0,0.0,3,1007.1,1003.2,100,0,100,100,10.7,320,27.0,732.0,361.0,371.0,3600.0,1,offday,test,-0.2588190451025208,-0.9659258262890683,0.49999999999999994,-0.8660254037844387,True,69.25111540546561,0.012301118896289154,special_case
2025-05-18 15:00:00,2025-05-18,15,2025,5,18,Sunday,True,spring,3378,347214,102.78685612788632,0.1077131147753142,363.8549017110117,599.3916839750142,69.26700284352535,True,,False,False,True,True,145162.0,145607.0,361252.0,431423.0,0.0,0.0,0.0,0.0,7.0,6.0,1.0,4.0,4,52.0,22,0,True,True,False,True,맑음,19.3,37,4.3,16.9,0.0,0.0,0.0,0.0,0,1011.1,1007.2,17,5,16,0,14.4,255,33.8,748.0,553.0,195.0,3600.0,1,offday,test,-0.7071067811865471,-0.7071067811865479,0.49999999999999994,-0.8660254037844387,True,69.2634165243619,0.0035863191634462055,special_case
2025-06-22 12:00:00,2025-06-22,12,2025,6,22,Sunday,True,summer,2907,322514,110.9439284485724,0.0513318154074477,149.22158738945063,241.71321399419975,69.32901380920202,True,,False,False,True,True,120695.0,114182.0,252871.0,367500.0,0.0,0.0,0.0,0.0,12.0,12.0,0.0,3.0,4,52.0,22,0,True,True,False,True,맑음,25.0,66,18.1,28.3,0.0,0.0,0.0,0.0,0,1007.4,1003.6,0,0,0,0,10.5,237,27.7,869.0,677.0,192.0,3600.0,1,offday,test,1.2246467991473532e-16,-1.0,1.2246467991473532e-16,-1.0,True,69.26700284352535,0.06201096567667719,special_case
2024-09-27 10:00:00,2024-09-27,10,2024,9,27,Friday,False,fall,2915,201302,69.05728987993139,0.0630383817289576,183.75688273991145,202.11672767731977,69.5776008189319,False,,False,False,False,False,113071.0,105062.0,191989.0,288463.0,325.0,8323.0,955195.76,329.0,0.0,0.0,0.0,0.0,4,52.0,22,0,True,True,True,False,흐림,22.3,83,19.2,25.4,0.0,0.0,0.0,0.0,3,1015.3,1011.4,91,21,9,88,2.7,86,13.7,433.0,262.0,171.0,3600.0,1,weekday,valid,0.49999999999999994,-0.8660254037844387,-1.0,-1.8369701987210297e-16,True,69.32901380920202,0.24858700972987435,special_case
2023-04-23 15:00:00,2023-04-23,15,2023,4,23,Sunday,True,spring,3301,347232,105.18994244168434,0.1077131147753142,355.56099187331245,598.6559929380154,69.6477373499821,True,,False,False,True,True,128851.0,128817.0,304413.0,360146.0,876.0,34529.0,3975843.17,851.0,0.0,0.0,0.0,0.0,4,52.0,22,0,True,True,True,False,흐림,21.6,20,-2.6,19.0,0.0,0.0,0.0,0.0,3,1022.3,1018.4,99,0,99,3,4.7,113,22.0,635.0,326.0,309.0,3600.0,1,offday,train,-0.7071067811865471,-0.7071067811865479,0.8660254037844387,-0.49999999999999983,True,69.5776008189319,0.07013653105019557,special_case
2025-05-04 14:00:00,2025-05-04,14,2025,5,4,Sunday,True,spring,3130,269269,86.02843450479233,0.0977777335148833,306.0443059015849,418.6826626551342,69.718757019993,True,,False,False,True,True,130403.0,126266.0,311472.0,410999.0,0.0,0.0,0.0,0.0,4.0,4.0,0.0,2.0,4,52.0,22,0,True,True,False,True,맑음,17.6,43,5.0,14.9,0.0,0.0,0.0,0.0,0,1011.5,1007.6,0,0,0,0,21.3,253,47.5,878.0,692.0,186.0,3600.0,1,offday,test,-0.4999999999999998,-0.8660254037844388,0.49999999999999994,-0.8660254037844387,True,69.6477373499821,0.07101967001091225,special_case
2025-03-23 12:00:00,2025-03-23,12,2025,3,23,Sunday,True,spring,2724,254202,93.31938325991187,0.0657770680274524,179.17673330678045,252.73303208342531,69.80764788678346,True,,False,False,True,True,122122.0,116333.0,258645.0,392749.0,0.0,0.0,0.0,0.0,0.0,0.0,0.0,0.0,4,52.0,22,0,True,True,False,False,맑음,17.5,50,6.9,16.9,0.0,0.0,0.0,0.0,0,1011.3,1007.4,0,0,0,0,7.5,156,21.6,753.0,608.0,145.0,3600.0,1,offday,test,1.2246467991473532e-16,-1.0,1.0,6.123233995736766e-17,True,69.718757019993,0.08889086679045022,special_case
2024-04-21 13:00:00,2024-04-21,13,2024,4,21,Sunday,True,spring,2292,244049,106.47862129144852,0.0829554972469645,190.1339996900428,306.9200876883175,69.82469030286637,True,,False,False,True,True,124599.0,120970.0,274597.0,401986.0,789.0,29221.0,3125559.42,703.0,0.0,0.0,0.0,0.0,4,52.0,22,0,True,True,True,False,흐림,21.0,51,10.6,18.1,0.0,0.0,0.0,0.0,3,1010.8,1006.9,100,98,97,100,21.0,83,39.2,483.0,112.0,371.0,1933.69,1,offday,valid,-0.2588190451025208,-0.9659258262890683,0.8660254037844387,-0.49999999999999983,True,69.80764788678346,0.01704241608291568,special_case
2024-09-27 12:00:00,2024-09-27,12,2024,9,27,Friday,False,fall,2915,201302,69.05728987993139,0.1065118396644879,310.4820126219823,348.33098766627023,69.86153348992246,False,,False,False,False,False,118989.0,114781.0,234418.0,344657.0,432.0,10791.0,1011233.87,429.0,0.0,0.0,0.0,0.0,4,52.0,22,0,True,True,True,False,약한 이슬비,24.2,70,18.4,26.4,0.1,0.1,0.0,0.0,51,1014.6,1010.8,40,11,16,23,7.1,354,17.6,579.0,399.0,180.0,3600.0,1,weekday,valid,1.2246467991473532e-16,-1.0,-1.0,-1.8369701987210297e-16,True,69.82469030286637,0.036843187056092574,special_case
2022-09-11 12:00:00,2022-09-11,12,2022,9,11,Sunday,True,fall,2753,229018,83.18852161278605,0.0738136969525007,203.20910771023452,261.7970025577691,69.88513882945941,True,추석,True,False,True,True,,,203808.0,301768.0,0.0,0.0,0.0,0.0,0.0,0.0,0.0,0.0,4,52.0,22,0,False,True,False,False,흐림,24.0,65,17.0,25.3,0.0,0.0,0.0,0.0,3,1015.8,1012.0,100,0,97,100,7.9,87,19.1,325.0,42.0,283.0,0.0,1,offday,train,1.2246467991473532e-16,-1.0,-1.0,-1.8369701987210297e-16,True,69.86153348992246,0.023605339536942438,special_case
2024-06-16 12:00:00,2024-06-16,12,2024,6,16,Sunday,True,summer,3487,319548,91.63980498996273,0.0513318154074477,178.99404032577033,247.89903431640303,69.96141966348068,True,,False,False,True,True,117789.0,111354.0,243753.0,356376.0,470.0,12624.0,1314061.86,454.0,0.0,0.0,0.0,0.0,4,52.0,22,0,True,True,True,False,맑음,28.4,33,10.6,28.6,0.0,0.0,0.0,0.0,0,1006.4,1002.6,18,0,17,0,10.9,316,28.1,834.0,634.0,200.0,3600.0,1,offday,valid,1.2246467991473532e-16,-1.0,1.2246467991473532e-16,-1.0,True,69.88513882945941,0.07628083402127572,special_case
2024-04-27 11:00:00,2024-04-27,11,2024,4,27,Saturday,True,spring,3026,298158,98.53205551883674,0.0486258337916605,147.14177305356478,211.97660847510016,69.96788690890114,True,,False,False,True,True,110732.0,102208.0,228291.0,325242.0,558.0,16526.0,1882864.46,501.0,0.0,0.0,0.0,0.0,4,52.0,22,0,True,True,True,False,맑음,20.2,49,9.2,20.4,0.0,0.0,0.0,0.0,0,1012.5,1008.6,6,0,0,6,6.6,283,19.4,767.0,595.0,172.0,3600.0,1,offday,valid,0.258819045102521,-0.9659258262890682,0.8660254037844387,-0.49999999999999983,True,69.96141966348068,0.0064672454204526275,special_case
2025-09-19 12:00:00,2025-09-19,12,2025,9,19,Friday,False,fall,2223,197116,88.67116509221772,0.1065118396644879,236.77581957415663,328.1454988947663,69.97306841161361,False,,False,False,False,False,126915.0,121371.0,254165.0,356827.0,0.0,0.0,0.0,0.0,19.0,18.0,1.0,9.0,4,52.0,22,0,True,True,False,True,약한 이슬비,20.5,79,16.7,21.2,0.1,0.1,0.0,0.0,51,1018.2,1014.3,100,4,100,100,11.1,107,24.5,197.0,2.0,195.0,0.0,1,weekday,test,1.2246467991473532e-16,-1.0,-1.0,-1.8369701987210297e-16,True,69.96788690890114,0.005181502712474639,special_case
2023-09-09 15:00:00,2023-09-09,15,2023,9,9,Saturday,True,fall,4206,426609,101.4286733238231,0.1124759978651691,473.0740470209012,779.043317738675,69.9758582452888,True,,False,False,True,True,129581.0,129207.0,302627.0,354386.0,0.0,0.0,0.0,0.0,0.0,0.0,0.0,0.0,4,52.0,22,0,True,True,False,False,흐림,29.0,58,20.0,32.9,0.0,0.0,0.0,0.0,3,1010.3,1006.5,98,20,0,97,5.8,274,15.5,682.0,536.0,146.0,3600.0,1,offday,train,-0.7071067811865471,-0.7071067811865479,-1.0,-1.8369701987210297e-16,True,69.97306841161361,0.0027898336751945862,special_case
2023-06-24 14:00:00,2023-06-24,14,2023,6,24,Saturday,True,summer,2812,283710,100.89260312944523,0.0809922881834863,227.7503143719635,354.8536679141501,69.98282852239078,True,,False,False,True,True,116833.0,111408.0,264572.0,340237.0,494.0,12418.0,1461950.9,474.0,0.0,0.0,0.0,0.0,4,52.0,22,0,True,True,True,False,대체로 맑음,28.6,64,21.0,32.7,0.0,0.0,0.0,0.0,1,1013.9,1010.1,31,30,2,0,7.7,242,18.4,684.0,414.0,270.0,3600.0,1,offday,train,-0.4999999999999998,-0.8660254037844388,1.2246467991473532e-16,-1.0,True,69.9758582452888,0.006970277101970623,special_case
2024-06-09 14:00:00,2024-06-09,14,2024,6,9,Sunday,True,summer,2737,283801,103.69053708439898,0.0809922881834863,221.675892758202,353.8538744951202,70.02933770626004,True,,False,False,True,True,120402.0,116099.0,282830.0,361605.0,573.0,20805.0,2005633.88,517.0,0.0,0.0,0.0,0.0,4,52.0,22,0,True,True,True,False,흐림,27.1,53,16.7,29.4,0.0,0.0,0.0,0.0,3,1007.3,1003.5,100,0,0,100,11.5,229,27.0,834.0,573.0,261.0,3600.0,1,offday,valid,-0.4999999999999998,-0.8660254037844388,1.2246467991473532e-16,-1.0,True,69.98282852239078,0.046509183869261506,special_case
2024-10-01 11:00:00,2024-10-01,11,2024,10,1,Tuesday,False,fall,2312,186400,80.62283737024221,0.0860138816247737,198.8640943164769,248.9585949970885,70.05737561951165,False,임시공휴일,True,False,True,False,120632.0,113626.0,236195.0,363817.0,360.0,9326.0,1045460.72,321.0,0.0,0.0,0.0,0.0,4,52.0,22,0,True,True,True,False,보통 이슬비,16.9,92,15.6,16.6,0.7,0.7,0.0,0.0,53,1012.2,1008.3,100,0,100,100,15.0,305,29.5,110.0,1.0,109.0,0.0,1,offday,valid,0.258819045102521,-0.9659258262890682,-0.8660254037844386,0.5000000000000001,True,70.02933770626004,0.02803791325160887,special_case
2023-05-13 12:00:00,2023-05-13,12,2023,5,13,Saturday,True,spring,2846,254340,89.3675333801827,0.0657770680274524,187.2015356061296,254.93732207791277,70.07316913607616,True,,False,False,True,True,118937.0,111204.0,240041.0,344089.0,637.0,20138.0,2135989.91,593.0,0.0,0.0,0.0,0.0,4,52.0,22,0,True,True,True,False,맑음,20.6,52,10.5,22.2,0.0,0.0,0.0,0.0,0,1014.2,1010.3,1,0,1,0,4.4,279,16.2,864.0,669.0,195.0,3600.0,1,offday,train,1.2246467991473532e-16,-1.0,0.49999999999999994,-0.8660254037844387,True,70.05737561951165,0.01579351656451422,special_case
2024-05-25 11:00:00,2024-05-25,11,2024,5,25,Saturday,True,spring,3100,297748,96.04774193548388,0.0486258337916605,150.74008475414766,212.87805614890345,70.10802647812585,True,,False,False,True,True,117501.0,104744.0,235739.0,348778.0,578.0,16886.0,1892387.72,539.0,0.0,0.0,0.0,0.0,4,52.0,22,0,True,True,True,False,흐림,21.5,56,12.4,20.4,0.0,0.0,0.0,0.0,3,1016.9,1013.0,100,100,29,66,13.0,138,27.0,335.0,46.0,289.0,0.0,1,offday,valid,0.258819045102521,-0.9659258262890682,0.49999999999999994,-0.8660254037844387,True,70.07316913607616,0.03485734204969049,special_case
2023-10-07 11:00:00,2023-10-07,11,2023,10,7,Saturday,True,fall,2886,261707,90.68156618156618,0.0550655360577097,158.9191370625503,214.840376369956,70.13196569571349,True,,False,False,True,True,110958.0,104476.0,213989.0,339913.0,0.0,0.0,0.0,0.0,0.0,0.0,0.0,0.0,4,52.0,22,0,True,True,False,False,흐림,17.8,59,9.8,16.5,0.0,0.0,0.0,0.0,3,1023.6,1019.6,100,0,0,100,8.6,90,20.9,543.0,334.0,209.0,3600.0,1,offday,train,0.258819045102521,-0.9659258262890682,-0.8660254037844386,0.5000000000000001,True,70.10802647812585,0.02393921758763895,special_case
2022-06-04 15:00:00,2022-06-04,15,2022,6,4,Saturday,True,summer,3062,314357,102.66394513389942,0.0935275965658001,286.38150068448005,462.7246598749151,70.32762316844077,True,,False,False,True,True,,,265436.0,314411.0,0.0,0.0,0.0,0.0,0.0,0.0,0.0,0.0,4,52.0,22,0,False,True,False,False,흐림,29.1,41,14.6,29.7,0.0,0.0,0.0,0.0,3,1008.2,1004.4,100,3,58,100,5.8,277,19.4,371.0,50.0,321.0,0.0,1,offday,train,-0.7071067811865471,-0.7071067811865479,1.2246467991473532e-16,-1.0,True,70.13196569571349,0.19565747272727663,special_case
2023-08-15 11:00:00,2023-08-15,11,2023,8,15,Tuesday,False,summer,2294,273047,119.02659110723629,0.0572715655729334,131.38097142430925,222.7315623677336,70.38876891606918,False,광복절,True,False,True,False,103830.0,95640.0,193290.0,302171.0,0.0,0.0,0.0,0.0,0.0,0.0,0.0,0.0,4,52.0,22,0,True,True,False,False,부분적으로 흐림,29.1,70,23.1,35.4,0.0,0.0,0.0,0.0,2,1006.1,1002.4,76,0,0,76,2.9,97,15.8,720.0,571.0,149.0,3600.0,1,offday,train,0.258819045102521,-0.9659258262890682,-0.8660254037844384,-0.5000000000000004,True,70.32762316844077,0.06114574762841585,special_case
2023-09-23 11:00:00,2023-09-23,11,2023,9,23,Saturday,True,fall,2796,264230,94.50286123032905,0.0550655360577097,153.96323881735643,214.88819342886703,70.42703332829464,True,,False,False,True,True,102184.0,95020.0,197610.0,287652.0,0.0,0.0,0.0,0.0,0.0,0.0,0.0,0.0,4,52.0,22,0,True,True,False,False,흐림,23.2,62,15.5,24.2,0.0,0.0,0.0,0.0,3,1021.1,1017.2,100,0,0,100,8.4,80,19.1,618.0,428.0,190.0,3600.0,1,offday,train,0.258819045102521,-0.9659258262890682,-1.0,-1.8369701987210297e-16,True,70.38876891606918,0.038264412225458955,special_case
2023-06-06 10:00:00,2023-06-06,10,2023,6,6,Tuesday,False,summer,3191,334549,104.84142901911626,0.0404782282792282,129.1660264390174,192.0265486651634,70.47820933004675,False,현충일,True,False,True,False,112170.0,101655.0,192375.0,285587.0,487.0,18320.0,2045487.72,376.0,0.0,0.0,0.0,0.0,4,52.0,22,0,True,True,True,False,대체로 맑음,21.2,65,14.4,21.3,0.0,0.0,0.0,0.0,1,1008.3,1004.4,34,32,4,0,9.5,261,22.0,557.0,324.0,233.0,3600.0,1,offday,train,0.49999999999999994,-0.8660254037844387,1.2246467991473532e-16,-1.0,True,70.42703332829464,0.05117600175211123,special_case
2022-04-16 12:00:00,2022-04-16,12,2022,4,16,Saturday,True,spring,3208,253615,79.05704488778055,0.0657770680274524,211.0128342320674,260.5585067129535,70.5724438109209,True,,False,False,True,True,,,187587.0,271232.0,0.0,0.0,0.0,0.0,0.0,0.0,0.0,0.0,4,52.0,22,0,False,True,False,False,흐림,15.8,42,3.0,13.8,0.0,0.0,0.0,0.0,3,1018.9,1014.9,99,0,0,99,13.4,264,29.2,828.0,643.0,185.0,3600.0,1,offday,train,1.2246467991473532e-16,-1.0,0.8660254037844387,-0.49999999999999983,True,70.47820933004675,0.09423448087414954,special_case
2024-04-06 13:00:00,2024-04-06,13,2024,4,6,Saturday,True,spring,2690,246652,91.6921933085502,0.0829554972469645,223.1502875943347,316.61073098560763,70.5795916183165,True,,False,False,True,True,124599.0,120970.0,274597.0,401986.0,934.0,36638.0,3805799.6,795.0,0.0,0.0,0.0,0.0,4,52.0,22,0,True,True,True,False,흐림,16.1,38,1.7,13.4,0.0,0.0,0.0,0.0,3,1019.4,1015.4,100,0,98,100,5.6,243,16.6,525.0,142.0,383.0,3182.39,1,offday,valid,-0.2588190451025208,-0.9659258262890683,0.8660254037844387,-0.49999999999999983,True,70.5724438109209,0.007147807395597283,special_case
2023-05-21 12:00:00,2023-05-21,12,2023,5,21,Sunday,True,spring,2560,258878,101.12421875,0.0657770680274524,168.38929415027823,253.7098029822522,70.6873692980133,True,,False,False,True,True,118937.0,111204.0,240041.0,344089.0,601.0,21862.0,2527901.44,529.0,0.0,0.0,0.0,0.0,4,52.0,22,0,True,True,True,False,흐림,19.8,59,11.4,19.1,0.0,0.0,0.0,0.0,3,1010.3,1006.4,100,45,0,100,17.1,235,35.3,804.0,523.0,281.0,3600.0,1,offday,train,1.2246467991473532e-16,-1.0,0.49999999999999994,-0.8660254037844387,True,70.5795916183165,0.1077776796967953,special_case
2024-06-16 15:00:00,2024-06-16,15,2024,6,16,Sunday,True,summer,3487,319548,91.63980498996273,0.0935275965658001,326.1307292249451,475.0593487367397,70.68899382298787,True,,False,False,True,True,135633.0,134648.0,323366.0,377916.0,602.0,19972.0,2010935.69,555.0,0.0,0.0,0.0,0.0,4,52.0,22,0,True,True,True,False,대체로 맑음,29.0,34,11.5,28.4,0.0,0.0,0.0,0.0,1,1005.7,1002.0,22,0,22,0,14.0,282,31.0,713.0,527.0,186.0,3600.0,1,offday,valid,-0.7071067811865471,-0.7071067811865479,1.2246467991473532e-16,-1.0,True,70.6873692980133,0.00162452497457366,special_case
2023-06-25 14:00:00,2023-06-25,14,2023,6,25,Sunday,True,summer,2562,286263,111.73419203747072,0.0809922881834863,207.5022423260919,354.00767574240666,70.6998537926176,True,,False,False,True,True,116833.0,111408.0,264572.0,340237.0,441.0,12653.0,1347336.64,432.0,0.0,0.0,0.0,0.0,4,52.0,22,0,True,True,True,False,흐림,31.5,51,20.1,35.5,0.0,0.0,0.0,0.0,3,1010.6,1006.9,98,2,3,98,11.5,88,23.4,850.0,653.0,197.0,3600.0,1,offday,train,-0.4999999999999998,-0.8660254037844388,1.2246467991473532e-16,-1.0,True,70.68899382298787,0.010859969629734678,special_case
2024-11-03 13:00:00,2024-11-03,13,2024,11,3,Sunday,True,fall,2554,234502,91.8175411119812,0.0915726254037753,233.87648528124237,333.84729597714426,70.74818744176395,True,,False,False,True,True,131400.0,127665.0,282040.0,415237.0,0.0,0.0,0.0,0.0,0.0,0.0,0.0,0.0,4,52.0,22,0,True,True,False,False,맑음,20.8,57,11.9,19.9,0.0,0.0,0.0,0.0,0,1021.6,1017.7,0,0,0,0,10.8,178,22.7,566.0,442.0,124.0,3600.0,1,offday,valid,-0.2588190451025208,-0.9659258262890683,-0.5000000000000004,0.8660254037844384,True,70.6998537926176,0.048333649146343305,special_case
2025-08-16 13:00:00,2025-08-16,13,2025,8,16,Saturday,True,summer,2622,294606,112.35926773455378,0.0663205601576762,173.8925087334272,291.3448355672084,71.01129025347538,True,,False,False,True,True,130570.0,123894.0,275004.0,414551.0,0.0,0.0,0.0,0.0,14.0,13.0,1.0,8.0,4,52.0,22,0,True,True,False,True,대체로 맑음,30.1,68,23.6,35.8,0.0,0.0,0.0,0.0,1,1013.5,1009.7,26,26,6,0,10.6,230,28.1,789.0,622.0,167.0,3600.0,1,offday,test,-0.2588190451025208,-0.9659258262890683,-0.8660254037844384,-0.5000000000000004,True,70.74818744176395,0.263102811711434,special_case
2022-09-03 14:00:00,2022-09-03,14,2022,9,3,Saturday,True,fall,5996,309256,51.577051367578385,0.1053558771818858,631.7138395825875,543.0322858960214,71.04255519818872,True,,False,False,True,True,,,237928.0,302473.0,0.0,0.0,0.0,0.0,0.0,0.0,0.0,0.0,4,52.0,22,0,False,True,False,False,부분적으로 흐림,27.0,61,19.0,28.2,0.0,0.0,0.0,0.0,2,1013.5,1009.7,60,53,5,15,15.3,98,30.2,515.0,200.0,315.0,3600.0,1,offday,train,-0.4999999999999998,-0.8660254037844388,-1.0,-1.8369701987210297e-16,True,71.01129025347538,0.0312649447133424,special_case
2024-11-03 12:00:00,2024-11-03,12,2024,11,3,Sunday,True,fall,2554,234502,91.8175411119812,0.0738136969525007,188.52018201668687,263.0991085353803,71.14128099742001,True,,False,False,True,True,125075.0,119418.0,255806.0,373219.0,0.0,0.0,0.0,0.0,0.0,0.0,0.0,0.0,4,52.0,22,0,True,True,False,False,맑음,19.8,62,12.4,19.0,0.0,0.0,0.0,0.0,0,1022.7,1018.8,0,0,0,0,9.9,147,22.0,551.0,429.0,122.0,3600.0,1,offday,valid,1.2246467991473532e-16,-1.0,-0.5000000000000004,0.8660254037844384,True,71.04255519818872,0.0987257992312891,special_case
2022-06-12 12:00:00,2022-06-12,12,2022,6,12,Sunday,True,summer,2988,331115,110.81492637215528,0.0513318154074477,153.3794644374539,248.2075204392641,71.18519458573314,True,,False,False,True,True,,,200455.0,301531.0,0.0,0.0,0.0,0.0,0.0,0.0,0.0,0.0,4,52.0,22,0,False,True,False,False,흐림,28.3,41,13.6,30.5,0.0,0.0,0.0,0.0,3,1012.5,1008.7,100,1,8,100,5.5,113,22.0,848.0,624.0,224.0,3600.0,1,offday,train,1.2246467991473532e-16,-1.0,1.2246467991473532e-16,-1.0,True,71.14128099742001,0.04391358831313141,special_case
2023-05-20 12:00:00,2023-05-20,12,2023,5,20,Saturday,True,spring,2871,258545,90.05398815743644,0.0657770680274524,188.84596230681595,258.77396345203977,71.1900374092387,True,,False,False,True,True,118937.0,111204.0,240041.0,344089.0,590.0,16731.0,1785759.68,555.0,0.0,0.0,0.0,0.0,4,52.0,22,0,True,True,True,False,흐림,25.0,56,15.6,25.4,0.0,0.0,0.0,0.0,3,1010.9,1007.1,100,8,0,100,16.8,228,33.5,743.0,460.0,283.0,3600.0,1,offday,train,1.2246467991473532e-16,-1.0,0.49999999999999994,-0.8660254037844387,True,71.18519458573314,0.004842823505555316,special_case
2022-09-12 09:00:00,2022-09-12,9,2022,9,12,Monday,False,fall,2888,288719,99.97195290858726,0.0417237594214264,120.49821720907958,168.21974377080022,71.24537486904302,False,대체공휴일,True,True,True,True,,,224535.0,401600.0,0.0,0.0,0.0,0.0,0.0,0.0,0.0,0.0,4,52.0,22,0,False,True,False,False,흐림,22.3,86,19.8,25.4,0.0,0.0,0.0,0.0,3,1014.9,1011.0,97,0,0,37,4.8,63,13.7,313.0,157.0,156.0,3600.0,1,offday,train,0.7071067811865476,-0.7071067811865475,-1.0,-1.8369701987210297e-16,True,71.1900374092387,0.05533745980432059,special_case
2023-09-16 14:00:00,2023-09-16,14,2023,9,16,Saturday,True,fall,2539,274840,108.24734147302088,0.1053558771818858,267.4985721648082,454.4593490308496,71.25348851930823,True,,False,False,True,True,114872.0,111185.0,261221.0,333016.0,0.0,0.0,0.0,0.0,0.0,0.0,0.0,0.0,4,52.0,22,0,True,True,False,False,약한 이슬비,26.1,80,22.4,30.8,0.2,0.2,0.0,0.0,51,1011.6,1007.8,100,24,89,100,3.3,354,10.8,328.0,38.0,290.0,0.0,1,offday,train,-0.4999999999999998,-0.8660254037844388,-1.0,-1.8369701987210297e-16,True,71.24537486904302,0.00811365026521571,special_case
2023-10-01 11:00:00,2023-10-01,11,2023,10,1,Sunday,True,fall,2918,266846,91.44825222755313,0.0550655360577097,160.681234216397,218.63541048756812,71.42932300005154,True,,False,False,True,True,110958.0,104476.0,213989.0,339913.0,0.0,0.0,0.0,0.0,0.0,0.0,0.0,0.0,4,52.0,22,0,True,True,False,False,맑음,19.0,57,10.4,18.5,0.0,0.0,0.0,0.0,0,1016.1,1012.2,0,0,0,0,7.5,325,21.2,643.0,521.0,122.0,3600.0,1,offday,train,0.258819045102521,-0.9659258262890682,-0.8660254037844386,0.5000000000000001,True,71.25348851930823,0.17583448074330477,special_case
2022-05-14 13:00:00,2022-05-14,13,2022,5,14,Saturday,True,spring,2936,249959,85.1358991825613,0.0829554972469645,243.557339917088,324.46203730638734,71.53160044460773,True,,False,False,True,True,,,232173.0,351954.0,0.0,0.0,0.0,0.0,0.0,0.0,0.0,0.0,4,52.0,22,0,False,True,False,False,흐림,19.5,31,2.0,15.0,0.0,0.0,0.0,0.0,3,1011.8,1007.9,100,0,40,100,24.1,271,45.4,740.0,346.0,394.0,3600.0,1,offday,train,-0.2588190451025208,-0.9659258262890683,0.49999999999999994,-0.8660254037844387,True,71.42932300005154,0.10227744455619359,special_case
2022-04-10 10:00:00,2022-04-10,10,2022,4,10,Sunday,True,spring,4027,392401,97.44251303700024,0.0333632663106753,134.35387343308955,187.44040030838676,71.53986082581707,True,,False,False,True,True,,,151454.0,224442.0,0.0,0.0,0.0,0.0,0.0,0.0,0.0,0.0,4,52.0,22,0,False,True,False,False,맑음,17.6,49,6.8,15.2,0.0,0.0,0.0,0.0,0,1018.3,1014.4,0,0,0,0,10.9,174,23.8,552.0,405.0,147.0,3600.0,1,offday,train,0.49999999999999994,-0.8660254037844387,0.8660254037844387,-0.49999999999999983,True,71.53160044460773,0.008260381209339585,special_case
2022-06-01 10:00:00,2022-06-01,10,2022,6,1,Wednesday,False,summer,3020,344335,114.0182119205298,0.0404782282792282,122.24424940326938,193.9111930073363,71.62532936738307,False,전국동시지방선거,True,False,True,False,,,162212.0,250594.0,0.0,0.0,0.0,0.0,0.0,0.0,0.0,0.0,4,52.0,22,0,False,True,False,False,흐림,24.0,36,7.8,22.7,0.0,0.0,0.0,0.0,3,1007.2,1003.4,97,0,92,54,8.8,215,21.2,654.0,455.0,199.0,3600.0,1,offday,train,0.49999999999999994,-0.8660254037844387,1.2246467991473532e-16,-1.0,True,71.53986082581707,0.08546854156600148,special_case
2024-06-15 11:00:00,2024-06-15,11,2024,6,15,Saturday,True,summer,4097,398638,97.29997559189653,0.037472805085182,153.52608243399075,219.00083225644897,71.6614089893755,True,,False,False,True,True,108329.0,98784.0,213110.0,318651.0,320.0,7022.0,777640.82,379.0,0.0,0.0,0.0,0.0,4,52.0,22,0,True,True,True,False,약한 이슬비,22.5,85,19.9,24.9,0.2,0.2,0.0,0.0,51,1005.0,1001.2,100,13,100,100,10.2,262,23.0,262.0,19.0,243.0,0.0,1,offday,valid,0.258819045102521,-0.9659258262890682,1.2246467991473532e-16,-1.0,True,71.62532936738307,0.0360796219924282,special_case
2025-09-18 11:00:00,2025-09-18,11,2025,9,18,Thursday,False,fall,2450,190691,77.8330612244898,0.0860138816247737,210.73400998069567,256.6375089160271,71.8109274653886,False,,False,False,False,False,115669.0,107010.0,220695.0,322793.0,0.0,0.0,0.0,0.0,20.0,19.0,1.0,10.0,4,52.0,22,0,True,True,False,True,약한 이슬비,23.1,70,17.2,23.7,0.1,0.1,0.0,0.0,51,1016.7,1012.8,97,10,14,96,13.7,92,31.0,464.0,190.0,274.0,3600.0,1,weekday,test,0.258819045102521,-0.9659258262890682,-1.0,-1.8369701987210297e-16,True,71.6614089893755,0.14951847601309964,special_case
2024-10-26 10:00:00,2024-10-26,10,2024,10,26,Saturday,True,fall,3356,350067,104.31078665077472,0.0378925808716765,127.16750140534644,186.53546695789365,71.82243974305649,True,,False,False,True,True,123410.0,114950.0,224680.0,341541.0,437.0,11499.0,1329684.41,374.0,0.0,0.0,0.0,0.0,4,52.0,22,0,True,True,True,False,맑음,16.6,69,10.9,15.5,0.0,0.0,0.0,0.0,0,1023.1,1019.1,0,0,0,0,9.7,90,19.8,389.0,283.0,106.0,3600.0,1,offday,valid,0.49999999999999994,-0.8660254037844387,-0.8660254037844386,0.5000000000000001,True,71.8109274653886,0.011512277667890203,special_case
2023-10-22 12:00:00,2023-10-22,12,2023,10,22,Sunday,True,fall,2336,238091,101.92251712328768,0.0738136969525007,172.4287960810417,262.30584627550127,71.82511508895539,True,,False,False,True,True,121558.0,116166.0,246525.0,380684.0,0.0,0.0,0.0,0.0,0.0,0.0,0.0,0.0,4,52.0,22,0,True,True,False,False,흐림,14.7,52,5.0,13.1,0.0,0.0,0.0,0.0,3,1023.8,1019.8,100,0,0,100,5.4,172,16.6,623.0,494.0,129.0,3600.0,1,offday,train,1.2246467991473532e-16,-1.0,-0.8660254037844386,0.5000000000000001,True,71.82243974305649,0.002675345898893511,special_case
2022-09-03 10:00:00,2022-09-03,10,2022,9,3,Saturday,True,fall,5996,309256,51.577051367578385,0.0378925808716765,227.2039149065725,195.3084665008533,71.8448800192584,True,,False,False,True,True,,,165820.0,254499.0,0.0,0.0,0.0,0.0,0.0,0.0,0.0,0.0,4,52.0,22,0,False,True,False,False,흐림,23.4,68,17.1,23.6,0.0,0.0,0.0,0.0,3,1015.5,1011.6,100,3,27,100,15.7,74,28.8,468.0,234.0,234.0,3600.0,1,offday,train,0.49999999999999994,-0.8660254037844387,-1.0,-1.8369701987210297e-16,True,71.82511508895539,0.01976493030301185,special_case
2022-09-09 11:00:00,2022-09-09,11,2022,9,9,Friday,False,fall,2510,190848,76.03505976095617,0.0860138816247737,215.89484287818212,258.1809893419669,71.96635338239042,False,추석,True,False,True,True,,,174692.0,265622.0,0.0,0.0,0.0,0.0,0.0,0.0,0.0,0.0,4,52.0,22,0,False,True,False,False,흐림,24.8,69,18.6,27.6,0.0,0.0,0.0,0.0,3,1019.0,1015.2,96,0,0,96,7.2,87,17.6,656.0,429.0,227.0,3600.0,1,offday,train,0.258819045102521,-0.9659258262890682,-1.0,-1.8369701987210297e-16,True,71.8448800192584,0.12147336313202572,special_case
2024-09-29 12:00:00,2024-09-29,12,2024,9,29,Sunday,True,fall,3998,230363,57.61955977988995,0.0738136969525007,295.10716041609794,283.3990778511488,71.98137647011231,True,,False,False,True,True,118989.0,114781.0,234418.0,344657.0,639.0,23161.0,2327974.88,567.0,0.0,0.0,0.0,0.0,4,52.0,22,0,True,True,True,False,맑음,25.3,61,17.2,26.9,0.0,0.0,0.0,0.0,0,1020.7,1016.9,1,1,0,0,12.3,84,25.9,701.0,569.0,132.0,3600.0,1,offday,valid,1.2246467991473532e-16,-1.0,-1.0,-1.8369701987210297e-16,True,71.96635338239042,0.015023087721885986,special_case
2023-09-16 11:00:00,2023-09-16,11,2023,9,16,Saturday,True,fall,2539,274840,108.24734147302088,0.0550655360577097,139.81139605052502,217.17541533019792,72.06074938762814,True,,False,False,True,True,102184.0,95020.0,197610.0,287652.0,0.0,0.0,0.0,0.0,0.0,0.0,0.0,0.0,4,52.0,22,0,True,True,False,False,약한 이슬비,25.5,81,22.0,29.7,0.2,0.2,0.0,0.0,51,1013.3,1009.5,100,31,6,100,4.7,122,15.5,427.0,171.0,256.0,3600.0,1,offday,train,0.258819045102521,-0.9659258262890682,-1.0,-1.8369701987210297e-16,True,71.98137647011231,0.0793729175158262,special_case
2023-10-22 13:00:00,2023-10-22,13,2023,10,22,Sunday,True,fall,2336,238091,101.92251712328768,0.0915726254037753,213.91365294321932,334.3911388808085,72.08529260530725,True,,False,False,True,True,128155.0,126336.0,273010.0,420242.0,0.0,0.0,0.0,0.0,0.0,0.0,0.0,0.0,4,52.0,22,0,True,True,False,False,흐림,15.9,53,6.4,14.6,0.0,0.0,0.0,0.0,3,1022.8,1018.8,100,0,0,100,6.8,205,18.0,635.0,503.0,132.0,3600.0,1,offday,train,-0.2588190451025208,-0.9659258262890683,-0.8660254037844386,0.5000000000000001,True,72.06074938762814,0.02454321767910983,special_case
2023-09-10 15:00:00,2023-09-10,15,2023,9,10,Sunday,True,fall,3847,425511,110.60852612425266,0.1124759978651691,432.6951637873055,774.5591818609478,72.11568880079221,True,,False,False,True,True,129581.0,129207.0,302627.0,354386.0,0.0,0.0,0.0,0.0,0.0,0.0,0.0,0.0,4,52.0,22,0,True,True,False,False,흐림,28.1,62,20.1,31.8,0.0,0.0,0.0,0.0,3,1009.5,1005.7,98,14,10,97,5.6,243,14.8,629.0,433.0,196.0,3600.0,1,offday,train,-0.7071067811865471,-0.7071067811865479,-1.0,-1.8369701987210297e-16,True,72.08529260530725,0.030396195484968302,special_case
2022-05-29 11:00:00,2022-05-29,11,2022,5,29,Sunday,True,spring,3060,308203,100.71993464052288,0.0486258337916605,148.79505140248125,218.0811026042992,72.1196533469799,True,,False,False,True,True,,,179817.0,291051.0,0.0,0.0,0.0,0.0,0.0,0.0,0.0,0.0,4,52.0,22,0,False,True,False,False,약한 이슬비,22.0,66,15.3,23.2,0.1,0.1,0.0,0.0,51,1006.5,1002.7,100,100,0,99,4.2,200,14.8,305.0,24.0,281.0,0.0,1,offday,train,0.258819045102521,-0.9659258262890682,0.49999999999999994,-0.8660254037844387,True,72.11568880079221,0.003964546187688711,special_case
2022-05-01 14:00:00,2022-05-01,14,2022,5,1,Sunday,True,spring,3000,276982,92.32733333333331,0.0977777335148833,293.33320054465,427.419701111402,72.23334917986841,True,,False,False,True,True,,,246708.0,328829.0,0.0,0.0,0.0,0.0,0.0,0.0,0.0,0.0,4,52.0,22,0,False,True,False,False,맑음,16.5,32,-0.2,12.2,0.0,0.0,0.0,0.0,0,1012.3,1008.4,11,0,11,0,24.9,236,46.1,870.0,679.0,191.0,3600.0,1,offday,train,-0.4999999999999998,-0.8660254037844388,0.49999999999999994,-0.8660254037844387,True,72.1196533469799,0.11369583288851004,special_case
2025-05-24 10:00:00,2025-05-24,10,2025,5,24,Saturday,True,spring,4978,376177,75.56789875451989,0.0333632663106753,166.0823396945418,193.3672533988872,72.36230512191247,True,,False,False,True,True,119974.0,107930.0,221425.0,328176.0,0.0,0.0,0.0,0.0,10.0,9.0,1.0,5.0,4,52.0,22,0,True,True,False,True,흐림,15.4,71,10.1,13.9,0.0,0.0,0.0,0.0,3,1010.9,1007.0,100,100,100,83,10.6,60,22.7,112.0,1.0,111.0,0.0,1,offday,test,0.49999999999999994,-0.8660254037844387,0.49999999999999994,-0.8660254037844387,True,72.23334917986841,0.12895594204405825,special_case
2024-05-12 11:00:00,2024-05-12,11,2024,5,12,Sunday,True,spring,3001,311072,103.65611462845716,0.0486258337916605,145.92612720877327,218.77593130700987,72.52645306761738,True,,False,False,True,True,117501.0,104744.0,235739.0,348778.0,531.0,18027.0,1898999.09,466.0,0.0,0.0,0.0,0.0,4,52.0,22,0,True,True,True,False,맑음,18.4,59,10.2,18.4,0.0,0.0,0.0,0.0,0,1011.6,1007.7,0,0,0,0,9.6,304,22.7,783.0,598.0,185.0,3600.0,1,offday,valid,0.258819045102521,-0.9659258262890682,0.49999999999999994,-0.8660254037844387,True,72.36230512191247,0.16414794570491154,special_case
2022-04-16 13:00:00,2022-04-16,13,2022,4,16,Saturday,True,spring,3208,253615,79.05704488778055,0.0829554972469645,266.1212351682624,333.1425860659008,72.5840793529473,True,,False,False,True,True,,,206340.0,299990.0,0.0,0.0,0.0,0.0,0.0,0.0,0.0,0.0,4,52.0,22,0,False,True,False,False,맑음,16.8,36,1.5,14.4,0.0,0.0,0.0,0.0,0,1018.1,1014.2,0,0,0,0,14.8,267,31.3,861.0,666.0,195.0,3600.0,1,offday,train,-0.2588190451025208,-0.9659258262890683,0.8660254037844387,-0.49999999999999983,True,72.52645306761738,0.05762628532991698,special_case
2025-06-22 15:00:00,2025-06-22,15,2025,6,22,Sunday,True,summer,2907,322514,110.9439284485724,0.0935275965658001,271.884723216781,471.7925886542014,72.65338963829151,True,,False,False,True,True,140061.0,140461.0,334487.0,385706.0,0.0,0.0,0.0,0.0,12.0,12.0,0.0,3.0,4,52.0,22,0,True,True,False,True,맑음,25.5,62,17.7,28.0,0.0,0.0,0.0,0.0,0,1006.0,1002.2,8,2,7,0,11.8,236,29.5,799.0,617.0,182.0,3600.0,1,offday,test,-0.7071067811865471,-0.7071067811865479,1.2246467991473532e-16,-1.0,True,72.5840793529473,0.06931028534421557,special_case
2023-10-29 12:00:00,2023-10-29,12,2023,10,29,Sunday,True,fall,2458,240441,97.81977217249796,0.0738136969525007,181.4340671092468,266.7498554002594,72.68989759687682,True,,False,False,True,True,121558.0,116166.0,246525.0,380684.0,0.0,0.0,0.0,0.0,0.0,0.0,0.0,0.0,4,52.0,22,0,True,True,False,False,맑음,17.2,62,9.8,16.3,0.0,0.0,0.0,0.0,0,1022.6,1018.6,0,0,0,0,7.4,113,20.5,582.0,457.0,125.0,3600.0,1,offday,train,1.2246467991473532e-16,-1.0,-0.8660254037844386,0.5000000000000001,True,72.65338963829151,0.03650795858530387,special_case
2023-10-29 13:00:00,2023-10-29,13,2023,10,29,Sunday,True,fall,2458,240441,97.81977217249796,0.0915726254037753,225.08551324247992,339.4487646158369,72.69890921557754,True,,False,False,True,True,128155.0,126336.0,273010.0,420242.0,0.0,0.0,0.0,0.0,0.0,0.0,0.0,0.0,4,52.0,22,0,True,True,False,False,맑음,18.1,55,9.1,17.4,0.0,0.0,0.0,0.0,0,1021.8,1017.9,0,0,0,0,5.7,125,18.7,599.0,473.0,126.0,3600.0,1,offday,train,-0.2588190451025208,-0.9659258262890683,-0.8660254037844386,0.5000000000000001,True,72.68989759687682,0.009011618700725421,special_case
2025-03-23 13:00:00,2025-03-23,13,2025,3,23,Sunday,True,spring,2724,254202,93.31938325991187,0.0829554972469645,225.9707745007315,325.4717453058588,72.73871322243349,True,,False,False,True,True,128545.0,123079.0,286466.0,434709.0,0.0,0.0,0.0,0.0,0.0,0.0,0.0,0.0,4,52.0,22,0,True,True,False,False,맑음,19.4,44,6.7,18.8,0.0,0.0,0.0,0.0,0,1010.2,1006.3,0,0,0,0,7.9,179,22.0,796.0,648.0,148.0,3600.0,1,offday,test,-0.2588190451025208,-0.9659258262890683,1.0,6.123233995736766e-17,True,72.69890921557754,0.03980400685594532,special_case
2024-06-06 11:00:00,2024-06-06,11,2024,6,6,Thursday,False,summer,2869,276505,96.37678633670268,0.0572715655729334,164.31212162874596,234.7206265347736,72.73993315615667,False,현충일,True,False,True,False,108329.0,98784.0,213110.0,318651.0,438.0,11988.0,1282074.62,469.0,0.0,0.0,0.0,0.0,4,52.0,22,0,True,True,True,False,흐림,26.2,46,13.6,28.3,0.0,0.0,0.0,0.0,3,1017.9,1014.1,98,0,0,98,3.0,166,15.8,755.0,533.0,222.0,3600.0,1,offday,valid,0.258819045102521,-0.9659258262890682,1.2246467991473532e-16,-1.0,True,72.73871322243349,0.0012199337231777463,special_case
2022-06-05 13:00:00,2022-06-05,13,2022,6,5,Sunday,True,summer,2693,301765,112.05532862978092,0.0663205601576762,178.6012685046222,298.5337775528399,72.74511231281241,True,,False,False,True,True,,,217587.0,326187.0,0.0,0.0,0.0,0.0,0.0,0.0,0.0,0.0,4,52.0,22,0,False,True,False,False,흐림,27.0,41,12.6,25.1,0.0,0.0,0.0,0.0,3,1002.2,998.4,100,15,80,100,18.0,127,34.2,453.0,89.0,364.0,970.73,1,offday,train,-0.2588190451025208,-0.9659258262890683,1.2246467991473532e-16,-1.0,True,72.73993315615667,0.005179156655742645,special_case
2025-09-21 09:00:00,2025-09-21,9,2025,9,21,Sunday,True,fall,4673,514104,110.01583565161566,0.0239536668290855,111.935485092317,165.88361413018885,72.75946877575507,True,,False,False,True,True,172000.0,159065.0,261893.0,470903.0,0.0,0.0,0.0,0.0,17.0,16.0,1.0,8.0,4,52.0,22,0,True,True,False,True,흐림,19.3,83,16.2,20.9,0.0,0.0,0.0,0.0,3,1018.1,1014.2,88,0,0,88,3.6,41,11.9,278.0,113.0,165.0,3600.0,1,offday,test,0.7071067811865476,-0.7071067811865475,-1.0,-1.8369701987210297e-16,True,72.74511231281241,0.0143564629426578,special_case
2025-08-16 14:00:00,2025-08-16,14,2025,8,16,Saturday,True,summer,2622,294606,112.35926773455378,0.0809922881834863,212.3617796171011,364.1098533138802,72.76501774667179,True,,False,False,True,True,127692.0,124172.0,294888.0,387874.0,0.0,0.0,0.0,0.0,14.0,13.0,1.0,8.0,4,52.0,22,0,True,True,False,True,흐림,30.4,66,23.4,35.5,0.0,0.0,0.0,0.0,3,1013.2,1009.4,100,56,2,99,13.6,230,31.3,796.0,642.0,154.0,3600.0,1,offday,test,-0.4999999999999998,-0.8660254037844388,-0.8660254037844384,-0.5000000000000004,True,72.75946877575507,0.005548970916720464,special_case
2023-05-13 13:00:00,2023-05-13,13,2023,5,13,Saturday,True,spring,2846,254340,89.3675333801827,0.0829554972469645,236.0913451648612,327.71880092710245,72.78147884918968,True,,False,False,True,True,122764.0,116539.0,259824.0,381217.0,781.0,27433.0,2967428.25,680.0,0.0,0.0,0.0,0.0,4,52.0,22,0,True,True,True,False,대체로 맑음,21.8,49,10.6,22.9,0.0,0.0,0.0,0.0,1,1013.2,1009.3,36,0,34,12,7.4,284,19.8,888.0,686.0,202.0,3600.0,1,offday,train,-0.2588190451025208,-0.9659258262890683,0.49999999999999994,-0.8660254037844387,True,72.76501774667179,0.016461102517894233,special_case
2022-06-06 13:00:00,2022-06-06,13,2022,6,6,Monday,False,summer,2874,255140,88.77522616562283,0.0919203898842977,264.1792005274718,367.7734764711753,72.82695040683797,False,현충일,True,False,True,True,,,217587.0,326187.0,0.0,0.0,0.0,0.0,0.0,0.0,0.0,0.0,4,52.0,22,0,False,True,False,False,흐림,19.7,63,12.4,17.6,0.0,0.0,0.0,0.0,3,1001.3,997.5,100,1,3,100,19.7,69,36.4,454.0,154.0,300.0,2991.86,1,offday,train,-0.2588190451025208,-0.9659258262890683,1.2246467991473532e-16,-1.0,True,72.78147884918968,0.04547155764828403,special_case
2024-03-24 15:00:00,2024-03-24,15,2024,3,24,Sunday,True,spring,3466,363489,104.8727639930756,0.1077131147753142,373.3336558112393,626.7882077418442,72.85749119053924,True,,False,False,True,True,133854.0,137987.0,344604.0,427047.0,1303.0,58887.0,6715044.93,1196.0,0.0,0.0,0.0,0.0,4,52.0,22,0,True,True,True,False,흐림,19.6,34,3.2,16.6,0.0,0.0,0.0,0.0,3,1016.0,1012.1,98,0,98,0,9.5,65,22.7,509.0,236.0,273.0,3600.0,1,offday,valid,-0.7071067811865471,-0.7071067811865479,1.0,6.123233995736766e-17,True,72.82695040683797,0.030540783701269447,special_case
2024-10-05 11:00:00,2024-10-05,11,2024,10,5,Saturday,True,fall,3224,270065,83.76705955334988,0.0550655360577097,177.5312882500562,225.9232717382598,73.16676232832992,True,,False,False,True,True,120632.0,113626.0,236195.0,363817.0,588.0,17458.0,1740452.51,509.0,0.0,0.0,0.0,0.0,4,52.0,22,0,True,True,True,False,흐림,18.9,61,11.1,18.8,0.0,0.0,0.0,0.0,3,1025.4,1021.5,100,0,0,100,3.4,65,13.7,492.0,215.0,277.0,3600.0,1,offday,valid,0.258819045102521,-0.9659258262890682,-0.8660254037844386,0.5000000000000001,True,72.85749119053924,0.30927113779068804,special_case
2025-09-06 10:00:00,2025-09-06,10,2025,9,6,Saturday,True,fall,3931,345164,87.8056474179598,0.0378925808716765,148.95573540656045,192.59292872466665,73.20153601698996,True,,False,False,True,True,121550.0,113807.0,206448.0,315696.0,0.0,0.0,0.0,0.0,15.0,14.0,1.0,7.0,4,52.0,22,0,True,True,False,True,약한 비,25.6,88,23.6,29.0,1.5,1.5,0.0,0.0,61,1009.1,1005.3,98,85,93,0,17.1,222,34.6,224.0,46.0,178.0,423.14,1,offday,test,0.49999999999999994,-0.8660254037844387,-1.0,-1.8369701987210297e-16,True,73.16676232832992,0.034773688660038715,special_case
2024-06-01 15:00:00,2024-06-01,15,2024,6,1,Saturday,True,summer,4711,340856,72.35321587773296,0.0935275965658001,440.6085074214845,519.1656274735873,73.28443585891449,True,,False,False,True,True,135633.0,134648.0,323366.0,377916.0,856.0,31938.0,3530303.75,784.0,0.0,0.0,0.0,0.0,4,52.0,22,0,True,True,True,False,대체로 맑음,26.1,28,6.3,23.8,0.0,0.0,0.0,0.0,1,1009.1,1005.3,26,0,26,0,17.6,316,35.6,776.0,586.0,190.0,3600.0,1,offday,valid,-0.7071067811865471,-0.7071067811865479,1.2246467991473532e-16,-1.0,True,73.20153601698996,0.08289984192452948,special_case
2022-04-03 14:00:00,2022-04-03,14,2022,4,3,Sunday,True,spring,3371,283907,84.22040937407297,0.0977777335148833,329.6087396786718,442.49319774072035,73.34187863391264,True,,False,False,True,True,,,217213.0,285529.0,0.0,0.0,0.0,0.0,0.0,0.0,0.0,0.0,4,52.0,22,0,False,True,False,False,맑음,14.2,43,1.7,12.4,0.0,0.0,0.0,0.0,0,1028.2,1024.2,0,0,0,0,9.8,278,23.4,810.0,641.0,169.0,3600.0,1,offday,train,-0.4999999999999998,-0.8660254037844388,0.8660254037844387,-0.49999999999999983,True,73.28443585891449,0.05744277499815098,special_case
2023-05-06 15:00:00,2023-05-06,15,2023,5,6,Saturday,True,spring,3386,364001,107.50177200236269,0.1077131147753142,364.71660662921414,626.82774723367,73.37492267395783,True,,False,False,True,True,132175.0,131307.0,314402.0,362761.0,90.0,2466.0,273021.45,66.0,0.0,0.0,0.0,0.0,4,52.0,22,0,True,True,True,False,보통 이슬비,11.6,87,9.4,8.8,0.8,0.8,0.0,0.0,53,1009.0,1005.0,100,1,100,100,18.1,59,38.5,195.0,3.0,192.0,0.0,1,offday,train,-0.7071067811865471,-0.7071067811865479,0.49999999999999994,-0.8660254037844387,True,73.34187863391264,0.033044040045183465,special_case
2025-09-19 11:00:00,2025-09-19,11,2025,9,19,Friday,False,fall,2223,197116,88.67116509221772,0.0860138816247737,191.20885885187204,258.1724304831527,73.71634905827935,False,,False,False,False,False,115669.0,107010.0,220695.0,322793.0,0.0,0.0,0.0,0.0,19.0,18.0,1.0,9.0,4,52.0,22,0,True,True,False,True,약한 이슬비,20.2,81,16.9,21.2,0.2,0.2,0.0,0.0,51,1018.8,1014.9,100,2,100,100,10.2,108,22.7,228.0,17.0,211.0,0.0,1,weekday,test,0.258819045102521,-0.9659258262890682,-1.0,-1.8369701987210297e-16,True,73.37492267395783,0.3414263843215224,special_case
2025-05-11 14:00:00,2025-05-11,14,2025,5,11,Sunday,True,spring,2729,280458,102.7695126419934,0.0977777335148833,266.8354347621167,428.2087635566369,73.86708113586735,True,,False,False,True,True,130403.0,126266.0,311472.0,410999.0,0.0,0.0,0.0,0.0,8.0,7.0,1.0,5.0,4,52.0,22,0,True,True,False,True,흐림,19.1,60,11.1,19.8,0.0,0.0,0.0,0.0,3,1005.2,1001.3,80,1,80,0,9.1,232,29.5,832.0,569.0,263.0,3600.0,1,offday,test,-0.4999999999999998,-0.8660254037844388,0.49999999999999994,-0.8660254037844387,True,73.71634905827935,0.15073207758800322,special_case
2023-10-02 09:00:00,2023-10-02,9,2023,10,2,Monday,False,fall,3014,299070,99.2269409422694,0.0417237594214264,125.75541089617931,174.63071374350326,73.91840662639365,False,임시공휴일,True,False,True,True,158383.0,144419.0,256330.0,438186.0,0.0,0.0,0.0,0.0,0.0,0.0,0.0,0.0,4,52.0,22,0,True,True,False,False,맑음,15.8,78,11.9,15.6,0.0,0.0,0.0,0.0,0,1020.2,1016.2,0,2,0,0,5.2,65,10.1,319.0,228.0,91.0,3600.0,1,offday,train,0.7071067811865476,-0.7071067811865475,-0.8660254037844386,0.5000000000000001,True,73.86708113586735,0.051325490526295425,special_case
2023-05-20 13:00:00,2023-05-20,13,2023,5,20,Saturday,True,spring,2871,258545,90.05398815743644,0.0829554972469645,238.1652325960353,332.75813784184754,73.98417438980778,True,,False,False,True,True,122764.0,116539.0,259824.0,381217.0,629.0,19769.0,2176721.45,604.0,0.0,0.0,0.0,0.0,4,52.0,22,0,True,True,True,False,부분적으로 흐림,24.3,58,15.4,24.3,0.0,0.0,0.0,0.0,2,1010.7,1006.9,51,0,0,51,20.0,244,38.5,761.0,455.0,306.0,3600.0,1,offday,train,-0.2588190451025208,-0.9659258262890683,0.49999999999999994,-0.8660254037844387,True,73.91840662639365,0.06576776341412938,special_case
2023-05-21 13:00:00,2023-05-21,13,2023,5,21,Sunday,True,spring,2560,258878,101.12421875,0.0829554972469645,212.36607295222933,327.7807090821316,74.07090609987938,True,,False,False,True,True,122764.0,116539.0,259824.0,381217.0,716.0,26580.0,2937318.87,631.0,0.0,0.0,0.0,0.0,4,52.0,22,0,True,True,True,False,흐림,20.0,60,12.0,19.4,0.0,0.0,0.0,0.0,3,1009.8,1005.9,100,35,0,100,18.9,235,37.8,850.0,581.0,269.0,3600.0,1,offday,train,-0.2588190451025208,-0.9659258262890683,0.49999999999999994,-0.8660254037844387,True,73.98417438980778,0.08673171007160363,special_case
2022-04-23 11:00:00,2022-04-23,11,2022,4,23,Saturday,True,spring,3263,314876,96.49892736745326,0.0486258337916605,158.66609566218833,224.8899550711248,74.09465096479605,True,,False,False,True,True,,,158439.0,237117.0,0.0,0.0,0.0,0.0,0.0,0.0,0.0,0.0,4,52.0,22,0,False,True,False,False,흐림,17.9,51,7.7,17.0,0.0,0.0,0.0,0.0,3,1014.9,1011.0,99,0,0,99,7.9,90,20.9,703.0,451.0,252.0,3600.0,1,offday,train,0.258819045102521,-0.9659258262890682,0.8660254037844387,-0.49999999999999983,True,74.07090609987938,0.023744864916665165,special_case
2025-09-14 10:00:00,2025-09-14,10,2025,9,14,Sunday,True,fall,3695,356876,96.58349120433016,0.0378925808716765,140.0130863208448,193.97910077565268,74.26900334128564,True,,False,False,True,True,121550.0,113807.0,206448.0,315696.0,0.0,0.0,0.0,0.0,17.0,17.0,0.0,8.0,4,52.0,22,0,True,True,False,True,흐림,24.4,76,20.0,28.2,0.0,0.0,0.0,0.0,3,1012.5,1008.7,100,18,0,100,0.4,27,9.4,423.0,212.0,211.0,3600.0,1,offday,test,0.49999999999999994,-0.8660254037844387,-1.0,-1.8369701987210297e-16,True,74.09465096479605,0.174352376489594,special_case
2024-05-18 11:00:00,2024-05-18,11,2024,5,18,Saturday,True,spring,3302,315232,95.46698970321016,0.0486258337916605,160.5625031800631,225.6831505829932,74.28519992089537,True,,False,False,True,True,117501.0,104744.0,235739.0,348778.0,607.0,19897.0,2184875.59,545.0,0.0,0.0,0.0,0.0,4,52.0,22,0,True,True,True,False,흐림,21.5,65,14.6,21.6,0.0,0.0,0.0,0.0,3,1018.2,1014.3,91,91,0,0,11.2,213,24.1,584.0,255.0,329.0,3600.0,1,offday,valid,0.258819045102521,-0.9659258262890682,0.49999999999999994,-0.8660254037844387,True,74.26900334128564,0.016196579609726314,special_case
2023-10-15 10:00:00,2023-10-15,10,2023,10,15,Sunday,True,fall,3994,350827,87.83850776164246,0.0378925808716765,151.34296800147607,195.73190723023507,74.39679981198577,True,,False,False,True,True,113203.0,108475.0,205835.0,319639.0,0.0,0.0,0.0,0.0,0.0,0.0,0.0,0.0,4,52.0,22,0,True,True,False,False,흐림,14.3,87,12.2,14.3,0.0,0.0,0.0,0.0,3,1012.1,1008.1,90,90,0,0,5.0,300,14.8,349.0,163.0,186.0,3600.0,1,offday,train,0.49999999999999994,-0.8660254037844387,-0.8660254037844386,0.5000000000000001,True,74.28519992089537,0.1115998910904068,special_case
2025-05-04 12:00:00,2025-05-04,12,2025,5,4,Sunday,True,spring,3130,269269,86.02843450479233,0.0657770680274524,205.88222292592613,271.907190478806,74.40713165983504,True,,False,False,True,True,126039.0,119058.0,269610.0,399733.0,0.0,0.0,0.0,0.0,4.0,4.0,0.0,2.0,4,52.0,22,0,True,True,False,True,맑음,17.0,49,6.1,15.1,0.0,0.0,0.0,0.0,0,1012.0,1008.1,1,0,0,1,17.5,244,40.3,871.0,677.0,194.0,3600.0,1,offday,test,1.2246467991473532e-16,-1.0,0.49999999999999994,-0.8660254037844387,True,74.39679981198577,0.010331847849272435,special_case
2022-08-28 11:00:00,2022-08-28,11,2022,8,28,Sunday,True,summer,4557,408972,89.74588545095457,0.037472805085182,170.7635727731745,228.84071871104737,74.42346691671057,True,,False,False,True,True,,,171969.0,276271.0,0.0,0.0,0.0,0.0,0.0,0.0,0.0,0.0,4,52.0,22,0,False,True,False,False,부분적으로 흐림,23.1,58,14.4,24.2,0.0,0.0,0.0,0.0,2,1016.5,1012.6,62,0,0,62,10.4,88,22.7,744.0,602.0,142.0,3600.0,1,offday,train,0.258819045102521,-0.9659258262890682,-0.8660254037844384,-0.5000000000000004,True,74.40713165983504,0.01633525687552151,special_case
2022-10-01 13:00:00,2022-10-01,13,2022,10,1,Saturday,True,fall,2838,247292,87.13601127554615,0.0915726254037753,259.88311089591457,354.62545139101434,74.46372839187819,True,,False,False,True,True,,,257977.0,384947.0,0.0,0.0,0.0,0.0,0.0,0.0,0.0,0.0,4,52.0,22,0,False,True,False,False,흐림,23.5,54,13.6,25.3,0.0,0.0,0.0,0.0,3,1018.4,1014.5,100,0,0,100,2.4,243,12.6,704.0,490.0,214.0,3600.0,1,offday,train,-0.2588190451025208,-0.9659258262890683,-0.8660254037844386,0.5000000000000001,True,74.42346691671057,0.04026147516762535,special_case
2022-04-09 12:00:00,2022-04-09,12,2022,4,9,Saturday,True,spring,3380,267728,79.20946745562131,0.0657770680274524,222.32648993278923,274.9461255398715,74.48730474040008,True,,False,False,True,True,,,187587.0,271232.0,0.0,0.0,0.0,0.0,0.0,0.0,0.0,0.0,4,52.0,22,0,False,True,False,False,맑음,19.5,48,8.4,17.6,0.0,0.0,0.0,0.0,0,1014.5,1010.6,0,0,0,0,18.6,212,36.4,784.0,609.0,175.0,3600.0,1,offday,train,1.2246467991473532e-16,-1.0,0.8660254037844387,-0.49999999999999983,True,74.46372839187819,0.023576348521885393,special_case
2022-06-05 14:00:00,2022-06-05,14,2022,6,5,Sunday,True,summer,2693,301765,112.05532862978092,0.0809922881834863,218.1122320781286,373.0646941731927,74.5309166203528,True,,False,False,True,True,,,231925.0,303651.0,0.0,0.0,0.0,0.0,0.0,0.0,0.0,0.0,4,52.0,22,0,False,True,False,False,흐림,25.6,45,12.6,23.6,0.0,0.0,0.0,0.0,3,1002.0,998.2,100,11,22,100,19.4,130,36.0,292.0,31.0,261.0,0.0,1,offday,train,-0.4999999999999998,-0.8660254037844388,1.2246467991473532e-16,-1.0,True,74.48730474040008,0.043611879952720756,special_case
2023-10-03 13:00:00,2023-10-03,13,2023,10,3,Tuesday,False,fall,2469,267960,108.52976913730257,0.1201225009099709,296.58245474671816,509.2865985567005,74.5391448204067,False,개천절,True,False,True,True,128155.0,126336.0,273010.0,420242.0,0.0,0.0,0.0,0.0,0.0,0.0,0.0,0.0,4,52.0,22,0,True,True,False,False,흐림,19.4,63,12.1,18.2,0.0,0.0,0.0,0.0,3,1018.1,1014.2,100,0,96,100,12.5,129,24.1,344.0,48.0,296.0,127.5,1,offday,train,-0.2588190451025208,-0.9659258262890683,-0.8660254037844386,0.5000000000000001,True,74.5309166203528,0.008228200053906676,special_case
2024-04-14 15:00:00,2024-04-14,15,2024,4,14,Sunday,True,spring,3287,366759,111.57864313964102,0.1077131147753142,354.05300826645805,630.3386609727883,74.54005011348124,True,,False,False,True,True,134685.0,137880.0,333807.0,394074.0,1055.0,43227.0,4646355.1899999995,881.0,0.0,0.0,0.0,0.0,4,52.0,22,0,True,True,True,False,흐림,27.9,25,6.2,26.6,0.0,0.0,0.0,0.0,3,1015.3,1011.5,100,0,0,100,9.4,230,23.4,721.0,546.0,175.0,3600.0,1,offday,valid,-0.7071067811865471,-0.7071067811865479,0.8660254037844387,-0.49999999999999983,True,74.5391448204067,0.0009052930745383492,special_case
2022-06-06 12:00:00,2022-06-06,12,2022,6,6,Monday,False,summer,2874,255140,88.77522616562283,0.0751590877463387,216.00721818297745,294.9465260643373,74.55555529619039,False,현충일,True,False,True,True,,,200455.0,301531.0,0.0,0.0,0.0,0.0,0.0,0.0,0.0,0.0,4,52.0,22,0,False,True,False,False,약한 이슬비,18.9,73,14.0,18.0,0.2,0.2,0.0,0.0,51,1001.8,997.9,100,10,21,100,14.5,60,27.0,295.0,94.0,201.0,1205.9,1,offday,train,1.2246467991473532e-16,-1.0,1.2246467991473532e-16,-1.0,True,74.54005011348124,0.015505182709148357,special_case
2022-06-12 15:00:00,2022-06-12,15,2022,6,12,Sunday,True,summer,2988,331115,110.81492637215528,0.0935275965658001,279.46045853861085,484.4181931442715,74.58353185966814,True,,False,False,True,True,,,265436.0,314411.0,0.0,0.0,0.0,0.0,0.0,0.0,0.0,0.0,4,52.0,22,0,False,True,False,False,흐림,29.4,36,12.8,29.2,0.0,0.0,0.0,0.0,3,1010.5,1006.7,100,4,21,100,7.0,235,17.6,477.0,131.0,346.0,2702.07,1,offday,train,-0.7071067811865471,-0.7071067811865479,1.2246467991473532e-16,-1.0,True,74.55555529619039,0.02797656347775046,special_case
2024-09-22 11:00:00,2024-09-22,11,2024,9,22,Sunday,True,fall,4411,260877,59.14237134436636,0.0550655360577097,242.89407955055765,239.42219750211905,74.66715050111307,True,,False,False,True,True,108403.0,100418.0,204482.0,304686.0,535.0,20884.0,2126766.25,482.0,0.0,0.0,0.0,0.0,4,52.0,22,0,True,True,True,False,대체로 맑음,22.8,66,16.0,23.6,0.0,0.0,0.0,0.0,1,1013.9,1010.0,35,5,32,0,11.4,62,24.8,614.0,450.0,164.0,3600.0,1,offday,valid,0.258819045102521,-0.9659258262890682,-1.0,-1.8369701987210297e-16,True,74.58353185966814,0.0836186414449287,special_case
2023-05-28 14:00:00,2023-05-28,14,2023,5,28,Sunday,True,spring,3385,288986,85.3725258493353,0.0977777335148833,330.97762794788014,449.7228918904268,74.76304596602205,True,,False,False,True,True,119940.0,114747.0,271180.0,349432.0,11.0,273.0,16661.55,14.0,0.0,0.0,0.0,0.0,4,52.0,22,0,True,True,True,False,강한 이슬비,18.6,97,18.1,20.1,1.0,1.0,0.0,0.0,55,1011.8,1007.9,100,100,100,100,10.4,226,22.7,90.0,0.0,90.0,0.0,1,offday,train,-0.4999999999999998,-0.8660254037844388,0.49999999999999994,-0.8660254037844387,True,74.66715050111307,0.0958954649089776,special_case
2025-09-13 10:00:00,2025-09-13,10,2025,9,13,Saturday,True,fall,3830,358122,93.50443864229766,0.0378925808716765,145.1285847385211,196.3582919858865,74.99648850045412,True,,False,False,True,True,121550.0,113807.0,206448.0,315696.0,0.0,0.0,0.0,0.0,17.0,17.0,0.0,8.0,4,52.0,22,0,True,True,False,True,흐림,23.0,86,20.5,26.3,0.0,0.0,0.0,0.0,3,1006.1,1002.3,100,100,0,0,5.6,33,14.8,201.0,0.0,201.0,0.0,1,offday,test,0.49999999999999994,-0.8660254037844387,-1.0,-1.8369701987210297e-16,True,74.76304596602205,0.23344253443207208,special_case
2022-09-17 14:00:00,2022-09-17,14,2022,9,17,Saturday,True,fall,6267,326802,52.14648157012925,0.1053558771818858,660.2652822988787,573.8418562465777,75.07323745983422,True,,False,False,True,True,,,237928.0,302473.0,0.0,0.0,0.0,0.0,0.0,0.0,0.0,0.0,4,52.0,22,0,False,True,False,False,대체로 맑음,26.9,77,22.5,30.7,0.0,0.0,0.0,0.0,1,1008.3,1004.5,25,18,2,9,10.3,245,23.0,561.0,278.0,283.0,3600.0,1,offday,train,-0.4999999999999998,-0.8660254037844388,-1.0,-1.8369701987210297e-16,True,74.99648850045412,0.0767489593800974,special_case
2022-10-01 12:00:00,2022-10-01,12,2022,10,1,Saturday,True,fall,2838,247292,87.13601127554615,0.0738136969525007,209.48327195119708,280.16172299913615,75.24934103253003,True,,False,False,True,True,,,231747.0,349570.0,0.0,0.0,0.0,0.0,0.0,0.0,0.0,0.0,4,52.0,22,0,False,True,False,False,흐림,21.9,63,14.6,24.4,0.0,0.0,0.0,0.0,3,1019.1,1015.2,100,2,0,100,0.0,270,13.7,690.0,502.0,188.0,3600.0,1,offday,train,1.2246467991473532e-16,-1.0,-0.8660254037844386,0.5000000000000001,True,75.07323745983422,0.17610357269580845,special_case
2023-04-16 11:00:00,2023-04-16,11,2023,4,16,Sunday,True,spring,3321,320677,96.5603733815116,0.0486258337916605,161.48639402210463,229.00085578282577,75.45331144054029,True,,False,False,True,True,104251.0,96251.0,205854.0,298552.0,444.0,12149.0,1404971.29,360.0,0.0,0.0,0.0,0.0,4,52.0,22,0,True,True,True,False,흐림,12.8,62,5.6,10.9,0.0,0.0,0.0,0.0,3,1005.4,1001.4,100,4,100,100,5.4,228,16.9,504.0,147.0,357.0,3600.0,1,offday,train,0.258819045102521,-0.9659258262890682,0.8660254037844387,-0.49999999999999983,True,75.24934103253003,0.20397040801026378,special_case
2023-05-01 11:00:00,2023-05-01,11,2023,5,1,Monday,False,spring,2500,223690,89.476,0.0762910773796575,190.7276934491439,258.70479264125174,75.47884639011966,False,,False,False,False,False,110461.0,98328.0,210432.0,310155.0,540.0,18043.0,2098032.0,452.0,0.0,0.0,0.0,0.0,4,52.0,22,0,True,True,True,False,흐림,15.2,50,4.9,13.0,0.0,0.0,0.0,0.0,3,1018.5,1014.5,100,0,100,99,6.9,264,18.7,544.0,195.0,349.0,3600.0,1,weekday,train,0.258819045102521,-0.9659258262890682,0.49999999999999994,-0.8660254037844387,True,75.45331144054029,0.02553494957936664,special_case
2025-09-28 10:00:00,2025-09-28,10,2025,9,28,Sunday,True,fall,4023,357249,88.80164056674124,0.0378925808716765,152.4418528467547,198.69997654374336,75.58951444172949,True,,False,False,True,True,121550.0,113807.0,206448.0,315696.0,0.0,0.0,0.0,0.0,15.0,14.0,1.0,9.0,4,52.0,22,0,True,True,False,True,보통 비,19.5,97,19.0,22.3,5.0,5.0,0.0,0.0,63,1011.7,1007.8,100,41,100,100,4.2,72,11.2,45.0,0.0,45.0,0.0,1,offday,test,0.49999999999999994,-0.8660254037844387,-1.0,-1.8369701987210297e-16,True,75.47884639011966,0.11066805160983506,special_case
2024-10-13 10:00:00,2024-10-13,10,2024,10,13,Sunday,True,fall,3900,360223,92.3648717948718,0.0378925808716765,147.78106539953848,198.17279353566633,75.61872415128138,True,,False,False,True,True,123410.0,114950.0,224680.0,341541.0,448.0,13277.0,1650182.56,376.0,0.0,0.0,0.0,0.0,4,52.0,22,0,True,True,True,False,흐림,18.2,74,13.6,18.1,0.0,0.0,0.0,0.0,3,1025.4,1021.4,100,0,0,100,9.0,90,19.8,437.0,324.0,113.0,3600.0,1,offday,valid,0.49999999999999994,-0.8660254037844387,-0.8660254037844386,0.5000000000000001,True,75.58951444172949,0.029209709551892615,special_case
2025-06-06 14:00:00,2025-06-06,14,2025,6,6,Friday,False,summer,2994,310867,103.82999331997328,0.1049582705891367,314.2450621438753,515.285678866321,75.69433809125371,False,현충일,True,False,True,True,124546.0,121399.0,291512.0,373818.0,0.0,0.0,0.0,0.0,10.0,10.0,0.0,3.0,4,52.0,22,0,True,True,False,True,흐림,29.4,30,10.1,28.3,0.0,0.0,0.0,0.0,3,1007.0,1003.3,100,0,0,100,18.2,227,43.9,865.0,648.0,217.0,3600.0,1,offday,test,-0.4999999999999998,-0.8660254037844388,1.2246467991473532e-16,-1.0,True,75.61872415128138,0.07561393997232813,special_case
2023-05-01 12:00:00,2023-05-01,12,2023,5,1,Monday,False,spring,2500,223690,89.476,0.096293809375837,240.73452343959255,334.4326816413753,75.72788900012358,False,,False,False,False,False,118937.0,111204.0,240041.0,344089.0,714.0,22928.0,2608678.43,631.0,0.0,0.0,0.0,0.0,4,52.0,22,0,True,True,True,False,맑음,16.8,44,4.3,14.3,0.0,0.0,0.0,0.0,0,1018.7,1014.7,16,7,15,0,14.1,266,29.5,729.0,423.0,306.0,3600.0,1,weekday,train,1.2246467991473532e-16,-1.0,0.49999999999999994,-0.8660254037844387,True,75.69433809125371,0.03355090886987,special_case
2023-04-30 11:00:00,2023-04-30,11,2023,4,30,Sunday,True,spring,4249,308886,72.69616380324783,0.0486258337916605,206.6111677807656,236.60808052069385,75.85441442937974,True,,False,False,True,True,104251.0,96251.0,205854.0,298552.0,467.0,15259.0,1645775.56,424.0,0.0,0.0,0.0,0.0,4,52.0,22,0,True,True,True,False,흐림,14.4,50,4.1,11.2,0.0,0.0,0.0,0.0,3,1012.0,1008.0,100,0,100,0,17.3,239,34.9,684.0,385.0,299.0,3600.0,1,offday,train,0.258819045102521,-0.9659258262890682,0.8660254037844387,-0.49999999999999983,True,75.72788900012358,0.12652542925616217,special_case
2022-09-17 10:00:00,2022-09-17,10,2022,9,17,Saturday,True,fall,6267,326802,52.14648157012925,0.0378925808716765,237.47280432279683,206.38952023376055,75.92108311578002,True,,False,False,True,True,,,165820.0,254499.0,0.0,0.0,0.0,0.0,0.0,0.0,0.0,0.0,4,52.0,22,0,False,True,False,False,약한 이슬비,24.2,88,22.1,28.1,0.1,0.1,0.0,0.0,51,1010.0,1006.2,100,100,0,0,7.3,261,17.6,172.0,16.0,156.0,0.0,1,offday,train,0.49999999999999994,-0.8660254037844387,-1.0,-1.8369701987210297e-16,True,75.85441442937974,0.06666868640027701,special_case
2025-10-19 14:00:00,2025-10-19,14,2025,10,19,Sunday,True,fall,2856,295270,103.38585434173667,0.1053558771818858,300.896385231466,490.00911879449615,76.04011415157419,True,,False,False,True,True,134540.0,131055.0,316720.0,400504.0,0.0,0.0,0.0,0.0,19.0,17.0,2.0,11.0,4,52.0,22,0,True,True,False,True,대체로 맑음,18.1,69,12.2,17.3,0.0,0.0,0.0,0.0,1,1022.5,1018.6,30,30,0,0,10.3,308,25.9,504.0,322.0,182.0,3600.0,1,offday,test,-0.4999999999999998,-0.8660254037844388,-0.8660254037844386,0.5000000000000001,True,75.92108311578002,0.11903103579416552,special_case
2022-06-04 13:00:00,2022-06-04,13,2022,6,4,Saturday,True,summer,3062,314357,102.66394513389942,0.0663205601576762,203.07355520280476,314.837461359184,76.0705286163635,True,,False,False,True,True,,,217587.0,326187.0,0.0,0.0,0.0,0.0,0.0,0.0,0.0,0.0,4,52.0,22,0,False,True,False,False,흐림,29.6,40,14.6,31.7,0.0,0.0,0.0,0.0,3,1009.7,1005.9,100,5,1,100,6.1,230,21.2,774.0,446.0,328.0,3600.0,1,offday,train,-0.2588190451025208,-0.9659258262890683,1.2246467991473532e-16,-1.0,True,76.04011415157419,0.030414464789316753,special_case
2022-05-01 12:00:00,2022-05-01,12,2022,5,1,Sunday,True,spring,3000,276982,92.32733333333331,0.0657770680274524,197.33120408235732,275.928380962071,76.1236080313908,True,,False,False,True,True,,,213834.0,325207.0,0.0,0.0,0.0,0.0,0.0,0.0,0.0,0.0,4,52.0,22,0,False,True,False,False,맑음,16.6,30,-1.1,13.1,0.0,0.0,0.0,0.0,0,1013.6,1009.7,2,0,2,0,19.6,238,38.2,873.0,683.0,190.0,3600.0,1,offday,train,1.2246467991473532e-16,-1.0,0.49999999999999994,-0.8660254037844387,True,76.0705286163635,0.05307941502729818,special_case
2022-10-08 13:00:00,2022-10-08,13,2022,10,8,Saturday,True,fall,3141,253689,80.76695319961796,0.0915726254037753,287.6296163932585,367.8761770351697,76.16285738222575,True,,False,False,True,True,,,257977.0,384947.0,0.0,0.0,0.0,0.0,0.0,0.0,0.0,0.0,4,52.0,22,0,False,True,False,False,부분적으로 흐림,18.6,53,8.8,17.8,0.0,0.0,0.0,0.0,2,1024.8,1020.8,62,62,0,0,9.7,105,22.0,711.0,575.0,136.0,3600.0,1,offday,train,-0.2588190451025208,-0.9659258262890683,-0.8660254037844386,0.5000000000000001,True,76.1236080313908,0.03924935083495029,special_case
2023-09-17 10:00:00,2023-09-17,10,2023,9,17,Sunday,True,fall,3716,368243,99.09660925726588,0.0378925808716765,140.80883051914998,198.80984015131736,76.263819904013,True,,False,False,True,True,109581.0,100741.0,188565.0,278575.0,0.0,0.0,0.0,0.0,0.0,0.0,0.0,0.0,4,52.0,22,0,True,True,False,False,약한 이슬비,24.4,88,22.2,29.1,0.1,0.1,0.0,0.0,51,1011.7,1007.9,99,32,7,99,2.5,172,12.6,362.0,176.0,186.0,3600.0,1,offday,train,0.49999999999999994,-0.8660254037844387,-1.0,-1.8369701987210297e-16,True,76.16285738222575,0.10096252178725251,special_case
2023-04-22 14:00:00,2023-04-22,14,2023,4,22,Saturday,True,spring,2993,291040,97.24022719679252,0.0977777335148833,292.64875641004585,446.7524184624904,76.27474849666123,True,,False,False,True,True,115768.0,111751.0,264100.0,346494.0,812.0,28387.0,3272715.57,731.0,0.0,0.0,0.0,0.0,4,52.0,22,0,True,True,True,False,흐림,18.1,17,-7.4,12.7,0.0,0.0,0.0,0.0,3,1020.4,1016.5,100,0,96,99,16.4,57,30.6,372.0,54.0,318.0,50.49,1,offday,train,-0.4999999999999998,-0.8660254037844388,0.8660254037844387,-0.49999999999999983,True,76.263819904013,0.010928592648227209,special_case
2025-04-26 10:00:00,2025-04-26,10,2025,4,26,Saturday,True,spring,4412,415974,94.2824116047144,0.0333632663106753,147.19873096269956,200.4517902738608,76.32155236217108,True,,False,False,True,True,116944.0,108056.0,220606.0,314678.0,0.0,0.0,0.0,0.0,4.0,4.0,0.0,3.0,4,52.0,22,0,True,True,False,True,맑음,14.1,55,5.2,11.8,0.0,0.0,0.0,0.0,0,1019.1,1015.1,0,0,0,0,10.1,204,25.6,611.0,447.0,164.0,3600.0,1,offday,test,0.49999999999999994,-0.8660254037844387,0.8660254037844387,-0.49999999999999983,True,76.27474849666123,0.046803865509843945,special_case
2024-09-27 11:00:00,2024-09-27,11,2024,9,27,Friday,False,fall,2915,201302,69.05728987993139,0.0860138816247737,250.73046493621547,278.46945417634777,76.352726499028,False,,False,False,False,False,108403.0,100418.0,204482.0,304686.0,373.0,11157.0,1092220.88,327.0,0.0,0.0,0.0,0.0,4,52.0,22,0,True,True,True,False,약한 이슬비,23.5,75,18.8,26.2,0.1,0.1,0.0,0.0,51,1014.9,1011.1,40,12,23,12,3.9,16,13.7,555.0,379.0,176.0,3600.0,1,weekday,valid,0.258819045102521,-0.9659258262890682,-1.0,-1.8369701987210297e-16,True,76.32155236217108,0.03117413685691872,special_case
2023-04-29 11:00:00,2023-04-29,11,2023,4,29,Saturday,True,spring,4145,313019,75.51724969843184,0.0486258337916605,201.55408106643293,237.31894649703835,76.38296505506273,True,,False,False,True,True,104251.0,96251.0,205854.0,298552.0,10.0,288.0,24081.95,9.0,0.0,0.0,0.0,0.0,4,52.0,22,0,True,True,True,False,보통 이슬비,13.1,98,12.8,11.5,0.5,0.5,0.0,0.0,53,1005.6,1001.6,100,100,100,96,17.3,228,34.6,77.0,0.0,77.0,0.0,1,offday,train,0.258819045102521,-0.9659258262890682,0.8660254037844387,-0.49999999999999983,True,76.352726499028,0.0302385560347318,special_case
2025-05-25 11:00:00,2025-05-25,11,2025,5,25,Sunday,True,spring,4303,310877,72.24657215895887,0.0486258337916605,209.23696280551528,238.53936355174292,76.42382529190226,True,,False,False,True,True,118017.0,105966.0,236494.0,354786.0,0.0,0.0,0.0,0.0,10.0,9.0,1.0,6.0,4,52.0,22,0,True,True,False,True,맑음,19.4,53,9.6,20.0,0.0,0.0,0.0,0.0,0,1015.1,1011.2,0,0,0,0,5.2,264,19.1,789.0,598.0,191.0,3600.0,1,offday,test,0.258819045102521,-0.9659258262890682,0.49999999999999994,-0.8660254037844387,True,76.38296505506273,0.04086023683953499,special_case
2024-09-08 10:00:00,2024-09-08,10,2024,9,8,Sunday,True,fall,4690,347237,74.03773987206823,0.0378925808716765,177.71620428816294,204.00016367193808,76.46098247863142,True,,False,False,True,True,113071.0,105062.0,191989.0,288463.0,337.0,8922.0,1019854.07,326.0,0.0,0.0,0.0,0.0,4,52.0,22,0,True,True,True,False,맑음,26.2,77,21.8,30.7,0.0,0.0,0.0,0.0,0,1015.4,1011.6,9,9,0,0,2.1,121,11.5,536.0,413.0,123.0,3600.0,1,offday,valid,0.49999999999999994,-0.8660254037844387,-1.0,-1.8369701987210297e-16,True,76.42382529190226,0.037157186729160685,special_case
2025-05-11 12:00:00,2025-05-11,12,2025,5,11,Sunday,True,spring,2729,280458,102.7695126419934,0.0657770680274524,179.5056186469177,274.0974531218349,76.49599075023661,True,,False,False,True,True,126039.0,119058.0,269610.0,399733.0,0.0,0.0,0.0,0.0,8.0,7.0,1.0,5.0,4,52.0,22,0,True,True,False,True,흐림,17.4,66,10.9,17.1,0.0,0.0,0.0,0.0,3,1006.7,1002.8,96,49,92,0,3.9,204,16.6,488.0,167.0,321.0,3600.0,1,offday,test,1.2246467991473532e-16,-1.0,0.49999999999999994,-0.8660254037844387,True,76.46098247863142,0.03500827160519293,special_case
2024-10-03 09:00:00,2024-10-03,9,2024,10,3,Thursday,False,fall,3120,309997,99.35801282051284,0.0417237594214264,130.17812939485052,180.94139221936916,76.59733892584973,False,개천절,True,False,True,False,167962.0,154083.0,271413.0,464399.0,357.0,9674.0,1230309.85,294.0,0.0,0.0,0.0,0.0,4,52.0,22,0,True,True,True,False,맑음,15.0,68,9.1,14.0,0.0,0.0,0.0,0.0,0,1022.9,1018.9,0,0,0,0,5.4,40,13.7,305.0,211.0,94.0,3600.0,1,offday,valid,0.7071067811865476,-0.7071067811865475,-0.8660254037844386,0.5000000000000001,True,76.49599075023661,0.10134817561311138,special_case
2022-04-09 13:00:00,2022-04-09,13,2022,4,9,Saturday,True,spring,3380,267728,79.20946745562131,0.0829554972469645,280.3895806947403,351.5691385761809,76.62301303630937,True,,False,False,True,True,,,206340.0,299990.0,0.0,0.0,0.0,0.0,0.0,0.0,0.0,0.0,4,52.0,22,0,False,True,False,False,맑음,20.9,45,8.5,19.1,0.0,0.0,0.0,0.0,0,1014.0,1010.1,0,0,0,0,18.9,219,36.4,821.0,644.0,177.0,3600.0,1,offday,train,-0.2588190451025208,-0.9659258262890683,0.8660254037844387,-0.49999999999999983,True,76.59733892584973,0.02567411045964718,special_case
2024-06-01 12:00:00,2024-06-01,12,2024,6,1,Saturday,True,summer,4711,340856,72.35321587773296,0.0513318154074477,241.8241823844864,278.1703051301073,76.7018907394276,True,,False,False,True,True,117789.0,111354.0,243753.0,356376.0,616.0,18728.0,1955832.52,622.0,0.0,0.0,0.0,0.0,4,52.0,22,0,True,True,True,False,맑음,23.6,41,9.8,22.8,0.0,0.0,0.0,0.0,0,1011.3,1007.5,5,2,3,0,16.1,318,33.8,846.0,635.0,211.0,3600.0,1,offday,valid,1.2246467991473532e-16,-1.0,1.2246467991473532e-16,-1.0,True,76.62301303630937,0.07887770311822351,special_case
2025-05-31 14:00:00,2025-05-31,14,2025,5,31,Saturday,True,spring,2982,292972,98.2468142186452,0.0977777335148833,291.5732013413822,449.2605408748956,76.85381203999714,True,,False,False,True,True,130403.0,126266.0,311472.0,410999.0,0.0,0.0,0.0,0.0,7.0,7.0,0.0,2.0,4,52.0,22,0,True,True,False,True,흐림,27.9,32,9.4,28.0,0.0,0.0,0.0,0.0,3,1010.2,1006.4,100,0,0,100,5.2,286,20.9,715.0,338.0,377.0,3600.0,1,offday,test,-0.4999999999999998,-0.8660254037844388,0.49999999999999994,-0.8660254037844387,True,76.7018907394276,0.15192130056954056,special_case
2024-04-28 11:00:00,2024-04-28,11,2024,4,28,Sunday,True,spring,3102,330803,106.6418439716312,0.0486258337916605,150.83733642173098,231.28896074885495,76.8565475154727,True,,False,False,True,True,110732.0,102208.0,228291.0,325242.0,569.0,17479.0,1947161.07,544.0,0.0,0.0,0.0,0.0,4,52.0,22,0,True,True,True,False,흐림,21.4,51,10.9,21.8,0.0,0.0,0.0,0.0,3,1014.4,1010.5,100,0,0,100,3.6,127,15.5,664.0,356.0,308.0,3600.0,1,offday,valid,0.258819045102521,-0.9659258262890682,0.8660254037844387,-0.49999999999999983,True,76.85381203999714,0.0027354754755606336,special_case
2025-05-04 13:00:00,2025-05-04,13,2025,5,4,Sunday,True,spring,3130,269269,86.02843450479233,0.0829554972469645,259.65070638299915,348.9639056351412,77.0567151563352,True,,False,False,True,True,131842.0,124440.0,292232.0,438367.0,0.0,0.0,0.0,0.0,4.0,4.0,0.0,2.0,4,52.0,22,0,True,True,False,True,맑음,17.5,44,5.2,15.3,0.0,0.0,0.0,0.0,0,1011.8,1007.9,0,0,0,0,19.4,245,43.9,910.0,720.0,190.0,3600.0,1,offday,test,-0.2588190451025208,-0.9659258262890683,0.49999999999999994,-0.8660254037844387,True,76.8565475154727,0.20016764086250305,special_case
2025-06-03 14:00:00,2025-06-03,14,2025,6,3,Tuesday,False,summer,2829,313831,110.93354542241076,0.1049582705891367,296.92694749666776,517.6752958103069,77.1367109533337,False,임시공휴일(제21대 대통령 선거),True,False,True,False,124546.0,121399.0,291512.0,373818.0,0.0,0.0,0.0,0.0,7.0,7.0,0.0,2.0,4,52.0,22,0,True,True,False,True,대체로 맑음,23.2,54,13.4,22.9,0.0,0.0,0.0,0.0,1,998.7,994.9,21,21,0,0,20.1,250,52.2,864.0,655.0,209.0,3600.0,1,offday,test,-0.4999999999999998,-0.8660254037844388,1.2246467991473532e-16,-1.0,True,77.0567151563352,0.07999579699850301,special_case
2023-09-24 14:00:00,2023-09-24,14,2023,9,24,Sunday,True,fall,2753,297833,108.18488921176898,0.1053558771818858,290.04472988173177,492.5011211765153,77.20821107592036,True,,False,False,True,True,114872.0,111185.0,261221.0,333016.0,0.0,0.0,0.0,0.0,0.0,0.0,0.0,0.0,4,52.0,22,0,True,True,False,False,흐림,24.1,48,12.2,23.6,0.0,0.0,0.0,0.0,3,1019.6,1015.7,100,0,0,100,11.5,92,25.2,643.0,368.0,275.0,3600.0,1,offday,train,-0.4999999999999998,-0.8660254037844388,-1.0,-1.8369701987210297e-16,True,77.1367109533337,0.07150012258665583,special_case
2024-09-22 13:00:00,2024-09-22,13,2024,9,22,Sunday,True,fall,4411,260877,59.14237134436636,0.0915726254037753,403.92685065605326,398.1531966243453,77.21493295971965,True,,False,False,True,True,124352.0,120608.0,258882.0,380199.0,870.0,34171.0,3672535.39,767.0,0.0,0.0,0.0,0.0,4,52.0,22,0,True,True,True,False,맑음,23.9,60,15.6,24.5,0.0,0.0,0.0,0.0,0,1013.1,1009.3,15,12,8,0,11.9,55,25.6,624.0,437.0,187.0,3600.0,1,offday,valid,-0.2588190451025208,-0.9659258262890683,-1.0,-1.8369701987210297e-16,True,77.20821107592036,0.006721883799286843,special_case
2022-04-10 15:00:00,2022-04-10,15,2022,4,10,Sunday,True,spring,4027,392401,97.44251303700024,0.1077131147753142,433.7607132001906,679.4777871519843,77.25830711430626,True,,False,False,True,True,,,247697.0,292531.0,0.0,0.0,0.0,0.0,0.0,0.0,0.0,0.0,4,52.0,22,0,False,True,False,False,맑음,22.2,33,5.2,19.9,0.0,0.0,0.0,0.0,0,1015.0,1011.1,0,0,0,0,14.6,218,29.2,724.0,562.0,162.0,3600.0,1,offday,train,-0.7071067811865471,-0.7071067811865479,0.8660254037844387,-0.49999999999999983,True,77.21493295971965,0.04337415458661553,special_case
2023-05-14 11:00:00,2023-05-14,11,2023,5,14,Sunday,True,spring,3229,331034,102.51904614431712,0.0486258337916605,157.01281731327188,233.3557553942362,77.28770452459773,True,,False,False,True,True,110461.0,98328.0,210432.0,310155.0,464.0,15791.0,1806154.78,404.0,0.0,0.0,0.0,0.0,4,52.0,22,0,True,True,True,False,부분적으로 흐림,19.8,47,8.1,18.7,0.0,0.0,0.0,0.0,2,1010.9,1007.0,61,0,60,0,7.4,223,18.7,630.0,376.0,254.0,3600.0,1,offday,train,0.258819045102521,-0.9659258262890682,0.49999999999999994,-0.8660254037844387,True,77.25830711430626,0.02939741029146603,special_case
2025-09-07 10:00:00,2025-09-07,10,2025,9,7,Sunday,True,fall,4363,360584,82.64588585835435,0.0378925808716765,165.3253303431247,204.7706319661409,77.4548631827613,True,,False,False,True,True,121550.0,113807.0,206448.0,315696.0,0.0,0.0,0.0,0.0,14.0,14.0,0.0,7.0,4,52.0,22,0,True,True,False,True,흐림,25.3,83,22.2,29.6,0.0,0.0,0.0,0.0,3,1008.7,1004.9,99,30,0,98,5.5,293,16.9,305.0,60.0,245.0,1112.54,1,offday,test,0.49999999999999994,-0.8660254037844387,-1.0,-1.8369701987210297e-16,True,77.28770452459773,0.16715865816357223,special_case
2022-10-08 12:00:00,2022-10-08,12,2022,10,8,Saturday,True,fall,3141,253689,80.76695319961796,0.0738136969525007,231.8488221278048,291.71331965294394,77.5575516010345,True,,False,False,True,True,,,231747.0,349570.0,0.0,0.0,0.0,0.0,0.0,0.0,0.0,0.0,4,52.0,22,0,False,True,False,False,맑음,17.5,59,9.4,16.6,0.0,0.0,0.0,0.0,0,1025.5,1021.5,0,0,0,0,9.8,96,23.0,656.0,479.0,177.0,3600.0,1,offday,train,1.2246467991473532e-16,-1.0,-0.8660254037844386,0.5000000000000001,True,77.4548631827613,0.1026884182732033,special_case
2022-06-04 14:00:00,2022-06-04,14,2022,6,4,Saturday,True,summer,3062,314357,102.66394513389942,0.0809922881834863,247.99838641783504,392.3970367064743,77.55957534729038,True,,False,False,True,True,,,231925.0,303651.0,0.0,0.0,0.0,0.0,0.0,0.0,0.0,0.0,4,52.0,22,0,False,True,False,False,흐림,29.5,40,14.6,30.1,0.0,0.0,0.0,0.0,3,1008.8,1005.1,100,10,16,100,6.8,245,21.6,559.0,167.0,392.0,3535.03,1,offday,train,-0.4999999999999998,-0.8660254037844388,1.2246467991473532e-16,-1.0,True,77.5575516010345,0.0020237462558725383,special_case
2023-05-27 11:00:00,2023-05-27,11,2023,5,27,Saturday,True,spring,3432,329453,95.99446386946389,0.0486258337916605,166.88386157297896,235.57493452558987,77.57907262432411,True,부처님오신날,True,False,True,True,110461.0,98328.0,210432.0,310155.0,17.0,486.0,53247.130000000005,33.0,0.0,0.0,0.0,0.0,4,52.0,22,0,True,True,True,False,강한 이슬비,18.9,90,17.2,20.4,1.2,1.2,0.0,0.0,55,1019.2,1015.3,100,100,100,100,6.8,122,17.3,70.0,0.0,70.0,0.0,1,offday,train,0.258819045102521,-0.9659258262890682,0.49999999999999994,-0.8660254037844387,True,77.55957534729038,0.019497277033735827,special_case
2025-04-27 10:00:00,2025-04-27,10,2025,4,27,Sunday,True,spring,3968,435330,109.7101814516129,0.0333632663106753,132.3854407207597,201.83263516934653,77.67647087318142,True,,False,False,True,True,116944.0,108056.0,220606.0,314678.0,0.0,0.0,0.0,0.0,4.0,4.0,0.0,3.0,4,52.0,22,0,True,True,False,True,흐림,16.0,49,5.3,13.2,0.0,0.0,0.0,0.0,3,1016.7,1012.7,99,0,0,99,12.7,237,29.9,579.0,371.0,208.0,3600.0,1,offday,test,0.49999999999999994,-0.8660254037844387,0.8660254037844387,-0.49999999999999983,True,77.57907262432411,0.09739824885730286,special_case
2024-06-16 13:00:00,2024-06-16,13,2024,6,16,Sunday,True,summer,3487,319548,91.63980498996273,0.0663205601576762,231.2597932698172,325.6487354410321,77.74970112462907,True,,False,False,True,True,122281.0,117640.0,264558.0,388976.0,465.0,13708.0,1522494.08,442.0,0.0,0.0,0.0,0.0,4,52.0,22,0,True,True,True,False,맑음,29.0,32,10.5,29.0,0.0,0.0,0.0,0.0,0,1006.1,1002.4,13,0,13,0,12.7,315,28.8,847.0,642.0,205.0,3600.0,1,offday,valid,-0.2588190451025208,-0.9659258262890683,1.2246467991473532e-16,-1.0,True,77.67647087318142,0.07323025144765438,special_case
2025-06-22 13:00:00,2025-06-22,13,2025,6,22,Sunday,True,summer,2907,322514,110.9439284485724,0.0663205601576762,192.79386837836492,319.49276622754104,77.77955223334129,True,,False,False,True,True,126242.0,120332.0,275513.0,398781.0,0.0,0.0,0.0,0.0,12.0,12.0,0.0,3.0,4,52.0,22,0,True,True,False,True,맑음,25.4,63,18.0,28.6,0.0,0.0,0.0,0.0,0,1006.7,1002.9,0,0,0,0,11.5,229,29.5,897.0,702.0,195.0,3600.0,1,offday,test,-0.2588190451025208,-0.9659258262890683,1.2246467991473532e-16,-1.0,True,77.74970112462907,0.029851108712222185,special_case
2025-10-19 11:00:00,2025-10-19,11,2025,10,19,Sunday,True,fall,2856,295270,103.38585434173667,0.0550655360577097,157.267170980819,235.5216659109763,77.83214066160153,True,,False,False,True,True,115105.0,107090.0,225556.0,348326.0,0.0,0.0,0.0,0.0,19.0,17.0,2.0,11.0,4,52.0,22,0,True,True,False,True,약한 이슬비,17.7,75,13.2,17.8,0.2,0.2,0.0,0.0,51,1024.2,1020.2,100,100,0,0,6.2,255,18.0,520.0,350.0,170.0,3600.0,1,offday,test,0.258819045102521,-0.9659258262890682,-0.8660254037844386,0.5000000000000001,True,77.77955223334129,0.05258842826023624,special_case
2025-10-09 13:00:00,2025-10-09,13,2025,10,9,Thursday,False,fall,2317,274547,118.49244712990937,0.1201225009099709,278.3238346084026,518.9110028452202,77.83634809325645,False,한글날,True,False,True,True,133452.0,129282.0,289919.0,426437.0,0.0,0.0,0.0,0.0,13.0,12.0,1.0,7.0,4,52.0,22,0,True,True,False,True,흐림,21.0,70,15.2,20.9,0.0,0.0,0.0,0.0,3,1019.7,1015.8,100,25,100,0,12.3,72,30.6,193.0,4.0,189.0,0.0,1,offday,test,-0.2588190451025208,-0.9659258262890683,-0.8660254037844386,0.5000000000000001,True,77.83214066160153,0.004207431654918992,special_case
2024-09-21 14:00:00,2024-09-21,14,2024,9,21,Saturday,True,fall,4008,316973,79.08507984031937,0.1053558771818858,422.2663557449985,539.0107696618484,77.88383502705591,True,,False,False,True,True,123791.0,120526.0,276892.0,362326.0,588.0,18046.0,2048272.44,496.0,0.0,0.0,0.0,0.0,4,52.0,22,0,True,True,True,False,흐림,22.3,72,16.9,21.7,0.0,0.0,0.0,0.0,3,1007.8,1004.0,100,100,72,16,20.8,64,37.8,491.0,203.0,288.0,3600.0,1,offday,valid,-0.4999999999999998,-0.8660254037844388,-1.0,-1.8369701987210297e-16,True,77.83634809325645,0.047486933799461895,special_case
2023-05-07 15:00:00,2023-05-07,15,2023,5,7,Sunday,True,spring,3406,382650,112.3458602466236,0.1077131147753142,366.87086892472047,657.4174040641963,77.88418364314839,True,,False,False,True,True,132175.0,131307.0,314402.0,362761.0,744.0,29486.0,3337958.05,666.0,0.0,0.0,0.0,0.0,4,52.0,22,0,True,True,True,False,흐림,15.9,47,4.6,12.4,0.0,0.0,0.0,0.0,3,1013.1,1009.2,100,0,54,100,14.9,58,30.6,251.0,13.0,238.0,0.0,1,offday,train,-0.7071067811865471,-0.7071067811865479,0.49999999999999994,-0.8660254037844387,True,77.88383502705591,0.0003486160924808246,special_case
2022-04-17 11:00:00,2022-04-17,11,2022,4,17,Sunday,True,spring,3440,330896,96.1906976744186,0.0486258337916605,167.27286824331225,236.4994216202095,77.89760340719604,True,,False,False,True,True,,,158439.0,237117.0,0.0,0.0,0.0,0.0,0.0,0.0,0.0,0.0,4,52.0,22,0,False,True,False,False,맑음,15.4,49,4.7,14.4,0.0,0.0,0.0,0.0,0,1019.9,1015.9,0,0,0,0,6.4,207,19.8,739.0,563.0,176.0,3600.0,1,offday,train,0.258819045102521,-0.9659258262890682,0.8660254037844387,-0.49999999999999983,True,77.88418364314839,0.013419764047654326,special_case
2024-05-25 14:00:00,2024-05-25,14,2024,5,25,Saturday,True,spring,3100,297748,96.04774193548388,0.0977777335148833,303.1109738961384,457.6128223353683,77.94318423758222,True,,False,False,True,True,125232.0,122594.0,306752.0,401290.0,727.0,23743.0,2894170.15,676.0,0.0,0.0,0.0,0.0,4,52.0,22,0,True,True,True,False,흐림,25.1,47,13.1,25.3,0.0,0.0,0.0,0.0,3,1015.3,1011.5,99,98,13,25,12.1,153,28.4,728.0,410.0,318.0,3600.0,1,offday,valid,-0.4999999999999998,-0.8660254037844388,0.49999999999999994,-0.8660254037844387,True,77.89760340719604,0.045580830386171556,special_case
2022-10-15 14:00:00,2022-10-15,14,2022,10,15,Saturday,True,fall,3436,309646,90.11816065192085,0.1053558771818858,362.0027939969598,519.9442058725448,77.98926093806438,True,,False,False,True,True,,,276284.0,355207.0,0.0,0.0,0.0,0.0,0.0,0.0,0.0,0.0,4,52.0,22,0,False,True,False,False,대체로 맑음,21.0,46,9.1,20.9,0.0,0.0,0.0,0.0,1,1018.8,1014.9,21,0,0,21,2.7,23,11.9,627.0,493.0,134.0,3600.0,1,offday,train,-0.4999999999999998,-0.8660254037844388,-0.8660254037844386,0.5000000000000001,True,77.94318423758222,0.046076700482160504,special_case
2022-04-24 11:00:00,2022-04-24,11,2022,4,24,Sunday,True,spring,3199,335005,104.72178805876835,0.0486258337916605,155.55404229952205,235.1059705451348,78.00698111646275,True,,False,False,True,True,,,158439.0,237117.0,0.0,0.0,0.0,0.0,0.0,0.0,0.0,0.0,4,52.0,22,0,False,True,False,False,약한 이슬비,17.9,73,12.9,17.3,0.1,0.1,0.0,0.0,51,1012.1,1008.2,100,100,0,0,10.3,216,22.0,290.0,25.0,265.0,0.0,1,offday,train,0.258819045102521,-0.9659258262890682,0.8660254037844387,-0.49999999999999983,True,77.98926093806438,0.017720178398377584,special_case
2023-09-24 11:00:00,2023-09-24,11,2023,9,24,Sunday,True,fall,2753,297833,108.18488921176898,0.0550655360577097,151.5954207668749,235.37149627305,78.09445836867968,True,,False,False,True,True,102184.0,95020.0,197610.0,287652.0,0.0,0.0,0.0,0.0,0.0,0.0,0.0,0.0,4,52.0,22,0,True,True,False,False,흐림,22.4,55,12.8,21.7,0.0,0.0,0.0,0.0,3,1021.9,1018.0,85,0,0,85,14.2,83,28.1,657.0,535.0,122.0,3600.0,1,offday,train,0.258819045102521,-0.9659258262890682,-1.0,-1.8369701987210297e-16,True,78.00698111646275,0.08747725221692804,special_case
2022-09-04 14:00:00,2022-09-04,14,2022,9,4,Sunday,True,fall,3837,315442,82.21058118321605,0.1053558771818858,404.250500746896,534.3172054495718,78.1105270805187,True,,False,False,True,True,,,237928.0,302473.0,0.0,0.0,0.0,0.0,0.0,0.0,0.0,0.0,4,52.0,22,0,False,True,False,False,보통 비,23.1,93,22.0,25.8,4.1,4.1,0.0,0.0,63,1008.1,1004.3,100,24,100,100,15.5,138,36.7,86.0,0.0,86.0,0.0,1,offday,train,-0.4999999999999998,-0.8660254037844388,-1.0,-1.8369701987210297e-16,True,78.09445836867968,0.016068711839011485,special_case
2024-04-27 14:00:00,2024-04-27,14,2024,4,27,Saturday,True,spring,3026,298158,98.53205551883674,0.0977777335148833,295.87542161603704,457.0828394160633,78.23492844900017,True,,False,False,True,True,121205.0,117543.0,291812.0,369919.0,808.0,29509.0,3225074.06,703.0,0.0,0.0,0.0,0.0,4,52.0,22,0,True,True,True,False,대체로 맑음,24.2,37,8.4,24.4,0.0,0.0,0.0,0.0,1,1010.9,1007.1,27,0,0,27,8.3,265,23.4,855.0,669.0,186.0,3600.0,1,offday,valid,-0.4999999999999998,-0.8660254037844388,0.8660254037844387,-0.49999999999999983,True,78.1105270805187,0.12440136848147176,special_case
2023-04-30 14:00:00,2023-04-30,14,2023,4,30,Sunday,True,spring,4249,308886,72.69616380324783,0.0977777335148833,415.45758970473935,490.04287727948525,78.42480761365022,True,,False,False,True,True,115768.0,111751.0,264100.0,346494.0,771.0,28601.0,3226674.28,657.0,0.0,0.0,0.0,0.0,4,52.0,22,0,True,True,True,False,부분적으로 흐림,17.4,44,4.8,14.4,0.0,0.0,0.0,0.0,2,1009.3,1005.4,65,0,64,4,19.4,228,37.4,778.0,534.0,244.0,3600.0,1,offday,train,-0.4999999999999998,-0.8660254037844388,0.8660254037844387,-0.49999999999999983,True,78.23492844900017,0.18987916465005128,special_case
2023-09-03 15:00:00,2023-09-03,15,2023,9,3,Sunday,True,fall,3849,453195,117.7435697583788,0.1124759978651691,432.92011578303584,823.1846238340365,78.46195490902278,True,,False,False,True,True,129581.0,129207.0,302627.0,354386.0,0.0,0.0,0.0,0.0,0.0,0.0,0.0,0.0,4,52.0,22,0,True,True,False,False,흐림,29.2,71,23.5,35.2,0.0,0.0,0.0,0.0,3,1011.5,1007.7,100,28,13,100,2.5,98,16.9,628.0,440.0,188.0,3600.0,1,offday,train,-0.7071067811865471,-0.7071067811865479,-1.0,-1.8369701987210297e-16,True,78.42480761365022,0.037147295372562894,special_case
2024-10-20 14:00:00,2024-10-20,14,2024,10,20,Sunday,True,fall,3071,306369,99.76196678606316,0.1053558771818858,323.54789882557145,509.91192741606494,78.4704494481889,True,,False,False,True,True,137145.0,135034.0,317937.0,400793.0,866.0,32125.0,3463513.48,748.0,0.0,0.0,0.0,0.0,4,52.0,22,0,True,True,True,False,부분적으로 흐림,17.0,48,5.8,13.8,0.0,0.0,0.0,0.0,2,1030.7,1026.7,60,1,0,59,16.4,88,34.9,599.0,466.0,133.0,3600.0,1,offday,valid,-0.4999999999999998,-0.8660254037844388,-0.8660254037844386,0.5000000000000001,True,78.46195490902278,0.008494539166122195,special_case
2025-10-08 09:00:00,2025-10-08,9,2025,10,8,Wednesday,False,fall,3158,318894,100.97973400886636,0.0417237594214264,131.76363225286474,185.2623080769668,78.52311869412013,False,대체공휴일,True,True,True,True,151082.0,138671.0,244959.0,422085.0,0.0,0.0,0.0,0.0,13.0,12.0,1.0,7.0,4,52.0,22,0,True,True,False,True,맑음,18.4,90,16.8,20.3,0.0,0.0,0.0,0.0,0,1018.7,1014.8,0,0,0,0,3.5,345,12.2,272.0,179.0,93.0,3600.0,1,offday,test,0.7071067811865476,-0.7071067811865475,-0.8660254037844386,0.5000000000000001,True,78.4704494481889,0.05266924593122724,special_case
2022-04-03 12:00:00,2022-04-03,12,2022,4,3,Sunday,True,spring,3371,283907,84.22040937407297,0.0657770680274524,221.73449632054215,287.90372051367063,78.58585806085452,True,,False,False,True,True,,,187587.0,271232.0,0.0,0.0,0.0,0.0,0.0,0.0,0.0,0.0,4,52.0,22,0,False,True,False,False,맑음,12.6,47,1.6,11.5,0.0,0.0,0.0,0.0,0,1029.5,1025.4,0,0,0,0,5.3,298,17.6,798.0,630.0,168.0,3600.0,1,offday,train,1.2246467991473532e-16,-1.0,0.8660254037844387,-0.49999999999999983,True,78.52311869412013,0.06273936673439096,special_case
2023-06-17 12:00:00,2023-06-17,12,2023,6,17,Saturday,True,summer,3966,358951,90.50706001008572,0.0513318154074477,203.5819799059378,279.1465159069587,78.69087380024894,True,,False,False,True,True,114927.0,107375.0,227105.0,336045.0,562.0,13792.0,1438895.84,541.0,0.0,0.0,0.0,0.0,4,52.0,22,0,True,True,True,False,흐림,26.4,52,15.8,28.8,0.0,0.0,0.0,0.0,3,1014.0,1010.2,100,0,0,100,9.3,254,22.0,855.0,640.0,215.0,3600.0,1,offday,train,1.2246467991473532e-16,-1.0,1.2246467991473532e-16,-1.0,True,78.58585806085452,0.10501573939441755,special_case
2024-06-16 14:00:00,2024-06-16,14,2024,6,16,Sunday,True,summer,3487,319548,91.63980498996273,0.0809922881834863,282.4201088958167,404.37035491375184,78.72161947271974,True,,False,False,True,True,120402.0,116099.0,282830.0,361605.0,510.0,15613.0,1727723.93,481.0,0.0,0.0,0.0,0.0,4,52.0,22,0,True,True,True,False,맑음,29.3,32,11.1,29.3,0.0,0.0,0.0,0.0,0,1005.7,1002.0,13,0,13,0,12.4,300,29.5,812.0,606.0,206.0,3600.0,1,offday,valid,-0.4999999999999998,-0.8660254037844388,1.2246467991473532e-16,-1.0,True,78.69087380024894,0.0307456724708004,special_case
2022-09-12 13:00:00,2022-09-12,13,2022,9,12,Monday,False,fall,2888,288719,99.97195290858726,0.1201225009099709,346.913782627996,551.840786945143,78.745319312731,False,대체공휴일,True,True,True,True,,,222483.0,326414.0,0.0,0.0,0.0,0.0,0.0,0.0,0.0,0.0,4,52.0,22,0,False,True,False,False,흐림,26.5,63,19.0,29.8,0.0,0.0,0.0,0.0,3,1014.1,1010.3,100,5,3,100,1.1,360,10.8,563.0,226.0,337.0,3600.0,1,offday,train,-0.2588190451025208,-0.9659258262890683,-1.0,-1.8369701987210297e-16,True,78.72161947271974,0.02369984001126113,special_case
2023-08-15 13:00:00,2023-08-15,13,2023,8,15,Tuesday,False,summer,2294,273047,119.02659110723629,0.0919203898842977,210.86537439457908,380.4831509690538,78.81868902004953,False,광복절,True,False,True,False,117777.0,112087.0,243044.0,368150.0,0.0,0.0,0.0,0.0,0.0,0.0,0.0,0.0,4,52.0,22,0,True,True,False,False,흐림,30.5,66,23.4,36.7,0.0,0.0,0.0,0.0,3,1005.0,1001.3,100,5,6,100,3.3,311,12.2,697.0,396.0,301.0,3600.0,1,offday,train,-0.2588190451025208,-0.9659258262890683,-0.8660254037844384,-0.5000000000000004,True,78.745319312731,0.07336970731853398,special_case
2025-05-25 14:00:00,2025-05-25,14,2025,5,25,Sunday,True,spring,4303,310877,72.24657215895887,0.0977777335148833,420.7375873145431,493.5960179549313,78.86761073719833,True,,False,False,True,True,130403.0,126266.0,311472.0,410999.0,0.0,0.0,0.0,0.0,10.0,9.0,1.0,6.0,4,52.0,22,0,True,True,False,True,맑음,20.9,51,10.4,20.5,0.0,0.0,0.0,0.0,0,1013.7,1009.8,17,1,16,0,13.1,261,33.8,805.0,593.0,212.0,3600.0,1,offday,test,-0.4999999999999998,-0.8660254037844388,0.49999999999999994,-0.8660254037844387,True,78.81868902004953,0.04892171714880078,special_case
2022-09-18 09:00:00,2022-09-18,9,2022,9,18,Sunday,True,fall,6875,498703,72.53861818181818,0.0239536668290855,164.68145944996348,184.57881944487912,78.88850893018686,True,,False,False,True,True,,,224535.0,401600.0,0.0,0.0,0.0,0.0,0.0,0.0,0.0,0.0,4,52.0,22,0,False,True,False,False,흐림,24.4,84,21.4,27.6,0.0,0.0,0.0,0.0,3,1006.8,1003.0,95,0,0,0,9.4,360,15.8,318.0,204.0,114.0,3600.0,1,offday,train,0.7071067811865476,-0.7071067811865475,-1.0,-1.8369701987210297e-16,True,78.86761073719833,0.020898192988525466,special_case
2023-10-07 13:00:00,2023-10-07,13,2023,10,7,Saturday,True,fall,2886,261707,90.68156618156618,0.0915726254037753,264.2785969152958,373.21162064951386,78.92049088956298,True,,False,False,True,True,128155.0,126336.0,273010.0,420242.0,0.0,0.0,0.0,0.0,0.0,0.0,0.0,0.0,4,52.0,22,0,True,True,False,False,흐림,20.2,52,10.1,19.1,0.0,0.0,0.0,0.0,3,1022.5,1018.6,100,0,0,100,9.1,97,20.5,577.0,279.0,298.0,3600.0,1,offday,train,-0.2588190451025208,-0.9659258262890683,-0.8660254037844386,0.5000000000000001,True,78.88850893018686,0.031981959376125246,special_case
2023-08-15 12:00:00,2023-08-15,12,2023,8,15,Tuesday,False,summer,2294,273047,119.02659110723629,0.0751590877463387,172.41494729010097,301.66446194900425,78.93289958127065,False,광복절,True,False,True,False,115240.0,107491.0,220539.0,341896.0,0.0,0.0,0.0,0.0,0.0,0.0,0.0,0.0,4,52.0,22,0,True,True,False,False,흐림,30.0,68,23.5,37.4,0.0,0.0,0.0,0.0,3,1005.5,1001.8,99,4,4,99,1.1,90,13.0,797.0,596.0,201.0,3600.0,1,offday,train,1.2246467991473532e-16,-1.0,-0.8660254037844384,-0.5000000000000004,True,78.92049088956298,0.012408691707662456,special_case
2024-06-06 13:00:00,2024-06-06,13,2024,6,6,Thursday,False,summer,2869,276505,96.37678633670268,0.0919203898842977,263.7195985780503,394.4525684554942,79.20203002759524,False,현충일,True,False,True,False,122281.0,117640.0,264558.0,388976.0,584.0,19506.0,1902116.03,552.0,0.0,0.0,0.0,0.0,4,52.0,22,0,True,True,True,False,부분적으로 흐림,28.3,39,13.1,30.5,0.0,0.0,0.0,0.0,2,1016.4,1012.6,66,0,22,62,1.6,153,18.7,764.0,505.0,259.0,3600.0,1,offday,valid,-0.2588190451025208,-0.9659258262890683,1.2246467991473532e-16,-1.0,True,78.93289958127065,0.2691304463245956,special_case
2022-05-01 13:00:00,2022-05-01,13,2022,5,1,Sunday,True,spring,3000,276982,92.32733333333331,0.0829554972469645,248.86649174089376,355.1863519315336,79.25797096946258,True,,False,False,True,True,,,232173.0,351954.0,0.0,0.0,0.0,0.0,0.0,0.0,0.0,0.0,4,52.0,22,0,False,True,False,False,맑음,16.8,30,-0.9,12.7,0.0,0.0,0.0,0.0,0,1013.1,1009.2,8,0,8,0,23.4,239,44.3,905.0,713.0,192.0,3600.0,1,offday,train,-0.2588190451025208,-0.9659258262890683,0.49999999999999994,-0.8660254037844387,True,79.20203002759524,0.055940941867334004,special_case
2023-06-17 15:00:00,2023-06-17,15,2023,6,17,Saturday,True,summer,3966,358951,90.50706001008572,0.0935275965658001,370.9304479799634,534.2527469734332,79.30081713710308,True,,False,False,True,True,130894.0,129443.0,304228.0,351124.0,613.0,20346.0,2189536.28,584.0,0.0,0.0,0.0,0.0,4,52.0,22,0,True,True,True,False,흐림,27.6,49,16.0,28.7,0.0,0.0,0.0,0.0,3,1012.2,1008.4,100,0,0,100,12.9,257,25.9,716.0,421.0,295.0,3600.0,1,offday,train,-0.7071067811865471,-0.7071067811865479,1.2246467991473532e-16,-1.0,True,79.25797096946258,0.04284616764050497,special_case
2023-10-07 12:00:00,2023-10-07,12,2023,10,7,Saturday,True,fall,2886,261707,90.68156618156618,0.0738136969525007,213.0263294049171,294.2911297599509,79.45075338999487,True,,False,False,True,True,121558.0,116166.0,246525.0,380684.0,0.0,0.0,0.0,0.0,0.0,0.0,0.0,0.0,4,52.0,22,0,True,True,False,False,흐림,19.1,54,9.6,17.9,0.0,0.0,0.0,0.0,3,1023.2,1019.3,100,0,0,100,8.3,88,20.2,559.0,278.0,281.0,3600.0,1,offday,train,1.2246467991473532e-16,-1.0,-0.8660254037844386,0.5000000000000001,True,79.30081713710308,0.14993625289179136,special_case
2024-05-19 11:00:00,2024-05-19,11,2024,5,19,Sunday,True,spring,3297,340677,103.32939035486808,0.0486258337916605,160.3193740111048,239.7556429335073,79.4602854289254,True,,False,False,True,True,117501.0,104744.0,235739.0,348778.0,643.0,23308.0,2720398.76,580.0,0.0,0.0,0.0,0.0,4,52.0,22,0,True,True,True,False,맑음,22.8,56,13.4,25.1,0.0,0.0,0.0,0.0,0,1016.2,1012.3,2,0,2,0,1.6,153,13.7,773.0,586.0,187.0,3600.0,1,offday,valid,0.258819045102521,-0.9659258262890682,0.49999999999999994,-0.8660254037844387,True,79.45075338999487,0.009532038930530007,special_case
2022-05-28 10:00:00,2022-05-28,10,2022,5,28,Saturday,True,spring,6869,389759,56.74173824428592,0.0333632663106753,229.17227628802885,216.7272218997084,79.50203020852078,True,,False,False,True,True,,,172412.0,265296.0,0.0,0.0,0.0,0.0,0.0,0.0,0.0,0.0,4,52.0,22,0,False,True,False,False,흐림,22.6,57,13.6,22.5,0.0,0.0,0.0,0.0,3,1005.7,1001.9,100,0,6,100,11.7,191,25.6,637.0,445.0,192.0,3600.0,1,offday,train,0.49999999999999994,-0.8660254037844387,0.49999999999999994,-0.8660254037844387,True,79.4602854289254,0.04174477959537626,special_case
2024-10-12 11:00:00,2024-10-12,11,2024,10,12,Saturday,True,fall,4146,284640,68.65412445730824,0.0550655360577097,228.30171249526455,250.96147585652713,79.53454279876306,True,,False,False,True,True,120632.0,113626.0,236195.0,363817.0,578.0,19307.0,1955427.6,503.0,0.0,0.0,0.0,0.0,4,52.0,22,0,True,True,True,False,맑음,18.5,62,11.1,19.0,0.0,0.0,0.0,0.0,0,1024.8,1020.8,0,0,0,0,1.1,252,11.5,584.0,460.0,124.0,3600.0,1,offday,valid,0.258819045102521,-0.9659258262890682,-0.8660254037844386,0.5000000000000001,True,79.50203020852078,0.03251259024227693,special_case
2025-06-22 14:00:00,2025-06-22,14,2025,6,22,Sunday,True,summer,2907,322514,110.9439284485724,0.0809922881834863,235.4445817493947,399.13919901590987,79.64643278836883,True,,False,False,True,True,124546.0,121399.0,291512.0,373818.0,0.0,0.0,0.0,0.0,12.0,12.0,0.0,3.0,4,52.0,22,0,True,True,False,True,맑음,25.6,61,17.6,28.5,0.0,0.0,0.0,0.0,0,1006.4,1002.6,0,0,0,0,11.6,233,30.2,874.0,681.0,193.0,3600.0,1,offday,test,-0.4999999999999998,-0.8660254037844388,1.2246467991473532e-16,-1.0,True,79.53454279876306,0.11188998960577123,special_case
2022-05-15 11:00:00,2022-05-15,11,2022,5,15,Sunday,True,spring,3542,338077,95.44805194805195,0.0486258337916605,172.2327032900616,242.0492304262193,79.670805319175,True,,False,False,True,True,,,179817.0,291051.0,0.0,0.0,0.0,0.0,0.0,0.0,0.0,0.0,4,52.0,22,0,False,True,False,False,대체로 맑음,19.1,25,-1.3,16.4,0.0,0.0,0.0,0.0,1,1015.8,1011.9,30,0,0,30,12.5,321,28.4,807.0,622.0,185.0,3600.0,1,offday,train,0.258819045102521,-0.9659258262890682,0.49999999999999994,-0.8660254037844387,True,79.64643278836883,0.02437253080617552,special_case
2023-04-22 12:00:00,2023-04-22,12,2023,4,22,Saturday,True,spring,2993,291040,97.24022719679252,0.0657770680274524,196.87076460616515,287.20135517980657,79.68640692490206,True,,False,False,True,True,113227.0,107312.0,235098.0,335669.0,671.0,20071.0,2307857.39,614.0,0.0,0.0,0.0,0.0,4,52.0,22,0,True,True,True,False,흐림,18.5,17,-7.4,14.1,0.0,0.0,0.0,0.0,3,1021.1,1017.2,100,0,98,100,14.2,66,29.5,683.0,320.0,363.0,3600.0,1,offday,train,1.2246467991473532e-16,-1.0,0.8660254037844387,-0.49999999999999983,True,79.670805319175,0.015601605727056267,special_case
2023-09-23 13:00:00,2023-09-23,13,2023,9,23,Saturday,True,fall,2796,264230,94.50286123032905,0.0915726254037753,256.037060628956,374.71718304575177,79.79788197510538,True,,False,False,True,True,118241.0,112923.0,246366.0,358598.0,0.0,0.0,0.0,0.0,0.0,0.0,0.0,0.0,4,52.0,22,0,True,True,False,False,흐림,24.6,55,15.1,25.1,0.0,0.0,0.0,0.0,3,1020.6,1016.7,100,0,0,100,11.2,84,22.7,607.0,261.0,346.0,3600.0,1,offday,train,-0.2588190451025208,-0.9659258262890683,-1.0,-1.8369701987210297e-16,True,79.68640692490206,0.1114750502033246,special_case
2024-04-07 11:00:00,2024-04-07,11,2024,4,7,Sunday,True,spring,3221,343484,106.63893200869296,0.0486258337916605,156.6238106429386,240.1565326138534,79.80303185837471,True,,False,False,True,True,110732.0,102208.0,228291.0,325242.0,502.0,20137.0,2043777.83,429.0,0.0,0.0,0.0,0.0,4,52.0,22,0,True,True,True,False,맑음,16.5,28,-2.0,14.8,0.0,0.0,0.0,0.0,0,1019.5,1015.5,0,0,0,0,2.5,180,14.4,699.0,537.0,162.0,3600.0,1,offday,valid,0.258819045102521,-0.9659258262890682,0.8660254037844387,-0.49999999999999983,True,79.79788197510538,0.005149883269325528,special_case
2023-04-29 14:00:00,2023-04-29,14,2023,4,29,Saturday,True,spring,4145,313019,75.51724969843184,0.0977777335148833,405.2887054191915,494.21561587631675,79.85315914668672,True,,False,False,True,True,115768.0,111751.0,264100.0,346494.0,222.0,5221.0,562201.0,160.0,0.0,0.0,0.0,0.0,4,52.0,22,0,True,True,True,False,흐림,12.6,89,10.9,10.6,0.0,0.0,0.0,0.0,3,1004.6,1000.6,90,46,7,81,16.4,244,29.9,156.0,0.0,156.0,0.0,1,offday,train,-0.4999999999999998,-0.8660254037844388,0.8660254037844387,-0.49999999999999983,True,79.80303185837471,0.0501272883120123,special_case
2022-06-12 13:00:00,2022-06-12,13,2022,6,12,Sunday,True,summer,2988,331115,110.81492637215528,0.0663205601576762,198.16583375113672,328.0652702909672,79.85774985170309,True,,False,False,True,True,,,217587.0,326187.0,0.0,0.0,0.0,0.0,0.0,0.0,0.0,0.0,4,52.0,22,0,False,True,False,False,흐림,29.2,37,13.1,31.9,0.0,0.0,0.0,0.0,3,1011.3,1007.5,100,1,27,100,2.6,106,19.4,851.0,603.0,248.0,3600.0,1,offday,train,-0.2588190451025208,-0.9659258262890683,1.2246467991473532e-16,-1.0,True,79.85315914668672,0.0045907050163691565,special_case
2023-05-28 12:00:00,2023-05-28,12,2023,5,28,Sunday,True,spring,3385,288986,85.3725258493353,0.0657770680274524,222.6553752729265,292.2600146234358,79.90427573268718,True,,False,False,True,True,118937.0,111204.0,240041.0,344089.0,2.0,11.0,1950.05,8.0,0.0,0.0,0.0,0.0,4,52.0,22,0,True,True,True,False,약한 비,19.0,96,18.5,20.3,2.0,2.0,0.0,0.0,61,1012.5,1008.6,100,100,100,100,12.8,212,23.8,126.0,1.0,125.0,0.0,1,offday,train,1.2246467991473532e-16,-1.0,0.49999999999999994,-0.8660254037844387,True,79.85774985170309,0.04652588098409183,special_case
2024-04-13 11:00:00,2024-04-13,11,2024,4,13,Saturday,True,spring,3291,343106,104.25584928593132,0.0486258337916605,160.02761900835483,241.01472375976516,79.93760301240297,True,,False,False,True,True,110732.0,102208.0,228291.0,325242.0,566.0,20582.0,2259893.28,502.0,0.0,0.0,0.0,0.0,4,52.0,22,0,True,True,True,False,맑음,21.6,42,8.1,22.1,0.0,0.0,0.0,0.0,0,1019.2,1015.3,0,0,0,0,1.1,360,15.5,716.0,552.0,164.0,3600.0,1,offday,valid,0.258819045102521,-0.9659258262890682,0.8660254037844387,-0.49999999999999983,True,79.90427573268718,0.03332727971579175,special_case
2025-04-20 11:00:00,2025-04-20,11,2025,4,20,Sunday,True,spring,3755,336440,89.59786950732357,0.0486258337916605,182.59000588768532,244.38989618382624,79.98098991466273,True,,False,False,True,True,111797.0,102373.0,227200.0,319103.0,0.0,0.0,0.0,0.0,2.0,2.0,0.0,1.0,4,52.0,22,0,True,True,False,True,대체로 맑음,16.9,64,10.0,16.7,0.0,0.0,0.0,0.0,1,1014.4,1010.5,34,34,0,0,3.7,61,17.3,614.0,325.0,289.0,3600.0,1,offday,test,0.258819045102521,-0.9659258262890682,0.8660254037844387,-0.49999999999999983,True,79.93760301240297,0.043386902259754834,special_case
2023-09-23 12:00:00,2023-09-23,12,2023,9,23,Saturday,True,fall,2796,264230,94.50286123032905,0.0738136969525007,206.38309667919205,294.9193010706464,80.03110764177936,True,,False,False,True,True,114019.0,106991.0,224885.0,326978.0,0.0,0.0,0.0,0.0,0.0,0.0,0.0,0.0,4,52.0,22,0,True,True,False,False,흐림,23.9,59,15.4,24.3,0.0,0.0,0.0,0.0,3,1020.8,1016.9,100,0,0,100,10.5,84,22.0,575.0,232.0,343.0,3600.0,1,offday,train,1.2246467991473532e-16,-1.0,-1.0,-1.8369701987210297e-16,True,79.98098991466273,0.05011772711662843,special_case
2025-05-31 12:00:00,2025-05-31,12,2025,5,31,Saturday,True,spring,2982,292972,98.2468142186452,0.0657770680274524,196.14721685786316,288.5784434513043,80.15708626348686,True,,False,False,True,True,126039.0,119058.0,269610.0,399733.0,0.0,0.0,0.0,0.0,7.0,7.0,0.0,2.0,4,52.0,22,0,True,True,False,True,흐림,26.3,37,10.4,27.6,0.0,0.0,0.0,0.0,3,1012.1,1008.3,100,0,0,100,2.4,283,16.9,771.0,404.0,367.0,3600.0,1,offday,test,1.2246467991473532e-16,-1.0,0.49999999999999994,-0.8660254037844387,True,80.03110764177936,0.12597862170750318,special_case
2025-05-11 13:00:00,2025-05-11,13,2025,5,11,Sunday,True,spring,2729,280458,102.7695126419934,0.0829554972469645,226.38555198696633,354.34168242076953,80.24422929893461,True,,False,False,True,True,131842.0,124440.0,292232.0,438367.0,0.0,0.0,0.0,0.0,8.0,7.0,1.0,5.0,4,52.0,22,0,True,True,False,True,흐림,18.0,64,11.1,17.6,0.0,0.0,0.0,0.0,3,1005.9,1002.0,88,8,87,0,6.6,217,19.1,583.0,203.0,380.0,3600.0,1,offday,test,-0.2588190451025208,-0.9659258262890683,0.49999999999999994,-0.8660254037844387,True,80.15708626348686,0.08714303544775248,special_case
2023-10-01 13:00:00,2023-10-01,13,2023,10,1,Sunday,True,fall,2918,266846,91.44825222755313,0.0915726254037753,267.20892092821657,380.10204950393626,80.49461543200931,True,,False,False,True,True,128155.0,126336.0,273010.0,420242.0,0.0,0.0,0.0,0.0,0.0,0.0,0.0,0.0,4,52.0,22,0,True,True,False,False,맑음,21.1,47,9.5,20.4,0.0,0.0,0.0,0.0,0,1015.7,1011.8,0,0,0,0,11.8,310,24.5,749.0,619.0,130.0,3600.0,1,offday,train,-0.2588190451025208,-0.9659258262890683,-0.8660254037844386,0.5000000000000001,True,80.24422929893461,0.2503861330746986,special_case
2024-06-06 12:00:00,2024-06-06,12,2024,6,6,Thursday,False,summer,2869,276505,96.37678633670268,0.0751590877463387,215.63142274424573,315.25053842789896,80.52991189312536,False,현충일,True,False,True,False,117789.0,111354.0,243753.0,356376.0,566.0,19102.0,2005765.63,498.0,0.0,0.0,0.0,0.0,4,52.0,22,0,True,True,True,False,흐림,27.4,42,13.4,29.9,0.0,0.0,0.0,0.0,3,1017.4,1013.6,97,0,4,97,1.9,202,18.7,796.0,514.0,282.0,3600.0,1,offday,valid,1.2246467991473532e-16,-1.0,1.2246467991473532e-16,-1.0,True,80.49461543200931,0.03529646111604734,special_case
2022-05-22 10:00:00,2022-05-22,10,2022,5,22,Sunday,True,spring,6410,399059,62.25569422776911,0.0333632663106753,213.85853705142887,218.94921884880335,80.58381736760774,True,,False,False,True,True,,,172412.0,265296.0,0.0,0.0,0.0,0.0,0.0,0.0,0.0,0.0,4,52.0,22,0,False,True,False,False,흐림,20.5,61,12.6,19.8,0.0,0.0,0.0,0.0,3,1008.5,1004.6,100,100,72,27,9.7,239,22.7,479.0,199.0,280.0,3600.0,1,offday,train,0.49999999999999994,-0.8660254037844387,0.49999999999999994,-0.8660254037844387,True,80.52991189312536,0.05390547448237726,special_case
2025-05-06 11:00:00,2025-05-06,11,2025,5,6,Tuesday,False,spring,2428,240602,99.09472817133444,0.0762910773796575,185.23473587780865,272.7978001947208,80.6330908336216,False,대체공휴일,True,True,True,True,118017.0,105966.0,236494.0,354786.0,0.0,0.0,0.0,0.0,6.0,5.0,1.0,3.0,4,52.0,22,0,True,True,False,True,흐림,16.9,44,4.4,15.5,0.0,0.0,0.0,0.0,3,1007.6,1003.7,100,0,97,100,7.2,1,20.9,716.0,460.0,256.0,3600.0,1,offday,test,0.258819045102521,-0.9659258262890682,0.49999999999999994,-0.8660254037844387,True,80.58381736760774,0.04927346601385807,special_case
2023-04-23 11:00:00,2023-04-23,11,2023,4,23,Sunday,True,spring,3301,347232,105.18994244168434,0.0486258337916605,160.51387734627144,243.46163004787243,80.80945302459884,True,,False,False,True,True,104251.0,96251.0,205854.0,298552.0,467.0,15122.0,1789558.14,412.0,0.0,0.0,0.0,0.0,4,52.0,22,0,True,True,True,False,흐림,18.0,35,2.2,15.0,0.0,0.0,0.0,0.0,3,1025.0,1021.0,100,0,25,100,7.8,77,19.8,548.0,210.0,338.0,3600.0,1,offday,train,0.258819045102521,-0.9659258262890682,0.8660254037844387,-0.49999999999999983,True,80.6330908336216,0.17636219097724393,special_case
2023-04-02 11:00:00,2023-04-02,11,2023,4,2,Sunday,True,spring,3509,344368,98.13850099743516,0.0486258337916605,170.6280507749368,245.0437041720211,80.8542377263127,True,,False,False,True,True,104251.0,96251.0,205854.0,298552.0,607.0,22403.0,2453195.0,507.0,0.0,0.0,0.0,0.0,4,52.0,22,0,True,True,True,False,맑음,20.4,20,-3.2,16.1,0.0,0.0,0.0,0.0,0,1020.8,1016.9,0,0,0,0,15.9,95,34.6,680.0,528.0,152.0,3600.0,1,offday,train,0.258819045102521,-0.9659258262890682,0.8660254037844387,-0.49999999999999983,True,80.80945302459884,0.044784701713865616,special_case
2023-10-01 12:00:00,2023-10-01,12,2023,10,1,Sunday,True,fall,2918,266846,91.44825222755313,0.0738136969525007,215.38836770739712,299.60743407192695,80.97202358435882,True,,False,False,True,True,121558.0,116166.0,246525.0,380684.0,0.0,0.0,0.0,0.0,0.0,0.0,0.0,0.0,4,52.0,22,0,True,True,False,False,맑음,20.3,52,10.1,19.9,0.0,0.0,0.0,0.0,0,1016.1,1012.2,0,0,0,0,10.0,311,22.3,728.0,600.0,128.0,3600.0,1,offday,train,1.2246467991473532e-16,-1.0,-0.8660254037844386,0.5000000000000001,True,80.8542377263127,0.11778585804611907,special_case
2022-05-29 14:00:00,2022-05-29,14,2022,5,29,Sunday,True,spring,3060,308203,100.71993464052288,0.0977777335148833,299.19986455554306,471.4749282799352,81.03077324714593,True,,False,False,True,True,,,246708.0,328829.0,0.0,0.0,0.0,0.0,0.0,0.0,0.0,0.0,4,52.0,22,0,False,True,False,False,흐림,26.7,45,13.7,27.4,0.0,0.0,0.0,0.0,3,1004.0,1000.2,100,2,0,100,7.1,210,18.7,635.0,232.0,403.0,3600.0,1,offday,train,-0.4999999999999998,-0.8660254037844388,0.49999999999999994,-0.8660254037844387,True,80.97202358435882,0.05874966278710758,special_case
2025-05-18 11:00:00,2025-05-18,11,2025,5,18,Sunday,True,spring,3378,347214,102.78685612788632,0.0486258337916605,164.2580665482293,244.62683876401508,81.03862350656877,True,,False,False,True,True,118017.0,105966.0,236494.0,354786.0,0.0,0.0,0.0,0.0,7.0,6.0,1.0,4.0,4,52.0,22,0,True,True,False,True,흐림,16.5,59,8.4,16.3,0.0,0.0,0.0,0.0,3,1012.7,1008.8,100,0,0,100,3.5,285,14.8,665.0,325.0,340.0,3600.0,1,offday,test,0.258819045102521,-0.9659258262890682,0.49999999999999994,-0.8660254037844387,True,81.03077324714593,0.007850259422838235,special_case
2024-10-20 11:00:00,2024-10-20,11,2024,10,20,Sunday,True,fall,3071,306369,99.76196678606316,0.0550655360577097,169.1062612332266,246.2233471942191,81.1059262900869,True,,False,False,True,True,120632.0,113626.0,236195.0,363817.0,440.0,13398.0,1474657.35,411.0,0.0,0.0,0.0,0.0,4,52.0,22,0,True,True,True,False,맑음,14.5,53,4.9,10.6,0.0,0.0,0.0,0.0,0,1033.1,1029.1,0,0,0,0,18.5,82,36.4,548.0,422.0,126.0,3600.0,1,offday,valid,0.258819045102521,-0.9659258262890682,-0.8660254037844386,0.5000000000000001,True,81.03862350656877,0.06730278351813013,special_case
2025-06-06 11:00:00,2025-06-06,11,2025,6,6,Friday,False,summer,2994,310867,103.82999331997328,0.0572715655729334,171.47106732536264,260.0016750320008,81.16044032023072,False,현충일,True,False,True,True,111737.0,101422.0,221297.0,326763.0,0.0,0.0,0.0,0.0,10.0,10.0,0.0,3.0,4,52.0,22,0,True,True,False,True,흐림,27.3,36,10.8,26.7,0.0,0.0,0.0,0.0,3,1008.6,1004.8,100,0,0,100,13.4,202,34.2,751.0,509.0,242.0,3600.0,1,offday,test,0.258819045102521,-0.9659258262890682,1.2246467991473532e-16,-1.0,True,81.1059262900869,0.054514030143820946,special_case
2024-10-05 13:00:00,2024-10-05,13,2024,10,5,Saturday,True,fall,3224,270065,83.76705955334988,0.0915726254037753,295.2301443017719,389.496386451528,81.1977491362988,True,,False,False,True,True,137374.0,134469.0,296007.0,431650.0,788.0,27073.0,2763389.02,738.0,0.0,0.0,0.0,0.0,4,52.0,22,0,True,True,True,False,흐림,20.8,53,10.9,21.5,0.0,0.0,0.0,0.0,3,1023.9,1020.0,100,0,0,100,3.3,49,14.0,690.0,486.0,204.0,3600.0,1,offday,valid,-0.2588190451025208,-0.9659258262890683,-0.8660254037844386,0.5000000000000001,True,81.16044032023072,0.03730881606807657,special_case
2025-04-26 15:00:00,2025-04-26,15,2025,4,26,Saturday,True,spring,4412,415974,94.2824116047144,0.1077131147753142,475.23026238868664,721.7181508063561,81.20027752881776,True,,False,False,True,True,138174.0,140551.0,335455.0,381149.0,0.0,0.0,0.0,0.0,4.0,4.0,0.0,3.0,4,52.0,22,0,True,True,False,True,맑음,16.2,54,7.1,14.5,0.0,0.0,0.0,0.0,0,1017.2,1013.2,1,0,0,1,14.1,230,36.4,748.0,567.0,181.0,3600.0,1,offday,test,-0.7071067811865471,-0.7071067811865479,0.8660254037844387,-0.49999999999999983,True,81.1977491362988,0.002528392518968303,special_case
2022-04-03 13:00:00,2022-04-03,13,2022,4,3,Sunday,True,spring,3371,283907,84.22040937407297,0.0829554972469645,279.6429812195176,369.1513191068077,81.24759859313707,True,,False,False,True,True,,,206340.0,299990.0,0.0,0.0,0.0,0.0,0.0,0.0,0.0,0.0,4,52.0,22,0,False,True,False,False,맑음,13.6,44,1.7,12.4,0.0,0.0,0.0,0.0,0,1028.7,1024.7,0,0,0,0,7.8,292,20.9,837.0,666.0,171.0,3600.0,1,offday,train,-0.2588190451025208,-0.9659258262890683,0.8660254037844387,-0.49999999999999983,True,81.20027752881776,0.047321064319305606,special_case
2023-10-02 13:00:00,2023-10-02,13,2023,10,2,Monday,False,fall,3014,299070,99.2269409422694,0.1201225009099709,362.04921774265233,571.9307978015257,81.41375931114248,False,임시공휴일,True,False,True,True,128155.0,126336.0,273010.0,420242.0,0.0,0.0,0.0,0.0,0.0,0.0,0.0,0.0,4,52.0,22,0,True,True,False,False,맑음,22.0,40,7.7,20.8,0.0,0.0,0.0,0.0,0,1019.2,1015.3,10,0,0,10,11.5,340,23.4,747.0,618.0,129.0,3600.0,1,offday,train,-0.2588190451025208,-0.9659258262890683,-0.8660254037844386,0.5000000000000001,True,81.24759859313707,0.16616071800541476,special_case
2025-06-03 11:00:00,2025-06-03,11,2025,6,3,Tuesday,False,summer,2829,313831,110.93354542241076,0.0572715655729334,162.02125900582865,259.2303988555333,81.41677955175075,False,임시공휴일(제21대 대통령 선거),True,False,True,False,111737.0,101422.0,221297.0,326763.0,0.0,0.0,0.0,0.0,7.0,7.0,0.0,2.0,4,52.0,22,0,True,True,False,True,맑음,24.9,35,8.3,23.9,0.0,0.0,0.0,0.0,0,999.7,995.9,5,0,5,0,12.9,252,33.1,794.0,607.0,187.0,3600.0,1,offday,test,0.258819045102521,-0.9659258262890682,1.2246467991473532e-16,-1.0,True,81.41375931114248,0.0030202406082651123,special_case
2024-09-22 12:00:00,2024-09-22,12,2024,9,22,Sunday,True,fall,4411,260877,59.14237134436636,0.0738136969525007,325.59221725748074,320.9382636646256,81.51606616250655,True,,False,False,True,True,118989.0,114781.0,234418.0,344657.0,727.0,28270.0,3011179.22,553.0,0.0,0.0,0.0,0.0,4,52.0,22,0,True,True,True,False,대체로 맑음,23.7,62,15.9,24.6,0.0,0.0,0.0,0.0,1,1013.6,1009.8,20,10,11,0,12.3,69,25.6,670.0,453.0,217.0,3600.0,1,offday,valid,1.2246467991473532e-16,-1.0,-1.0,-1.8369701987210297e-16,True,81.41677955175075,0.09928661075579726,special_case
2024-04-27 12:00:00,2024-04-27,12,2024,4,27,Saturday,True,spring,3026,298158,98.53205551883674,0.0657770680274524,199.04140785107109,293.535990658405,81.55938218330488,True,,False,False,True,True,118947.0,113763.0,254785.0,361161.0,714.0,20742.0,2312982.5,641.0,0.0,0.0,0.0,0.0,4,52.0,22,0,True,True,True,False,맑음,22.3,42,8.6,22.2,0.0,0.0,0.0,0.0,0,1012.3,1008.4,0,0,0,0,10.5,297,25.2,858.0,676.0,182.0,3600.0,1,offday,valid,1.2246467991473532e-16,-1.0,0.8660254037844387,-0.49999999999999983,True,81.51606616250655,0.04331602079832919,special_case
2023-06-06 14:00:00,2023-06-06,14,2023,6,6,Tuesday,False,summer,3191,334549,104.84142901911626,0.1049582705891367,334.92184144993524,554.1351192525066,81.57651002278146,False,현충일,True,False,True,False,116833.0,111408.0,264572.0,340237.0,539.0,19303.0,1965578.91,625.0,0.0,0.0,0.0,0.0,4,52.0,22,0,True,True,True,False,대체로 맑음,22.8,58,14.1,23.0,0.0,0.0,0.0,0.0,1,1006.2,1002.4,23,0,23,0,15.0,260,30.6,752.0,433.0,319.0,3600.0,1,offday,train,-0.4999999999999998,-0.8660254037844388,1.2246467991473532e-16,-1.0,True,81.55938218330488,0.01712783947658636,special_case
2024-05-25 12:00:00,2024-05-25,12,2024,5,25,Saturday,True,spring,3100,297748,96.04774193548388,0.0657770680274524,203.90891088510256,294.47290546094393,81.59484931204048,True,,False,False,True,True,127195.0,117440.0,269436.0,392811.0,730.0,21740.0,2373872.68,677.0,0.0,0.0,0.0,0.0,4,52.0,22,0,True,True,True,False,흐림,23.0,54,13.3,22.0,0.0,0.0,0.0,0.0,3,1016.7,1012.8,81,67,27,23,14.2,150,29.5,553.0,180.0,373.0,3600.0,1,offday,valid,1.2246467991473532e-16,-1.0,0.49999999999999994,-0.8660254037844387,True,81.57651002278146,0.018339289259017733,special_case
2025-10-18 10:00:00,2025-10-18,10,2025,10,18,Saturday,True,fall,3839,397366,103.50768429278456,0.0378925808716765,145.4696179663662,212.1510372296137,81.6400008553234,True,,False,False,True,True,116268.0,108069.0,208720.0,320017.0,0.0,0.0,0.0,0.0,20.0,17.0,3.0,12.0,4,52.0,22,0,True,True,False,True,흐림,15.1,86,12.8,13.9,0.0,0.0,0.0,0.0,3,1020.5,1016.5,100,100,93,100,13.6,318,33.1,185.0,14.0,171.0,0.0,1,offday,test,0.49999999999999994,-0.8660254037844387,-0.8660254037844386,0.5000000000000001,True,81.59484931204048,0.0451515432829126,special_case
2025-05-06 12:00:00,2025-05-06,12,2025,5,6,Tuesday,False,spring,2428,240602,99.09472817133444,0.096293809375837,233.8013691645323,354.4963966150633,81.69859642034248,False,대체공휴일,True,True,True,True,126039.0,119058.0,269610.0,399733.0,0.0,0.0,0.0,0.0,6.0,5.0,1.0,3.0,4,52.0,22,0,True,True,False,True,흐림,17.5,42,4.6,16.2,0.0,0.0,0.0,0.0,3,1007.4,1003.5,100,0,45,100,7.8,334,22.0,747.0,408.0,339.0,3600.0,1,offday,test,1.2246467991473532e-16,-1.0,0.49999999999999994,-0.8660254037844387,True,81.6400008553234,0.05859556501908969,special_case
2022-06-12 14:00:00,2022-06-12,14,2022,6,12,Sunday,True,summer,2988,331115,110.81492637215528,0.0809922881834863,242.0049570922571,409.8346612846034,81.7693909936362,True,,False,False,True,True,,,231925.0,303651.0,0.0,0.0,0.0,0.0,0.0,0.0,0.0,0.0,4,52.0,22,0,False,True,False,False,흐림,29.5,36,12.9,31.4,0.0,0.0,0.0,0.0,3,1010.7,1006.9,100,0,27,100,0.7,90,16.2,702.0,434.0,268.0,3600.0,1,offday,train,-0.4999999999999998,-0.8660254037844388,1.2246467991473532e-16,-1.0,True,81.69859642034248,0.07079457329371053,special_case
2023-10-09 10:00:00,2023-10-09,10,2023,10,9,Monday,False,fall,2470,251608,101.8655870445344,0.0630383817289576,155.7048028705253,227.61431144137305,81.80861487085508,False,한글날,True,False,True,True,113203.0,108475.0,205835.0,319639.0,0.0,0.0,0.0,0.0,0.0,0.0,0.0,0.0,4,52.0,22,0,True,True,False,False,흐림,15.9,75,11.4,15.6,0.0,0.0,0.0,0.0,3,1021.9,1017.9,100,13,100,48,5.4,94,13.0,168.0,16.0,152.0,0.0,1,offday,train,0.49999999999999994,-0.8660254037844387,-0.8660254037844386,0.5000000000000001,True,81.7693909936362,0.03922387721888754,special_case
2022-09-24 10:00:00,2022-09-24,10,2022,9,24,Saturday,True,fall,4584,382094,83.35383944153578,0.0378925808716765,173.69959071576525,216.43852152778072,81.92472895095301,True,,False,False,True,True,,,165820.0,254499.0,0.0,0.0,0.0,0.0,0.0,0.0,0.0,0.0,4,52.0,22,0,False,True,False,False,맑음,17.5,67,11.1,17.2,0.0,0.0,0.0,0.0,0,1018.7,1014.8,0,0,0,0,4.0,360,14.0,526.0,414.0,112.0,3600.0,1,offday,train,0.49999999999999994,-0.8660254037844387,-1.0,-1.8369701987210297e-16,True,81.80861487085508,0.11611408009792967,special_case
2024-05-12 14:00:00,2024-05-12,14,2024,5,12,Sunday,True,spring,3001,311072,103.65611462845716,0.0977777335148833,293.43097827816496,474.5670717001536,81.99120385513629,True,,False,False,True,True,125232.0,122594.0,306752.0,401290.0,920.0,37423.0,4111027.62,811.0,0.0,0.0,0.0,0.0,4,52.0,22,0,True,True,True,False,맑음,21.1,41,7.3,20.0,0.0,0.0,0.0,0.0,0,1009.4,1005.5,4,1,0,3,14.8,315,32.0,870.0,677.0,193.0,3600.0,1,offday,valid,-0.4999999999999998,-0.8660254037844388,0.49999999999999994,-0.8660254037844387,True,81.92472895095301,0.06647490418328061,special_case
2022-08-27 15:00:00,2022-08-27,15,2022,8,27,Saturday,True,summer,4495,375388,83.5123470522803,0.0935275965658001,420.40654656327166,563.0717624555433,82.1899710383642,True,,False,False,True,True,,,273883.0,323254.0,0.0,0.0,0.0,0.0,0.0,0.0,0.0,0.0,4,52.0,22,0,False,True,False,False,맑음,23.2,54,13.4,23.3,0.0,0.0,0.0,0.0,0,1010.2,1006.4,1,1,0,0,15.0,312,29.9,767.0,642.0,125.0,3600.0,1,offday,train,-0.7071067811865471,-0.7071067811865479,-0.8660254037844384,-0.5000000000000004,True,81.99120385513629,0.19876718322791476,special_case
2024-10-05 12:00:00,2024-10-05,12,2024,10,5,Saturday,True,fall,3224,270065,83.76705955334988,0.0738136969525007,237.97535897486236,308.2986373152292,82.37536557696941,True,,False,False,True,True,130567.0,126480.0,266914.0,391643.0,674.0,20543.0,2144956.27,602.0,0.0,0.0,0.0,0.0,4,52.0,22,0,True,True,True,False,흐림,20.0,56,10.9,20.5,0.0,0.0,0.0,0.0,3,1024.7,1020.8,100,0,0,100,3.3,54,13.3,648.0,428.0,220.0,3600.0,1,offday,valid,1.2246467991473532e-16,-1.0,-0.8660254037844386,0.5000000000000001,True,82.1899710383642,0.18539453860520894,special_case
2022-04-23 14:00:00,2022-04-23,14,2022,4,23,Saturday,True,spring,3263,314876,96.49892736745326,0.0977777335148833,319.0487444590644,483.7098761278059,82.462993714336,True,,False,False,True,True,,,217213.0,285529.0,0.0,0.0,0.0,0.0,0.0,0.0,0.0,0.0,4,52.0,22,0,False,True,False,False,흐림,23.5,25,2.6,22.3,0.0,0.0,0.0,0.0,3,1011.6,1007.8,100,0,0,100,7.3,123,24.1,809.0,553.0,256.0,3600.0,1,offday,train,-0.4999999999999998,-0.8660254037844388,0.8660254037844387,-0.49999999999999983,True,82.37536557696941,0.08762813736657904,special_case
2024-05-18 14:00:00,2024-05-18,14,2024,5,18,Saturday,True,spring,3302,315232,95.46698970321016,0.0977777335148833,322.8620760661448,484.7801459592534,82.47302753592618,True,,False,False,True,True,125232.0,122594.0,306752.0,401290.0,856.0,32936.0,3531734.79,729.0,0.0,0.0,0.0,0.0,4,52.0,22,0,True,True,True,False,맑음,24.1,57,15.1,25.6,0.0,0.0,0.0,0.0,0,1016.0,1012.2,5,5,0,0,12.3,230,26.3,840.0,626.0,214.0,3600.0,1,offday,valid,-0.4999999999999998,-0.8660254037844388,0.49999999999999994,-0.8660254037844387,True,82.462993714336,0.010033821590184289,special_case
2023-09-16 12:00:00,2023-09-16,12,2023,9,16,Saturday,True,fall,2539,274840,108.24734147302088,0.0738136969525007,187.41297656239936,299.83844601355673,82.66303068335881,True,,False,False,True,True,114019.0,106991.0,224885.0,326978.0,0.0,0.0,0.0,0.0,0.0,0.0,0.0,0.0,4,52.0,22,0,True,True,False,False,약한 이슬비,26.3,76,21.8,30.6,0.1,0.1,0.0,0.0,51,1012.8,1009.0,100,20,90,100,3.8,163,13.7,450.0,166.0,284.0,3600.0,1,offday,train,1.2246467991473532e-16,-1.0,-1.0,-1.8369701987210297e-16,True,82.47302753592618,0.19000314743263402,special_case
2023-05-28 13:00:00,2023-05-28,13,2023,5,28,Sunday,True,spring,3385,288986,85.3725258493353,0.0829554972469645,280.8043581809751,374.9598459244048,82.69983130096898,True,,False,False,True,True,122764.0,116539.0,259824.0,381217.0,12.0,169.0,21494.42,7.0,0.0,0.0,0.0,0.0,4,52.0,22,0,True,True,True,False,강한 이슬비,19.0,97,18.5,20.3,1.2,1.2,0.0,0.0,55,1012.4,1008.5,100,100,100,92,12.5,224,23.0,146.0,2.0,144.0,0.0,1,offday,train,-0.2588190451025208,-0.9659258262890683,0.49999999999999994,-0.8660254037844387,True,82.66303068335881,0.03680061761016873,special_case
2025-09-20 15:00:00,2025-09-20,15,2025,9,20,Saturday,True,fall,3574,456305,127.6734750979295,0.1124759978651691,401.9892163701144,820.3874422798167,82.8259633899579,True,,False,False,True,True,147067.0,148369.0,339515.0,383623.0,0.0,0.0,0.0,0.0,17.0,16.0,1.0,8.0,4,52.0,22,0,True,True,False,True,흐림,22.7,66,16.1,23.6,0.0,0.0,0.0,0.0,3,1009.1,1005.3,87,86,5,0,8.1,315,20.9,384.0,96.0,288.0,2388.26,1,offday,test,-0.7071067811865471,-0.7071067811865479,-1.0,-1.8369701987210297e-16,True,82.69983130096898,0.1261320889889248,special_case
2022-08-27 12:00:00,2022-08-27,12,2022,8,27,Saturday,True,summer,4495,375388,83.5123470522803,0.0513318154074477,230.7365102564777,296.743607320523,83.02140942903449,True,,False,False,True,True,,,199190.0,319504.0,0.0,0.0,0.0,0.0,0.0,0.0,0.0,0.0,4,52.0,22,0,False,True,False,False,맑음,22.0,54,12.2,21.8,0.0,0.0,0.0,0.0,0,1010.9,1007.0,8,8,0,0,16.8,315,32.4,854.0,725.0,129.0,3600.0,1,offday,train,1.2246467991473532e-16,-1.0,-0.8660254037844384,-0.5000000000000004,True,82.8259633899579,0.19544603907658598,special_case
2022-10-15 11:00:00,2022-10-15,11,2022,10,15,Saturday,True,fall,3436,309646,90.11816065192085,0.0550655360577097,189.20518189429063,254.5610422957293,83.04764832940285,True,,False,False,True,True,,,200013.0,311760.0,0.0,0.0,0.0,0.0,0.0,0.0,0.0,0.0,4,52.0,22,0,False,True,False,False,흐림,18.4,60,10.6,18.1,0.0,0.0,0.0,0.0,3,1020.6,1016.7,82,0,0,82,4.1,75,14.0,577.0,450.0,127.0,3600.0,1,offday,train,0.258819045102521,-0.9659258262890682,-0.8660254037844386,0.5000000000000001,True,83.02140942903449,0.02623890036835519,special_case
2023-09-02 10:00:00,2023-09-02,10,2023,9,2,Saturday,True,fall,3905,404509,103.58745198463508,0.0378925808716765,147.97052830389686,215.92268959242736,83.09601175538188,True,,False,False,True,True,109581.0,100741.0,188565.0,278575.0,0.0,0.0,0.0,0.0,0.0,0.0,0.0,0.0,4,52.0,22,0,True,True,False,False,흐림,24.8,72,19.4,27.8,0.0,0.0,0.0,0.0,3,1013.2,1009.4,100,0,0,100,4.3,66,14.0,573.0,446.0,127.0,3600.0,1,offday,train,0.49999999999999994,-0.8660254037844387,-1.0,-1.8369701987210297e-16,True,83.04764832940285,0.048363425979033536,special_case
2023-04-22 13:00:00,2023-04-22,13,2023,4,22,Saturday,True,spring,2993,291040,97.24022719679252,0.0829554972469645,248.28580326016495,370.47766996582914,83.27631478602257,True,,False,False,True,True,119997.0,113194.0,254833.0,374954.0,735.0,21832.0,2668653.8,689.0,0.0,0.0,0.0,0.0,4,52.0,22,0,True,True,True,False,흐림,18.5,15,-8.3,13.1,0.0,0.0,0.0,0.0,3,1020.6,1016.7,100,0,100,99,15.5,59,30.2,533.0,208.0,325.0,3600.0,1,offday,train,-0.2588190451025208,-0.9659258262890683,0.8660254037844387,-0.49999999999999983,True,83.09601175538188,0.18030303064068676,special_case
2023-09-16 13:00:00,2023-09-16,13,2023,9,16,Saturday,True,fall,2539,274840,108.24734147302088,0.0915726254037753,232.5028959001857,383.20586051154135,83.36741449798461,True,,False,False,True,True,118241.0,112923.0,246366.0,358598.0,0.0,0.0,0.0,0.0,0.0,0.0,0.0,0.0,4,52.0,22,0,True,True,False,False,약한 이슬비,26.0,79,22.0,30.7,0.1,0.1,0.0,0.0,51,1012.1,1008.3,100,13,100,100,1.3,304,12.2,280.0,19.0,261.0,0.0,1,offday,train,-0.2588190451025208,-0.9659258262890683,-1.0,-1.8369701987210297e-16,True,83.27631478602257,0.0910997119620447,special_case
2023-06-18 12:00:00,2023-06-18,12,2023,6,18,Sunday,True,summer,3819,385582,100.96412673474732,0.0513318154074477,196.036203041043,293.74154592664377,83.60545358362418,True,,False,False,True,True,114927.0,107375.0,227105.0,336045.0,443.0,11532.0,1350445.55,449.0,0.0,0.0,0.0,0.0,4,52.0,22,0,True,True,True,False,흐림,27.5,51,16.6,30.5,0.0,0.0,0.0,0.0,3,1007.9,1004.1,83,0,0,83,5.4,274,16.6,778.0,463.0,315.0,3600.0,1,offday,train,1.2246467991473532e-16,-1.0,1.2246467991473532e-16,-1.0,True,83.36741449798461,0.23803908563957066,special_case
2024-06-01 14:00:00,2024-06-01,14,2024,6,1,Saturday,True,summer,4711,340856,72.35321587773296,0.0809922881834863,381.554669632404,445.8811916146728,83.65659388766272,True,,False,False,True,True,120402.0,116099.0,282830.0,361605.0,791.0,28243.0,3115775.9,707.0,0.0,0.0,0.0,0.0,4,52.0,22,0,True,True,True,False,맑음,25.7,31,7.3,24.2,0.0,0.0,0.0,0.0,0,1009.8,1006.0,1,0,1,0,16.6,312,34.6,867.0,666.0,201.0,3600.0,1,offday,valid,-0.4999999999999998,-0.8660254037844388,1.2246467991473532e-16,-1.0,True,83.60545358362418,0.05114030403854031,special_case
2025-05-31 13:00:00,2025-05-31,13,2025,5,31,Saturday,True,spring,2982,292972,98.2468142186452,0.0829554972469645,247.37329279044835,372.4067288348984,83.82828538359416,True,,False,False,True,True,131842.0,124440.0,292232.0,438367.0,0.0,0.0,0.0,0.0,7.0,7.0,0.0,2.0,4,52.0,22,0,True,True,False,True,흐림,27.4,33,9.5,28.1,0.0,0.0,0.0,0.0,3,1011.2,1007.4,100,0,0,100,4.1,285,19.4,784.0,429.0,355.0,3600.0,1,offday,test,-0.2588190451025208,-0.9659258262890683,0.49999999999999994,-0.8660254037844387,True,83.65659388766272,0.17169149593144084,special_case
2024-05-01 10:00:00,2024-05-01,10,2024,5,1,Wednesday,False,spring,2654,297262,112.00527505651846,0.0553484319653476,146.8947384360327,230.90828656563937,83.94797251085444,False,,False,False,False,False,120522.0,107575.0,222512.0,325261.0,591.0,17777.0,2079904.08,498.0,0.0,0.0,0.0,0.0,4,52.0,22,0,True,True,True,False,흐림,16.6,42,3.8,13.6,0.0,0.0,0.0,0.0,3,1013.2,1009.3,100,17,35,100,10.7,76,24.5,386.0,172.0,214.0,3600.0,1,weekday,valid,0.49999999999999994,-0.8660254037844387,0.49999999999999994,-0.8660254037844387,True,83.82828538359416,0.11968712726027775,special_case
2023-04-16 14:00:00,2023-04-16,14,2023,4,16,Sunday,True,spring,3321,320677,96.5603733815116,0.0977777335148833,324.7198530029276,492.5899798235059,83.98720232151663,True,,False,False,True,True,115768.0,111751.0,264100.0,346494.0,614.0,19796.0,2289036.51,550.0,0.0,0.0,0.0,0.0,4,52.0,22,0,True,True,True,False,맑음,14.2,54,5.0,11.2,0.0,0.0,0.0,0.0,0,1005.3,1001.4,3,2,1,1,15.5,271,35.3,639.0,263.0,376.0,3600.0,1,offday,train,-0.4999999999999998,-0.8660254037844388,0.8660254037844387,-0.49999999999999983,True,83.94797251085444,0.03922981066219222,special_case
2024-06-01 13:00:00,2024-06-01,13,2024,6,1,Saturday,True,summer,4711,340856,72.35321587773296,0.0663205601576762,312.4361589028129,362.22459772701006,84.05429259690277,True,,False,False,True,True,122281.0,117640.0,264558.0,388976.0,711.0,22861.0,2329499.06,653.0,0.0,0.0,0.0,0.0,4,52.0,22,0,True,True,True,False,맑음,24.8,37,8.9,23.9,0.0,0.0,0.0,0.0,0,1010.6,1006.8,1,0,1,0,16.0,314,34.6,889.0,682.0,207.0,3600.0,1,offday,valid,-0.2588190451025208,-0.9659258262890683,1.2246467991473532e-16,-1.0,True,83.98720232151663,0.06709027538613554,special_case
2024-09-08 14:00:00,2024-09-08,14,2024,9,8,Sunday,True,fall,4690,347237,74.03773987206823,0.1053558771818858,494.1190639830446,594.600179628184,84.13002704678092,True,,False,False,True,True,123791.0,120526.0,276892.0,362326.0,451.0,13828.0,1431569.84,452.0,0.0,0.0,0.0,0.0,4,52.0,22,0,True,True,True,False,맑음,29.9,57,20.5,34.9,0.0,0.0,0.0,0.0,0,1013.2,1009.4,18,13,5,0,2.6,214,13.3,746.0,588.0,158.0,3600.0,1,offday,valid,-0.4999999999999998,-0.8660254037844388,-1.0,-1.8369701987210297e-16,True,84.05429259690277,0.07573444987815492,special_case
2022-05-29 12:00:00,2022-05-29,12,2022,5,29,Sunday,True,spring,3060,308203,100.71993464052288,0.0657770680274524,201.2778281640045,302.2599076297091,84.1788050254099,True,,False,False,True,True,,,213834.0,325207.0,0.0,0.0,0.0,0.0,0.0,0.0,0.0,0.0,4,52.0,22,0,False,True,False,False,약한 이슬비,23.9,59,15.2,25.2,0.1,0.1,0.0,0.0,51,1005.7,1001.9,100,100,0,100,2.9,150,14.8,500.0,174.0,326.0,3600.0,1,offday,train,1.2246467991473532e-16,-1.0,0.49999999999999994,-0.8660254037844387,True,84.13002704678092,0.04877797862897637,special_case
2022-05-21 10:00:00,2022-05-21,10,2022,5,21,Saturday,True,spring,7059,413591,58.59059356849412,0.0333632663106753,235.5112968870571,229.97911127830864,84.36321977419973,True,,False,False,True,True,,,172412.0,265296.0,0.0,0.0,0.0,0.0,0.0,0.0,0.0,0.0,4,52.0,22,0,False,True,False,False,부분적으로 흐림,20.7,61,12.9,19.9,0.0,0.0,0.0,0.0,2,1011.6,1007.7,59,52,14,0,11.6,248,25.9,519.0,257.0,262.0,3600.0,1,offday,train,0.49999999999999994,-0.8660254037844387,0.49999999999999994,-0.8660254037844387,True,84.1788050254099,0.184414748789834,special_case
2024-10-03 13:00:00,2024-10-03,13,2024,10,3,Thursday,False,fall,3120,309997,99.35801282051284,0.1201225009099709,374.7822028391092,592.7711090937779,84.4167256426199,False,개천절,True,False,True,False,137374.0,134469.0,296007.0,431650.0,885.0,36541.0,3836795.76,762.0,0.0,0.0,0.0,0.0,4,52.0,22,0,True,True,True,False,대체로 맑음,20.4,44,7.8,19.4,0.0,0.0,0.0,0.0,1,1022.4,1018.5,21,1,21,0,6.7,81,22.3,655.0,477.0,178.0,3600.0,1,offday,valid,-0.2588190451025208,-0.9659258262890683,-0.8660254037844386,0.5000000000000001,True,84.36321977419973,0.05350586842016014,special_case
2023-05-06 11:00:00,2023-05-06,11,2023,5,6,Saturday,True,spring,3386,364001,107.50177200236269,0.0486258337916605,164.64707321856258,254.08342516315145,84.48698362377178,True,,False,False,True,True,110461.0,98328.0,210432.0,310155.0,6.0,84.0,10187.89,7.0,0.0,0.0,0.0,0.0,4,52.0,22,0,True,True,True,False,보통 비,11.6,88,9.6,8.3,3.4,3.4,0.0,0.0,63,1006.8,1002.8,100,8,100,100,21.4,63,42.8,62.0,0.0,62.0,0.0,1,offday,train,0.258819045102521,-0.9659258262890682,0.49999999999999994,-0.8660254037844387,True,84.4167256426199,0.07025798115188309,special_case
2024-03-24 11:00:00,2024-03-24,11,2024,3,24,Sunday,True,spring,3466,363489,104.8727639930756,0.0486258337916605,168.53713992189543,255.0197306891125,84.62446103580857,True,,False,False,True,True,105579.0,95137.0,221973.0,329187.0,474.0,18684.0,2097045.07,364.0,0.0,0.0,0.0,0.0,4,52.0,22,0,True,True,True,False,흐림,16.1,43,3.5,12.9,0.0,0.0,0.0,0.0,3,1019.2,1015.2,100,0,100,0,13.0,84,27.4,591.0,388.0,203.0,3600.0,1,offday,valid,0.258819045102521,-0.9659258262890682,1.0,6.123233995736766e-17,True,84.48698362377178,0.13747741203678743,special_case
2024-04-14 11:00:00,2024-04-14,11,2024,4,14,Sunday,True,spring,3287,366759,111.57864313964102,0.0486258337916605,159.8331156731882,254.10602912394796,84.75018492999027,True,,False,False,True,True,110732.0,102208.0,228291.0,325242.0,586.0,20558.0,2320752.91,510.0,0.0,0.0,0.0,0.0,4,52.0,22,0,True,True,True,False,대체로 맑음,23.9,36,7.9,23.1,0.0,0.0,0.0,0.0,1,1018.3,1014.4,47,0,0,47,8.2,119,24.5,709.0,534.0,175.0,3600.0,1,offday,valid,0.258819045102521,-0.9659258262890682,0.8660254037844387,-0.49999999999999983,True,84.62446103580857,0.1257238941817036,special_case
2024-05-12 12:00:00,2024-05-12,12,2024,5,12,Sunday,True,spring,3001,311072,103.65611462845716,0.0657770680274524,197.39698115038476,303.5731100956019,84.79717878859205,True,,False,False,True,True,127195.0,117440.0,269436.0,392811.0,724.0,24888.0,2676758.36,620.0,0.0,0.0,0.0,0.0,4,52.0,22,0,True,True,True,False,맑음,19.9,41,6.1,18.6,0.0,0.0,0.0,0.0,0,1011.4,1007.5,0,0,0,0,14.3,317,29.9,873.0,679.0,194.0,3600.0,1,offday,valid,1.2246467991473532e-16,-1.0,0.49999999999999994,-0.8660254037844387,True,84.75018492999027,0.0469938586017804,special_case
2024-10-12 13:00:00,2024-10-12,13,2024,10,12,Saturday,True,fall,4146,284640,68.65412445730824,0.0915726254037753,379.6601049240528,423.8006957016482,84.83991757406977,True,,False,False,True,True,137374.0,134469.0,296007.0,431650.0,821.0,31282.0,3034258.15,670.0,0.0,0.0,0.0,0.0,4,52.0,22,0,True,True,True,False,맑음,20.4,51,9.9,20.6,0.0,0.0,0.0,0.0,0,1023.8,1019.9,0,0,0,0,4.1,285,14.4,684.0,553.0,131.0,3600.0,1,offday,valid,-0.2588190451025208,-0.9659258262890683,-0.8660254037844386,0.5000000000000001,True,84.79717878859205,0.042738785477723695,special_case
2022-06-01 14:00:00,2022-06-01,14,2022,6,1,Wednesday,False,summer,3020,344335,114.0182119205298,0.1049582705891367,316.9739771791929,566.8978572421082,84.94698346654616,False,전국동시지방선거,True,False,True,False,,,231925.0,303651.0,0.0,0.0,0.0,0.0,0.0,0.0,0.0,0.0,4,52.0,22,0,False,True,False,False,맑음,26.8,26,5.7,24.5,0.0,0.0,0.0,0.0,0,1005.2,1001.4,9,0,9,0,19.6,256,38.9,890.0,700.0,190.0,3600.0,1,offday,train,-0.4999999999999998,-0.8660254037844388,1.2246467991473532e-16,-1.0,True,84.83991757406977,0.10706589247638476,special_case
2024-05-25 13:00:00,2024-05-25,13,2024,5,25,Saturday,True,spring,3100,297748,96.04774193548388,0.0829554972469645,257.16204146559016,379.6696380977861,85.19673263684217,True,,False,False,True,True,129171.0,124826.0,291672.0,434999.0,675.0,20311.0,2336988.01,706.0,0.0,0.0,0.0,0.0,4,52.0,22,0,True,True,True,False,흐림,23.9,53,13.6,23.0,0.0,0.0,0.0,0.0,3,1015.8,1012.0,97,44,7,93,13.5,146,29.9,551.0,159.0,392.0,3186.99,1,offday,valid,-0.2588190451025208,-0.9659258262890683,0.49999999999999994,-0.8660254037844387,True,84.94698346654616,0.2497491702960133,special_case
2024-04-27 13:00:00,2024-04-27,13,2024,4,27,Saturday,True,spring,3026,298158,98.53205551883674,0.0829554972469645,251.0233346693148,378.8479109670631,85.3119203086581,True,,False,False,True,True,124599.0,120970.0,274597.0,401986.0,714.0,24663.0,2668827.19,677.0,0.0,0.0,0.0,0.0,4,52.0,22,0,True,True,True,False,맑음,23.5,37,7.9,23.6,0.0,0.0,0.0,0.0,0,1011.7,1007.9,0,0,0,0,9.0,293,25.6,886.0,698.0,188.0,3600.0,1,offday,valid,-0.2588190451025208,-0.9659258262890683,0.8660254037844387,-0.49999999999999983,True,85.19673263684217,0.11518767181593148,special_case
2022-09-04 11:00:00,2022-09-04,11,2022,9,4,Sunday,True,fall,3837,315442,82.21058118321605,0.0550655360577097,211.28646185343223,265.10782063753254,85.69099792443745,True,,False,False,True,True,,,174692.0,265622.0,0.0,0.0,0.0,0.0,0.0,0.0,0.0,0.0,4,52.0,22,0,False,True,False,False,약한 이슬비,22.4,85,19.8,22.7,0.2,0.2,0.0,0.0,51,1009.5,1005.7,100,12,94,100,23.1,111,38.9,181.0,2.0,179.0,0.0,1,offday,train,0.258819045102521,-0.9659258262890682,-1.0,-1.8369701987210297e-16,True,85.3119203086581,0.3790776157793516,special_case
2023-06-18 15:00:00,2023-06-18,15,2023,6,18,Sunday,True,summer,3819,385582,100.96412673474732,0.0935275965658001,357.18189128479077,568.3584837514735,86.12691730895278,True,,False,False,True,True,130894.0,129443.0,304228.0,351124.0,542.0,15213.0,1662167.87,510.0,0.0,0.0,0.0,0.0,4,52.0,22,0,True,True,True,False,맑음,28.7,57,19.4,32.0,0.0,0.0,0.0,0.0,0,1005.9,1002.2,0,0,0,0,11.0,251,23.4,788.0,608.0,180.0,3600.0,1,offday,train,-0.7071067811865471,-0.7071067811865479,1.2246467991473532e-16,-1.0,True,85.69099792443745,0.43591938451532997,special_case
2023-05-27 14:00:00,2023-05-27,14,2023,5,27,Saturday,True,spring,3432,329453,95.99446386946389,0.0977777335148833,335.57318142307963,506.36887211323426,86.2382964843971,True,부처님오신날,True,False,True,True,119940.0,114747.0,271180.0,349432.0,11.0,195.0,15105.1,13.0,0.0,0.0,0.0,0.0,4,52.0,22,0,True,True,True,False,약한 비,19.5,93,18.4,20.7,2.3,2.3,0.0,0.0,61,1017.4,1013.5,100,0,100,100,12.7,119,21.6,154.0,2.0,152.0,0.0,1,offday,train,-0.4999999999999998,-0.8660254037844388,0.49999999999999994,-0.8660254037844387,True,86.12691730895278,0.11137917544431275,special_case
2022-04-23 12:00:00,2022-04-23,12,2022,4,23,Saturday,True,spring,3263,314876,96.49892736745326,0.0657770680274524,214.6305729735773,311.1496113277707,86.25965625664588,True,,False,False,True,True,,,187587.0,271232.0,0.0,0.0,0.0,0.0,0.0,0.0,0.0,0.0,4,52.0,22,0,False,True,False,False,흐림,20.0,42,6.7,19.1,0.0,0.0,0.0,0.0,3,1013.9,1010.0,100,0,0,100,9.5,99,23.0,779.0,495.0,284.0,3600.0,1,offday,train,1.2246467991473532e-16,-1.0,0.8660254037844387,-0.49999999999999983,True,86.2382964843971,0.021359772248786157,special_case
2023-09-10 10:00:00,2023-09-10,10,2023,9,10,Sunday,True,fall,3847,425511,110.60852612425266,0.0378925808716765,145.77275861333962,223.49881442369804,86.41051869888992,True,,False,False,True,True,109581.0,100741.0,188565.0,278575.0,0.0,0.0,0.0,0.0,0.0,0.0,0.0,0.0,4,52.0,22,0,True,True,False,False,흐림,25.5,76,21.0,29.8,0.0,0.0,0.0,0.0,3,1011.9,1008.1,90,0,1,90,1.1,252,10.8,537.0,398.0,139.0,3600.0,1,offday,train,0.49999999999999994,-0.8660254037844387,-1.0,-1.8369701987210297e-16,True,86.25965625664588,0.15086244224403345,special_case
2023-10-03 10:00:00,2023-10-03,10,2023,10,3,Tuesday,False,fall,2469,267960,108.52976913730257,0.0630383817289576,155.64176448879633,238.96411205338495,86.41555436256007,False,개천절,True,False,True,True,113203.0,108475.0,205835.0,319639.0,0.0,0.0,0.0,0.0,0.0,0.0,0.0,0.0,4,52.0,22,0,True,True,False,False,흐림,17.3,69,11.6,16.2,0.0,0.0,0.0,0.0,3,1019.6,1015.7,100,0,100,100,11.3,97,21.2,220.0,22.0,198.0,0.0,1,offday,train,0.49999999999999994,-0.8660254037844387,-0.8660254037844386,0.5000000000000001,True,86.41051869888992,0.005035663670156509,special_case
2024-05-18 12:00:00,2024-05-18,12,2024,5,18,Saturday,True,spring,3302,315232,95.46698970321016,0.0657770680274524,217.19587862664795,312.10702274346374,86.42387216047052,True,,False,False,True,True,127195.0,117440.0,269436.0,392811.0,615.0,19536.0,2276870.45,601.0,0.0,0.0,0.0,0.0,4,52.0,22,0,True,True,True,False,대체로 맑음,22.6,60,14.4,22.9,0.0,0.0,0.0,0.0,1,1017.4,1013.5,30,30,0,0,10.5,221,24.5,612.0,255.0,357.0,3600.0,1,offday,valid,1.2246467991473532e-16,-1.0,0.49999999999999994,-0.8660254037844387,True,86.41555436256007,0.008317797910450508,special_case
2025-09-06 14:00:00,2025-09-06,14,2025,9,6,Saturday,True,fall,3931,345164,87.8056474179598,0.1053558771818858,414.1539532019933,580.9748573208976,86.53399466372093,True,,False,False,True,True,130450.0,127036.0,290975.0,362837.0,0.0,0.0,0.0,0.0,15.0,14.0,1.0,7.0,4,52.0,22,0,True,True,False,True,약한 이슬비,29.2,73,24.0,32.5,0.1,0.1,0.0,0.0,51,1006.6,1002.9,44,12,16,26,19.2,230,42.8,466.0,190.0,276.0,3600.0,1,offday,test,-0.4999999999999998,-0.8660254037844388,-1.0,-1.8369701987210297e-16,True,86.42387216047052,0.11012250325040895,special_case
2023-04-30 12:00:00,2023-04-30,12,2023,4,30,Sunday,True,spring,4249,308886,72.69616380324783,0.0657770680274524,279.4867620486454,323.20624921072744,86.59816869003362,True,,False,False,True,True,113227.0,107312.0,235098.0,335669.0,606.0,20744.0,2263746.68,505.0,0.0,0.0,0.0,0.0,4,52.0,22,0,True,True,True,False,부분적으로 흐림,14.2,46,2.8,10.6,0.0,0.0,0.0,0.0,2,1011.4,1007.4,79,0,77,8,13.7,225,35.3,461.0,83.0,378.0,988.82,1,offday,train,1.2246467991473532e-16,-1.0,0.8660254037844387,-0.49999999999999983,True,86.53399466372093,0.06417402631268487,special_case
2024-09-21 11:00:00,2024-09-21,11,2024,9,21,Saturday,True,fall,4008,316973,79.08507984031937,0.0550655360577097,220.70266851930063,269.01128832958653,86.59969358328624,True,,False,False,True,True,108403.0,100418.0,204482.0,304686.0,277.0,6673.0,669715.72,238.0,0.0,0.0,0.0,0.0,4,52.0,22,0,True,True,True,False,보통 이슬비,19.3,86,16.9,18.7,0.7,0.7,0.0,0.0,53,1009.2,1005.3,100,100,100,99,21.1,70,37.4,110.0,0.0,110.0,0.0,1,offday,valid,0.258819045102521,-0.9659258262890682,-1.0,-1.8369701987210297e-16,True,86.59816869003362,0.0015248932526219505,special_case
2022-04-17 14:00:00,2022-04-17,14,2022,4,17,Sunday,True,spring,3440,330896,96.1906976744186,0.0977777335148833,336.35540329119874,508.4825297121671,86.63258816351367,True,,False,False,True,True,,,217213.0,285529.0,0.0,0.0,0.0,0.0,0.0,0.0,0.0,0.0,4,52.0,22,0,False,True,False,False,맑음,17.8,36,2.5,15.4,0.0,0.0,0.0,0.0,0,1018.3,1014.4,0,0,0,0,15.0,235,31.0,842.0,659.0,183.0,3600.0,1,offday,train,-0.4999999999999998,-0.8660254037844388,0.8660254037844387,-0.49999999999999983,True,86.59969358328624,0.032894580227434744,special_case
2024-06-15 12:00:00,2024-06-15,12,2024,6,15,Saturday,True,summer,4097,398638,97.29997559189653,0.0513318154074477,210.30644772431347,305.74843318276925,86.74760092632027,True,,False,False,True,True,117789.0,111354.0,243753.0,356376.0,337.0,8619.0,887920.0,292.0,0.0,0.0,0.0,0.0,4,52.0,22,0,True,True,True,False,약한 이슬비,22.8,82,19.5,25.3,0.3,0.3,0.0,0.0,51,1005.0,1001.2,100,26,30,100,8.0,275,22.0,243.0,2.0,241.0,0.0,1,offday,valid,1.2246467991473532e-16,-1.0,1.2246467991473532e-16,-1.0,True,86.63258816351367,0.11501276280660022,special_case
2025-09-21 15:00:00,2025-09-21,15,2025,9,21,Sunday,True,fall,4673,514104,110.01583565161566,0.1124759978651691,525.6003380239351,936.0036219982532,86.96360292943405,True,,False,False,True,True,147067.0,148369.0,339515.0,383623.0,0.0,0.0,0.0,0.0,17.0,16.0,1.0,8.0,4,52.0,22,0,True,True,False,True,맑음,25.6,49,13.9,26.4,0.0,0.0,0.0,0.0,0,1017.0,1013.2,2,2,0,0,6.4,10,18.7,619.0,474.0,145.0,3600.0,1,offday,test,-0.7071067811865471,-0.7071067811865479,-1.0,-1.8369701987210297e-16,True,86.74760092632027,0.21600200311377193,special_case
2024-05-01 13:00:00,2024-05-01,13,2024,5,1,Wednesday,False,spring,2654,297262,112.00527505651846,0.111787395763264,296.6837483557028,518.1948176502324,87.13359619850928,False,,False,False,False,False,129171.0,124826.0,291672.0,434999.0,819.0,26065.0,2912411.27,751.0,0.0,0.0,0.0,0.0,4,52.0,22,0,True,True,True,False,흐림,21.6,30,3.2,20.6,0.0,0.0,0.0,0.0,3,1011.9,1008.0,100,0,10,100,8.7,107,23.8,869.0,646.0,223.0,3600.0,1,weekday,valid,-0.2588190451025208,-0.9659258262890683,0.49999999999999994,-0.8660254037844387,True,86.96360292943405,0.16999326907523482,special_case
2023-05-14 14:00:00,2023-05-14,14,2023,5,14,Sunday,True,spring,3229,331034,102.51904614431712,0.0977777335148833,315.7243015195583,505.54583550330426,87.16925526350474,True,,False,False,True,True,119940.0,114747.0,271180.0,349432.0,921.0,36163.0,3883834.54,804.0,0.0,0.0,0.0,0.0,4,52.0,22,0,True,True,True,False,부분적으로 흐림,21.7,40,7.6,20.5,0.0,0.0,0.0,0.0,2,1009.5,1005.6,51,15,5,40,14.0,252,29.9,821.0,585.0,236.0,3600.0,1,offday,train,-0.4999999999999998,-0.8660254037844388,0.49999999999999994,-0.8660254037844387,True,87.13359619850928,0.0356590649954569,special_case
2025-10-08 13:00:00,2025-10-08,13,2025,10,8,Wednesday,False,fall,3158,318894,100.97973400886636,0.1201225009099709,379.3468578736881,609.0822448460221,87.19451390909478,False,대체공휴일,True,True,True,True,133452.0,129282.0,289919.0,426437.0,0.0,0.0,0.0,0.0,13.0,12.0,1.0,7.0,4,52.0,22,0,True,True,False,True,맑음,25.5,61,17.4,28.3,0.0,0.0,0.0,0.0,0,1017.6,1013.8,0,0,0,0,4.9,4,16.2,687.0,557.0,130.0,3600.0,1,offday,test,-0.2588190451025208,-0.9659258262890683,-0.8660254037844386,0.5000000000000001,True,87.16925526350474,0.02525864559004276,special_case
2025-05-25 12:00:00,2025-05-25,12,2025,5,25,Sunday,True,spring,4303,310877,72.24657215895887,0.0657770680274524,283.0387237221278,325.7459831107801,87.2066195590372,True,,False,False,True,True,126039.0,119058.0,269610.0,399733.0,0.0,0.0,0.0,0.0,10.0,9.0,1.0,6.0,4,52.0,22,0,True,True,False,True,맑음,20.5,52,10.4,21.5,0.0,0.0,0.0,0.0,0,1014.8,1010.9,0,0,0,0,7.7,258,23.8,876.0,677.0,199.0,3600.0,1,offday,test,1.2246467991473532e-16,-1.0,0.49999999999999994,-0.8660254037844387,True,87.19451390909478,0.01210564994241281,special_case
2023-06-06 11:00:00,2023-06-06,11,2023,6,6,Tuesday,False,summer,3191,334549,104.84142901911626,0.0572715655729334,182.75356574323052,279.2867191806721,87.26017051550869,False,현충일,True,False,True,False,105419.0,96068.0,200649.0,304043.0,603.0,21515.0,2434248.0,519.0,0.0,0.0,0.0,0.0,4,52.0,22,0,True,True,True,False,흐림,22.1,61,14.4,22.8,0.0,0.0,0.0,0.0,3,1007.9,1004.1,86,8,85,1,10.8,244,24.5,692.0,415.0,277.0,3600.0,1,offday,train,0.258819045102521,-0.9659258262890682,1.2246467991473532e-16,-1.0,True,87.2066195590372,0.0535509564714971,special_case
2023-06-17 13:00:00,2023-06-17,13,2023,6,17,Saturday,True,summer,3966,358951,90.50706001008572,0.0663205601576762,263.0273415853441,366.5388028847193,87.39228697776059,True,,False,False,True,True,120185.0,113904.0,249942.0,367950.0,531.0,14288.0,1566083.52,534.0,0.0,0.0,0.0,0.0,4,52.0,22,0,True,True,True,False,흐림,27.3,47,15.1,29.6,0.0,0.0,0.0,0.0,3,1013.4,1009.6,100,0,0,100,9.4,266,22.7,884.0,665.0,219.0,3600.0,1,offday,train,-0.2588190451025208,-0.9659258262890683,1.2246467991473532e-16,-1.0,True,87.26017051550869,0.13211646225190066,special_case
2024-04-28 14:00:00,2024-04-28,14,2024,4,28,Sunday,True,spring,3102,330803,106.6418439716312,0.0977777335148833,303.3065293631681,503.3440328328777,87.40235481586183,True,,False,False,True,True,121205.0,117543.0,291812.0,369919.0,840.0,34577.0,3711171.42,731.0,0.0,0.0,0.0,0.0,4,52.0,22,0,True,True,True,False,흐림,26.5,26,5.6,26.1,0.0,0.0,0.0,0.0,3,1012.6,1008.8,100,0,0,100,4.7,157,17.3,781.0,471.0,310.0,3600.0,1,offday,valid,-0.4999999999999998,-0.8660254037844388,0.8660254037844387,-0.49999999999999983,True,87.39228697776059,0.010067838101235793,special_case
2023-04-29 12:00:00,2023-04-29,12,2023,4,29,Saturday,True,spring,4145,313019,75.51724969843184,0.0657770680274524,272.64594697379033,324.7720303678872,87.45308387084887,True,,False,False,True,True,113227.0,107312.0,235098.0,335669.0,18.0,606.0,54930.18,14.0,0.0,0.0,0.0,0.0,4,52.0,22,0,True,True,True,False,보통 이슬비,12.5,97,12.1,10.1,0.7,0.7,0.0,0.0,53,1006.0,1002.0,100,100,100,100,21.2,235,36.4,91.0,0.0,91.0,0.0,1,offday,train,1.2246467991473532e-16,-1.0,0.8660254037844387,-0.49999999999999983,True,87.40235481586183,0.05072905498704472,special_case
2025-04-20 14:00:00,2025-04-20,14,2025,4,20,Sunday,True,spring,3755,336440,89.59786950732357,0.0977777335148833,367.15538934838696,520.816622082181,87.47767424364457,True,,False,False,True,True,122185.0,120136.0,289418.0,358883.0,0.0,0.0,0.0,0.0,2.0,2.0,0.0,1.0,4,52.0,22,0,True,True,False,True,맑음,21.1,54,11.5,23.4,0.0,0.0,0.0,0.0,0,1013.2,1009.3,0,0,0,0,0.5,270,14.0,829.0,634.0,195.0,3600.0,1,offday,test,-0.4999999999999998,-0.8660254037844388,0.8660254037844387,-0.49999999999999983,True,87.45308387084887,0.024590372795699977,special_case
2025-10-09 10:00:00,2025-10-09,10,2025,10,9,Thursday,False,fall,2317,274547,118.49244712990937,0.0630383817289576,146.05993046599477,240.3048628511225,87.60517287398415,False,한글날,True,False,True,True,116268.0,108069.0,208720.0,320017.0,0.0,0.0,0.0,0.0,13.0,12.0,1.0,7.0,4,52.0,22,0,True,True,False,True,흐림,19.9,75,15.3,20.3,0.0,0.0,0.0,0.0,3,1020.4,1016.5,98,26,98,0,9.4,64,20.9,135.0,18.0,117.0,0.0,1,offday,test,0.49999999999999994,-0.8660254037844387,-0.8660254037844386,0.5000000000000001,True,87.47767424364457,0.12749863033957354,special_case
2023-04-16 12:00:00,2023-04-16,12,2023,4,16,Sunday,True,spring,3321,320677,96.5603733815116,0.0657770680274524,218.44564291916956,316.845690610537,87.84483482771128,True,,False,False,True,True,113227.0,107312.0,235098.0,335669.0,424.0,12449.0,1432950.3,428.0,0.0,0.0,0.0,0.0,4,52.0,22,0,True,True,True,False,흐림,12.4,64,5.8,10.0,0.0,0.0,0.0,0.0,3,1005.5,1001.5,100,2,100,100,9.0,247,19.1,291.0,8.0,283.0,0.0,1,offday,train,1.2246467991473532e-16,-1.0,0.8660254037844387,-0.49999999999999983,True,87.60517287398415,0.23966195372713628,special_case
2023-10-15 14:00:00,2023-10-15,14,2023,10,15,Sunday,True,fall,3994,350827,87.83850776164246,0.1053558771818858,420.7913734644521,590.4861318106116,87.95967389697103,True,,False,False,True,True,128103.0,125637.0,300223.0,395149.0,0.0,0.0,0.0,0.0,0.0,0.0,0.0,0.0,4,52.0,22,0,True,True,False,False,맑음,19.4,59,11.2,17.8,0.0,0.0,0.0,0.0,0,1010.4,1006.5,13,8,8,0,13.3,308,28.1,421.0,187.0,234.0,3600.0,1,offday,train,-0.4999999999999998,-0.8660254037844388,-0.8660254037844386,0.5000000000000001,True,87.84483482771128,0.11483906925974452,special_case
2023-09-09 10:00:00,2023-09-09,10,2023,9,9,Saturday,True,fall,4206,426609,101.4286733238231,0.0378925808716765,159.3761951462715,228.9412366679604,87.97199308701477,True,,False,False,True,True,109581.0,100741.0,188565.0,278575.0,0.0,0.0,0.0,0.0,0.0,0.0,0.0,0.0,4,52.0,22,0,True,True,False,False,맑음,25.1,77,20.8,29.3,0.0,0.0,0.0,0.0,0,1012.6,1008.8,0,0,0,0,0.5,225,10.8,549.0,428.0,121.0,3600.0,1,offday,train,0.49999999999999994,-0.8660254037844387,-1.0,-1.8369701987210297e-16,True,87.95967389697103,0.012319190043740491,special_case
2024-10-12 12:00:00,2024-10-12,12,2024,10,12,Saturday,True,fall,4146,284640,68.65412445730824,0.0738136969525007,306.03158756506804,338.9607781275784,87.99930227105128,True,,False,False,True,True,130567.0,126480.0,266914.0,391643.0,680.0,21065.0,2070356.83,610.0,0.0,0.0,0.0,0.0,4,52.0,22,0,True,True,True,False,맑음,19.5,55,10.4,20.0,0.0,0.0,0.0,0.0,0,1024.4,1020.5,0,0,0,0,2.8,288,13.3,665.0,535.0,130.0,3600.0,1,offday,valid,1.2246467991473532e-16,-1.0,-0.8660254037844386,0.5000000000000001,True,87.97199308701477,0.02730918403651117,special_case
2025-04-27 15:00:00,2025-04-27,15,2025,4,27,Sunday,True,spring,3968,435330,109.7101814516129,0.1077131147753142,427.4056394284471,748.8499383586261,88.15169457217303,True,,False,False,True,True,138174.0,140551.0,335455.0,381149.0,0.0,0.0,0.0,0.0,4.0,4.0,0.0,3.0,4,52.0,22,0,True,True,False,True,흐림,15.9,54,6.7,13.4,0.0,0.0,0.0,0.0,3,1013.9,1010.0,100,0,100,100,11.6,238,32.0,480.0,126.0,354.0,2857.79,1,offday,test,-0.7071067811865471,-0.7071067811865479,0.8660254037844387,-0.49999999999999983,True,87.99930227105128,0.1523923011217505,special_case
2022-05-29 13:00:00,2022-05-29,13,2022,5,29,Sunday,True,spring,3060,308203,100.71993464052288,0.0829554972469645,253.8438215757116,390.4441550327893,88.18424740308012,True,,False,False,True,True,,,232173.0,351954.0,0.0,0.0,0.0,0.0,0.0,0.0,0.0,0.0,4,52.0,22,0,False,True,False,False,흐림,25.9,49,14.4,27.3,0.0,0.0,0.0,0.0,3,1004.8,1001.0,100,32,0,100,3.7,151,15.5,624.0,286.0,338.0,3600.0,1,offday,train,-0.2588190451025208,-0.9659258262890683,0.49999999999999994,-0.8660254037844387,True,88.15169457217303,0.032552830907093266,special_case
2023-05-07 11:00:00,2023-05-07,11,2023,5,7,Sunday,True,spring,3406,382650,112.3458602466236,0.0486258337916605,165.61958989439577,264.7585357365675,88.35143674963905,True,,False,False,True,True,110461.0,98328.0,210432.0,310155.0,392.0,13042.0,1531347.25,325.0,0.0,0.0,0.0,0.0,4,52.0,22,0,True,True,True,False,흐림,13.9,59,6.2,11.9,0.0,0.0,0.0,0.0,3,1014.0,1010.0,100,0,100,100,7.2,27,14.8,200.0,4.0,196.0,0.0,1,offday,train,0.258819045102521,-0.9659258262890682,0.49999999999999994,-0.8660254037844387,True,88.18424740308012,0.1671893465589278,special_case
2022-04-24 14:00:00,2022-04-24,14,2022,4,24,Sunday,True,spring,3199,335005,104.72178805876835,0.0977777335148833,312.79096951411185,510.591439741395,88.37686675923055,True,,False,False,True,True,,,217213.0,285529.0,0.0,0.0,0.0,0.0,0.0,0.0,0.0,0.0,4,52.0,22,0,False,True,False,False,대체로 맑음,21.4,57,12.6,21.5,0.0,0.0,0.0,0.0,1,1010.4,1006.5,43,10,0,37,14.0,244,30.2,786.0,535.0,251.0,3600.0,1,offday,train,-0.4999999999999998,-0.8660254037844388,0.8660254037844387,-0.49999999999999983,True,88.35143674963905,0.025430009591502767,special_case
2023-04-30 13:00:00,2023-04-30,13,2023,4,30,Sunday,True,spring,4249,308886,72.69616380324783,0.0829554972469645,352.4779078023525,411.61806966583504,88.4118204551076,True,,False,False,True,True,119997.0,113194.0,254833.0,374954.0,661.0,23562.0,2661235.48,635.0,0.0,0.0,0.0,0.0,4,52.0,22,0,True,True,True,False,부분적으로 흐림,16.1,45,4.1,13.5,0.0,0.0,0.0,0.0,2,1010.6,1006.7,55,0,52,8,14.1,238,29.9,707.0,361.0,346.0,3600.0,1,offday,train,-0.2588190451025208,-0.9659258262890683,0.8660254037844387,-0.49999999999999983,True,88.37686675923055,0.034953695877049995,special_case
2023-06-17 14:00:00,2023-06-17,14,2023,6,17,Saturday,True,summer,3966,358951,90.50706001008572,0.0809922881834863,321.2154149357067,454.9519298363301,88.41312695161082,True,,False,False,True,True,116833.0,111408.0,264572.0,340237.0,573.0,15776.0,1696471.57,527.0,0.0,0.0,0.0,0.0,4,52.0,22,0,True,True,True,False,흐림,28.1,45,15.1,30.0,0.0,0.0,0.0,0.0,3,1012.8,1009.0,100,0,0,100,10.1,266,22.0,823.0,553.0,270.0,3600.0,1,offday,train,-0.4999999999999998,-0.8660254037844388,1.2246467991473532e-16,-1.0,True,88.4118204551076,0.0013064965032185683,special_case
2022-05-15 14:00:00,2022-05-15,14,2022,5,15,Sunday,True,spring,3542,338077,95.44805194805195,0.0977777335148833,346.32873210971684,519.9227882403356,88.44822815287301,True,,False,False,True,True,,,246708.0,328829.0,0.0,0.0,0.0,0.0,0.0,0.0,0.0,0.0,4,52.0,22,0,False,True,False,False,흐림,20.9,25,0.3,17.7,0.0,0.0,0.0,0.0,3,1013.2,1009.3,96,0,93,45,15.5,274,32.0,770.0,457.0,313.0,3600.0,1,offday,train,-0.4999999999999998,-0.8660254037844388,0.49999999999999994,-0.8660254037844387,True,88.41312695161082,0.035101201262193626,special_case
2022-09-03 11:00:00,2022-09-03,11,2022,9,3,Saturday,True,fall,5996,309256,51.577051367578385,0.0550655360577097,330.1729542020276,283.8224569843847,88.51399048353139,True,,False,False,True,True,,,174692.0,265622.0,0.0,0.0,0.0,0.0,0.0,0.0,0.0,0.0,4,52.0,22,0,False,True,False,False,흐림,24.6,67,18.0,25.3,0.0,0.0,0.0,0.0,3,1015.4,1011.6,100,10,6,99,15.5,77,29.5,567.0,270.0,297.0,3600.0,1,offday,train,0.258819045102521,-0.9659258262890682,-1.0,-1.8369701987210297e-16,True,88.44822815287301,0.065762330658373,special_case
2024-06-15 15:00:00,2024-06-15,15,2024,6,15,Saturday,True,summer,4097,398638,97.29997559189653,0.0935275965658001,383.1825631300832,589.4672213904835,88.72556066647718,True,,False,False,True,True,135633.0,134648.0,323366.0,377916.0,582.0,17137.0,1934657.94,533.0,0.0,0.0,0.0,0.0,4,52.0,22,0,True,True,True,False,흐림,27.9,56,18.2,30.8,0.0,0.0,0.0,0.0,3,1002.2,998.5,90,88,4,18,8.0,280,25.2,735.0,485.0,250.0,3600.0,1,offday,valid,-0.7071067811865471,-0.7071067811865479,1.2246467991473532e-16,-1.0,True,88.51399048353139,0.21157018294579188,special_case
2025-09-20 10:00:00,2025-09-20,10,2025,9,20,Saturday,True,fall,3574,456305,127.6734750979295,0.0378925808716765,135.4280840353719,227.3687225442498,88.92807446664887,True,,False,False,True,True,121550.0,113807.0,206448.0,315696.0,0.0,0.0,0.0,0.0,17.0,16.0,1.0,8.0,4,52.0,22,0,True,True,False,True,흐림,18.9,87,16.8,20.3,0.0,0.0,0.0,0.0,3,1009.7,1005.8,100,100,33,0,6.7,326,16.9,179.0,12.0,167.0,0.0,1,offday,test,0.49999999999999994,-0.8660254037844387,-1.0,-1.8369701987210297e-16,True,88.72556066647718,0.20251380017168685,special_case
2025-05-25 13:00:00,2025-05-25,13,2025,5,25,Sunday,True,spring,4303,310877,72.24657215895887,0.0829554972469645,356.9575046536886,414.728407217733,88.98242410695286,True,,False,False,True,True,131842.0,124440.0,292232.0,438367.0,0.0,0.0,0.0,0.0,10.0,9.0,1.0,6.0,4,52.0,22,0,True,True,False,True,맑음,21.0,51,10.6,21.5,0.0,0.0,0.0,0.0,0,1014.3,1010.4,18,4,17,0,11.9,259,31.3,905.0,703.0,202.0,3600.0,1,offday,test,-0.2588190451025208,-0.9659258262890683,0.49999999999999994,-0.8660254037844387,True,88.92807446664887,0.054349640303996694,special_case
2024-05-12 13:00:00,2024-05-12,13,2024,5,12,Sunday,True,spring,3001,311072,103.65611462845716,0.0829554972469645,248.9494472381407,392.57586784501734,89.00275774941542,True,,False,False,True,True,129171.0,124826.0,291672.0,434999.0,806.0,32815.0,3339175.11,707.0,0.0,0.0,0.0,0.0,4,52.0,22,0,True,True,True,False,맑음,20.4,42,6.9,19.2,0.0,0.0,0.0,0.0,0,1010.4,1006.5,17,0,0,17,15.6,322,31.7,905.0,711.0,194.0,3600.0,1,offday,valid,-0.2588190451025208,-0.9659258262890683,0.49999999999999994,-0.8660254037844387,True,88.98242410695286,0.02033364246256042,special_case
2025-10-19 12:00:00,2025-10-19,12,2025,10,19,Sunday,True,fall,2856,295270,103.38585434173667,0.0738136969525007,210.8119184963421,324.5314280448556,89.00976213387929,True,,False,False,True,True,127375.0,121081.0,263189.0,392489.0,0.0,0.0,0.0,0.0,19.0,17.0,2.0,11.0,4,52.0,22,0,True,True,False,True,약한 이슬비,17.3,77,13.1,16.9,0.1,0.1,0.0,0.0,51,1024.0,1020.0,41,41,0,0,9.7,292,23.4,262.0,62.0,200.0,1038.34,1,offday,test,1.2246467991473532e-16,-1.0,-0.8660254037844386,0.5000000000000001,True,89.00275774941542,0.007004384463868973,special_case
2022-06-01 11:00:00,2022-06-01,11,2022,6,1,Wednesday,False,summer,3020,344335,114.0182119205298,0.0572715655729334,172.96012803025891,283.0170575357907,89.10586452845439,False,전국동시지방선거,True,False,True,False,,,171667.0,266208.0,0.0,0.0,0.0,0.0,0.0,0.0,0.0,0.0,4,52.0,22,0,False,True,False,False,부분적으로 흐림,25.1,32,7.2,23.3,0.0,0.0,0.0,0.0,2,1006.9,1003.1,51,0,37,26,13.3,237,28.1,716.0,422.0,294.0,3600.0,1,offday,train,0.258819045102521,-0.9659258262890682,1.2246467991473532e-16,-1.0,True,89.00976213387929,0.09610239457509806,special_case
2025-06-06 13:00:00,2025-06-06,13,2025,6,6,Friday,False,summer,2994,310867,103.82999331997328,0.0919203898842977,275.2096473135875,439.5913407750672,89.30543647187363,False,현충일,True,False,True,True,126242.0,120332.0,275513.0,398781.0,0.0,0.0,0.0,0.0,10.0,10.0,0.0,3.0,4,52.0,22,0,True,True,False,True,흐림,29.6,29,9.9,29.3,0.0,0.0,0.0,0.0,3,1007.4,1003.7,100,0,0,100,14.4,224,36.4,881.0,639.0,242.0,3600.0,1,offday,test,-0.2588190451025208,-0.9659258262890683,1.2246467991473532e-16,-1.0,True,89.10586452845439,0.19957194341924378,special_case
2025-09-07 14:00:00,2025-09-07,14,2025,9,7,Sunday,True,fall,4363,360584,82.64588585835435,0.1053558771818858,459.667692144568,610.4633868178117,89.38054695289168,True,,False,False,True,True,130450.0,127036.0,290975.0,362837.0,0.0,0.0,0.0,0.0,14.0,14.0,0.0,7.0,4,52.0,22,0,True,True,False,True,흐림,27.0,69,20.8,30.1,0.0,0.0,0.0,0.0,3,1007.7,1003.9,100,31,8,100,8.0,295,21.6,456.0,153.0,303.0,3600.0,1,offday,test,-0.4999999999999998,-0.8660254037844388,-1.0,-1.8369701987210297e-16,True,89.30543647187363,0.07511048101804363,special_case
2025-10-19 13:00:00,2025-10-19,13,2025,10,19,Sunday,True,fall,2856,295270,103.38585434173667,0.0915726254037753,261.5314181531825,413.9690046429219,89.43757659806636,True,,False,False,True,True,133452.0,129282.0,289919.0,426437.0,0.0,0.0,0.0,0.0,19.0,17.0,2.0,11.0,4,52.0,22,0,True,True,False,True,대체로 맑음,17.6,74,13.0,17.1,0.0,0.0,0.0,0.0,1,1023.2,1019.2,49,49,0,0,10.1,309,25.6,370.0,110.0,260.0,3119.7,1,offday,test,-0.2588190451025208,-0.9659258262890683,-0.8660254037844386,0.5000000000000001,True,89.38054695289168,0.0570296451746799,special_case
2023-09-24 12:00:00,2023-09-24,12,2023,9,24,Sunday,True,fall,2753,297833,108.18488921176898,0.0738136969525007,203.20910771023452,324.95258362129067,89.58108734824066,True,,False,False,True,True,114019.0,106991.0,224885.0,326978.0,0.0,0.0,0.0,0.0,0.0,0.0,0.0,0.0,4,52.0,22,0,True,True,False,False,흐림,23.2,50,12.3,23.3,0.0,0.0,0.0,0.0,3,1021.3,1017.4,98,0,0,98,12.2,88,28.1,744.0,608.0,136.0,3600.0,1,offday,train,1.2246467991473532e-16,-1.0,-1.0,-1.8369701987210297e-16,True,89.43757659806636,0.14351075017430048,special_case
2023-04-29 13:00:00,2023-04-29,13,2023,4,29,Saturday,True,spring,4145,313019,75.51724969843184,0.0829554972469645,343.85053608866815,414.36245672963,89.5904263617428,True,,False,False,True,True,119997.0,113194.0,254833.0,374954.0,45.0,1038.0,101783.56,29.0,0.0,0.0,0.0,0.0,4,52.0,22,0,True,True,True,False,보통 이슬비,12.1,94,11.1,10.1,0.6,0.6,0.0,0.0,53,1005.6,1001.6,100,100,100,100,15.6,241,37.1,93.0,0.0,93.0,0.0,1,offday,train,-0.2588190451025208,-0.9659258262890683,0.8660254037844387,-0.49999999999999983,True,89.58108734824066,0.00933901350214228,special_case
2022-08-28 12:00:00,2022-08-28,12,2022,8,28,Sunday,True,summer,4557,408972,89.74588545095457,0.0513318154074477,233.91908281173943,318.5776440601827,89.73692534913533,True,,False,False,True,True,,,199190.0,319504.0,0.0,0.0,0.0,0.0,0.0,0.0,0.0,0.0,4,52.0,22,0,False,True,False,False,흐림,24.1,56,14.9,26.0,0.0,0.0,0.0,0.0,3,1015.9,1012.1,91,0,0,91,9.9,100,22.7,843.0,703.0,140.0,3600.0,1,offday,train,1.2246467991473532e-16,-1.0,-0.8660254037844384,-0.5000000000000004,True,89.5904263617428,0.1464989873925333,special_case
2025-09-28 14:00:00,2025-09-28,14,2025,9,28,Sunday,True,fall,4023,357249,88.80164056674124,0.1053558771818858,423.8466939027268,600.6871694512276,89.74517658201745,True,,False,False,True,True,130450.0,127036.0,290975.0,362837.0,0.0,0.0,0.0,0.0,15.0,14.0,1.0,9.0,4,52.0,22,0,True,True,False,True,부분적으로 흐림,22.5,72,17.2,23.9,0.0,0.0,0.0,0.0,2,1009.4,1005.6,55,51,10,0,7.5,330,20.5,532.0,330.0,202.0,3600.0,1,offday,test,-0.4999999999999998,-0.8660254037844388,-1.0,-1.8369701987210297e-16,True,89.73692534913533,0.00825123288211671,special_case
2024-05-19 14:00:00,2024-05-19,14,2024,5,19,Sunday,True,spring,3297,340677,103.32939035486808,0.0977777335148833,322.3731873985704,519.8860785687308,89.76989402552567,True,,False,False,True,True,125232.0,122594.0,306752.0,401290.0,874.0,35804.0,3705992.96,797.0,0.0,0.0,0.0,0.0,4,52.0,22,0,True,True,True,False,맑음,25.4,50,14.3,27.6,0.0,0.0,0.0,0.0,0,1014.6,1010.8,11,0,2,9,7.1,240,18.7,845.0,643.0,202.0,3600.0,1,offday,valid,-0.4999999999999998,-0.8660254037844388,0.49999999999999994,-0.8660254037844387,True,89.74517658201745,0.024717443508222914,special_case
2024-04-28 12:00:00,2024-04-28,12,2024,4,28,Sunday,True,spring,3102,330803,106.6418439716312,0.0657770680274524,204.04046502115747,321.2959901958045,90.00702944694956,True,,False,False,True,True,118947.0,113763.0,254785.0,361161.0,648.0,22263.0,2457100.24,577.0,0.0,0.0,0.0,0.0,4,52.0,22,0,True,True,True,False,흐림,23.6,41,9.4,24.3,0.0,0.0,0.0,0.0,3,1014.0,1010.2,100,0,0,100,5.0,120,17.6,790.0,504.0,286.0,3600.0,1,offday,valid,1.2246467991473532e-16,-1.0,0.8660254037844387,-0.49999999999999983,True,89.76989402552567,0.23713542142388633,special_case
2022-04-23 13:00:00,2022-04-23,13,2022,4,23,Saturday,True,spring,3263,314876,96.49892736745326,0.0829554972469645,270.6837875168454,401.2468824134699,90.09727108569928,True,,False,False,True,True,,,206340.0,299990.0,0.0,0.0,0.0,0.0,0.0,0.0,0.0,0.0,4,52.0,22,0,False,True,False,False,흐림,22.0,33,4.9,21.0,0.0,0.0,0.0,0.0,3,1012.7,1008.8,99,0,0,99,10.0,116,24.1,831.0,566.0,265.0,3600.0,1,offday,train,-0.2588190451025208,-0.9659258262890683,0.8660254037844387,-0.49999999999999983,True,90.00702944694956,0.09024163874971691,special_case
2024-10-09 09:00:00,2024-10-09,9,2024,10,9,Wednesday,False,fall,3382,372716,110.20579538734476,0.0417237594214264,141.10975436326424,211.30201455326863,90.14194502543872,False,한글날,True,False,True,False,167962.0,154083.0,271413.0,464399.0,411.0,10416.0,1354001.13,346.0,0.0,0.0,0.0,0.0,4,52.0,22,0,True,True,True,False,맑음,16.6,77,12.6,15.9,0.0,0.0,0.0,0.0,0,1018.2,1014.2,0,0,0,0,10.8,85,21.2,278.0,184.0,94.0,3600.0,1,offday,valid,0.7071067811865476,-0.7071067811865475,-0.8660254037844386,0.5000000000000001,True,90.09727108569928,0.04467393973943956,special_case
2024-05-18 13:00:00,2024-05-18,13,2024,5,18,Saturday,True,spring,3302,315232,95.46698970321016,0.0829554972469645,273.91905190947705,402.3071184233272,90.20009567986348,True,,False,False,True,True,129171.0,124826.0,291672.0,434999.0,733.0,26735.0,2703438.48,645.0,0.0,0.0,0.0,0.0,4,52.0,22,0,True,True,True,False,맑음,23.7,59,15.1,25.5,0.0,0.0,0.0,0.0,0,1016.8,1012.9,3,3,0,0,10.7,228,24.5,847.0,594.0,253.0,3600.0,1,offday,valid,-0.2588190451025208,-0.9659258262890683,0.49999999999999994,-0.8660254037844387,True,90.14194502543872,0.058150654424764525,special_case
2023-10-09 12:00:00,2023-10-09,12,2023,10,9,Monday,False,fall,2470,251608,101.8655870445344,0.1065118396644879,263.08424397128516,411.3263018221952,90.22746457853655,False,한글날,True,False,True,True,121558.0,116166.0,246525.0,380684.0,0.0,0.0,0.0,0.0,0.0,0.0,0.0,0.0,4,52.0,22,0,True,True,False,False,흐림,18.4,62,10.9,17.8,0.0,0.0,0.0,0.0,3,1020.8,1016.9,100,2,13,100,5.8,94,16.9,417.0,177.0,240.0,3600.0,1,offday,train,1.2246467991473532e-16,-1.0,-0.8660254037844386,0.5000000000000001,True,90.20009567986348,0.027368898673074682,special_case
2022-08-28 15:00:00,2022-08-28,15,2022,8,28,Sunday,True,summer,4557,408972,89.74588545095457,0.0935275965658001,426.2052575503513,609.1830350144835,90.26976825411418,True,,False,False,True,True,,,273883.0,323254.0,0.0,0.0,0.0,0.0,0.0,0.0,0.0,0.0,4,52.0,22,0,False,True,False,False,흐림,25.8,51,14.8,28.1,0.0,0.0,0.0,0.0,3,1014.6,1010.8,99,0,0,99,3.6,84,14.8,743.0,574.0,169.0,3600.0,1,offday,train,-0.7071067811865471,-0.7071067811865479,-0.8660254037844384,-0.5000000000000004,True,90.22746457853655,0.04230367557762804,special_case
2024-10-26 14:00:00,2024-10-26,14,2024,10,26,Saturday,True,fall,3356,350067,104.31078665077472,0.1053558771818858,353.5743238224089,580.532497254396,90.27120918740036,True,,False,False,True,True,137145.0,135034.0,317937.0,400793.0,814.0,30882.0,3002669.3499999996,732.0,0.0,0.0,0.0,0.0,4,52.0,22,0,True,True,True,False,맑음,21.1,59,12.8,20.9,0.0,0.0,0.0,0.0,0,1019.5,1015.6,0,0,0,0,8.4,80,20.2,566.0,443.0,123.0,3600.0,1,offday,valid,-0.4999999999999998,-0.8660254037844388,-0.8660254037844386,0.5000000000000001,True,90.26976825411418,0.001440933286176005,special_case
2025-06-06 12:00:00,2025-06-06,12,2025,6,6,Friday,False,summer,2994,310867,103.82999331997328,0.0751590877463387,225.02630871253805,350.2859043031936,90.28422927119284,False,현충일,True,False,True,True,120695.0,114182.0,252871.0,367500.0,0.0,0.0,0.0,0.0,10.0,10.0,0.0,3.0,4,52.0,22,0,True,True,False,True,흐림,28.5,33,10.8,28.3,0.0,0.0,0.0,0.0,3,1008.2,1004.4,100,0,0,100,13.9,214,36.0,840.0,590.0,250.0,3600.0,1,offday,test,1.2246467991473532e-16,-1.0,1.2246467991473532e-16,-1.0,True,90.27120918740036,0.013020083792483206,special_case
2023-05-27 12:00:00,2023-05-27,12,2023,5,27,Saturday,True,spring,3432,329453,95.99446386946389,0.0657770680274524,225.74689747021677,325.86181623330344,90.28688170771358,True,부처님오신날,True,False,True,True,118937.0,111204.0,240041.0,344089.0,13.0,371.0,73938.92,16.0,0.0,0.0,0.0,0.0,4,52.0,22,0,True,True,True,False,보통 비,18.8,91,17.4,20.5,4.4,4.4,0.0,0.0,63,1019.4,1015.5,100,95,100,100,6.4,106,11.9,61.0,0.0,61.0,0.0,1,offday,train,1.2246467991473532e-16,-1.0,0.49999999999999994,-0.8660254037844387,True,90.28422927119284,0.0026524365207336587,special_case
2023-05-14 12:00:00,2023-05-14,12,2023,5,14,Sunday,True,spring,3229,331034,102.51904614431712,0.0657770680274524,212.39415266064393,323.661406403848,90.30565100961178,True,,False,False,True,True,118937.0,111204.0,240041.0,344089.0,666.0,24574.0,2795865.67,550.0,0.0,0.0,0.0,0.0,4,52.0,22,0,True,True,True,False,대체로 맑음,20.9,43,7.7,19.9,0.0,0.0,0.0,0.0,1,1010.5,1006.6,31,8,31,0,11.1,245,24.5,771.0,521.0,250.0,3600.0,1,offday,train,1.2246467991473532e-16,-1.0,0.49999999999999994,-0.8660254037844387,True,90.28688170771358,0.01876930189820314,special_case
2023-04-02 14:00:00,2023-04-02,14,2023,4,2,Sunday,True,spring,3509,344368,98.13850099743516,0.0977777335148833,343.1020669037257,528.1315383298387,90.3271408239416,True,,False,False,True,True,115768.0,111751.0,264100.0,346494.0,1086.0,49037.0,4916138.72,967.0,0.0,0.0,0.0,0.0,4,52.0,22,0,True,True,True,False,맑음,23.9,13,-6.6,20.2,0.0,0.0,0.0,0.0,0,1019.0,1015.1,0,0,0,0,14.8,89,31.3,811.0,651.0,160.0,3600.0,1,offday,train,-0.4999999999999998,-0.8660254037844388,0.8660254037844387,-0.49999999999999983,True,90.30565100961178,0.021489814329825663,special_case
2023-09-24 13:00:00,2023-09-24,13,2023,9,24,Sunday,True,fall,2753,297833,108.18488921176898,0.0915726254037753,252.09943773659364,415.29291010059495,90.34032647930428,True,,False,False,True,True,118241.0,112923.0,246366.0,358598.0,0.0,0.0,0.0,0.0,0.0,0.0,0.0,0.0,4,52.0,22,0,True,True,False,False,흐림,23.9,48,12.1,23.8,0.0,0.0,0.0,0.0,3,1020.4,1016.5,100,0,0,100,12.2,92,25.2,755.0,583.0,172.0,3600.0,1,offday,train,-0.2588190451025208,-0.9659258262890683,-1.0,-1.8369701987210297e-16,True,90.3271408239416,0.01318565536267613,special_case
2025-06-03 13:00:00,2025-06-03,13,2025,6,3,Tuesday,False,summer,2829,313831,110.93354542241076,0.0919203898842977,260.0427829826784,440.5385848569732,90.37490637308856,False,임시공휴일(제21대 대통령 선거),True,False,True,False,126242.0,120332.0,275513.0,398781.0,0.0,0.0,0.0,0.0,7.0,7.0,0.0,2.0,4,52.0,22,0,True,True,False,True,맑음,24.0,45,11.1,23.1,0.0,0.0,0.0,0.0,0,999.2,995.4,7,0,7,0,17.8,252,46.1,823.0,562.0,261.0,3600.0,1,offday,test,-0.2588190451025208,-0.9659258262890683,1.2246467991473532e-16,-1.0,True,90.34032647930428,0.034579893784282945,special_case
2024-04-13 14:00:00,2024-04-13,14,2024,4,13,Saturday,True,spring,3291,343106,104.25584928593132,0.0977777335148833,321.7865209974811,523.1554601980046,90.47947125947178,True,,False,False,True,True,121205.0,117543.0,291812.0,369919.0,859.0,31608.0,3603139.36,803.0,0.0,0.0,0.0,0.0,4,52.0,22,0,True,True,True,False,맑음,26.5,23,3.8,25.7,0.0,0.0,0.0,0.0,0,1017.1,1013.3,0,0,0,0,6.2,277,19.8,816.0,643.0,173.0,3600.0,1,offday,valid,-0.4999999999999998,-0.8660254037844388,0.8660254037844387,-0.49999999999999983,True,90.37490637308856,0.1045648863832156,special_case
2024-04-10 10:00:00,2024-04-10,10,2024,4,10,Wednesday,False,spring,2764,322664,116.73806078147612,0.0553484319653476,152.98306595222095,248.44133109746903,90.64810268886572,False,국회의원선거,True,False,True,False,114766.0,104402.0,219172.0,312755.0,480.0,15798.0,1719677.88,372.0,0.0,0.0,0.0,0.0,4,52.0,22,0,True,True,True,False,흐림,13.4,68,7.6,10.6,0.0,0.0,0.0,0.0,3,1026.8,1022.8,100,93,26,100,15.0,207,30.2,237.0,37.0,200.0,0.0,1,offday,valid,0.49999999999999994,-0.8660254037844387,0.8660254037844387,-0.49999999999999983,True,90.47947125947178,0.16863142939394038,special_case
2022-04-17 12:00:00,2022-04-17,12,2022,4,17,Sunday,True,spring,3440,330896,96.1906976744186,0.0657770680274524,226.27311401443637,327.1684774098792,90.6690557896697,True,,False,False,True,True,,,187587.0,271232.0,0.0,0.0,0.0,0.0,0.0,0.0,0.0,0.0,4,52.0,22,0,False,True,False,False,맑음,17.2,41,3.7,15.8,0.0,0.0,0.0,0.0,0,1019.4,1015.5,0,0,0,0,10.7,230,24.8,837.0,653.0,184.0,3600.0,1,offday,train,1.2246467991473532e-16,-1.0,0.8660254037844387,-0.49999999999999983,True,90.64810268886572,0.02095310080397894,special_case
2024-04-07 14:00:00,2024-04-07,14,2024,4,7,Sunday,True,spring,3221,343484,106.63893200869296,0.0977777335148833,314.94207965143926,522.640523291906,90.75262887016618,True,,False,False,True,True,121205.0,117543.0,291812.0,369919.0,1165.0,49241.0,5084106.15,1031.0,0.0,0.0,0.0,0.0,4,52.0,22,0,True,True,True,False,맑음,20.6,26,0.3,19.3,0.0,0.0,0.0,0.0,0,1017.1,1013.2,3,0,0,3,6.4,232,19.4,810.0,640.0,170.0,3600.0,1,offday,valid,-0.4999999999999998,-0.8660254037844388,0.8660254037844387,-0.49999999999999983,True,90.6690557896697,0.08357308049647827,special_case
2025-09-13 14:00:00,2025-09-13,14,2025,9,13,Saturday,True,fall,3830,358122,93.50443864229766,0.1053558771818858,403.5130096066228,599.3593835576773,90.77087458890423,True,,False,False,True,True,130450.0,127036.0,290975.0,362837.0,0.0,0.0,0.0,0.0,17.0,17.0,0.0,8.0,4,52.0,22,0,True,True,False,True,부분적으로 흐림,26.6,67,19.9,30.0,0.0,0.0,0.0,0.0,2,1006.5,1002.7,54,54,0,0,7.1,69,20.9,650.0,405.0,245.0,3600.0,1,offday,test,-0.4999999999999998,-0.8660254037844388,-1.0,-1.8369701987210297e-16,True,90.75262887016618,0.018245718738057803,special_case
2025-06-03 12:00:00,2025-06-03,12,2025,6,3,Tuesday,False,summer,2829,313831,110.93354542241076,0.0751590877463387,212.62505923439215,350.16367848388467,90.9332796283514,False,임시공휴일(제21대 대통령 선거),True,False,True,False,120695.0,114182.0,252871.0,367500.0,0.0,0.0,0.0,0.0,7.0,7.0,0.0,2.0,4,52.0,22,0,True,True,False,True,대체로 맑음,24.8,37,8.9,23.5,0.0,0.0,0.0,0.0,1,999.6,995.8,28,0,28,0,17.9,248,44.3,883.0,685.0,198.0,3600.0,1,offday,test,1.2246467991473532e-16,-1.0,1.2246467991473532e-16,-1.0,True,90.77087458890423,0.16240503944716522,special_case
2025-09-14 14:00:00,2025-09-14,14,2025,9,14,Sunday,True,fall,3695,356876,96.58349120433016,0.1053558771818858,389.2899661870682,595.5969863800806,90.93879719227652,True,,False,False,True,True,130450.0,127036.0,290975.0,362837.0,0.0,0.0,0.0,0.0,17.0,17.0,0.0,8.0,4,52.0,22,0,True,True,False,True,부분적으로 흐림,27.5,62,19.5,31.0,0.0,0.0,0.0,0.0,2,1011.5,1007.7,52,38,0,22,3.8,273,16.2,620.0,387.0,233.0,3600.0,1,offday,test,-0.4999999999999998,-0.8660254037844388,-1.0,-1.8369701987210297e-16,True,90.9332796283514,0.005517563925124591,special_case
2025-09-27 09:00:00,2025-09-27,9,2025,9,27,Saturday,True,fall,5508,653955,118.72821350762528,0.0239536668290855,131.93679689460348,206.60123460971016,91.0046525026106,True,,False,False,True,True,172000.0,159065.0,261893.0,470903.0,0.0,0.0,0.0,0.0,17.0,15.0,2.0,9.0,4,52.0,22,0,True,True,False,True,흐림,20.4,88,18.3,22.6,0.0,0.0,0.0,0.0,3,1019.0,1015.1,100,14,0,100,5.9,90,16.2,288.0,152.0,136.0,3600.0,1,offday,test,0.7071067811865476,-0.7071067811865475,-1.0,-1.8369701987210297e-16,True,90.93879719227652,0.06585531033407221,special_case
2023-09-03 10:00:00,2023-09-03,10,2023,9,3,Sunday,True,fall,3849,453195,117.7435697583788,0.0378925808716765,145.84854377508296,234.5789141267233,91.08039385308058,True,,False,False,True,True,109581.0,100741.0,188565.0,278575.0,0.0,0.0,0.0,0.0,0.0,0.0,0.0,0.0,4,52.0,22,0,True,True,False,False,부분적으로 흐림,25.8,81,22.3,29.6,0.0,0.0,0.0,0.0,2,1013.6,1009.8,59,52,15,0,8.6,90,19.1,385.0,172.0,213.0,3600.0,1,offday,train,0.49999999999999994,-0.8660254037844387,-1.0,-1.8369701987210297e-16,True,91.0046525026106,0.07574135046998265,special_case
2024-10-13 14:00:00,2024-10-13,14,2024,10,13,Sunday,True,fall,3900,360223,92.3648717948718,0.1053558771818858,410.8879210093549,603.5307792817005,91.11443569971811,True,,False,False,True,True,137145.0,135034.0,317937.0,400793.0,778.0,31335.0,3147263.21,706.0,0.0,0.0,0.0,0.0,4,52.0,22,0,True,True,True,False,흐림,22.5,52,12.1,21.7,0.0,0.0,0.0,0.0,3,1023.2,1019.3,100,0,2,100,9.4,121,19.4,355.0,57.0,298.0,788.19,1,offday,valid,-0.4999999999999998,-0.8660254037844388,-0.8660254037844386,0.5000000000000001,True,91.08039385308058,0.0340418466375354,special_case
2022-09-25 10:00:00,2022-09-25,10,2022,9,25,Sunday,True,fall,4893,429828,87.84549356223177,0.0378925808716765,185.4083982051133,239.80238484060084,91.14835570974508,True,,False,False,True,True,,,165820.0,254499.0,0.0,0.0,0.0,0.0,0.0,0.0,0.0,0.0,4,52.0,22,0,False,True,False,False,흐림,19.3,72,14.1,19.6,0.0,0.0,0.0,0.0,3,1018.4,1014.5,99,0,99,93,7.3,110,17.6,423.0,226.0,197.0,3600.0,1,offday,train,0.49999999999999994,-0.8660254037844387,-1.0,-1.8369701987210297e-16,True,91.11443569971811,0.03392001002696077,special_case
2022-04-24 12:00:00,2022-04-24,12,2022,4,24,Sunday,True,spring,3199,335005,104.72178805876835,0.0657770680274524,210.42084061982035,326.36508914321894,91.25911859808411,True,,False,False,True,True,,,187587.0,271232.0,0.0,0.0,0.0,0.0,0.0,0.0,0.0,0.0,4,52.0,22,0,False,True,False,False,대체로 맑음,20.0,61,12.4,19.6,0.0,0.0,0.0,0.0,1,1011.5,1007.6,38,38,0,0,9.7,222,24.1,597.0,194.0,403.0,3600.0,1,offday,train,1.2246467991473532e-16,-1.0,0.8660254037844387,-0.49999999999999983,True,91.14835570974508,0.11076288833903902,special_case
2025-05-18 14:00:00,2025-05-18,14,2025,5,18,Sunday,True,spring,3378,347214,102.78685612788632,0.0977777335148833,330.29318381327596,530.1246811314888,91.45063225991235,True,,False,False,True,True,130403.0,126266.0,311472.0,410999.0,0.0,0.0,0.0,0.0,7.0,6.0,1.0,4.0,4,52.0,22,0,True,True,False,True,맑음,19.8,39,5.5,19.0,0.0,0.0,0.0,0.0,0,1011.6,1007.7,9,0,9,0,10.4,252,27.0,871.0,670.0,201.0,3600.0,1,offday,test,-0.4999999999999998,-0.8660254037844388,0.49999999999999994,-0.8660254037844387,True,91.25911859808411,0.19151366182823892,special_case
2022-09-03 13:00:00,2022-09-03,13,2022,9,3,Saturday,True,fall,5996,309256,51.577051367578385,0.0915726254037753,549.0694619210373,471.9897306978327,91.53425295212328,True,,False,False,True,True,,,222483.0,326414.0,0.0,0.0,0.0,0.0,0.0,0.0,0.0,0.0,4,52.0,22,0,False,True,False,False,흐림,26.9,61,18.8,28.3,0.0,0.0,0.0,0.0,3,1013.9,1010.1,96,59,2,89,16.6,90,32.4,661.0,380.0,281.0,3600.0,1,offday,train,-0.2588190451025208,-0.9659258262890683,-1.0,-1.8369701987210297e-16,True,91.45063225991235,0.08362069221092838,special_case
2023-04-23 14:00:00,2023-04-23,14,2023,4,23,Sunday,True,spring,3301,347232,105.18994244168434,0.0977777335148833,322.76429833262995,529.0082555880333,91.63721264595102,True,,False,False,True,True,115768.0,111751.0,264100.0,346494.0,860.0,32597.0,3701377.74,750.0,0.0,0.0,0.0,0.0,4,52.0,22,0,True,True,True,False,흐림,21.3,20,-2.3,18.9,0.0,0.0,0.0,0.0,3,1022.7,1018.8,100,0,100,1,8.6,92,24.1,779.0,486.0,293.0,3600.0,1,offday,train,-0.4999999999999998,-0.8660254037844388,0.8660254037844387,-0.49999999999999983,True,91.53425295212328,0.10295969382774217,special_case
2023-04-16 13:00:00,2023-04-16,13,2023,4,16,Sunday,True,spring,3321,320677,96.5603733815116,0.0829554972469645,275.49520635716937,408.6027775019893,91.75708689145227,True,,False,False,True,True,119997.0,113194.0,254833.0,374954.0,541.0,17626.0,1990313.96,475.0,0.0,0.0,0.0,0.0,4,52.0,22,0,True,True,True,False,흐림,12.7,67,6.7,9.3,0.0,0.0,0.0,0.0,3,1005.5,1001.5,100,1,100,76,17.2,250,32.8,432.0,55.0,377.0,66.15,1,offday,train,-0.2588190451025208,-0.9659258262890683,0.8660254037844387,-0.49999999999999983,True,91.63721264595102,0.1198742455012507,special_case
2025-05-24 11:00:00,2025-05-24,11,2025,5,24,Saturday,True,spring,4978,376177,75.56789875451989,0.0486258337916605,242.05940061488616,285.1519514361929,91.7846980373057,True,,False,False,True,True,118017.0,105966.0,236494.0,354786.0,0.0,0.0,0.0,0.0,10.0,9.0,1.0,5.0,4,52.0,22,0,True,True,False,True,약한 이슬비,15.6,67,9.5,13.8,0.1,0.1,0.0,0.0,51,1010.8,1006.9,100,95,100,95,11.4,53,25.9,171.0,17.0,154.0,0.0,1,offday,test,0.258819045102521,-0.9659258262890682,0.49999999999999994,-0.8660254037844387,True,91.75708689145227,0.027611145853427388,special_case
2022-08-27 13:00:00,2022-08-27,13,2022,8,27,Saturday,True,summer,4495,375388,83.5123470522803,0.0663205601576762,298.11091790875486,388.53019968846047,91.78659236793747,True,,False,False,True,True,,,218636.0,340539.0,0.0,0.0,0.0,0.0,0.0,0.0,0.0,0.0,4,52.0,22,0,False,True,False,False,맑음,22.6,54,12.7,22.7,0.0,0.0,0.0,0.0,0,1010.5,1006.7,2,2,0,0,16.5,316,32.8,875.0,719.0,156.0,3600.0,1,offday,train,-0.2588190451025208,-0.9659258262890683,-0.8660254037844384,-0.5000000000000004,True,91.7846980373057,0.001894330631770913,special_case
2024-10-26 11:00:00,2024-10-26,11,2024,10,26,Saturday,True,fall,3356,350067,104.31078665077472,0.0550655360577097,184.7999390096739,278.7148060710806,92.17933911318696,True,,False,False,True,True,120632.0,113626.0,236195.0,363817.0,555.0,16444.0,1890019.75,494.0,0.0,0.0,0.0,0.0,4,52.0,22,0,True,True,True,False,맑음,18.4,63,11.3,17.3,0.0,0.0,0.0,0.0,0,1022.5,1018.6,0,0,0,0,10.4,90,22.3,518.0,399.0,119.0,3600.0,1,offday,valid,0.258819045102521,-0.9659258262890682,-0.8660254037844386,0.5000000000000001,True,91.78659236793747,0.3927467452494824,special_case
2022-04-10 11:00:00,2022-04-10,11,2022,4,10,Sunday,True,spring,4027,392401,97.44251303700024,0.0486258337916605,195.816232679017,279.6586769721826,92.21827666379583,True,,False,False,True,True,,,158439.0,237117.0,0.0,0.0,0.0,0.0,0.0,0.0,0.0,0.0,4,52.0,22,0,False,True,False,False,맑음,19.4,43,6.5,17.7,0.0,0.0,0.0,0.0,0,1018.1,1014.2,0,0,0,0,11.7,191,25.2,702.0,539.0,163.0,3600.0,1,offday,train,0.258819045102521,-0.9659258262890682,0.8660254037844387,-0.49999999999999983,True,92.17933911318696,0.03893755060887827,special_case
2022-08-27 14:00:00,2022-08-27,14,2022,8,27,Saturday,True,summer,4495,375388,83.5123470522803,0.0809922881834863,364.06033538477095,480.8817914171791,92.35159172871865,True,,False,False,True,True,,,234997.0,314740.0,0.0,0.0,0.0,0.0,0.0,0.0,0.0,0.0,4,52.0,22,0,False,True,False,False,맑음,23.0,53,13.0,23.4,0.0,0.0,0.0,0.0,0,1010.5,1006.7,1,1,0,0,15.3,311,32.4,852.0,714.0,138.0,3600.0,1,offday,train,-0.4999999999999998,-0.8660254037844388,-0.8660254037844384,-0.5000000000000004,True,92.21827666379583,0.13331506492281164,special_case
2024-09-28 10:00:00,2024-09-28,10,2024,9,28,Saturday,True,fall,5061,433205,85.59672001580715,0.0378925808716765,191.77435179155492,243.49231461445316,92.36125463601384,True,,False,False,True,True,113071.0,105062.0,191989.0,288463.0,474.0,13197.0,1361624.67,446.0,0.0,0.0,0.0,0.0,4,52.0,22,0,True,True,True,False,맑음,22.6,65,15.7,22.4,0.0,0.0,0.0,0.0,0,1019.5,1015.6,10,10,0,0,14.9,78,28.8,482.0,361.0,121.0,3600.0,1,offday,valid,0.49999999999999994,-0.8660254037844387,-1.0,-1.8369701987210297e-16,True,92.35159172871865,0.009662907295194145,special_case
2024-10-20 12:00:00,2024-10-20,12,2024,10,20,Sunday,True,fall,3071,306369,99.76196678606316,0.0738136969525007,226.68186334112977,338.7484890489777,92.52514185475864,True,,False,False,True,True,130567.0,126480.0,266914.0,391643.0,609.0,20290.0,2293638.52,514.0,0.0,0.0,0.0,0.0,4,52.0,22,0,True,True,True,False,맑음,15.4,51,5.4,11.9,0.0,0.0,0.0,0.0,0,1032.4,1028.4,0,0,0,0,19.1,79,37.1,629.0,496.0,133.0,3600.0,1,offday,valid,1.2246467991473532e-16,-1.0,-0.8660254037844386,0.5000000000000001,True,92.36125463601384,0.16388721874480439,special_case
2025-04-20 12:00:00,2025-04-20,12,2025,4,20,Sunday,True,spring,3755,336440,89.59786950732357,0.0657770680274524,246.9928904430839,337.06414323650307,92.67424705267683,True,,False,False,True,True,119821.0,115406.0,254261.0,351039.0,0.0,0.0,0.0,0.0,2.0,2.0,0.0,1.0,4,52.0,22,0,True,True,False,True,맑음,18.5,60,10.7,19.8,0.0,0.0,0.0,0.0,0,1013.7,1009.8,7,7,0,0,3.5,69,15.8,793.0,559.0,234.0,3600.0,1,offday,test,1.2246467991473532e-16,-1.0,0.8660254037844387,-0.49999999999999983,True,92.52514185475864,0.149105197918189,special_case
2022-05-15 12:00:00,2022-05-15,12,2022,5,15,Sunday,True,spring,3542,338077,95.44805194805195,0.0657770680274524,232.98237495323653,334.73760517622856,92.68837475000925,True,,False,False,True,True,,,213834.0,325207.0,0.0,0.0,0.0,0.0,0.0,0.0,0.0,0.0,4,52.0,22,0,False,True,False,False,대체로 맑음,20.1,23,-1.6,17.7,0.0,0.0,0.0,0.0,1,1015.0,1011.1,28,0,0,28,13.2,313,30.2,887.0,676.0,211.0,3600.0,1,offday,train,1.2246467991473532e-16,-1.0,0.49999999999999994,-0.8660254037844387,True,92.67424705267683,0.014127697332412481,special_case
2024-10-20 13:00:00,2024-10-20,13,2024,10,20,Sunday,True,fall,3071,306369,99.76196678606316,0.0915726254037753,281.21953261499425,431.441477967876,92.69298891889832,True,,False,False,True,True,137374.0,134469.0,296007.0,431650.0,739.0,25892.0,2724789.01,637.0,0.0,0.0,0.0,0.0,4,52.0,22,0,True,True,True,False,대체로 맑음,16.2,50,5.8,13.0,0.0,0.0,0.0,0.0,1,1031.5,1027.5,37,0,0,37,18.2,87,36.7,646.0,512.0,134.0,3600.0,1,offday,valid,-0.2588190451025208,-0.9659258262890683,-0.8660254037844386,0.5000000000000001,True,92.68837475000925,0.004614168889077064,special_case
2024-05-19 12:00:00,2024-05-19,12,2024,5,19,Sunday,True,spring,3297,340677,103.32939035486808,0.0657770680274524,216.86699328651068,332.6426722527649,92.88702931925764,True,,False,False,True,True,127195.0,117440.0,269436.0,392811.0,697.0,26476.0,2918256.24,674.0,0.0,0.0,0.0,0.0,4,52.0,22,0,True,True,True,False,맑음,23.9,52,13.6,26.5,0.0,0.0,0.0,0.0,0,1015.7,1011.9,4,0,4,0,3.6,217,15.1,849.0,651.0,198.0,3600.0,1,offday,valid,1.2246467991473532e-16,-1.0,0.49999999999999994,-0.8660254037844387,True,92.69298891889832,0.19404040035931303,special_case
2025-09-06 11:00:00,2025-09-06,11,2025,9,6,Saturday,True,fall,3931,345164,87.8056474179598,0.0550655360577097,216.46262224285695,285.4927999028192,92.89987117815252,True,,False,False,True,True,115669.0,107010.0,220695.0,322793.0,0.0,0.0,0.0,0.0,15.0,14.0,1.0,7.0,4,52.0,22,0,True,True,False,True,약한 이슬비,26.8,88,24.6,31.8,0.2,0.2,0.0,0.0,51,1008.9,1005.1,36,19,21,0,10.0,206,34.6,242.0,79.0,163.0,1376.01,1,offday,test,0.258819045102521,-0.9659258262890682,-1.0,-1.8369701987210297e-16,True,92.88702931925764,0.012841858894887537,special_case
2022-10-15 13:00:00,2022-10-15,13,2022,10,15,Saturday,True,fall,3436,309646,90.11816065192085,0.0915726254037753,314.64354088737224,441.9549449344804,93.35588113121872,True,,False,False,True,True,,,257977.0,384947.0,0.0,0.0,0.0,0.0,0.0,0.0,0.0,0.0,4,52.0,22,0,False,True,False,False,대체로 맑음,20.4,49,9.4,20.6,0.0,0.0,0.0,0.0,1,1019.4,1015.5,45,0,0,45,2.6,56,13.0,654.0,478.0,176.0,3600.0,1,offday,train,-0.2588190451025208,-0.9659258262890683,-0.8660254037844386,0.5000000000000001,True,92.89987117815252,0.45600995306620007,special_case
2023-06-18 13:00:00,2023-06-18,13,2023,6,18,Sunday,True,summer,3819,385582,100.96412673474732,0.0663205601576762,253.2782192421657,387.11908367503145,93.37753774838768,True,,False,False,True,True,120185.0,113904.0,249942.0,367950.0,486.0,12353.0,1379415.52,475.0,0.0,0.0,0.0,0.0,4,52.0,22,0,True,True,True,False,맑음,28.4,52,17.6,32.0,0.0,0.0,0.0,0.0,0,1007.4,1003.6,14,0,0,14,6.9,264,18.7,856.0,608.0,248.0,3600.0,1,offday,train,-0.2588190451025208,-0.9659258262890683,1.2246467991473532e-16,-1.0,True,93.35588113121872,0.021656617168957837,special_case
2024-04-07 12:00:00,2024-04-07,12,2024,4,7,Sunday,True,spring,3221,343484,106.63893200869296,0.0657770680274524,211.8679361164243,333.61405704173114,93.45752442787771,True,,False,False,True,True,118947.0,113763.0,254785.0,361161.0,753.0,30601.0,3212160.53,578.0,0.0,0.0,0.0,0.0,4,52.0,22,0,True,True,True,False,맑음,18.1,27,-0.9,16.8,0.0,0.0,0.0,0.0,0,1018.7,1014.8,2,0,0,2,4.6,219,17.6,800.0,631.0,169.0,3600.0,1,offday,valid,1.2246467991473532e-16,-1.0,0.8660254037844387,-0.49999999999999983,True,93.37753774838768,0.07998667949003391,special_case
2023-10-09 11:00:00,2023-10-09,11,2023,10,9,Monday,False,fall,2470,251608,101.8655870445344,0.0860138816247737,212.45428761319116,321.09883724365864,93.4845258022856,False,한글날,True,False,True,True,110958.0,104476.0,213989.0,339913.0,0.0,0.0,0.0,0.0,0.0,0.0,0.0,0.0,4,52.0,22,0,True,True,False,False,약한 이슬비,17.0,70,11.5,16.7,0.1,0.1,0.0,0.0,51,1021.5,1017.5,93,10,80,67,5.5,101,14.4,274.0,87.0,187.0,2329.4,1,offday,train,0.258819045102521,-0.9659258262890682,-0.8660254037844386,0.5000000000000001,True,93.45752442787771,0.02700137440788808,special_case
2024-04-13 12:00:00,2024-04-13,12,2024,4,13,Saturday,True,spring,3291,343106,104.25584928593132,0.0657770680274524,216.47233087834596,334.5083006853491,93.49357692558397,True,,False,False,True,True,118947.0,113763.0,254785.0,361161.0,732.0,22358.0,2522588.24,644.0,0.0,0.0,0.0,0.0,4,52.0,22,0,True,True,True,False,맑음,23.9,29,5.0,24.2,0.0,0.0,0.0,0.0,0,1018.2,1014.3,0,0,0,0,1.5,284,14.4,811.0,638.0,173.0,3600.0,1,offday,valid,1.2246467991473532e-16,-1.0,0.8660254037844387,-0.49999999999999983,True,93.4845258022856,0.009051123298362995,special_case
2022-09-17 11:00:00,2022-09-17,11,2022,9,17,Saturday,True,fall,6267,326802,52.14648157012925,0.0550655360577097,345.09571447366693,299.92545524552764,93.5359350117671,True,,False,False,True,True,,,174692.0,265622.0,0.0,0.0,0.0,0.0,0.0,0.0,0.0,0.0,4,52.0,22,0,False,True,False,False,약한 이슬비,25.1,83,22.0,28.8,0.2,0.2,0.0,0.0,51,1009.8,1006.0,99,94,0,78,9.0,233,18.0,286.0,61.0,225.0,766.43,1,offday,train,0.258819045102521,-0.9659258262890682,-1.0,-1.8369701987210297e-16,True,93.49357692558397,0.04235808618312831,special_case
2022-10-15 12:00:00,2022-10-15,12,2022,10,15,Saturday,True,fall,3436,309646,90.11816065192085,0.0738136969525007,253.62386272879252,348.5990638032617,94.03802150753242,True,,False,False,True,True,,,231747.0,349570.0,0.0,0.0,0.0,0.0,0.0,0.0,0.0,0.0,4,52.0,22,0,False,True,False,False,부분적으로 흐림,19.6,53,9.9,19.7,0.0,0.0,0.0,0.0,2,1020.1,1016.2,72,0,0,72,3.2,63,14.0,639.0,477.0,162.0,3600.0,1,offday,train,1.2246467991473532e-16,-1.0,-0.8660254037844386,0.5000000000000001,True,93.5359350117671,0.5020864957653259,special_case
2022-09-12 10:00:00,2022-09-12,10,2022,9,12,Monday,False,fall,2888,288719,99.97195290858726,0.0630383817289576,182.05484643322956,262.3306641640637,94.11092039326348,False,대체공휴일,True,True,True,True,,,165820.0,254499.0,0.0,0.0,0.0,0.0,0.0,0.0,0.0,0.0,4,52.0,22,0,False,True,False,False,부분적으로 흐림,24.1,77,20.0,27.5,0.0,0.0,0.0,0.0,2,1015.2,1011.4,50,0,1,50,3.6,84,13.7,525.0,394.0,131.0,3600.0,1,offday,train,0.49999999999999994,-0.8660254037844387,-1.0,-1.8369701987210297e-16,True,94.03802150753242,0.07289888573106396,special_case
2023-09-17 14:00:00,2023-09-17,14,2023,9,17,Sunday,True,fall,3716,368243,99.09660925726588,0.1053558771818858,391.5024396078878,613.2348685501662,94.219736977234,True,,False,False,True,True,114872.0,111185.0,261221.0,333016.0,0.0,0.0,0.0,0.0,0.0,0.0,0.0,0.0,4,52.0,22,0,True,True,False,False,보통 비,22.7,92,21.2,26.6,7.2,7.2,0.0,0.0,63,1010.6,1006.8,100,46,7,100,4.4,279,26.6,293.0,46.0,247.0,0.0,1,offday,train,-0.4999999999999998,-0.8660254037844388,-1.0,-1.8369701987210297e-16,True,94.11092039326348,0.10881658397052263,special_case
2023-04-02 12:00:00,2023-04-02,12,2023,4,2,Sunday,True,spring,3509,344368,98.13850099743516,0.0657770680274524,230.8117317083306,339.27003311950307,94.22632894748192,True,,False,False,True,True,113227.0,107312.0,235098.0,335669.0,790.0,31873.0,3409775.26,621.0,0.0,0.0,0.0,0.0,4,52.0,22,0,True,True,True,False,맑음,22.2,14,-6.9,18.5,0.0,0.0,0.0,0.0,0,1020.2,1016.3,0,0,0,0,14.0,102,32.8,786.0,625.0,161.0,3600.0,1,offday,train,1.2246467991473532e-16,-1.0,0.8660254037844387,-0.49999999999999983,True,94.219736977234,0.0065919702479106945,special_case
2023-05-27 13:00:00,2023-05-27,13,2023,5,27,Saturday,True,spring,3432,329453,95.99446386946389,0.0829554972469645,284.70326655158243,420.1305756288371,94.26875939553372,True,부처님오신날,True,False,True,True,122764.0,116539.0,259824.0,381217.0,16.0,806.0,44220.48,17.0,0.0,0.0,0.0,0.0,4,52.0,22,0,True,True,True,False,보통 비,19.0,92,17.8,20.3,2.8,2.8,0.0,0.0,63,1018.2,1014.3,100,0,100,100,10.7,102,17.6,120.0,0.0,120.0,0.0,1,offday,train,-0.2588190451025208,-0.9659258262890683,0.49999999999999994,-0.8660254037844387,True,94.22632894748192,0.04243044805180318,special_case
2023-10-15 11:00:00,2023-10-15,11,2023,10,15,Sunday,True,fall,3994,350827,87.83850776164246,0.0550655360577097,219.9317510144927,290.15112417081104,94.41921694057598,True,,False,False,True,True,110958.0,104476.0,213989.0,339913.0,0.0,0.0,0.0,0.0,0.0,0.0,0.0,0.0,4,52.0,22,0,True,True,False,False,대체로 맑음,15.8,81,12.6,15.4,0.0,0.0,0.0,0.0,1,1012.0,1008.1,47,47,0,0,8.1,291,19.4,419.0,186.0,233.0,3600.0,1,offday,train,0.258819045102521,-0.9659258262890682,-0.8660254037844386,0.5000000000000001,True,94.26875939553372,0.15045754504225783,special_case
2022-05-05 14:00:00,2022-05-05,14,2022,5,5,Thursday,False,spring,4234,493800,116.62730278696267,0.1194960865470364,505.94643044015226,952.6488639101552,94.55096798265072,False,어린이날,True,False,True,False,,,246708.0,328829.0,0.0,0.0,0.0,0.0,0.0,0.0,0.0,0.0,4,52.0,22,0,False,True,False,False,맑음,22.4,33,5.5,21.1,0.0,0.0,0.0,0.0,0,1018.6,1014.7,0,0,0,0,13.8,231,31.0,878.0,690.0,188.0,3600.0,1,offday,train,-0.4999999999999998,-0.8660254037844388,0.49999999999999994,-0.8660254037844387,True,94.41921694057598,0.13175104207473964,special_case
2023-04-23 12:00:00,2023-04-23,12,2023,4,23,Sunday,True,spring,3301,347232,105.18994244168434,0.0657770680274524,217.13010155862048,338.0236495314469,94.56201948357446,True,,False,False,True,True,113227.0,107312.0,235098.0,335669.0,572.0,20323.0,2077840.37,508.0,0.0,0.0,0.0,0.0,4,52.0,22,0,True,True,True,False,흐림,19.6,26,-0.4,17.0,0.0,0.0,0.0,0.0,3,1024.3,1020.4,100,0,96,98,10.1,86,23.4,723.0,414.0,309.0,3600.0,1,offday,train,1.2246467991473532e-16,-1.0,0.8660254037844387,-0.49999999999999983,True,94.55096798265072,0.011051500923741742,special_case
2024-04-28 13:00:00,2024-04-28,13,2024,4,28,Sunday,True,spring,3102,330803,106.6418439716312,0.0829554972469645,257.32795246008413,415.9416780170159,94.64568782121135,True,,False,False,True,True,124599.0,120970.0,274597.0,401986.0,762.0,27153.0,2894567.95,666.0,0.0,0.0,0.0,0.0,4,52.0,22,0,True,True,True,False,흐림,25.3,31,7.1,25.5,0.0,0.0,0.0,0.0,3,1013.5,1009.7,100,0,0,100,4.6,129,18.0,813.0,506.0,307.0,3600.0,1,offday,valid,-0.2588190451025208,-0.9659258262890683,0.8660254037844387,-0.49999999999999983,True,94.56201948357446,0.08366833763689385,special_case
2022-04-17 13:00:00,2022-04-17,13,2022,4,17,Sunday,True,spring,3440,330896,96.1906976744186,0.0829554972469645,285.36691052955814,421.8499415486534,94.68146413877425,True,,False,False,True,True,,,206340.0,299990.0,0.0,0.0,0.0,0.0,0.0,0.0,0.0,0.0,4,52.0,22,0,False,True,False,False,맑음,17.6,37,2.7,15.7,0.0,0.0,0.0,0.0,0,1018.9,1015.0,0,0,0,0,13.6,233,29.9,871.0,684.0,187.0,3600.0,1,offday,train,-0.2588190451025208,-0.9659258262890683,0.8660254037844387,-0.49999999999999983,True,94.64568782121135,0.03577631756289179,special_case
2025-05-18 12:00:00,2025-05-18,12,2025,5,18,Sunday,True,spring,3378,347214,102.78685612788632,0.0657770680274524,222.1949357967343,339.3297068174654,94.70286805345036,True,,False,False,True,True,126039.0,119058.0,269610.0,399733.0,0.0,0.0,0.0,0.0,7.0,6.0,1.0,4.0,4,52.0,22,0,True,True,False,True,맑음,18.2,50,7.7,18.4,0.0,0.0,0.0,0.0,0,1012.6,1008.7,0,0,0,0,7.2,297,22.3,851.0,601.0,250.0,3600.0,1,offday,test,1.2246467991473532e-16,-1.0,0.49999999999999994,-0.8660254037844387,True,94.68146413877425,0.0214039146761138,special_case
2023-05-14 13:00:00,2023-05-14,13,2023,5,14,Sunday,True,spring,3229,331034,102.51904614431712,0.0829554972469645,267.8633006104486,418.3765802397995,94.71517383595152,True,,False,False,True,True,122764.0,116539.0,259824.0,381217.0,756.0,26504.0,3056236.12,682.0,0.0,0.0,0.0,0.0,4,52.0,22,0,True,True,True,False,대체로 맑음,21.4,41,7.6,20.3,0.0,0.0,0.0,0.0,1,1010.0,1006.1,22,17,20,0,13.9,249,28.8,827.0,568.0,259.0,3600.0,1,offday,train,-0.2588190451025208,-0.9659258262890683,0.49999999999999994,-0.8660254037844387,True,94.70286805345036,0.012305782501158546,special_case
2022-09-04 13:00:00,2022-09-04,13,2022,9,4,Sunday,True,fall,3837,315442,82.21058118321605,0.0915726254037753,351.3641636742862,456.2066783690531,94.77027126380555,True,,False,False,True,True,,,222483.0,326414.0,0.0,0.0,0.0,0.0,0.0,0.0,0.0,0.0,4,52.0,22,0,False,True,False,False,약한 비,24.3,85,21.6,26.3,1.3,1.3,0.0,0.0,61,1008.5,1004.7,100,22,100,100,18.8,133,40.7,273.0,10.0,263.0,0.0,1,offday,train,-0.2588190451025208,-0.9659258262890683,-1.0,-1.8369701987210297e-16,True,94.71517383595152,0.055097427854036596,special_case
2025-09-14 11:00:00,2025-09-14,11,2025,9,14,Sunday,True,fall,3695,356876,96.58349120433016,0.0550655360577097,203.4671557332375,288.8366142650666,94.85751348941392,True,,False,False,True,True,115669.0,107010.0,220695.0,322793.0,0.0,0.0,0.0,0.0,17.0,17.0,0.0,8.0,4,52.0,22,0,True,True,False,True,흐림,25.5,71,19.8,29.0,0.0,0.0,0.0,0.0,3,1012.6,1008.8,97,20,0,96,1.5,300,10.8,549.0,286.0,263.0,3600.0,1,offday,test,0.258819045102521,-0.9659258262890682,-1.0,-1.8369701987210297e-16,True,94.77027126380555,0.08724222560836381,special_case
2022-09-24 14:00:00,2022-09-24,14,2022,9,24,Saturday,True,fall,4584,382094,83.35383944153578,0.1053558771818858,482.9513410017648,646.3382716680277,94.86849825790443,True,,False,False,True,True,,,237928.0,302473.0,0.0,0.0,0.0,0.0,0.0,0.0,0.0,0.0,4,52.0,22,0,False,True,False,False,맑음,21.9,48,10.4,20.7,0.0,0.0,0.0,0.0,0,1016.9,1013.0,13,13,0,0,13.2,313,25.6,666.0,485.0,181.0,3600.0,1,offday,train,-0.4999999999999998,-0.8660254037844388,-1.0,-1.8369701987210297e-16,True,94.85751348941392,0.010984768490516217,special_case
2024-09-21 13:00:00,2024-09-21,13,2024,9,21,Saturday,True,fall,4008,316973,79.08507984031937,0.0915726254037753,367.0230826183318,461.12693463479246,95.07950308812968,True,,False,False,True,True,124352.0,120608.0,258882.0,380199.0,510.0,13847.0,1530840.83,466.0,0.0,0.0,0.0,0.0,4,52.0,22,0,True,True,True,False,보통 이슬비,21.0,79,17.2,20.6,0.5,0.5,0.0,0.0,53,1008.2,1004.3,98,97,43,6,19.7,66,35.3,351.0,115.0,236.0,2535.92,1,offday,valid,-0.2588190451025208,-0.9659258262890683,-1.0,-1.8369701987210297e-16,True,94.86849825790443,0.2110048302252494,special_case
2024-04-10 13:00:00,2024-04-10,13,2024,4,10,Wednesday,False,spring,2764,322664,116.73806078147612,0.111787395763264,308.9803618896618,560.6667012489329,95.1060801509957,False,국회의원선거,True,False,True,False,124599.0,120970.0,274597.0,401986.0,918.0,35977.0,3659245.84,779.0,0.0,0.0,0.0,0.0,4,52.0,22,0,True,True,True,False,흐림,17.5,47,6.2,14.9,0.0,0.0,0.0,0.0,3,1025.1,1021.1,100,7,0,100,13.2,225,29.5,608.0,266.0,342.0,3600.0,1,offday,valid,-0.2588190451025208,-0.9659258262890683,0.8660254037844387,-0.49999999999999983,True,95.07950308812968,0.026577062866010692,special_case
2023-06-18 14:00:00,2023-06-18,14,2023,6,18,Sunday,True,summer,3819,385582,100.96412673474732,0.0809922881834863,309.3095485727342,482.2315664425207,95.11248276748928,True,,False,False,True,True,116833.0,111408.0,264572.0,340237.0,476.0,13062.0,1405068.18,465.0,0.0,0.0,0.0,0.0,4,52.0,22,0,True,True,True,False,맑음,28.9,53,18.5,32.7,0.0,0.0,0.0,0.0,0,1006.4,1002.7,0,0,0,0,8.4,260,20.5,867.0,676.0,191.0,3600.0,1,offday,train,-0.4999999999999998,-0.8660254037844388,1.2246467991473532e-16,-1.0,True,95.1060801509957,0.006402616493588198,special_case
2025-09-13 11:00:00,2025-09-13,11,2025,9,13,Saturday,True,fall,3830,358122,93.50443864229766,0.0550655360577097,210.9010031010283,291.9418658112829,95.58357382539644,True,,False,False,True,True,115669.0,107010.0,220695.0,322793.0,0.0,0.0,0.0,0.0,17.0,17.0,0.0,8.0,4,52.0,22,0,True,True,False,True,흐림,23.8,81,20.3,27.0,0.0,0.0,0.0,0.0,3,1006.4,1002.6,100,100,0,0,5.4,48,14.8,219.0,18.0,201.0,0.0,1,offday,test,0.258819045102521,-0.9659258262890682,-1.0,-1.8369701987210297e-16,True,95.11248276748928,0.47109105790715944,special_case
2024-09-08 11:00:00,2024-09-08,11,2024,9,8,Sunday,True,fall,4690,347237,74.03773987206823,0.0550655360577097,258.25736411065867,299.8362615581348,95.83609788619674,True,,False,False,True,True,108403.0,100418.0,204482.0,304686.0,382.0,11213.0,1130457.59,337.0,0.0,0.0,0.0,0.0,4,52.0,22,0,True,True,True,False,흐림,27.6,69,21.5,32.4,0.0,0.0,0.0,0.0,3,1015.1,1011.3,91,91,0,0,4.9,144,15.1,677.0,544.0,133.0,3600.0,1,offday,valid,0.258819045102521,-0.9659258262890682,-1.0,-1.8369701987210297e-16,True,95.58357382539644,0.25252406080029743,special_case
2022-04-24 13:00:00,2022-04-24,13,2022,4,24,Sunday,True,spring,3199,335005,104.72178805876835,0.0829554972469645,265.3746356930397,422.2145729821645,95.8494838389455,True,,False,False,True,True,,,206340.0,299990.0,0.0,0.0,0.0,0.0,0.0,0.0,0.0,0.0,4,52.0,22,0,False,True,False,False,대체로 맑음,21.0,58,12.4,21.1,0.0,0.0,0.0,0.0,1,1010.6,1006.7,29,26,0,4,12.8,230,27.7,760.0,469.0,291.0,3600.0,1,offday,train,-0.2588190451025208,-0.9659258262890683,0.8660254037844387,-0.49999999999999983,True,95.83609788619674,0.013385952748762975,special_case
2024-03-24 14:00:00,2024-03-24,14,2024,3,24,Sunday,True,spring,3466,363489,104.8727639930756,0.0977777335148833,338.8976243625857,553.930716551305,95.90293620596492,True,,False,False,True,True,117722.0,116668.0,296005.0,401026.0,1141.0,51809.0,5629309.5,846.0,0.0,0.0,0.0,0.0,4,52.0,22,0,True,True,True,False,부분적으로 흐림,19.5,36,4.2,17.4,0.0,0.0,0.0,0.0,2,1017.0,1013.1,78,0,78,0,9.9,71,24.1,692.0,472.0,220.0,3600.0,1,offday,valid,-0.4999999999999998,-0.8660254037844388,1.0,6.123233995736766e-17,True,95.8494838389455,0.05345236701941758,special_case
2025-05-24 14:00:00,2025-05-24,14,2025,5,24,Saturday,True,spring,4978,376177,75.56789875451989,0.0977777335148833,486.7375574370893,593.8842602728895,95.97303762877516,True,,False,False,True,True,130403.0,126266.0,311472.0,410999.0,0.0,0.0,0.0,0.0,10.0,9.0,1.0,5.0,4,52.0,22,0,True,True,False,True,흐림,17.8,57,9.1,15.7,0.0,0.0,0.0,0.0,3,1009.6,1005.7,100,80,100,0,12.3,69,30.6,425.0,65.0,360.0,297.14,1,offday,test,-0.4999999999999998,-0.8660254037844388,0.49999999999999994,-0.8660254037844387,True,95.90293620596492,0.07010142281023946,special_case
2025-09-28 11:00:00,2025-09-28,11,2025,9,28,Sunday,True,fall,4023,357249,88.80164056674124,0.0550655360577097,221.52865156016628,294.70490911050445,96.00493256676108,True,,False,False,True,True,115669.0,107010.0,220695.0,322793.0,0.0,0.0,0.0,0.0,15.0,14.0,1.0,9.0,4,52.0,22,0,True,True,False,True,보통 비,19.5,96,18.8,22.3,3.7,3.7,0.0,0.0,63,1011.2,1007.3,100,1,100,100,3.6,81,10.8,65.0,0.0,65.0,0.0,1,offday,test,0.258819045102521,-0.9659258262890682,-1.0,-1.8369701987210297e-16,True,95.97303762877516,0.0318949379859248,special_case
2023-06-06 13:00:00,2023-06-06,13,2023,6,6,Tuesday,False,summer,3191,334549,104.84142901911626,0.0919203898842977,293.31796412079416,472.5586092297251,96.14377612673388,False,현충일,True,False,True,False,120185.0,113904.0,249942.0,367950.0,724.0,25016.0,2570406.34,712.0,0.0,0.0,0.0,0.0,4,52.0,22,0,True,True,True,False,부분적으로 흐림,22.5,59,14.2,22.8,0.0,0.0,0.0,0.0,2,1006.6,1002.8,60,0,60,0,12.9,252,27.0,697.0,388.0,309.0,3600.0,1,offday,train,-0.2588190451025208,-0.9659258262890683,1.2246467991473532e-16,-1.0,True,96.00493256676108,0.1388435599727984,special_case
2023-05-06 14:00:00,2023-05-06,14,2023,5,6,Saturday,True,spring,3386,364001,107.50177200236269,0.0977777335148833,331.075405681395,553.4528245597122,96.23802090476543,True,,False,False,True,True,119940.0,114747.0,271180.0,349432.0,59.0,1433.0,182208.02,37.0,0.0,0.0,0.0,0.0,4,52.0,22,0,True,True,True,False,약한 비,11.2,86,9.0,7.7,1.8,1.8,0.0,0.0,61,1008.0,1004.0,100,3,100,100,22.1,68,42.5,127.0,5.0,122.0,0.0,1,offday,train,-0.4999999999999998,-0.8660254037844388,0.49999999999999994,-0.8660254037844387,True,96.14377612673388,0.09424477803155185,special_case
2025-04-20 13:00:00,2025-04-20,13,2025,4,20,Sunday,True,spring,3755,336440,89.59786950732357,0.0829554972469645,311.497892162352,433.3389478385364,96.27480460203331,True,,False,False,True,True,126274.0,119948.0,277611.0,389087.0,0.0,0.0,0.0,0.0,2.0,2.0,0.0,1.0,4,52.0,22,0,True,True,False,True,맑음,20.0,57,11.2,22.1,0.0,0.0,0.0,0.0,0,1013.6,1009.7,2,2,0,0,2.3,29,15.5,853.0,643.0,210.0,3600.0,1,offday,test,-0.2588190451025208,-0.9659258262890683,0.8660254037844387,-0.49999999999999983,True,96.23802090476543,0.03678369726787878,special_case
2022-05-28 14:00:00,2022-05-28,14,2022,5,28,Saturday,True,spring,6869,389759,56.74173824428592,0.0977777335148833,671.6352515137337,635.1625272837903,96.28499975912916,True,,False,False,True,True,,,246708.0,328829.0,0.0,0.0,0.0,0.0,0.0,0.0,0.0,0.0,4,52.0,22,0,False,True,False,False,흐림,26.8,42,12.9,25.9,0.0,0.0,0.0,0.0,3,1004.4,1000.6,95,0,0,95,21.6,224,40.7,831.0,569.0,262.0,3600.0,1,offday,train,-0.4999999999999998,-0.8660254037844388,0.49999999999999994,-0.8660254037844387,True,96.27480460203331,0.010195157095850504,special_case
2024-10-13 11:00:00,2024-10-13,11,2024,10,13,Sunday,True,fall,3900,360223,92.3648717948718,0.0550655360577097,214.755590625068,294.4708445478284,96.29805101216206,True,,False,False,True,True,120632.0,113626.0,236195.0,363817.0,503.0,17410.0,1954927.6,459.0,0.0,0.0,0.0,0.0,4,52.0,22,0,True,True,True,False,흐림,20.2,66,13.7,20.0,0.0,0.0,0.0,0.0,3,1025.2,1021.3,100,0,0,100,9.2,94,20.5,531.0,341.0,190.0,3600.0,1,offday,valid,0.258819045102521,-0.9659258262890682,-0.8660254037844386,0.5000000000000001,True,96.28499975912916,0.013051253032898558,special_case
2022-09-04 12:00:00,2022-09-04,12,2022,9,4,Sunday,True,fall,3837,315442,82.21058118321605,0.0738136969525007,283.2231552067453,361.4364071052475,96.328586467715,True,,False,False,True,True,,,203808.0,301768.0,0.0,0.0,0.0,0.0,0.0,0.0,0.0,0.0,4,52.0,22,0,False,True,False,False,약한 이슬비,24.0,82,20.8,24.7,0.1,0.1,0.0,0.0,51,1008.9,1005.1,100,12,72,100,23.9,127,41.0,266.0,14.0,252.0,0.0,1,offday,train,1.2246467991473532e-16,-1.0,-1.0,-1.8369701987210297e-16,True,96.29805101216206,0.03053545555293624,special_case
2023-10-03 12:00:00,2023-10-03,12,2023,10,3,Tuesday,False,fall,2469,267960,108.52976913730257,0.1065118396644879,262.97773213162066,434.7474537362938,96.49153169199906,False,개천절,True,False,True,True,121558.0,116166.0,246525.0,380684.0,0.0,0.0,0.0,0.0,0.0,0.0,0.0,0.0,4,52.0,22,0,True,True,False,False,흐림,18.7,66,12.3,18.1,0.0,0.0,0.0,0.0,3,1019.2,1015.3,100,0,100,100,9.4,113,18.7,301.0,31.0,270.0,0.0,1,offday,train,1.2246467991473532e-16,-1.0,-0.8660254037844386,0.5000000000000001,True,96.328586467715,0.16294522428405855,special_case
2022-09-03 12:00:00,2022-09-03,12,2022,9,3,Saturday,True,fall,5996,309256,51.577051367578385,0.0738136969525007,442.5869269271944,380.45547774570946,96.63302076132476,True,,False,False,True,True,,,203808.0,301768.0,0.0,0.0,0.0,0.0,0.0,0.0,0.0,0.0,4,52.0,22,0,False,True,False,False,흐림,25.5,66,18.6,26.5,0.0,0.0,0.0,0.0,3,1014.6,1010.8,91,16,0,90,15.7,79,29.5,562.0,177.0,385.0,3600.0,1,offday,train,1.2246467991473532e-16,-1.0,-1.0,-1.8369701987210297e-16,True,96.49153169199906,0.1414890693257007,special_case
2024-06-15 13:00:00,2024-06-15,13,2024,6,15,Saturday,True,summer,4097,398638,97.29997559189653,0.0663205601576762,271.7153349659997,402.4557577482555,96.70732456548632,True,,False,False,True,True,122281.0,117640.0,264558.0,388976.0,407.0,10716.0,1232102.5,360.0,0.0,0.0,0.0,0.0,4,52.0,22,0,True,True,True,False,약한 이슬비,25.1,67,18.6,27.2,0.1,0.1,0.0,0.0,51,1004.1,1000.3,99,37,13,99,7.6,273,25.2,551.0,162.0,389.0,3225.51,1,offday,valid,-0.2588190451025208,-0.9659258262890683,1.2246467991473532e-16,-1.0,True,96.63302076132476,0.07430380416155913,special_case
2022-09-17 13:00:00,2022-09-17,13,2022,9,17,Saturday,True,fall,6267,326802,52.14648157012925,0.0915726254037753,573.8856434054604,498.76861878674345,96.72755559555776,True,,False,False,True,True,,,222483.0,326414.0,0.0,0.0,0.0,0.0,0.0,0.0,0.0,0.0,4,52.0,22,0,False,True,False,False,흐림,25.9,81,22.4,29.4,0.0,0.0,0.0,0.0,3,1009.1,1005.3,99,18,0,99,10.8,249,22.3,391.0,104.0,287.0,2034.0,1,offday,train,-0.2588190451025208,-0.9659258262890683,-1.0,-1.8369701987210297e-16,True,96.70732456548632,0.020231030071443,special_case
2022-05-15 13:00:00,2022-05-15,13,2022,5,15,Sunday,True,spring,3542,338077,95.44805194805195,0.0829554972469645,293.8283712487485,431.47456008746263,96.73695491123408,True,,False,False,True,True,,,232173.0,351954.0,0.0,0.0,0.0,0.0,0.0,0.0,0.0,0.0,4,52.0,22,0,False,True,False,False,대체로 맑음,20.5,25,-0.1,18.4,0.0,0.0,0.0,0.0,1,1014.1,1010.2,25,0,1,24,14.0,296,31.0,916.0,706.0,210.0,3600.0,1,offday,train,-0.2588190451025208,-0.9659258262890683,0.49999999999999994,-0.8660254037844387,True,96.72755559555776,0.00939931567631902,special_case
2024-09-21 12:00:00,2024-09-21,12,2024,9,21,Saturday,True,fall,4008,316973,79.08507984031937,0.0738136969525007,295.8452973856229,366.0474315466628,97.03614321707624,True,,False,False,True,True,118989.0,114781.0,234418.0,344657.0,413.0,11114.0,1152120.56,339.0,0.0,0.0,0.0,0.0,4,52.0,22,0,True,True,True,False,보통 이슬비,19.8,84,17.0,19.3,0.9,0.9,0.0,0.0,53,1008.9,1005.0,100,99,89,25,20.1,63,36.4,171.0,12.0,159.0,0.0,1,offday,valid,1.2246467991473532e-16,-1.0,-1.0,-1.8369701987210297e-16,True,96.73695491123408,0.29918830584216494,special_case
2023-06-06 12:00:00,2023-06-06,12,2023,6,6,Tuesday,False,summer,3191,334549,104.84142901911626,0.0751590877463387,239.8326489985668,376.4148331029912,97.12811392231912,False,현충일,True,False,True,False,114927.0,107375.0,227105.0,336045.0,662.0,22814.0,2379766.61,640.0,0.0,0.0,0.0,0.0,4,52.0,22,0,True,True,True,False,부분적으로 흐림,22.3,60,14.2,23.0,0.0,0.0,0.0,0.0,2,1006.7,1002.9,66,1,65,0,11.0,212,25.2,714.0,382.0,332.0,3600.0,1,offday,train,1.2246467991473532e-16,-1.0,1.2246467991473532e-16,-1.0,True,97.03614321707624,0.09197070524287199,special_case
2024-04-14 14:00:00,2024-04-14,14,2024,4,14,Sunday,True,spring,3287,366759,111.57864313964102,0.0977777335148833,321.3954100634216,555.798610859307,97.26091913676343,True,,False,False,True,True,121205.0,117543.0,291812.0,369919.0,824.0,30487.0,3316303.48,769.0,0.0,0.0,0.0,0.0,4,52.0,22,0,True,True,True,False,흐림,27.8,25,6.0,27.6,0.0,0.0,0.0,0.0,3,1015.9,1012.1,96,0,0,96,5.4,188,20.5,812.0,628.0,184.0,3600.0,1,offday,valid,-0.4999999999999998,-0.8660254037844388,0.8660254037844387,-0.49999999999999983,True,97.12811392231912,0.1328052144443177,special_case
2024-05-19 13:00:00,2024-05-19,13,2024,5,19,Sunday,True,spring,3297,340677,103.32939035486808,0.0829554972469645,273.50427442324224,430.1161845432051,97.47351229044024,True,,False,False,True,True,129171.0,124826.0,291672.0,434999.0,771.0,28686.0,3035072.91,696.0,0.0,0.0,0.0,0.0,4,52.0,22,0,True,True,True,False,맑음,24.8,51,14.0,27.3,0.0,0.0,0.0,0.0,0,1015.0,1011.2,8,0,8,0,4.9,234,16.2,865.0,656.0,209.0,3600.0,1,offday,valid,-0.2588190451025208,-0.9659258262890683,0.49999999999999994,-0.8660254037844387,True,97.26091913676343,0.21259315367680642,special_case
2023-09-17 11:00:00,2023-09-17,11,2023,9,17,Sunday,True,fall,3716,368243,99.09660925726588,0.0550655360577097,204.62353199044935,296.3759957701124,97.56615561879504,True,,False,False,True,True,102184.0,95020.0,197610.0,287652.0,0.0,0.0,0.0,0.0,0.0,0.0,0.0,0.0,4,52.0,22,0,True,True,False,False,약한 이슬비,25.5,85,22.7,30.4,0.2,0.2,0.0,0.0,51,1011.5,1007.7,100,7,2,100,2.7,203,14.8,551.0,349.0,202.0,3600.0,1,offday,train,0.258819045102521,-0.9659258262890682,-1.0,-1.8369701987210297e-16,True,97.47351229044024,0.0926433283547965,special_case
2023-10-02 10:00:00,2023-10-02,10,2023,10,2,Monday,False,fall,3014,299070,99.2269409422694,0.0630383817289576,189.99768253107823,272.214350470999,97.58363672749576,False,임시공휴일,True,False,True,True,113203.0,108475.0,205835.0,319639.0,0.0,0.0,0.0,0.0,0.0,0.0,0.0,0.0,4,52.0,22,0,True,True,False,False,맑음,18.1,66,11.6,18.1,0.0,0.0,0.0,0.0,0,1020.8,1016.9,0,0,0,0,3.6,53,14.4,496.0,383.0,113.0,3600.0,1,offday,train,0.49999999999999994,-0.8660254037844387,-0.8660254037844386,0.5000000000000001,True,97.56615561879504,0.017481108700721393,special_case
2025-09-07 11:00:00,2025-09-07,11,2025,9,7,Sunday,True,fall,4363,360584,82.64588585835435,0.0550655360577097,240.2509338197876,302.6499098272064,97.87927786106548,True,,False,False,True,True,115669.0,107010.0,220695.0,322793.0,0.0,0.0,0.0,0.0,14.0,14.0,0.0,7.0,4,52.0,22,0,True,True,False,True,흐림,26.0,77,21.8,29.9,0.0,0.0,0.0,0.0,3,1008.7,1004.9,91,35,9,86,6.0,286,17.3,403.0,90.0,313.0,1832.24,1,offday,test,0.258819045102521,-0.9659258262890682,-1.0,-1.8369701987210297e-16,True,97.58363672749576,0.2956411335697169,special_case
2024-04-13 13:00:00,2024-04-13,13,2024,4,13,Saturday,True,spring,3291,343106,104.25584928593132,0.0829554972469645,273.00654143976044,432.6759889385328,98.16768825318366,True,,False,False,True,True,124599.0,120970.0,274597.0,401986.0,841.0,30551.0,3391511.88,779.0,0.0,0.0,0.0,0.0,4,52.0,22,0,True,True,True,False,맑음,25.5,25,3.9,25.4,0.0,0.0,0.0,0.0,0,1017.5,1013.7,0,0,0,0,3.4,288,16.6,845.0,668.0,177.0,3600.0,1,offday,valid,-0.2588190451025208,-0.9659258262890683,0.8660254037844387,-0.49999999999999983,True,97.87927786106548,0.2884103921181804,special_case
2025-04-26 11:00:00,2025-04-26,11,2025,4,26,Saturday,True,spring,4412,415974,94.2824116047144,0.0486258337916605,214.53717868880628,298.6426367313877,98.1908464575269,True,,False,False,True,True,111797.0,102373.0,227200.0,319103.0,0.0,0.0,0.0,0.0,4.0,4.0,0.0,3.0,4,52.0,22,0,True,True,False,True,맑음,15.4,50,4.9,13.4,0.0,0.0,0.0,0.0,0,1018.8,1014.8,0,0,0,0,13.1,226,31.7,752.0,571.0,181.0,3600.0,1,offday,test,0.258819045102521,-0.9659258262890682,0.8660254037844387,-0.49999999999999983,True,98.16768825318366,0.02315820434324678,special_case
2024-04-07 13:00:00,2024-04-07,13,2024,4,7,Sunday,True,spring,3221,343484,106.63893200869296,0.0829554972469645,267.1996566324729,431.8878944217398,98.27383738000869,True,,False,False,True,True,124599.0,120970.0,274597.0,401986.0,960.0,39567.0,4048433.0,773.0,0.0,0.0,0.0,0.0,4,52.0,22,0,True,True,True,False,맑음,19.6,27,-0.1,18.5,0.0,0.0,0.0,0.0,0,1017.9,1014.0,6,0,0,6,5.2,236,18.4,838.0,665.0,173.0,3600.0,1,offday,valid,-0.2588190451025208,-0.9659258262890683,0.8660254037844387,-0.49999999999999983,True,98.1908464575269,0.08299092248178397,special_case
2024-06-15 14:00:00,2024-06-15,14,2024,6,15,Saturday,True,summer,4097,398638,97.29997559189653,0.0809922881834863,331.8254046877434,500.7416607240063,98.28590297575072,True,,False,False,True,True,120402.0,116099.0,282830.0,361605.0,497.0,14151.0,1605109.8,457.0,0.0,0.0,0.0,0.0,4,52.0,22,0,True,True,True,False,부분적으로 흐림,26.8,61,18.7,30.0,0.0,0.0,0.0,0.0,2,1003.1,999.3,60,33,1,39,7.3,303,26.3,732.0,426.0,306.0,3600.0,1,offday,valid,-0.4999999999999998,-0.8660254037844388,1.2246467991473532e-16,-1.0,True,98.27383738000869,0.0120655957420297,special_case
2023-04-02 13:00:00,2023-04-02,13,2023,4,2,Sunday,True,spring,3509,344368,98.13850099743516,0.0829554972469645,291.0908398395987,437.8043975058971,98.53436438639405,True,,False,False,True,True,119997.0,113194.0,254833.0,374954.0,962.0,40633.0,4268988.78,827.0,0.0,0.0,0.0,0.0,4,52.0,22,0,True,True,True,False,맑음,23.3,12,-7.4,19.7,0.0,0.0,0.0,0.0,0,1019.4,1015.5,0,0,0,0,14.4,103,31.3,830.0,666.0,164.0,3600.0,1,offday,train,-0.2588190451025208,-0.9659258262890683,0.8660254037844387,-0.49999999999999983,True,98.28590297575072,0.24846141064332983,special_case
2024-05-01 11:00:00,2024-05-01,11,2024,5,1,Wednesday,False,spring,2654,297262,112.00527505651846,0.0762910773796575,202.4765193656112,329.7982073109648,98.88992074532544,False,,False,False,False,False,117501.0,104744.0,235739.0,348778.0,669.0,21717.0,2289406.49,599.0,0.0,0.0,0.0,0.0,4,52.0,22,0,True,True,True,False,흐림,18.8,34,2.7,16.2,0.0,0.0,0.0,0.0,3,1013.0,1009.1,95,15,35,92,9.4,88,25.2,638.0,366.0,272.0,3600.0,1,weekday,valid,0.258819045102521,-0.9659258262890682,0.49999999999999994,-0.8660254037844387,True,98.53436438639405,0.3555563589313948,special_case
2023-05-06 12:00:00,2023-05-06,12,2023,5,6,Saturday,True,spring,3386,364001,107.50177200236269,0.0657770680274524,222.72115234095395,353.0716145556952,98.98818939254376,True,,False,False,True,True,118937.0,111204.0,240041.0,344089.0,11.0,289.0,25879.47,7.0,0.0,0.0,0.0,0.0,4,52.0,22,0,True,True,True,False,약한 비,11.6,87,9.4,8.3,2.4,2.4,0.0,0.0,61,1007.2,1003.2,100,1,100,100,21.4,65,37.8,83.0,0.0,83.0,0.0,1,offday,train,1.2246467991473532e-16,-1.0,0.49999999999999994,-0.8660254037844387,True,98.88992074532544,0.09826864721831896,special_case
2024-03-24 12:00:00,2024-03-24,12,2024,3,24,Sunday,True,spring,3466,363489,104.8727639930756,0.0657770680274524,227.98331778315017,354.028772846203,99.00904215709052,True,,False,False,True,True,114077.0,107472.0,252667.0,379290.0,656.0,25751.0,2732818.96,549.0,0.0,0.0,0.0,0.0,4,52.0,22,0,True,True,True,False,흐림,17.1,42,4.0,13.9,0.0,0.0,0.0,0.0,3,1018.8,1014.9,97,0,97,0,11.9,87,27.4,522.0,215.0,307.0,3600.0,1,offday,valid,1.2246467991473532e-16,-1.0,1.0,6.123233995736766e-17,True,98.98818939254376,0.020852764546759772,special_case
2022-05-28 11:00:00,2022-05-28,11,2022,5,28,Saturday,True,spring,6869,389759,56.74173824428592,0.0486258337916605,334.01085231491624,315.87260588006365,99.14538398035523,True,,False,False,True,True,,,179817.0,291051.0,0.0,0.0,0.0,0.0,0.0,0.0,0.0,0.0,4,52.0,22,0,False,True,False,False,흐림,24.1,52,13.6,24.4,0.0,0.0,0.0,0.0,3,1005.7,1001.9,100,0,2,100,13.6,202,28.8,744.0,493.0,251.0,3600.0,1,offday,train,0.258819045102521,-0.9659258262890682,0.49999999999999994,-0.8660254037844387,True,99.00904215709052,0.1363418232647149,special_case
2022-05-22 14:00:00,2022-05-22,14,2022,5,22,Sunday,True,spring,6410,399059,62.25569422776911,0.0977777335148833,626.7552718304023,646.7461640752999,99.15024961210804,True,,False,False,True,True,,,246708.0,328829.0,0.0,0.0,0.0,0.0,0.0,0.0,0.0,0.0,4,52.0,22,0,False,True,False,False,맑음,24.4,50,13.2,24.5,0.0,0.0,0.0,0.0,0,1006.8,1003.0,1,1,0,0,16.4,232,34.6,850.0,648.0,202.0,3600.0,1,offday,train,-0.4999999999999998,-0.8660254037844388,0.49999999999999994,-0.8660254037844387,True,99.14538398035523,0.004865631752807076,special_case
2022-06-01 13:00:00,2022-06-01,13,2022,6,1,Wednesday,False,summer,3020,344335,114.0182119205298,0.0919203898842977,277.59957745057926,481.95087377556206,99.2538146192776,False,전국동시지방선거,True,False,True,False,,,217587.0,326187.0,0.0,0.0,0.0,0.0,0.0,0.0,0.0,0.0,4,52.0,22,0,False,True,False,False,맑음,26.9,26,5.7,24.8,0.0,0.0,0.0,0.0,0,1005.5,1001.7,0,0,0,0,18.1,249,36.4,872.0,616.0,256.0,3600.0,1,offday,train,-0.2588190451025208,-0.9659258262890683,1.2246467991473532e-16,-1.0,True,99.15024961210804,0.10356500716956418,special_case
2023-10-03 11:00:00,2023-10-03,11,2023,10,3,Tuesday,False,fall,2469,267960,108.52976913730257,0.0860138816247737,212.3682737315664,338.2559220442947,99.29180999090975,False,개천절,True,False,True,True,110958.0,104476.0,213989.0,339913.0,0.0,0.0,0.0,0.0,0.0,0.0,0.0,0.0,4,52.0,22,0,True,True,False,False,흐림,17.1,72,12.0,16.4,0.0,0.0,0.0,0.0,3,1019.4,1015.5,100,0,98,100,9.1,99,21.6,125.0,5.0,120.0,0.0,1,offday,train,0.258819045102521,-0.9659258262890682,-0.8660254037844386,0.5000000000000001,True,99.2538146192776,0.0379953716321495,special_case
2025-05-18 13:00:00,2025-05-18,13,2025,5,18,Sunday,True,spring,3378,347214,102.78685612788632,0.0829554972469645,280.2236697002463,438.6740488715765,99.34434205411104,True,,False,False,True,True,131842.0,124440.0,292232.0,438367.0,0.0,0.0,0.0,0.0,7.0,6.0,1.0,4.0,4,52.0,22,0,True,True,False,True,맑음,19.2,45,6.8,19.5,0.0,0.0,0.0,0.0,0,1012.2,1008.3,2,0,2,0,7.6,277,23.0,913.0,717.0,196.0,3600.0,1,offday,test,-0.2588190451025208,-0.9659258262890683,0.49999999999999994,-0.8660254037844387,True,99.29180999090975,0.05253206320128356,special_case
2023-04-23 13:00:00,2023-04-23,13,2023,4,23,Sunday,True,spring,3301,347232,105.18994244168434,0.0829554972469645,273.83609641223006,437.3710429420823,99.3473934106354,True,,False,False,True,True,119997.0,113194.0,254833.0,374954.0,719.0,28358.0,3059894.63,573.0,0.0,0.0,0.0,0.0,4,52.0,22,0,True,True,True,False,흐림,20.6,22,-1.9,18.1,0.0,0.0,0.0,0.0,3,1023.6,1019.7,90,0,88,17,10.1,90,24.5,777.0,435.0,342.0,3600.0,1,offday,train,-0.2588190451025208,-0.9659258262890683,0.8660254037844387,-0.49999999999999983,True,99.34434205411104,0.0030513565243666108,special_case
2025-10-09 12:00:00,2025-10-09,12,2025,10,9,Thursday,False,fall,2317,274547,118.49244712990937,0.1065118396644879,246.7879325026185,441.07465475196375,99.390445017689,False,한글날,True,False,True,True,127375.0,121081.0,263189.0,392489.0,0.0,0.0,0.0,0.0,13.0,12.0,1.0,7.0,4,52.0,22,0,True,True,False,True,흐림,20.9,70,15.1,20.5,0.0,0.0,0.0,0.0,3,1020.3,1016.4,100,50,100,0,14.0,75,30.6,247.0,24.0,223.0,0.0,1,offday,test,1.2246467991473532e-16,-1.0,-0.8660254037844386,0.5000000000000001,True,99.3473934106354,0.04305160705359867,special_case
2024-04-14 12:00:00,2024-04-14,12,2024,4,14,Sunday,True,spring,3287,366759,111.57864313964102,0.0657770680274524,216.20922260623615,353.6088098596418,99.50278073569382,True,,False,False,True,True,118947.0,113763.0,254785.0,361161.0,716.0,24726.0,2694476.74,651.0,0.0,0.0,0.0,0.0,4,52.0,22,0,True,True,True,False,흐림,25.8,27,5.3,25.1,0.0,0.0,0.0,0.0,3,1017.5,1013.7,90,0,0,90,7.4,113,22.7,808.0,629.0,179.0,3600.0,1,offday,valid,1.2246467991473532e-16,-1.0,0.8660254037844387,-0.49999999999999983,True,99.390445017689,0.11233571800481457,special_case
2022-08-28 13:00:00,2022-08-28,13,2022,8,28,Sunday,True,summer,4557,408972,89.74588545095457,0.0663205601576762,302.2227926385308,418.1916300070368,99.61398594685409,True,,False,False,True,True,,,218636.0,340539.0,0.0,0.0,0.0,0.0,0.0,0.0,0.0,0.0,4,52.0,22,0,False,True,False,False,흐림,24.9,55,15.1,27.6,0.0,0.0,0.0,0.0,3,1015.7,1011.9,100,0,0,100,6.5,109,22.0,860.0,681.0,179.0,3600.0,1,offday,train,-0.2588190451025208,-0.9659258262890683,-0.8660254037844384,-0.5000000000000004,True,99.50278073569382,0.11120521116026794,special_case
2022-06-01 12:00:00,2022-06-01,12,2022,6,1,Wednesday,False,summer,3020,344335,114.0182119205298,0.0751590877463387,226.98044499394288,382.69705915628447,99.68000162049378,False,전국동시지방선거,True,False,True,False,,,200455.0,301531.0,0.0,0.0,0.0,0.0,0.0,0.0,0.0,0.0,4,52.0,22,0,False,True,False,False,대체로 맑음,26.4,27,6.1,24.7,0.0,0.0,0.0,0.0,1,1006.3,1002.5,38,0,38,0,15.8,240,32.8,863.0,643.0,220.0,3600.0,1,offday,train,1.2246467991473532e-16,-1.0,1.2246467991473532e-16,-1.0,True,99.61398594685409,0.06601567363969707,special_case
2022-08-28 14:00:00,2022-08-28,14,2022,8,28,Sunday,True,summer,4557,408972,89.74588545095457,0.0809922881834863,369.0818572521471,518.9132667603693,100.72163675333252,True,,False,False,True,True,,,234997.0,314740.0,0.0,0.0,0.0,0.0,0.0,0.0,0.0,0.0,4,52.0,22,0,False,True,False,False,흐림,25.5,52,15.1,28.2,0.0,0.0,0.0,0.0,3,1015.1,1011.3,100,0,0,100,4.7,99,17.3,822.0,625.0,197.0,3600.0,1,offday,train,-0.4999999999999998,-0.8660254037844388,-0.8660254037844384,-0.5000000000000004,True,99.68000162049378,1.041635132838735,special_case
2022-05-22 11:00:00,2022-05-22,11,2022,5,22,Sunday,True,spring,6410,399059,62.25569422776911,0.0486258337916605,311.69159460454404,319.7315857309783,100.78236688217493,True,,False,False,True,True,,,179817.0,291051.0,0.0,0.0,0.0,0.0,0.0,0.0,0.0,0.0,4,52.0,22,0,False,True,False,False,대체로 맑음,22.0,56,12.6,21.2,0.0,0.0,0.0,0.0,1,1008.2,1004.4,41,24,23,0,13.9,233,31.3,626.0,310.0,316.0,3600.0,1,offday,train,0.258819045102521,-0.9659258262890682,0.49999999999999994,-0.8660254037844387,True,100.72163675333252,0.06073012884240825,special_case
2025-04-27 11:00:00,2025-04-27,11,2025,4,27,Sunday,True,spring,3968,435330,109.7101814516129,0.0486258337916605,192.947308485309,302.62904648165414,100.7964113123076,True,,False,False,True,True,111797.0,102373.0,227200.0,319103.0,0.0,0.0,0.0,0.0,4.0,4.0,0.0,3.0,4,52.0,22,0,True,True,False,True,흐림,16.7,46,4.9,14.1,0.0,0.0,0.0,0.0,3,1016.3,1012.4,100,0,0,100,15.9,226,37.4,733.0,517.0,216.0,3600.0,1,offday,test,0.258819045102521,-0.9659258262890682,0.8660254037844387,-0.49999999999999983,True,100.78236688217493,0.014044430132670982,special_case
2024-10-03 10:00:00,2024-10-03,10,2024,10,3,Thursday,False,fall,3120,309997,99.35801282051284,0.0630383817289576,196.67975099434773,282.07229242222945,101.13090020286027,False,개천절,True,False,True,False,123410.0,114950.0,224680.0,341541.0,510.0,17250.0,1875405.0,396.0,0.0,0.0,0.0,0.0,4,52.0,22,0,True,True,True,False,맑음,17.5,66,11.1,16.3,0.0,0.0,0.0,0.0,0,1023.6,1019.6,1,1,0,0,11.0,85,22.7,481.0,368.0,113.0,3600.0,1,offday,valid,0.49999999999999994,-0.8660254037844387,-0.8660254037844386,0.5000000000000001,True,100.7964113123076,0.3344888905526773,special_case
2024-05-01 12:00:00,2024-05-01,12,2024,5,1,Wednesday,False,spring,2654,297262,112.00527505651846,0.096293809375837,255.56377008347147,431.0612214517231,101.26301414075829,False,,False,False,False,False,127195.0,117440.0,269436.0,392811.0,739.0,25033.0,2699901.25,715.0,0.0,0.0,0.0,0.0,4,52.0,22,0,True,True,True,False,흐림,20.2,32,3.1,19.0,0.0,0.0,0.0,0.0,3,1012.6,1008.7,95,0,1,95,8.0,95,24.1,800.0,547.0,253.0,3600.0,1,weekday,valid,1.2246467991473532e-16,-1.0,0.49999999999999994,-0.8660254037844387,True,101.13090020286027,0.13211393789801207,special_case
2025-10-09 11:00:00,2025-10-09,11,2025,10,9,Thursday,False,fall,2317,274547,118.49244712990937,0.0860138816247737,199.29416372460076,341.68420973427476,101.37934688315228,False,한글날,True,False,True,True,115105.0,107090.0,225556.0,348326.0,0.0,0.0,0.0,0.0,13.0,12.0,1.0,7.0,4,52.0,22,0,True,True,False,True,흐림,20.6,71,15.2,20.5,0.0,0.0,0.0,0.0,3,1020.4,1016.5,100,28,100,0,12.9,65,28.1,237.0,27.0,210.0,0.0,1,offday,test,0.258819045102521,-0.9659258262890682,-0.8660254037844386,0.5000000000000001,True,101.26301414075829,0.11633274239399327,special_case
2023-05-07 14:00:00,2023-05-07,14,2023,5,7,Sunday,True,spring,3406,382650,112.3458602466236,0.0977777335148833,333.03096035169267,579.5332204210479,101.53023915431164,True,,False,False,True,True,119940.0,114747.0,271180.0,349432.0,650.0,23343.0,2800817.26,594.0,0.0,0.0,0.0,0.0,4,52.0,22,0,True,True,True,False,흐림,16.5,45,4.4,12.8,0.0,0.0,0.0,0.0,3,1012.9,1009.0,100,0,100,100,16.8,62,29.9,394.0,41.0,353.0,0.0,1,offday,train,-0.4999999999999998,-0.8660254037844388,0.49999999999999994,-0.8660254037844387,True,101.37934688315228,0.1508922711593641,special_case
2022-09-17 12:00:00,2022-09-17,12,2022,9,17,Saturday,True,fall,6267,326802,52.14648157012925,0.0738136969525007,462.5904388013221,402.0410631911857,102.11560794565804,True,,False,False,True,True,,,203808.0,301768.0,0.0,0.0,0.0,0.0,0.0,0.0,0.0,0.0,4,52.0,22,0,False,True,False,False,약한 이슬비,25.6,82,22.2,29.1,0.3,0.3,0.0,0.0,51,1009.4,1005.6,100,56,0,100,10.9,243,22.0,409.0,104.0,305.0,2151.88,1,offday,train,1.2246467991473532e-16,-1.0,-1.0,-1.8369701987210297e-16,True,101.53023915431164,0.5853687913463972,special_case
2022-05-21 14:00:00,2022-05-21,14,2022,5,21,Saturday,True,spring,7059,413591,58.59059356849412,0.0977777335148833,690.2130208815615,673.9998430359019,102.17239200474648,True,,False,False,True,True,,,246708.0,328829.0,0.0,0.0,0.0,0.0,0.0,0.0,0.0,0.0,4,52.0,22,0,False,True,False,False,대체로 맑음,22.4,56,13.2,22.2,0.0,0.0,0.0,0.0,1,1008.9,1005.1,25,23,3,0,17.6,244,36.7,813.0,564.0,249.0,3600.0,1,offday,train,-0.4999999999999998,-0.8660254037844388,0.49999999999999994,-0.8660254037844387,True,102.11560794565804,0.05678405908844297,special_case
2025-10-18 14:00:00,2025-10-18,14,2025,10,18,Saturday,True,fall,3839,397366,103.50768429278456,0.1053558771818858,404.4612125012598,659.378034679443,102.3506166345428,True,,False,False,True,True,134540.0,131055.0,316720.0,400504.0,0.0,0.0,0.0,0.0,20.0,17.0,3.0,12.0,4,52.0,22,0,True,True,False,True,흐림,17.0,70,11.4,15.7,0.0,0.0,0.0,0.0,3,1020.2,1016.2,100,8,0,100,11.9,305,28.1,330.0,51.0,279.0,597.85,1,offday,test,-0.4999999999999998,-0.8660254037844388,-0.8660254037844386,0.5000000000000001,True,102.17239200474648,0.17822462979631837,special_case
2022-04-10 14:00:00,2022-04-10,14,2022,4,10,Sunday,True,spring,4027,392401,97.44251303700024,0.0977777335148833,393.7509328644352,602.2194800376781,102.8588243866966,True,,False,False,True,True,,,217213.0,285529.0,0.0,0.0,0.0,0.0,0.0,0.0,0.0,0.0,4,52.0,22,0,False,True,False,False,맑음,22.2,32,4.9,20.3,0.0,0.0,0.0,0.0,0,1015.6,1011.7,0,0,0,0,14.4,212,29.5,813.0,642.0,171.0,3600.0,1,offday,train,-0.4999999999999998,-0.8660254037844388,0.8660254037844387,-0.49999999999999983,True,102.3506166345428,0.508207752153794,special_case
2022-05-05 09:00:00,2022-05-05,9,2022,5,5,Thursday,False,spring,4234,493800,116.62730278696267,0.0365218073044616,154.63333212709043,241.54366125944628,103.0959968154912,False,어린이날,True,False,True,False,,,231591.0,417942.0,0.0,0.0,0.0,0.0,0.0,0.0,0.0,0.0,4,52.0,22,0,False,True,False,False,맑음,16.9,43,4.1,14.5,0.0,0.0,0.0,0.0,0,1020.9,1016.9,0,0,0,0,7.0,168,19.4,459.0,317.0,142.0,3600.0,1,offday,train,0.7071067811865476,-0.7071067811865475,0.49999999999999994,-0.8660254037844387,True,102.8588243866966,0.23717242879460798,special_case
2022-09-12 12:00:00,2022-09-12,12,2022,9,12,Monday,False,fall,2888,288719,99.97195290858726,0.1065118396644879,307.6061929510411,473.095467632412,103.40258169324647,False,대체공휴일,True,True,True,True,,,203808.0,301768.0,0.0,0.0,0.0,0.0,0.0,0.0,0.0,0.0,4,52.0,22,0,False,True,False,False,흐림,26.1,66,19.4,29.8,0.0,0.0,0.0,0.0,3,1014.5,1010.7,100,9,3,100,1.1,72,13.0,594.0,281.0,313.0,3600.0,1,offday,train,1.2246467991473532e-16,-1.0,-1.0,-1.8369701987210297e-16,True,103.0959968154912,0.3065848777552702,special_case
2022-09-24 11:00:00,2022-09-24,11,2022,9,24,Saturday,True,fall,4584,382094,83.35383944153578,0.0550655360577097,252.42041728854144,320.0296231658158,103.59110163803508,True,,False,False,True,True,,,174692.0,265622.0,0.0,0.0,0.0,0.0,0.0,0.0,0.0,0.0,4,52.0,22,0,False,True,False,False,맑음,19.1,62,11.7,19.5,0.0,0.0,0.0,0.0,0,1018.7,1014.8,0,0,0,0,6.0,327,16.9,667.0,545.0,122.0,3600.0,1,offday,train,0.258819045102521,-0.9659258262890682,-1.0,-1.8369701987210297e-16,True,103.40258169324647,0.18851994478860945,special_case
2023-05-07 12:00:00,2023-05-07,12,2023,5,7,Sunday,True,spring,3406,382650,112.3458602466236,0.0657770680274524,224.036693701503,368.52835881342224,103.76982307685472,True,,False,False,True,True,118937.0,111204.0,240041.0,344089.0,485.0,13593.0,1699592.83,437.0,0.0,0.0,0.0,0.0,4,52.0,22,0,True,True,True,False,흐림,15.2,54,6.1,12.9,0.0,0.0,0.0,0.0,3,1013.6,1009.6,100,0,100,100,9.2,45,17.6,268.0,7.0,261.0,0.0,1,offday,train,1.2246467991473532e-16,-1.0,0.49999999999999994,-0.8660254037844387,True,103.59110163803508,0.1787214388196361,special_case
2025-10-08 10:00:00,2025-10-08,10,2025,10,8,Wednesday,False,fall,3158,318894,100.97973400886636,0.0630383817289576,199.07520950004812,289.0691861961228,103.80687811915604,False,대체공휴일,True,True,True,True,116268.0,108069.0,208720.0,320017.0,0.0,0.0,0.0,0.0,13.0,12.0,1.0,7.0,4,52.0,22,0,True,True,False,True,맑음,20.9,82,17.6,23.0,0.0,0.0,0.0,0.0,0,1019.2,1015.3,0,0,0,0,4.0,339,14.4,435.0,314.0,121.0,3600.0,1,offday,test,0.49999999999999994,-0.8660254037844387,-0.8660254037844386,0.5000000000000001,True,103.76982307685472,0.03705504230131851,special_case
2024-09-08 13:00:00,2024-09-08,13,2024,9,8,Sunday,True,fall,4690,347237,74.03773987206823,0.0915726254037753,429.4756131437066,510.4701525814031,103.86141891698406,True,,False,False,True,True,124352.0,120608.0,258882.0,380199.0,490.0,14124.0,1496960.97,440.0,0.0,0.0,0.0,0.0,4,52.0,22,0,True,True,True,False,대체로 맑음,29.5,58,20.5,34.3,0.0,0.0,0.0,0.0,1,1013.9,1010.1,31,31,0,0,3.4,162,14.4,737.0,535.0,202.0,3600.0,1,offday,valid,-0.2588190451025208,-0.9659258262890683,-1.0,-1.8369701987210297e-16,True,103.80687811915604,0.054540797828025234,special_case
2025-09-06 13:00:00,2025-09-06,13,2025,9,6,Saturday,True,fall,3931,345164,87.8056474179598,0.0915726254037753,359.9719904622411,494.4408626571767,103.96449738269791,True,,False,False,True,True,131791.0,126324.0,275145.0,387702.0,0.0,0.0,0.0,0.0,15.0,14.0,1.0,7.0,4,52.0,22,0,True,True,False,True,약한 이슬비,29.4,73,24.0,32.7,0.2,0.2,0.0,0.0,51,1007.2,1003.5,100,13,100,0,19.0,229,40.3,565.0,330.0,235.0,3600.0,1,offday,test,-0.2588190451025208,-0.9659258262890683,-1.0,-1.8369701987210297e-16,True,103.86141891698406,0.10307846571384971,special_case
2024-03-24 13:00:00,2024-03-24,13,2024,3,24,Sunday,True,spring,3466,363489,104.8727639930756,0.0829554972469645,287.52375345797924,458.02778034534,103.999007499137,True,,False,False,True,True,120819.0,115262.0,277246.0,422421.0,874.0,39330.0,4066628.87,695.0,0.0,0.0,0.0,0.0,4,52.0,22,0,True,True,True,False,부분적으로 흐림,18.2,41,4.6,15.5,0.0,0.0,0.0,0.0,2,1018.0,1014.1,51,0,51,0,10.7,78,25.2,569.0,254.0,315.0,3600.0,1,offday,valid,-0.2588190451025208,-0.9659258262890683,1.0,6.123233995736766e-17,True,103.96449738269791,0.03451011643907975,special_case
2024-10-09 13:00:00,2024-10-09,13,2024,10,9,Wednesday,False,fall,3382,372716,110.20579538734476,0.1201225009099709,406.2542980775216,707.6757035387116,104.03911105407872,False,한글날,True,False,True,False,137374.0,134469.0,296007.0,431650.0,802.0,29796.0,3081305.33,694.0,0.0,0.0,0.0,0.0,4,52.0,22,0,True,True,True,False,흐림,21.8,53,11.9,22.2,0.0,0.0,0.0,0.0,3,1016.7,1012.8,100,6,1,100,6.8,102,20.2,682.0,530.0,152.0,3600.0,1,offday,valid,-0.2588190451025208,-0.9659258262890683,-0.8660254037844386,0.5000000000000001,True,103.999007499137,0.04010355494172302,special_case
2023-05-06 13:00:00,2023-05-06,13,2023,5,6,Saturday,True,spring,3386,364001,107.50177200236269,0.0829554972469645,280.8873136782221,457.2148036549467,104.14318909925156,True,,False,False,True,True,122764.0,116539.0,259824.0,381217.0,11.0,270.0,18004.95,16.0,0.0,0.0,0.0,0.0,4,52.0,22,0,True,True,True,False,약한 비,11.4,87,9.3,7.9,2.3,2.3,0.0,0.0,61,1007.6,1003.6,100,4,100,100,22.7,67,39.2,93.0,0.0,93.0,0.0,1,offday,train,-0.2588190451025208,-0.9659258262890683,0.49999999999999994,-0.8660254037844387,True,104.03911105407872,0.10407804517284092,special_case
2023-09-02 14:00:00,2023-09-02,14,2023,9,2,Saturday,True,fall,3905,404509,103.58745198463508,0.1053558771818858,411.4147003952643,671.1894503511177,104.20242240623816,True,,False,False,True,True,114872.0,111185.0,261221.0,333016.0,0.0,0.0,0.0,0.0,0.0,0.0,0.0,0.0,4,52.0,22,0,True,True,False,False,대체로 맑음,28.8,46,16.0,31.9,0.0,0.0,0.0,0.0,1,1011.6,1007.8,38,0,0,38,4.5,61,14.8,811.0,652.0,159.0,3600.0,1,offday,train,-0.4999999999999998,-0.8660254037844388,-1.0,-1.8369701987210297e-16,True,104.14318909925156,0.05923330698659868,special_case
2025-09-21 10:00:00,2025-09-21,10,2025,9,21,Sunday,True,fall,4673,514104,110.01583565161566,0.0378925808716765,177.07203041334444,270.38114417936447,104.49753004917562,True,,False,False,True,True,121550.0,113807.0,206448.0,315696.0,0.0,0.0,0.0,0.0,17.0,16.0,1.0,8.0,4,52.0,22,0,True,True,False,True,맑음,21.7,70,16.1,22.8,0.0,0.0,0.0,0.0,0,1019.1,1015.2,1,0,0,1,6.7,54,18.7,509.0,389.0,120.0,3600.0,1,offday,test,0.49999999999999994,-0.8660254037844387,-1.0,-1.8369701987210297e-16,True,104.20242240623816,0.2951076429374666,special_case
2025-10-18 11:00:00,2025-10-18,11,2025,10,18,Saturday,True,fall,3839,397366,103.50768429278456,0.0550655360577097,211.39659292554768,316.8806964700917,104.729659240478,True,,False,False,True,True,115105.0,107090.0,225556.0,348326.0,0.0,0.0,0.0,0.0,20.0,17.0,3.0,12.0,4,52.0,22,0,True,True,False,True,흐림,15.1,83,12.2,14.0,0.0,0.0,0.0,0.0,3,1020.7,1016.7,100,94,3,98,12.0,315,30.6,166.0,0.0,166.0,0.0,1,offday,test,0.258819045102521,-0.9659258262890682,-0.8660254037844386,0.5000000000000001,True,104.49753004917562,0.23212919130237708,special_case
2024-04-14 13:00:00,2024-04-14,13,2024,4,14,Sunday,True,spring,3287,366759,111.57864313964102,0.0829554972469645,272.67471945077256,458.5376917225436,104.9288818629018,True,,False,False,True,True,124599.0,120970.0,274597.0,401986.0,767.0,28715.0,3198201.35,706.0,0.0,0.0,0.0,0.0,4,52.0,22,0,True,True,True,False,흐림,27.0,25,5.6,26.8,0.0,0.0,0.0,0.0,3,1016.7,1012.9,88,0,0,88,6.0,123,22.0,834.0,633.0,201.0,3600.0,1,offday,valid,-0.2588190451025208,-0.9659258262890683,0.8660254037844387,-0.49999999999999983,True,104.729659240478,0.19922262242380384,special_case
2025-09-06 12:00:00,2025-09-06,12,2025,9,6,Saturday,True,fall,3931,345164,87.8056474179598,0.0738136969525007,290.1616427202804,390.4763652744788,104.9835653716596,True,,False,False,True,True,126915.0,121371.0,254165.0,356827.0,0.0,0.0,0.0,0.0,15.0,14.0,1.0,7.0,4,52.0,22,0,True,True,False,True,약한 이슬비,28.4,78,24.2,32.1,0.1,0.1,0.0,0.0,51,1007.9,1004.1,39,28,29,0,17.1,221,41.8,545.0,291.0,254.0,3600.0,1,offday,test,1.2246467991473532e-16,-1.0,-1.0,-1.8369701987210297e-16,True,104.9288818629018,0.05468350875779038,special_case
2025-05-24 12:00:00,2025-05-24,12,2025,5,24,Saturday,True,spring,4978,376177,75.56789875451989,0.0657770680274524,327.43824464065824,390.2441819965302,105.09223056033728,True,,False,False,True,True,126039.0,119058.0,269610.0,399733.0,0.0,0.0,0.0,0.0,10.0,9.0,1.0,5.0,4,52.0,22,0,True,True,False,True,흐림,16.2,65,9.7,14.6,0.0,0.0,0.0,0.0,3,1010.5,1006.6,100,63,100,37,10.6,55,26.6,253.0,24.0,229.0,0.0,1,offday,test,1.2246467991473532e-16,-1.0,0.49999999999999994,-0.8660254037844387,True,104.9835653716596,0.1086651886776906,special_case
2022-05-21 11:00:00,2022-05-21,11,2022,5,21,Saturday,True,spring,7059,413591,58.59059356849412,0.0486258337916605,343.24976073533173,335.1867870621112,105.20767578380256,True,,False,False,True,True,,,179817.0,291051.0,0.0,0.0,0.0,0.0,0.0,0.0,0.0,0.0,4,52.0,22,0,False,True,False,False,부분적으로 흐림,21.6,56,12.4,20.7,0.0,0.0,0.0,0.0,2,1011.2,1007.3,72,65,20,0,12.1,243,27.0,564.0,264.0,300.0,3600.0,1,offday,train,0.258819045102521,-0.9659258262890682,0.49999999999999994,-0.8660254037844387,True,105.09223056033728,0.1154452234652723,special_case
2024-10-26 12:00:00,2024-10-26,12,2024,10,26,Saturday,True,fall,3356,350067,104.31078665077472,0.0738136969525007,247.71876697259245,384.1959448148232,105.48113874374258,True,,False,False,True,True,130567.0,126480.0,266914.0,391643.0,614.0,20503.0,2087477.93,551.0,0.0,0.0,0.0,0.0,4,52.0,22,0,True,True,True,False,맑음,19.7,62,12.1,19.3,0.0,0.0,0.0,0.0,0,1021.9,1018.0,0,0,0,0,9.4,91,22.3,595.0,468.0,127.0,3600.0,1,offday,valid,1.2246467991473532e-16,-1.0,-0.8660254037844386,0.5000000000000001,True,105.20767578380256,0.27346295994001935,special_case
2023-10-15 13:00:00,2023-10-15,13,2023,10,15,Sunday,True,fall,3994,350827,87.83850776164246,0.0915726254037753,365.7410658626789,502.52645791364057,105.67168965787648,True,,False,False,True,True,128155.0,126336.0,273010.0,420242.0,0.0,0.0,0.0,0.0,0.0,0.0,0.0,0.0,4,52.0,22,0,True,True,False,False,흐림,18.8,64,11.8,17.2,0.0,0.0,0.0,0.0,3,1011.1,1007.2,92,92,11,0,14.4,307,27.7,511.0,279.0,232.0,3600.0,1,offday,train,-0.2588190451025208,-0.9659258262890683,-0.8660254037844386,0.5000000000000001,True,105.48113874374258,0.19055091413390812,special_case
2024-10-26 13:00:00,2024-10-26,13,2024,10,26,Saturday,True,fall,3356,350067,104.31078665077472,0.0915726254037753,307.31773085507024,490.2612880669957,106.06534325217253,True,,False,False,True,True,137374.0,134469.0,296007.0,431650.0,735.0,24313.0,2527273.21,647.0,0.0,0.0,0.0,0.0,4,52.0,22,0,True,True,True,False,맑음,20.5,60,12.5,20.4,0.0,0.0,0.0,0.0,0,1020.7,1016.8,0,0,0,0,8.8,91,20.9,612.0,484.0,128.0,3600.0,1,offday,valid,-0.2588190451025208,-0.9659258262890683,-0.8660254037844386,0.5000000000000001,True,105.67168965787648,0.3936535942960404,special_case
2023-09-02 11:00:00,2023-09-02,11,2023,9,2,Saturday,True,fall,3905,404509,103.58745198463508,0.0550655360577097,215.03091830535652,322.52522326514304,106.60253367271568,True,,False,False,True,True,102184.0,95020.0,197610.0,287652.0,0.0,0.0,0.0,0.0,0.0,0.0,0.0,0.0,4,52.0,22,0,True,True,False,False,대체로 맑음,26.0,64,18.6,29.4,0.0,0.0,0.0,0.0,1,1013.0,1009.2,24,0,0,24,4.5,76,14.4,681.0,478.0,203.0,3600.0,1,offday,train,0.258819045102521,-0.9659258262890682,-1.0,-1.8369701987210297e-16,True,106.06534325217253,0.5371904205431548,special_case
2023-10-15 12:00:00,2023-10-15,12,2023,10,15,Sunday,True,fall,3994,350827,87.83850776164246,0.0738136969525007,294.8119056282879,396.8547682557641,106.70364408495304,True,,False,False,True,True,121558.0,116166.0,246525.0,380684.0,0.0,0.0,0.0,0.0,0.0,0.0,0.0,0.0,4,52.0,22,0,True,True,False,False,대체로 맑음,17.5,72,12.4,16.7,0.0,0.0,0.0,0.0,1,1011.8,1007.9,49,48,7,0,11.1,299,23.4,493.0,251.0,242.0,3600.0,1,offday,train,1.2246467991473532e-16,-1.0,-0.8660254037844386,0.5000000000000001,True,106.60253367271568,0.10111041223736095,special_case
2024-09-08 12:00:00,2024-09-08,12,2024,9,8,Sunday,True,fall,4690,347237,74.03773987206823,0.0738136969525007,346.1862387072284,406.60873366441905,106.77247210628424,True,,False,False,True,True,118989.0,114781.0,234418.0,344657.0,391.0,11003.0,995802.61,390.0,0.0,0.0,0.0,0.0,4,52.0,22,0,True,True,True,False,대체로 맑음,28.4,63,20.8,32.3,0.0,0.0,0.0,0.0,1,1014.5,1010.7,33,33,0,0,4.5,151,15.1,602.0,336.0,266.0,3600.0,1,offday,valid,1.2246467991473532e-16,-1.0,-1.0,-1.8369701987210297e-16,True,106.70364408495304,0.0688280213311998,special_case
2023-10-02 12:00:00,2023-10-02,12,2023,10,2,Monday,False,fall,3014,299070,99.2269409422694,0.1065118396644879,321.02668474876657,490.5170384903832,107.05406807640423,False,임시공휴일,True,False,True,True,121558.0,116166.0,246525.0,380684.0,0.0,0.0,0.0,0.0,0.0,0.0,0.0,0.0,4,52.0,22,0,True,True,False,False,맑음,21.2,48,9.9,21.3,0.0,0.0,0.0,0.0,0,1019.9,1016.0,0,0,0,0,6.3,329,16.9,724.0,596.0,128.0,3600.0,1,offday,train,1.2246467991473532e-16,-1.0,-0.8660254037844386,0.5000000000000001,True,106.77247210628424,0.2815959701199944,special_case
2024-04-10 11:00:00,2024-04-10,11,2024,4,10,Wednesday,False,spring,2764,322664,116.73806078147612,0.0762910773796575,210.86853787737357,355.53457945293496,107.0932483554659,False,국회의원선거,True,False,True,False,110732.0,102208.0,228291.0,325242.0,639.0,26967.0,2673850.44,548.0,0.0,0.0,0.0,0.0,4,52.0,22,0,True,True,True,False,흐림,14.9,60,7.3,12.2,0.0,0.0,0.0,0.0,3,1026.6,1022.6,100,42,18,100,13.7,215,29.5,322.0,120.0,202.0,2959.11,1,offday,valid,0.258819045102521,-0.9659258262890682,0.8660254037844387,-0.49999999999999983,True,107.05406807640423,0.03918027906166799,special_case
2022-09-12 11:00:00,2022-09-12,11,2022,9,12,Monday,False,fall,2888,288719,99.97195290858726,0.0860138816247737,248.4080901323466,369.69288593916554,107.36222177510184,False,대체공휴일,True,True,True,True,,,174692.0,265622.0,0.0,0.0,0.0,0.0,0.0,0.0,0.0,0.0,4,52.0,22,0,False,True,False,False,흐림,25.5,71,19.8,29.4,0.0,0.0,0.0,0.0,3,1014.9,1011.1,100,21,0,100,3.1,111,13.3,651.0,490.0,161.0,3600.0,1,offday,train,0.258819045102521,-0.9659258262890682,-1.0,-1.8369701987210297e-16,True,107.0932483554659,0.268973419635941,special_case
2022-04-10 12:00:00,2022-04-10,12,2022,4,10,Sunday,True,spring,4027,392401,97.44251303700024,0.0657770680274524,264.884252946551,387.08178369555714,107.42310672337452,True,,False,False,True,True,,,187587.0,271232.0,0.0,0.0,0.0,0.0,0.0,0.0,0.0,0.0,4,52.0,22,0,False,True,False,False,맑음,20.7,38,5.9,19.2,0.0,0.0,0.0,0.0,0,1017.5,1013.6,0,0,0,0,12.9,207,27.7,801.0,629.0,172.0,3600.0,1,offday,train,1.2246467991473532e-16,-1.0,0.8660254037844387,-0.49999999999999983,True,107.36222177510184,0.060884948272672545,special_case
2025-09-28 13:00:00,2025-09-28,13,2025,9,28,Sunday,True,fall,4023,357249,88.80164056674124,0.0915726254037753,368.3966719993884,510.9419928692102,107.6496800714536,True,,False,False,True,True,131791.0,126324.0,275145.0,387702.0,0.0,0.0,0.0,0.0,15.0,14.0,1.0,9.0,4,52.0,22,0,True,True,False,True,약한 이슬비,22.0,78,17.9,24.1,0.2,0.2,0.0,0.0,51,1010.3,1006.4,51,33,32,0,6.8,348,22.3,595.0,382.0,213.0,3600.0,1,offday,test,-0.2588190451025208,-0.9659258262890683,-1.0,-1.8369701987210297e-16,True,107.42310672337452,0.2265733480790857,special_case
2025-05-24 13:00:00,2025-05-24,13,2025,5,24,Saturday,True,spring,4978,376177,75.56789875451989,0.0829554972469645,412.9524652953897,497.91122264411433,107.66704064758414,True,,False,False,True,True,131842.0,124440.0,292232.0,438367.0,0.0,0.0,0.0,0.0,10.0,9.0,1.0,5.0,4,52.0,22,0,True,True,False,True,흐림,17.6,58,9.3,15.6,0.0,0.0,0.0,0.0,3,1009.8,1005.9,100,95,100,3,12.5,62,30.6,484.0,123.0,361.0,2062.3,1,offday,test,-0.2588190451025208,-0.9659258262890683,0.49999999999999994,-0.8660254037844387,True,107.6496800714536,0.017360576130542427,special_case
2022-09-25 14:00:00,2022-09-25,14,2022,9,25,Sunday,True,fall,4893,429828,87.84549356223177,0.1053558771818858,515.5063070509675,723.4494248178607,107.76842567744904,True,,False,False,True,True,,,237928.0,302473.0,0.0,0.0,0.0,0.0,0.0,0.0,0.0,0.0,4,52.0,22,0,False,True,False,False,맑음,23.1,48,11.6,24.0,0.0,0.0,0.0,0.0,0,1016.3,1012.4,0,0,0,0,4.6,315,14.8,726.0,600.0,126.0,3600.0,1,offday,train,-0.4999999999999998,-0.8660254037844388,-1.0,-1.8369701987210297e-16,True,107.66704064758414,0.10138502986490039,special_case
2025-09-14 13:00:00,2025-09-14,13,2025,9,14,Sunday,True,fall,3695,356876,96.58349120433016,0.0915726254037753,338.3608508669501,504.65818918780406,107.85759724603103,True,,False,False,True,True,131791.0,126324.0,275145.0,387702.0,0.0,0.0,0.0,0.0,17.0,17.0,0.0,8.0,4,52.0,22,0,True,True,False,True,흐림,27.1,64,19.6,31.0,0.0,0.0,0.0,0.0,3,1011.9,1008.1,99,96,0,63,4.7,302,16.6,697.0,502.0,195.0,3600.0,1,offday,test,-0.2588190451025208,-0.9659258262890683,-1.0,-1.8369701987210297e-16,True,107.76842567744904,0.08917156858198894,special_case
2025-09-14 12:00:00,2025-09-14,12,2025,9,14,Sunday,True,fall,3695,356876,96.58349120433016,0.0738136969525007,272.74161023949017,396.800591941773,107.9639776767064,True,,False,False,True,True,126915.0,121371.0,254165.0,356827.0,0.0,0.0,0.0,0.0,17.0,17.0,0.0,8.0,4,52.0,22,0,True,True,False,True,부분적으로 흐림,26.6,66,19.6,30.4,0.0,0.0,0.0,0.0,2,1012.3,1008.5,53,46,0,13,4.2,306,15.1,669.0,443.0,226.0,3600.0,1,offday,test,1.2246467991473532e-16,-1.0,-1.0,-1.8369701987210297e-16,True,107.85759724603103,0.1063804306753724,special_case
2024-09-28 14:00:00,2024-09-28,14,2024,9,28,Saturday,True,fall,5061,433205,85.59672001580715,0.1053558771818858,533.2060944175244,730.9190237163924,108.10004368602335,True,,False,False,True,True,123791.0,120526.0,276892.0,362326.0,778.0,29744.0,3074602.16,622.0,0.0,0.0,0.0,0.0,4,52.0,22,0,True,True,True,False,맑음,26.0,58,17.1,27.0,0.0,0.0,0.0,0.0,0,1018.2,1014.4,4,4,2,0,15.3,77,29.9,693.0,562.0,131.0,3600.0,1,offday,valid,-0.4999999999999998,-0.8660254037844388,-1.0,-1.8369701987210297e-16,True,107.9639776767064,0.13606600931694857,special_case
2025-09-13 13:00:00,2025-09-13,13,2025,9,13,Saturday,True,fall,3830,358122,93.50443864229766,0.0915726254037753,350.72315529645977,508.5885089687731,108.11338767407148,True,,False,False,True,True,131791.0,126324.0,275145.0,387702.0,0.0,0.0,0.0,0.0,17.0,17.0,0.0,8.0,4,52.0,22,0,True,True,False,True,대체로 맑음,25.6,71,19.9,28.3,0.0,0.0,0.0,0.0,1,1006.5,1002.7,26,26,0,0,7.7,79,20.5,448.0,81.0,367.0,1134.4,1,offday,test,-0.2588190451025208,-0.9659258262890683,-1.0,-1.8369701987210297e-16,True,108.10004368602335,0.013343988048120536,special_case
2025-09-07 13:00:00,2025-09-07,13,2025,9,7,Sunday,True,fall,4363,360584,82.64588585835435,0.0915726254037753,399.531364636672,521.0828398649201,108.35542631706016,True,,False,False,True,True,131791.0,126324.0,275145.0,387702.0,0.0,0.0,0.0,0.0,14.0,14.0,0.0,7.0,4,52.0,22,0,True,True,False,True,흐림,27.3,70,21.4,31.3,0.0,0.0,0.0,0.0,3,1008.0,1004.2,96,20,18,95,7.0,299,20.2,625.0,294.0,331.0,3600.0,1,offday,test,-0.2588190451025208,-0.9659258262890683,-1.0,-1.8369701987210297e-16,True,108.11338767407148,0.24203864298868893,special_case
2025-09-13 12:00:00,2025-09-13,12,2025,9,13,Saturday,True,fall,3830,358122,93.50443864229766,0.0738136969525007,282.7064593280778,400.4751212947016,108.53325548341871,True,,False,False,True,True,126915.0,121371.0,254165.0,356827.0,0.0,0.0,0.0,0.0,17.0,17.0,0.0,8.0,4,52.0,22,0,True,True,False,True,흐림,24.8,75,20.0,27.6,0.0,0.0,0.0,0.0,3,1006.5,1002.7,94,94,0,0,7.1,81,18.4,337.0,46.0,291.0,0.0,1,offday,test,1.2246467991473532e-16,-1.0,-1.0,-1.8369701987210297e-16,True,108.35542631706016,0.17782916635854917,special_case
2025-09-28 12:00:00,2025-09-28,12,2025,9,28,Sunday,True,fall,4023,357249,88.80164056674124,0.0738136969525007,296.95250283991044,403.2923127977566,108.58740368725216,True,,False,False,True,True,126915.0,121371.0,254165.0,356827.0,0.0,0.0,0.0,0.0,15.0,14.0,1.0,9.0,4,52.0,22,0,True,True,False,True,약한 비,19.5,93,18.5,21.9,1.9,1.9,0.0,0.0,61,1011.0,1007.1,95,17,41,91,5.4,2,11.9,87.0,0.0,87.0,0.0,1,offday,test,1.2246467991473532e-16,-1.0,-1.0,-1.8369701987210297e-16,True,108.53325548341871,0.054148203833449315,special_case
2024-10-13 13:00:00,2024-10-13,13,2024,10,13,Sunday,True,fall,3900,360223,92.3648717948718,0.0915726254037753,357.13323907472403,512.4163435819823,108.70063950369126,True,,False,False,True,True,137374.0,134469.0,296007.0,431650.0,718.0,26602.0,2824030.14,614.0,0.0,0.0,0.0,0.0,4,52.0,22,0,True,True,True,False,흐림,22.2,58,13.5,22.0,0.0,0.0,0.0,0.0,3,1023.6,1019.7,100,0,0,100,9.2,106,19.8,492.0,187.0,305.0,3600.0,1,offday,valid,-0.2588190451025208,-0.9659258262890683,-0.8660254037844386,0.5000000000000001,True,108.58740368725216,0.11323581643910074,special_case
2025-04-26 14:00:00,2025-04-26,14,2025,4,26,Saturday,True,spring,4412,415974,94.2824116047144,0.0977777335148833,431.39536026766535,640.5178732775383,108.70080863352575,True,,False,False,True,True,122185.0,120136.0,289418.0,358883.0,0.0,0.0,0.0,0.0,4.0,4.0,0.0,3.0,4,52.0,22,0,True,True,False,True,맑음,16.4,52,6.6,14.8,0.0,0.0,0.0,0.0,0,1017.7,1013.7,0,0,0,0,15.2,235,37.4,841.0,650.0,191.0,3600.0,1,offday,test,-0.4999999999999998,-0.8660254037844388,0.8660254037844387,-0.49999999999999983,True,108.70063950369126,0.0001691298344894676,special_case
2024-10-13 12:00:00,2024-10-13,12,2024,10,13,Sunday,True,fall,3900,360223,92.3648717948718,0.0738136969525007,287.87341811475284,403.7157040782911,109.24485953046268,True,,False,False,True,True,130567.0,126480.0,266914.0,391643.0,599.0,20822.0,2118589.5,549.0,0.0,0.0,0.0,0.0,4,52.0,22,0,True,True,True,False,흐림,21.2,62,13.6,21.1,0.0,0.0,0.0,0.0,3,1024.5,1020.6,100,0,0,100,9.0,96,20.9,478.0,189.0,289.0,3600.0,1,offday,valid,1.2246467991473532e-16,-1.0,-0.8660254037844386,0.5000000000000001,True,108.70080863352575,0.5440508969369233,special_case
2023-05-07 13:00:00,2023-05-07,13,2023,5,7,Sunday,True,spring,3406,382650,112.3458602466236,0.0829554972469645,282.54642362316133,478.00298126673624,109.474622453314,True,,False,False,True,True,122764.0,116539.0,259824.0,381217.0,624.0,22920.0,2603172.65,526.0,0.0,0.0,0.0,0.0,4,52.0,22,0,True,True,True,False,흐림,16.1,49,5.5,13.2,0.0,0.0,0.0,0.0,3,1013.4,1009.5,100,0,98,100,12.6,53,22.3,298.0,16.0,282.0,0.0,1,offday,train,-0.2588190451025208,-0.9659258262890683,0.49999999999999994,-0.8660254037844387,True,109.24485953046268,0.2297629228513216,special_case
2023-09-09 14:00:00,2023-09-09,14,2023,9,9,Saturday,True,fall,4206,426609,101.4286733238231,0.1053558771818858,443.1268194270119,709.0674594933862,109.54694904050189,True,,False,False,True,True,114872.0,111185.0,261221.0,333016.0,0.0,0.0,0.0,0.0,0.0,0.0,0.0,0.0,4,52.0,22,0,True,True,False,False,부분적으로 흐림,28.8,60,20.2,33.5,0.0,0.0,0.0,0.0,2,1010.8,1007.0,53,20,0,40,5.1,274,16.6,780.0,641.0,139.0,3600.0,1,offday,train,-0.4999999999999998,-0.8660254037844388,-1.0,-1.8369701987210297e-16,True,109.474622453314,0.07232658718788798,special_case
2024-04-10 12:00:00,2024-04-10,12,2024,4,10,Wednesday,False,spring,2764,322664,116.73806078147612,0.096293809375837,266.15608911481354,465.5606210979372,110.02604164500224,False,국회의원선거,True,False,True,False,118947.0,113763.0,254785.0,361161.0,757.0,28550.0,2888773.54,628.0,0.0,0.0,0.0,0.0,4,52.0,22,0,True,True,True,False,흐림,16.4,53,6.8,13.6,0.0,0.0,0.0,0.0,3,1026.0,1022.0,100,27,0,100,13.8,219,29.2,498.0,171.0,327.0,3600.0,1,offday,valid,1.2246467991473532e-16,-1.0,0.8660254037844387,-0.49999999999999983,True,109.54694904050189,0.4790926045003516,special_case
2025-09-07 12:00:00,2025-09-07,12,2025,9,7,Sunday,True,fall,4363,360584,82.64588585835435,0.0738136969525007,322.0491598037607,412.7274135478599,110.07750372065352,True,,False,False,True,True,126915.0,121371.0,254165.0,356827.0,0.0,0.0,0.0,0.0,14.0,14.0,0.0,7.0,4,52.0,22,0,True,True,False,True,흐림,27.2,72,21.6,31.9,0.0,0.0,0.0,0.0,3,1008.3,1004.5,97,17,16,96,6.8,292,20.5,708.0,456.0,252.0,3600.0,1,offday,test,1.2246467991473532e-16,-1.0,-1.0,-1.8369701987210297e-16,True,110.02604164500224,0.05146207565128691,special_case
2022-09-18 10:00:00,2022-09-18,10,2022,9,18,Sunday,True,fall,6875,498703,72.53861818181818,0.0378925808716765,260.51149349277614,294.9261258539039,110.34730640902478,True,,False,False,True,True,,,165820.0,254499.0,0.0,0.0,0.0,0.0,0.0,0.0,0.0,0.0,4,52.0,22,0,False,True,False,False,맑음,26.1,78,22.0,29.8,0.0,0.0,0.0,0.0,0,1006.8,1003.0,17,0,12,15,8.8,19,19.4,519.0,413.0,106.0,3600.0,1,offday,train,0.49999999999999994,-0.8660254037844387,-1.0,-1.8369701987210297e-16,True,110.07750372065352,0.2698026883712572,special_case
2023-09-10 14:00:00,2023-09-10,14,2023,9,10,Sunday,True,fall,3847,425511,110.60852612425266,0.1053558771818858,405.3040595187149,702.4434930601556,110.6492285755096,True,,False,False,True,True,114872.0,111185.0,261221.0,333016.0,0.0,0.0,0.0,0.0,0.0,0.0,0.0,0.0,4,52.0,22,0,True,True,False,False,흐림,27.7,66,20.7,32.3,0.0,0.0,0.0,0.0,3,1010.0,1006.2,100,7,6,100,3.5,246,14.4,681.0,474.0,207.0,3600.0,1,offday,train,-0.4999999999999998,-0.8660254037844388,-1.0,-1.8369701987210297e-16,True,110.34730640902478,0.3019221664848146,special_case
2024-10-03 12:00:00,2024-10-03,12,2024,10,3,Thursday,False,fall,3120,309997,99.35801282051284,0.1065118396644879,332.3169397532023,508.354383451158,110.97567009568375,False,개천절,True,False,True,False,130567.0,126480.0,266914.0,391643.0,765.0,31517.0,3088821.63,614.0,0.0,0.0,0.0,0.0,4,52.0,22,0,True,True,True,False,맑음,19.7,48,8.3,18.1,0.0,0.0,0.0,0.0,0,1023.1,1019.2,18,0,17,0,10.6,81,25.6,615.0,434.0,181.0,3600.0,1,offday,valid,1.2246467991473532e-16,-1.0,-0.8660254037844386,0.5000000000000001,True,110.6492285755096,0.32644152017415706,special_case
2023-10-02 11:00:00,2023-10-02,11,2023,10,2,Monday,False,fall,3014,299070,99.2269409422694,0.0860138816247737,259.24583921706807,383.462970413979,111.24861994298,False,임시공휴일,True,False,True,True,110958.0,104476.0,213989.0,339913.0,0.0,0.0,0.0,0.0,0.0,0.0,0.0,0.0,4,52.0,22,0,True,True,False,False,맑음,19.9,58,11.4,20.4,0.0,0.0,0.0,0.0,0,1020.3,1016.4,0,0,0,0,3.4,342,13.0,638.0,516.0,122.0,3600.0,1,offday,train,0.258819045102521,-0.9659258262890682,-0.8660254037844386,0.5000000000000001,True,110.97567009568375,0.27294984729624616,special_case
2023-09-17 12:00:00,2023-09-17,12,2023,9,17,Sunday,True,fall,3716,368243,99.09660925726588,0.0738136969525007,274.29169787549273,407.62646912669686,111.25047335658444,True,,False,False,True,True,114019.0,106991.0,224885.0,326978.0,0.0,0.0,0.0,0.0,0.0,0.0,0.0,0.0,4,52.0,22,0,True,True,False,False,약한 이슬비,26.3,79,22.4,31.2,0.2,0.2,0.0,0.0,51,1011.0,1007.2,100,21,2,100,3.1,216,14.0,581.0,258.0,323.0,3600.0,1,offday,train,1.2246467991473532e-16,-1.0,-1.0,-1.8369701987210297e-16,True,111.24861994298,0.0018534136044365823,special_case
2023-09-10 11:00:00,2023-09-10,11,2023,9,10,Sunday,True,fall,3847,425511,110.60852612425266,0.0550655360577097,211.83711721400937,334.79285825546896,111.29404383177092,True,,False,False,True,True,102184.0,95020.0,197610.0,287652.0,0.0,0.0,0.0,0.0,0.0,0.0,0.0,0.0,4,52.0,22,0,True,True,False,False,흐림,26.5,71,20.9,30.5,0.0,0.0,0.0,0.0,3,1011.6,1007.8,100,6,91,100,3.1,225,12.2,580.0,330.0,250.0,3600.0,1,offday,train,0.258819045102521,-0.9659258262890682,-1.0,-1.8369701987210297e-16,True,111.25047335658444,0.043570475186484714,special_case
2023-09-17 13:00:00,2023-09-17,13,2023,9,17,Sunday,True,fall,3716,368243,99.09660925726588,0.0915726254037753,340.28387600042936,519.0151315729322,111.38866244623534,True,,False,False,True,True,118241.0,112923.0,246366.0,358598.0,0.0,0.0,0.0,0.0,0.0,0.0,0.0,0.0,4,52.0,22,0,True,True,False,False,약한 이슬비,26.8,75,22.0,30.8,0.2,0.2,0.0,0.0,51,1010.5,1006.7,100,77,16,100,6.1,220,16.6,543.0,262.0,281.0,3600.0,1,offday,train,-0.2588190451025208,-0.9659258262890683,-1.0,-1.8369701987210297e-16,True,111.29404383177092,0.09461861446442299,special_case
2022-05-28 12:00:00,2022-05-28,12,2022,5,28,Saturday,True,spring,6869,389759,56.74173824428592,0.0657770680274524,451.8226802805708,427.2867376218639,111.4141317418003,True,,False,False,True,True,,,213834.0,325207.0,0.0,0.0,0.0,0.0,0.0,0.0,0.0,0.0,4,52.0,22,0,False,True,False,False,흐림,25.6,47,13.6,26.1,0.0,0.0,0.0,0.0,3,1005.5,1001.7,100,0,9,100,14.3,208,30.2,824.0,547.0,277.0,3600.0,1,offday,train,1.2246467991473532e-16,-1.0,0.49999999999999994,-0.8660254037844387,True,111.38866244623534,0.025469295564960248,special_case
2022-05-28 13:00:00,2022-05-28,13,2022,5,28,Saturday,True,spring,6869,389759,56.74173824428592,0.0829554972469645,569.8213105893997,538.8775275246611,111.59078990279716,True,,False,False,True,True,,,232173.0,351954.0,0.0,0.0,0.0,0.0,0.0,0.0,0.0,0.0,4,52.0,22,0,False,True,False,False,흐림,26.6,43,12.9,26.4,0.0,0.0,0.0,0.0,3,1004.9,1001.1,92,0,23,89,18.9,215,36.7,869.0,618.0,251.0,3600.0,1,offday,train,-0.2588190451025208,-0.9659258262890683,0.49999999999999994,-0.8660254037844387,True,111.4141317418003,0.17665816099685117,special_case
2022-04-10 13:00:00,2022-04-10,13,2022,4,10,Sunday,True,spring,4027,392401,97.44251303700024,0.0829554972469645,334.06178741352636,499.3606556509814,112.27887195542434,True,,False,False,True,True,,,206340.0,299990.0,0.0,0.0,0.0,0.0,0.0,0.0,0.0,0.0,4,52.0,22,0,False,True,False,False,맑음,21.5,35,5.3,19.8,0.0,0.0,0.0,0.0,0,1016.4,1012.5,0,0,0,0,14.3,214,29.5,839.0,665.0,174.0,3600.0,1,offday,train,-0.2588190451025208,-0.9659258262890683,0.8660254037844387,-0.49999999999999983,True,111.59078990279716,0.6880820526271805,special_case
2023-09-09 11:00:00,2023-09-09,11,2023,9,9,Saturday,True,fall,4206,426609,101.4286733238231,0.0550655360577097,231.60564465872716,341.65138339720653,112.7101467292461,True,,False,False,True,True,102184.0,95020.0,197610.0,287652.0,0.0,0.0,0.0,0.0,0.0,0.0,0.0,0.0,4,52.0,22,0,True,True,False,False,맑음,26.5,70,20.6,31.2,0.0,0.0,0.0,0.0,0,1012.3,1008.5,11,0,0,11,2.5,278,12.6,696.0,575.0,121.0,3600.0,1,offday,train,0.258819045102521,-0.9659258262890682,-1.0,-1.8369701987210297e-16,True,112.27887195542434,0.4312747738217695,special_case
2025-09-27 15:00:00,2025-09-27,15,2025,9,27,Saturday,True,fall,5508,653955,118.72821350762528,0.1124759978651691,619.5177962413513,1187.5176690981934,113.526580872262,True,,False,False,True,True,147067.0,148369.0,339515.0,383623.0,0.0,0.0,0.0,0.0,17.0,15.0,2.0,9.0,4,52.0,22,0,True,True,False,True,흐림,26.9,56,17.5,28.5,0.0,0.0,0.0,0.0,3,1016.2,1012.4,100,7,0,100,6.7,156,20.5,521.0,291.0,230.0,3600.0,1,offday,test,-0.7071067811865471,-0.7071067811865479,-1.0,-1.8369701987210297e-16,True,112.7101467292461,0.816434143015897,special_case
2022-05-22 12:00:00,2022-05-22,12,2022,5,22,Sunday,True,spring,6410,399059,62.25569422776911,0.0657770680274524,421.63100605597015,433.34902156919713,113.61743583821884,True,,False,False,True,True,,,213834.0,325207.0,0.0,0.0,0.0,0.0,0.0,0.0,0.0,0.0,4,52.0,22,0,False,True,False,False,맑음,23.0,53,12.9,23.4,0.0,0.0,0.0,0.0,0,1008.1,1004.3,15,6,10,0,12.5,229,30.6,800.0,554.0,246.0,3600.0,1,offday,train,1.2246467991473532e-16,-1.0,0.49999999999999994,-0.8660254037844387,True,113.526580872262,0.09085496595683651,special_case
2025-04-26 12:00:00,2025-04-26,12,2025,4,26,Saturday,True,spring,4412,415974,94.2824116047144,0.0657770680274524,290.2084241371202,412.7892885425172,114.14665181112952,True,,False,False,True,True,119821.0,115406.0,254261.0,351039.0,0.0,0.0,0.0,0.0,4.0,4.0,0.0,3.0,4,52.0,22,0,True,True,False,True,맑음,16.0,48,5.1,14.3,0.0,0.0,0.0,0.0,0,1018.6,1014.6,0,0,0,0,14.6,231,35.3,843.0,652.0,191.0,3600.0,1,offday,test,1.2246467991473532e-16,-1.0,0.8660254037844387,-0.49999999999999983,True,113.61743583821884,0.5292159729106771,special_case
2022-05-22 13:00:00,2022-05-22,13,2022,5,22,Sunday,True,spring,6410,399059,62.25569422776911,0.0829554972469645,531.744737353043,547.5959144631919,114.24689289399475,True,,False,False,True,True,,,232173.0,351954.0,0.0,0.0,0.0,0.0,0.0,0.0,0.0,0.0,4,52.0,22,0,False,True,False,False,맑음,24.0,50,13.1,24.9,0.0,0.0,0.0,0.0,0,1007.6,1003.8,5,5,0,0,12.9,234,29.9,866.0,650.0,216.0,3600.0,1,offday,train,-0.2588190451025208,-0.9659258262890683,0.49999999999999994,-0.8660254037844387,True,114.14665181112952,0.1002410828652387,special_case
2025-10-08 12:00:00,2025-10-08,12,2025,10,8,Wednesday,False,fall,3158,318894,100.97973400886636,0.1065118396644879,336.36438966045284,521.8877309369274,114.28840721470316,False,대체공휴일,True,True,True,True,127375.0,121081.0,263189.0,392489.0,0.0,0.0,0.0,0.0,13.0,12.0,1.0,7.0,4,52.0,22,0,True,True,False,True,맑음,24.4,69,18.3,27.5,0.0,0.0,0.0,0.0,0,1018.2,1014.4,0,0,0,0,4.4,12,15.5,667.0,540.0,127.0,3600.0,1,offday,test,1.2246467991473532e-16,-1.0,-0.8660254037844386,0.5000000000000001,True,114.24689289399475,0.04151432070840144,special_case
2022-09-24 13:00:00,2022-09-24,13,2022,9,24,Saturday,True,fall,4584,382094,83.35383944153578,0.0915726254037753,419.7689148509064,551.4697734101233,114.85802162782556,True,,False,False,True,True,,,222483.0,326414.0,0.0,0.0,0.0,0.0,0.0,0.0,0.0,0.0,4,52.0,22,0,False,True,False,False,맑음,21.7,50,10.8,21.5,0.0,0.0,0.0,0.0,0,1017.6,1013.7,17,17,0,0,11.9,305,24.8,784.0,655.0,129.0,3600.0,1,offday,train,-0.2588190451025208,-0.9659258262890683,-1.0,-1.8369701987210297e-16,True,114.28840721470316,0.5696144131224088,special_case
2025-04-27 14:00:00,2025-04-27,14,2025,4,27,Sunday,True,spring,3968,435330,109.7101814516129,0.0977777335148833,387.98204658705714,660.6982437864531,115.28871957024774,True,,False,False,True,True,122185.0,120136.0,289418.0,358883.0,0.0,0.0,0.0,0.0,4.0,4.0,0.0,3.0,4,52.0,22,0,True,True,False,True,흐림,16.4,51,6.2,13.6,0.0,0.0,0.0,0.0,3,1014.5,1010.6,100,0,91,100,13.9,233,37.1,585.0,191.0,394.0,3600.0,1,offday,test,-0.4999999999999998,-0.8660254037844388,0.8660254037844387,-0.49999999999999983,True,114.85802162782556,0.43069794242217085,special_case
2024-10-03 11:00:00,2024-10-03,11,2024,10,3,Thursday,False,fall,3120,309997,99.35801282051284,0.0860138816247737,268.3633106692941,397.37871335547425,115.3064209332448,False,개천절,True,False,True,False,120632.0,113626.0,236195.0,363817.0,585.0,22717.0,2364947.78,510.0,0.0,0.0,0.0,0.0,4,52.0,22,0,True,True,True,False,맑음,19.1,52,9.1,17.4,0.0,0.0,0.0,0.0,0,1023.5,1019.6,18,0,18,0,12.6,88,25.6,614.0,486.0,128.0,3600.0,1,offday,valid,0.258819045102521,-0.9659258262890682,-0.8660254037844386,0.5000000000000001,True,115.28871957024774,0.017701362997058823,special_case
2022-09-25 11:00:00,2022-09-25,11,2022,9,25,Sunday,True,fall,4893,429828,87.84549356223177,0.0550655360577097,269.43566793037377,355.48214057377686,115.67975573317602,True,,False,False,True,True,,,174692.0,265622.0,0.0,0.0,0.0,0.0,0.0,0.0,0.0,0.0,4,52.0,22,0,False,True,False,False,흐림,21.0,59,12.6,21.4,0.0,0.0,0.0,0.0,3,1018.3,1014.4,97,0,46,96,4.9,144,17.3,591.0,378.0,213.0,3600.0,1,offday,train,0.258819045102521,-0.9659258262890682,-1.0,-1.8369701987210297e-16,True,115.3064209332448,0.37333479993122864,special_case
2025-09-20 11:00:00,2025-09-20,11,2025,9,20,Saturday,True,fall,3574,456305,127.6734750979295,0.0550655360577097,196.8042258702546,343.18113178542103,115.81240924117122,True,,False,False,True,True,115669.0,107010.0,220695.0,322793.0,0.0,0.0,0.0,0.0,17.0,16.0,1.0,8.0,4,52.0,22,0,True,True,False,True,대체로 맑음,19.8,82,16.6,21.2,0.0,0.0,0.0,0.0,1,1009.7,1005.8,39,20,33,0,6.1,313,19.1,292.0,69.0,223.0,1149.11,1,offday,test,0.258819045102521,-0.9659258262890682,-1.0,-1.8369701987210297e-16,True,115.67975573317602,0.13265350799520093,special_case
2022-09-24 12:00:00,2022-09-24,12,2022,9,24,Saturday,True,fall,4584,382094,83.35383944153578,0.0738136969525007,338.36198683026333,436.6117517822977,116.5821286164819,True,,False,False,True,True,,,203808.0,301768.0,0.0,0.0,0.0,0.0,0.0,0.0,0.0,0.0,4,52.0,22,0,False,True,False,False,맑음,20.6,57,11.9,21.1,0.0,0.0,0.0,0.0,0,1018.3,1014.4,0,0,0,0,9.2,301,21.2,756.0,628.0,128.0,3600.0,1,offday,train,1.2246467991473532e-16,-1.0,-1.0,-1.8369701987210297e-16,True,115.81240924117122,0.7697193753106717,special_case
2024-09-28 11:00:00,2024-09-28,11,2024,9,28,Saturday,True,fall,5061,433205,85.59672001580715,0.0550655360577097,278.686677988069,360.4999178050913,117.00760319063812,True,,False,False,True,True,108403.0,100418.0,204482.0,304686.0,560.0,18119.0,1940048.06,480.0,0.0,0.0,0.0,0.0,4,52.0,22,0,True,True,True,False,맑음,23.9,61,16.0,24.1,0.0,0.0,0.0,0.0,0,1019.5,1015.6,4,4,0,0,15.5,81,30.2,616.0,480.0,136.0,3600.0,1,offday,valid,0.258819045102521,-0.9659258262890682,-1.0,-1.8369701987210297e-16,True,116.5821286164819,0.425474574156226,special_case
2023-09-03 11:00:00,2023-09-03,11,2023,9,3,Sunday,True,fall,3849,453195,117.7435697583788,0.0550655360577097,211.9472482861248,352.3108409800326,117.73192685330928,True,,False,False,True,True,102184.0,95020.0,197610.0,287652.0,0.0,0.0,0.0,0.0,0.0,0.0,0.0,0.0,4,52.0,22,0,True,True,False,False,대체로 맑음,27.0,77,22.6,31.2,0.0,0.0,0.0,0.0,1,1013.6,1009.8,48,39,9,8,6.9,99,20.9,542.0,334.0,208.0,3600.0,1,offday,train,0.258819045102521,-0.9659258262890682,-1.0,-1.8369701987210297e-16,True,117.00760319063812,0.7243236626711536,special_case
2022-05-21 12:00:00,2022-05-21,12,2022,5,21,Saturday,True,spring,7059,413591,58.59059356849412,0.0657770680274524,464.32032320578674,453.4133890423679,118.22660198025676,True,,False,False,True,True,,,213834.0,325207.0,0.0,0.0,0.0,0.0,0.0,0.0,0.0,0.0,4,52.0,22,0,False,True,False,False,대체로 맑음,22.1,56,12.9,21.8,0.0,0.0,0.0,0.0,1,1010.6,1006.8,48,44,8,0,13.5,236,30.2,690.0,380.0,310.0,3600.0,1,offday,train,1.2246467991473532e-16,-1.0,0.49999999999999994,-0.8660254037844387,True,117.73192685330928,0.4946751269474845,special_case
2025-04-27 12:00:00,2025-04-27,12,2025,4,27,Sunday,True,spring,3968,435330,109.7101814516129,0.0657770680274524,261.0034059329313,420.8608345230153,118.23178804136114,True,,False,False,True,True,119821.0,115406.0,254261.0,351039.0,0.0,0.0,0.0,0.0,4.0,4.0,0.0,3.0,4,52.0,22,0,True,True,False,True,흐림,16.8,47,5.3,14.1,0.0,0.0,0.0,0.0,3,1015.7,1011.8,100,0,0,100,16.5,225,38.5,715.0,374.0,341.0,3600.0,1,offday,test,1.2246467991473532e-16,-1.0,0.8660254037844387,-0.49999999999999983,True,118.22660198025676,0.005186061104382134,special_case
2022-05-21 13:00:00,2022-05-21,13,2022,5,21,Saturday,True,spring,7059,413591,58.59059356849412,0.0829554972469645,585.582855066323,571.8274510311554,118.41406198878748,True,,False,False,True,True,,,232173.0,351954.0,0.0,0.0,0.0,0.0,0.0,0.0,0.0,0.0,4,52.0,22,0,False,True,False,False,맑음,22.4,56,13.1,22.1,0.0,0.0,0.0,0.0,0,1009.5,1005.7,13,8,6,0,15.1,232,32.4,734.0,364.0,370.0,3600.0,1,offday,train,-0.2588190451025208,-0.9659258262890683,0.49999999999999994,-0.8660254037844387,True,118.23178804136114,0.18227394742633862,special_case
2025-10-08 11:00:00,2025-10-08,11,2025,10,8,Wednesday,False,fall,3158,318894,100.97973400886636,0.0860138816247737,271.6318381710355,407.5993237222242,118.53013752610138,False,대체공휴일,True,True,True,True,115105.0,107090.0,225556.0,348326.0,0.0,0.0,0.0,0.0,13.0,12.0,1.0,7.0,4,52.0,22,0,True,True,False,True,맑음,22.9,75,18.2,25.5,0.0,0.0,0.0,0.0,0,1018.6,1014.7,0,0,0,0,3.4,18,14.4,576.0,449.0,127.0,3600.0,1,offday,test,0.258819045102521,-0.9659258262890682,-0.8660254037844386,0.5000000000000001,True,118.41406198878748,0.11607553731390396,special_case
2023-09-03 14:00:00,2023-09-03,14,2023,9,3,Sunday,True,fall,3849,453195,117.7435697583788,0.1053558771818858,405.5147712730787,744.7226689250137,118.83524680958136,True,,False,False,True,True,114872.0,111185.0,261221.0,333016.0,0.0,0.0,0.0,0.0,0.0,0.0,0.0,0.0,4,52.0,22,0,True,True,False,False,흐림,29.1,71,23.4,35.5,0.0,0.0,0.0,0.0,3,1011.9,1008.1,88,2,12,86,3.8,107,19.4,745.0,584.0,161.0,3600.0,1,offday,train,-0.4999999999999998,-0.8660254037844388,-1.0,-1.8369701987210297e-16,True,118.53013752610138,0.3051092834799789,special_case
2025-04-26 13:00:00,2025-04-26,13,2025,4,26,Saturday,True,spring,4412,415974,94.2824116047144,0.0829554972469645,365.9996538536077,531.8170646440126,119.02777610149536,True,,False,False,True,True,126274.0,119948.0,277611.0,389087.0,0.0,0.0,0.0,0.0,4.0,4.0,0.0,3.0,4,52.0,22,0,True,True,False,True,맑음,16.4,49,5.8,14.7,0.0,0.0,0.0,0.0,0,1018.3,1014.3,0,0,0,0,15.6,233,37.4,875.0,681.0,194.0,3600.0,1,offday,test,-0.2588190451025208,-0.9659258262890683,0.8660254037844387,-0.49999999999999983,True,118.83524680958136,0.19252929191399915,special_case
2025-10-18 12:00:00,2025-10-18,12,2025,10,18,Saturday,True,fall,3839,397366,103.50768429278456,0.0738136969525007,283.3707826006503,436.6603863602341,119.77968989014232,True,,False,False,True,True,127375.0,121081.0,263189.0,392489.0,0.0,0.0,0.0,0.0,20.0,17.0,3.0,12.0,4,52.0,22,0,True,True,False,True,흐림,16.6,75,12.2,15.7,0.0,0.0,0.0,0.0,3,1020.3,1016.3,100,34,0,100,11.1,323,29.9,426.0,144.0,282.0,3600.0,1,offday,test,1.2246467991473532e-16,-1.0,-0.8660254037844386,0.5000000000000001,True,119.02777610149536,0.7519137886469593,special_case
2024-10-09 10:00:00,2024-10-09,10,2024,10,9,Wednesday,False,fall,3382,372716,110.20579538734476,0.0630383817289576,213.19580700733465,331.27126458601003,119.9692500327414,False,한글날,True,False,True,False,123410.0,114950.0,224680.0,341541.0,534.0,18092.0,1874364.94,454.0,0.0,0.0,0.0,0.0,4,52.0,22,0,True,True,True,False,맑음,18.3,71,13.0,17.8,0.0,0.0,0.0,0.0,0,1018.7,1014.8,4,0,0,4,10.1,85,22.0,449.0,331.0,118.0,3600.0,1,offday,valid,0.49999999999999994,-0.8660254037844387,-0.8660254037844386,0.5000000000000001,True,119.77968989014232,0.1895601425990776,special_case
2022-09-18 14:00:00,2022-09-18,14,2022,9,18,Sunday,True,fall,6875,498703,72.53861818181818,0.1053558771818858,724.3216556254653,855.8855727534927,120.27440446259664,True,,False,False,True,True,,,237928.0,302473.0,0.0,0.0,0.0,0.0,0.0,0.0,0.0,0.0,4,52.0,22,0,False,True,False,False,맑음,30.7,62,22.5,35.5,0.0,0.0,0.0,0.0,0,1003.5,999.8,2,2,0,0,8.3,34,21.2,690.0,501.0,189.0,3600.0,1,offday,train,-0.4999999999999998,-0.8660254037844388,-1.0,-1.8369701987210297e-16,True,119.9692500327414,0.3051544298552358,special_case
2025-10-18 13:00:00,2025-10-18,13,2025,10,18,Saturday,True,fall,3839,397366,103.50768429278456,0.0915726254037753,351.5473089250937,557.0274180449002,120.36703168466612,True,,False,False,True,True,133452.0,129282.0,289919.0,426437.0,0.0,0.0,0.0,0.0,20.0,17.0,3.0,12.0,4,52.0,22,0,True,True,False,True,흐림,16.8,73,11.9,15.9,0.0,0.0,0.0,0.0,3,1020.2,1016.2,100,25,0,100,10.2,307,27.4,296.0,16.0,280.0,0.0,1,offday,test,-0.2588190451025208,-0.9659258262890683,-0.8660254037844386,0.5000000000000001,True,120.27440446259664,0.09262722206948126,special_case
2025-09-20 14:00:00,2025-09-20,14,2025,9,20,Saturday,True,fall,3574,456305,127.6734750979295,0.1053558771818858,376.54190504806,737.5614788898588,121.30122401548306,True,,False,False,True,True,130450.0,127036.0,290975.0,362837.0,0.0,0.0,0.0,0.0,17.0,16.0,1.0,8.0,4,52.0,22,0,True,True,False,True,부분적으로 흐림,22.3,68,16.0,23.2,0.0,0.0,0.0,0.0,2,1009.0,1005.2,66,66,1,0,8.0,308,23.0,334.0,33.0,301.0,0.0,1,offday,test,-0.4999999999999998,-0.8660254037844388,-1.0,-1.8369701987210297e-16,True,120.36703168466612,0.9341923308169413,special_case
2023-09-02 12:00:00,2023-09-02,12,2023,9,2,Saturday,True,fall,3905,404509,103.58745198463508,0.0738136969525007,288.24248659951536,444.4533170469606,121.92809378181757,True,,False,False,True,True,114019.0,106991.0,224885.0,326978.0,0.0,0.0,0.0,0.0,0.0,0.0,0.0,0.0,4,52.0,22,0,True,True,False,False,부분적으로 흐림,27.4,55,17.6,31.1,0.0,0.0,0.0,0.0,2,1012.7,1008.9,77,0,0,77,4.9,73,15.1,818.0,683.0,135.0,3600.0,1,offday,train,1.2246467991473532e-16,-1.0,-1.0,-1.8369701987210297e-16,True,121.30122401548306,0.626869766334508,special_case
2023-09-02 13:00:00,2023-09-02,13,2023,9,2,Saturday,True,fall,3905,404509,103.58745198463508,0.0915726254037753,357.5911022017429,566.9870279448795,122.53371089791892,True,,False,False,True,True,118241.0,112923.0,246366.0,358598.0,0.0,0.0,0.0,0.0,0.0,0.0,0.0,0.0,4,52.0,22,0,True,True,False,False,부분적으로 흐림,28.2,50,16.6,31.6,0.0,0.0,0.0,0.0,2,1012.2,1008.4,59,0,0,59,4.8,63,15.1,825.0,630.0,195.0,3600.0,1,offday,train,-0.2588190451025208,-0.9659258262890683,-1.0,-1.8369701987210297e-16,True,121.92809378181757,0.6056171161013566,special_case
2025-04-27 13:00:00,2025-04-27,13,2025,4,27,Sunday,True,spring,3968,435330,109.7101814516129,0.0829554972469645,329.16741307595544,545.4095242162053,124.54868969319006,True,,False,False,True,True,126274.0,119948.0,277611.0,389087.0,0.0,0.0,0.0,0.0,4.0,4.0,0.0,3.0,4,52.0,22,0,True,True,False,True,흐림,16.8,49,5.8,14.1,0.0,0.0,0.0,0.0,3,1015.2,1011.3,100,0,9,100,16.0,231,38.2,679.0,280.0,399.0,3600.0,1,offday,test,-0.2588190451025208,-0.9659258262890683,0.8660254037844387,-0.49999999999999983,True,122.53371089791892,2.0149787952711335,special_case
2023-09-10 12:00:00,2023-09-10,12,2023,9,10,Sunday,True,fall,3847,425511,110.60852612425266,0.0738136969525007,283.9612921762703,462.6406968531298,127.84783859766084,True,,False,False,True,True,114019.0,106991.0,224885.0,326978.0,0.0,0.0,0.0,0.0,0.0,0.0,0.0,0.0,4,52.0,22,0,True,True,False,False,흐림,26.0,73,20.6,29.4,0.0,0.0,0.0,0.0,3,1011.2,1007.4,100,7,51,100,5.0,249,13.0,250.0,37.0,213.0,0.0,1,offday,train,1.2246467991473532e-16,-1.0,-1.0,-1.8369701987210297e-16,True,124.54868969319006,3.2991489044707834,special_case
2023-09-09 12:00:00,2023-09-09,12,2023,9,9,Saturday,True,fall,4206,426609,101.4286733238231,0.0738136969525007,310.4604093822181,470.3789859242158,128.72760252700925,True,,False,False,True,True,114019.0,106991.0,224885.0,326978.0,0.0,0.0,0.0,0.0,0.0,0.0,0.0,0.0,4,52.0,22,0,True,True,False,False,부분적으로 흐림,27.5,66,20.5,32.4,0.0,0.0,0.0,0.0,2,1012.1,1008.3,60,0,0,60,4.7,279,15.8,786.0,656.0,130.0,3600.0,1,offday,train,1.2246467991473532e-16,-1.0,-1.0,-1.8369701987210297e-16,True,127.84783859766084,0.8797639293484139,special_case
2023-09-09 13:00:00,2023-09-09,13,2023,9,9,Saturday,True,fall,4206,426609,101.4286733238231,0.0915726254037753,385.1544624482793,599.5205104528843,129.14152452866853,True,,False,False,True,True,118241.0,112923.0,246366.0,358598.0,0.0,0.0,0.0,0.0,0.0,0.0,0.0,0.0,4,52.0,22,0,True,True,False,False,대체로 맑음,28.2,62,20.1,33.0,0.0,0.0,0.0,0.0,1,1011.4,1007.6,37,0,0,37,5.4,278,16.6,811.0,671.0,140.0,3600.0,1,offday,train,-0.2588190451025208,-0.9659258262890683,-1.0,-1.8369701987210297e-16,True,128.72760252700925,0.41392200165927306,special_case
2023-09-10 13:00:00,2023-09-10,13,2023,9,10,Sunday,True,fall,3847,425511,110.60852612425266,0.0915726254037753,352.27988992832394,591.794264484646,129.15356763151618,True,,False,False,True,True,118241.0,112923.0,246366.0,358598.0,0.0,0.0,0.0,0.0,0.0,0.0,0.0,0.0,4,52.0,22,0,True,True,False,False,흐림,26.3,72,20.8,29.9,0.0,0.0,0.0,0.0,3,1010.6,1006.8,93,2,13,92,4.4,279,13.7,334.0,95.0,239.0,1589.56,1,offday,train,-0.2588190451025208,-0.9659258262890683,-1.0,-1.8369701987210297e-16,True,129.14152452866853,0.012043102847655973,special_case
2022-09-25 13:00:00,2022-09-25,13,2022,9,25,Sunday,True,fall,4893,429828,87.84549356223177,0.0915726254037753,448.064856100673,615.6809991404117,129.46776067197828,True,,False,False,True,True,,,222483.0,326414.0,0.0,0.0,0.0,0.0,0.0,0.0,0.0,0.0,4,52.0,22,0,False,True,False,False,맑음,22.7,49,11.4,24.0,0.0,0.0,0.0,0.0,0,1016.9,1013.0,0,0,0,0,2.1,329,11.9,723.0,533.0,190.0,3600.0,1,offday,train,-0.2588190451025208,-0.9659258262890683,-1.0,-1.8369701987210297e-16,True,129.15356763151618,0.3141930404621007,special_case
2024-09-28 13:00:00,2024-09-28,13,2024,9,28,Saturday,True,fall,5061,433205,85.59672001580715,0.0915726254037753,463.4490571685072,622.8189800303691,130.35677861049606,True,,False,False,True,True,124352.0,120608.0,258882.0,380199.0,623.0,21563.0,2056922.1,609.0,0.0,0.0,0.0,0.0,4,52.0,22,0,True,True,True,False,맑음,25.7,57,16.6,26.7,0.0,0.0,0.0,0.0,0,1018.5,1014.7,2,1,0,0,15.3,81,29.9,729.0,592.0,137.0,3600.0,1,offday,valid,-0.2588190451025208,-0.9659258262890683,-1.0,-1.8369701987210297e-16,True,129.46776067197828,0.8890179385177817,special_case
2022-09-25 12:00:00,2022-09-25,12,2022,9,25,Sunday,True,fall,4893,429828,87.84549356223177,0.0738136969525007,361.1704191885861,486.2132384684334,130.73109789465656,True,,False,False,True,True,,,203808.0,301768.0,0.0,0.0,0.0,0.0,0.0,0.0,0.0,0.0,4,52.0,22,0,False,True,False,False,대체로 맑음,22.0,52,11.8,23.0,0.0,0.0,0.0,0.0,1,1017.6,1013.7,39,0,12,38,2.2,171,15.1,661.0,411.0,250.0,3600.0,1,offday,train,1.2246467991473532e-16,-1.0,-1.0,-1.8369701987210297e-16,True,130.35677861049606,0.3743192841604923,special_case
2025-09-27 10:00:00,2025-09-27,10,2025,9,27,Saturday,True,fall,5508,653955,118.72821350762528,0.0378925808716765,208.7123354411943,337.85254173350205,131.2513071237919,True,,False,False,True,True,121550.0,113807.0,206448.0,315696.0,0.0,0.0,0.0,0.0,17.0,15.0,2.0,9.0,4,52.0,22,0,True,True,False,True,부분적으로 흐림,22.9,76,18.5,24.9,0.0,0.0,0.0,0.0,2,1019.5,1015.6,58,0,0,58,7.4,96,19.4,491.0,374.0,117.0,3600.0,1,offday,test,0.49999999999999994,-0.8660254037844387,-1.0,-1.8369701987210297e-16,True,130.73109789465656,0.5202092291353324,special_case
2024-09-28 12:00:00,2024-09-28,12,2024,9,28,Saturday,True,fall,5061,433205,85.59672001580715,0.0738136969525007,373.57112027660617,492.462201419873,131.9622836147817,True,,False,False,True,True,118989.0,114781.0,234418.0,344657.0,633.0,20681.0,2078532.54,597.0,0.0,0.0,0.0,0.0,4,52.0,22,0,True,True,True,False,맑음,25.0,58,16.2,25.8,0.0,0.0,0.0,0.0,0,1019.1,1015.3,3,3,0,0,15.0,80,30.6,702.0,561.0,141.0,3600.0,1,offday,valid,1.2246467991473532e-16,-1.0,-1.0,-1.8369701987210297e-16,True,131.2513071237919,0.7109764909898217,special_case
2025-09-21 14:00:00,2025-09-21,14,2025,9,21,Sunday,True,fall,4673,514104,110.01583565161566,0.1053558771818858,492.3280140709526,849.0400190688192,133.58726544820547,True,,False,False,True,True,130450.0,127036.0,290975.0,362837.0,0.0,0.0,0.0,0.0,17.0,16.0,1.0,8.0,4,52.0,22,0,True,True,False,True,맑음,25.4,51,14.4,26.6,0.0,0.0,0.0,0.0,0,1017.3,1013.5,4,3,1,0,6.6,22,19.8,676.0,503.0,173.0,3600.0,1,offday,test,-0.4999999999999998,-0.8660254037844388,-1.0,-1.8369701987210297e-16,True,131.9622836147817,1.6249818334237602,special_case
2024-10-09 12:00:00,2024-10-09,12,2024,10,9,Wednesday,False,fall,3382,372716,110.20579538734476,0.1065118396644879,360.22304174529813,603.6365924846328,134.34322709547996,False,한글날,True,False,True,False,130567.0,126480.0,266914.0,391643.0,705.0,27213.0,2754369.86,628.0,0.0,0.0,0.0,0.0,4,52.0,22,0,True,True,True,False,부분적으로 흐림,21.1,57,12.3,21.3,0.0,0.0,0.0,0.0,2,1017.6,1013.7,65,0,0,65,8.5,89,21.6,670.0,537.0,133.0,3600.0,1,offday,valid,1.2246467991473532e-16,-1.0,-0.8660254037844386,0.5000000000000001,True,133.58726544820547,0.7559616472744892,special_case
2025-09-21 11:00:00,2025-09-21,11,2025,9,21,Sunday,True,fall,4673,514104,110.01583565161566,0.0550655360577097,257.3212499976776,404.9280095252064,134.54686534584192,True,,False,False,True,True,115669.0,107010.0,220695.0,322793.0,0.0,0.0,0.0,0.0,17.0,16.0,1.0,8.0,4,52.0,22,0,True,True,False,True,맑음,23.0,63,15.6,24.4,0.0,0.0,0.0,0.0,0,1018.9,1015.0,12,6,9,0,7.8,52,21.2,643.0,504.0,139.0,3600.0,1,offday,test,0.258819045102521,-0.9659258262890682,-1.0,-1.8369701987210297e-16,True,134.34322709547996,0.20363825036196204,special_case
2025-09-20 12:00:00,2025-09-20,12,2025,9,20,Saturday,True,fall,3574,456305,127.6734750979295,0.0738136969525007,263.8101529082376,477.934445951921,134.7533141665,True,,False,False,True,True,126915.0,121371.0,254165.0,356827.0,0.0,0.0,0.0,0.0,17.0,16.0,1.0,8.0,4,52.0,22,0,True,True,False,True,흐림,21.9,71,16.5,23.7,0.0,0.0,0.0,0.0,3,1009.4,1005.6,91,91,14,0,8.9,310,24.1,702.0,508.0,194.0,3600.0,1,offday,test,1.2246467991473532e-16,-1.0,-1.0,-1.8369701987210297e-16,True,134.54686534584192,0.2064488206580677,special_case
2023-09-03 12:00:00,2023-09-03,12,2023,9,3,Sunday,True,fall,3849,453195,117.7435697583788,0.0738136969525007,284.1089195701753,488.0854315119466,135.774590531914,True,,False,False,True,True,114019.0,106991.0,224885.0,326978.0,0.0,0.0,0.0,0.0,0.0,0.0,0.0,0.0,4,52.0,22,0,True,True,False,False,흐림,28.1,73,22.9,33.8,0.0,0.0,0.0,0.0,3,1013.2,1009.4,100,27,18,100,5.4,110,19.4,716.0,522.0,194.0,3600.0,1,offday,train,1.2246467991473532e-16,-1.0,-1.0,-1.8369701987210297e-16,True,134.7533141665,1.0212763654139962,special_case
2023-09-03 13:00:00,2023-09-03,13,2023,9,3,Sunday,True,fall,3849,453195,117.7435697583788,0.0915726254037753,352.4630351791315,625.8874221154324,137.80199060348582,True,,False,False,True,True,118241.0,112923.0,246366.0,358598.0,0.0,0.0,0.0,0.0,0.0,0.0,0.0,0.0,4,52.0,22,0,True,True,False,False,부분적으로 흐림,28.7,71,23.0,34.1,0.0,0.0,0.0,0.0,2,1012.3,1008.5,65,1,10,61,6.1,93,19.1,685.0,368.0,317.0,3600.0,1,offday,train,-0.2588190451025208,-0.9659258262890683,-1.0,-1.8369701987210297e-16,True,135.774590531914,2.027400071571833,special_case
2024-10-09 11:00:00,2024-10-09,11,2024,10,9,Wednesday,False,fall,3382,372716,110.20579538734476,0.0860138816247737,290.8989476549848,469.2933653891529,138.02210080314285,False,한글날,True,False,True,False,120632.0,113626.0,236195.0,363817.0,589.0,21447.0,2169436.04,503.0,0.0,0.0,0.0,0.0,4,52.0,22,0,True,True,True,False,대체로 맑음,20.0,63,12.9,19.7,0.0,0.0,0.0,0.0,1,1018.2,1014.3,24,0,0,24,9.6,84,22.3,588.0,462.0,126.0,3600.0,1,offday,valid,0.258819045102521,-0.9659258262890682,-0.8660254037844386,0.5000000000000001,True,137.80199060348582,0.22011019965702872,special_case
2022-09-18 11:00:00,2022-09-18,11,2022,9,18,Sunday,True,fall,6875,498703,72.53861818181818,0.0550655360577097,378.5755603967544,433.0164628781066,138.0903370242027,True,,False,False,True,True,,,174692.0,265622.0,0.0,0.0,0.0,0.0,0.0,0.0,0.0,0.0,4,52.0,22,0,False,True,False,False,대체로 맑음,27.6,70,21.8,31.3,0.0,0.0,0.0,0.0,1,1006.1,1002.3,28,0,17,26,10.8,356,22.3,640.0,501.0,139.0,3600.0,1,offday,train,0.258819045102521,-0.9659258262890682,-1.0,-1.8369701987210297e-16,True,138.02210080314285,0.0682362210598626,special_case
2025-09-20 13:00:00,2025-09-20,13,2025,9,20,Saturday,True,fall,3574,456305,127.6734750979295,0.0915726254037753,327.28056319309326,616.2602548743757,138.3258089224547,True,,False,False,True,True,131791.0,126324.0,275145.0,387702.0,0.0,0.0,0.0,0.0,17.0,16.0,1.0,8.0,4,52.0,22,0,True,True,False,True,흐림,22.1,69,16.1,22.9,0.0,0.0,0.0,0.0,3,1009.2,1005.4,99,99,2,0,9.1,302,24.5,449.0,101.0,348.0,1984.33,1,offday,test,-0.2588190451025208,-0.9659258262890683,-1.0,-1.8369701987210297e-16,True,138.0903370242027,0.2354718982520012,special_case
2022-05-05 10:00:00,2022-05-05,10,2022,5,5,Thursday,False,spring,4234,493800,116.62730278696267,0.0553484319653476,234.345260941282,380.2864029299106,138.7427416704643,False,어린이날,True,False,True,False,,,172412.0,265296.0,0.0,0.0,0.0,0.0,0.0,0.0,0.0,0.0,4,52.0,22,0,False,True,False,False,맑음,19.1,35,3.3,16.9,0.0,0.0,0.0,0.0,0,1020.9,1017.0,0,0,0,0,8.4,200,20.5,637.0,473.0,164.0,3600.0,1,offday,train,0.49999999999999994,-0.8660254037844387,0.49999999999999994,-0.8660254037844387,True,138.3258089224547,0.4169327480096001,special_case
2022-05-05 13:00:00,2022-05-05,13,2022,5,5,Thursday,False,spring,4234,493800,116.62730278696267,0.111787395763264,473.30783366166,858.0978959275046,145.53076182109896,False,어린이날,True,False,True,False,,,232173.0,351954.0,0.0,0.0,0.0,0.0,0.0,0.0,0.0,0.0,4,52.0,22,0,False,True,False,False,맑음,22.1,28,2.9,20.4,0.0,0.0,0.0,0.0,0,1019.5,1015.6,0,0,0,0,14.3,225,31.3,907.0,715.0,192.0,3600.0,1,offday,train,-0.2588190451025208,-0.9659258262890683,0.49999999999999994,-0.8660254037844387,True,138.7427416704643,6.788020150634651,special_case
2022-09-18 13:00:00,2022-09-18,13,2022,9,18,Sunday,True,fall,6875,498703,72.53861818181818,0.0915726254037753,629.5617996509558,735.6111682908961,149.0284283294077,True,,False,False,True,True,,,222483.0,326414.0,0.0,0.0,0.0,0.0,0.0,0.0,0.0,0.0,4,52.0,22,0,False,True,False,False,대체로 맑음,29.6,64,22.0,33.9,0.0,0.0,0.0,0.0,1,1004.3,1000.6,38,0,8,37,10.4,14,25.2,698.0,494.0,204.0,3600.0,1,offday,train,-0.2588190451025208,-0.9659258262890683,-1.0,-1.8369701987210297e-16,True,145.53076182109896,3.4976665083087255,special_case
2022-09-18 12:00:00,2022-09-18,12,2022,9,18,Sunday,True,fall,6875,498703,72.53861818181818,0.0738136969525007,507.4691665484425,586.5827399614884,153.5662770833818,True,,False,False,True,True,,,203808.0,301768.0,0.0,0.0,0.0,0.0,0.0,0.0,0.0,0.0,4,52.0,22,0,False,True,False,False,부분적으로 흐림,28.6,67,21.9,32.5,0.0,0.0,0.0,0.0,2,1005.1,1001.4,62,0,15,61,12.6,357,25.2,712.0,544.0,168.0,3600.0,1,offday,train,1.2246467991473532e-16,-1.0,-1.0,-1.8369701987210297e-16,True,149.0284283294077,4.537848753974117,special_case
2025-09-21 12:00:00,2025-09-21,12,2025,9,21,Sunday,True,fall,4673,514104,110.01583565161566,0.0738136969525007,344.9314058590359,559.4336950182385,154.5056854930321,True,,False,False,True,True,126915.0,121371.0,254165.0,356827.0,0.0,0.0,0.0,0.0,17.0,16.0,1.0,8.0,4,52.0,22,0,True,True,False,True,맑음,24.2,56,14.9,25.8,0.0,0.0,0.0,0.0,0,1018.7,1014.8,12,10,3,0,6.4,47,21.2,692.0,534.0,158.0,3600.0,1,offday,test,1.2246467991473532e-16,-1.0,-1.0,-1.8369701987210297e-16,True,153.5662770833818,0.9394084096502979,special_case
2025-09-21 13:00:00,2025-09-21,13,2025,9,21,Sunday,True,fall,4673,514104,110.01583565161566,0.0915726254037753,427.9188785118424,715.4527536206137,156.01905860237525,True,,False,False,True,True,131791.0,126324.0,275145.0,387702.0,0.0,0.0,0.0,0.0,17.0,16.0,1.0,8.0,4,52.0,22,0,True,True,False,True,맑음,25.0,53,14.8,26.6,0.0,0.0,0.0,0.0,0,1018.0,1014.2,11,10,9,0,6.6,37,18.7,716.0,554.0,162.0,3600.0,1,offday,test,-0.2588190451025208,-0.9659258262890683,-1.0,-1.8369701987210297e-16,True,154.5056854930321,1.5133731093431493,special_case
2022-05-05 11:00:00,2022-05-05,11,2022,5,5,Thursday,False,spring,4234,493800,116.62730278696267,0.0762910773796575,323.01642162547023,544.1887557589995,163.9023528290889,False,어린이날,True,False,True,False,,,179817.0,291051.0,0.0,0.0,0.0,0.0,0.0,0.0,0.0,0.0,4,52.0,22,0,False,True,False,False,맑음,20.7,32,3.2,18.7,0.0,0.0,0.0,0.0,0,1020.7,1016.8,0,0,0,0,11.5,221,25.9,778.0,598.0,180.0,3600.0,1,offday,train,0.258819045102521,-0.9659258262890682,0.49999999999999994,-0.8660254037844387,True,156.01905860237525,7.8832942267136445,special_case
2022-05-05 12:00:00,2022-05-05,12,2022,5,5,Thursday,False,spring,4234,493800,116.62730278696267,0.096293809375837,407.70798889729394,712.5671341064057,168.37837834740617,False,어린이날,True,False,True,False,,,213834.0,325207.0,0.0,0.0,0.0,0.0,0.0,0.0,0.0,0.0,4,52.0,22,0,False,True,False,False,맑음,21.5,28,2.2,19.4,0.0,0.0,0.0,0.0,0,1020.4,1016.5,0,0,0,0,14.3,227,30.6,871.0,681.0,190.0,3600.0,1,offday,train,1.2246467991473532e-16,-1.0,0.49999999999999994,-0.8660254037844387,True,163.9023528290889,4.476025518317272,special_case
2025-09-27 11:00:00,2025-09-27,11,2025,9,27,Saturday,True,fall,5508,653955,118.72821350762528,0.0550655360577097,303.30097260586524,507.5893492302913,169.73680749678925,True,,False,False,True,True,115669.0,107010.0,220695.0,322793.0,0.0,0.0,0.0,0.0,17.0,15.0,2.0,9.0,4,52.0,22,0,True,True,False,True,흐림,24.4,69,18.2,26.7,0.0,0.0,0.0,0.0,3,1018.9,1015.0,90,0,0,90,8.6,100,22.3,632.0,506.0,126.0,3600.0,1,offday,test,0.258819045102521,-0.9659258262890682,-1.0,-1.8369701987210297e-16,True,168.37837834740617,1.3584291493830847,special_case
2025-09-27 14:00:00,2025-09-27,14,2025,9,27,Saturday,True,fall,5508,653955,118.72821350762528,0.1053558771818858,580.3001715178273,1073.9910882259314,171.66097380676706,True,,False,False,True,True,130450.0,127036.0,290975.0,362837.0,0.0,0.0,0.0,0.0,17.0,15.0,2.0,9.0,4,52.0,22,0,True,True,False,True,흐림,26.7,56,17.1,28.1,0.0,0.0,0.0,0.0,3,1016.8,1013.0,100,19,0,99,8.3,146,20.5,565.0,277.0,288.0,3600.0,1,offday,test,-0.4999999999999998,-0.8660254037844388,-1.0,-1.8369701987210297e-16,True,169.73680749678925,1.9241663099778066,special_case
2025-09-27 12:00:00,2025-09-27,12,2025,9,27,Saturday,True,fall,5508,653955,118.72821350762528,0.0738136969525007,406.5658428143741,703.4379140855017,195.8485648552104,True,,False,False,True,True,126915.0,121371.0,254165.0,356827.0,0.0,0.0,0.0,0.0,17.0,15.0,2.0,9.0,4,52.0,22,0,True,True,False,True,흐림,25.8,64,18.4,28.3,0.0,0.0,0.0,0.0,3,1018.3,1014.5,100,2,0,100,9.1,120,23.4,693.0,520.0,173.0,3600.0,1,offday,test,1.2246467991473532e-16,-1.0,-1.0,-1.8369701987210297e-16,True,171.66097380676706,24.187591048443352,special_case
2025-09-27 13:00:00,2025-09-27,13,2025,9,27,Saturday,True,fall,5508,653955,118.72821350762528,0.0915726254037753,504.38202072399486,902.3301144191644,198.8922003336627,True,,False,False,True,True,131791.0,126324.0,275145.0,387702.0,0.0,0.0,0.0,0.0,17.0,15.0,2.0,9.0,4,52.0,22,0,True,True,False,True,흐림,26.5,55,16.9,28.4,0.0,0.0,0.0,0.0,3,1017.6,1013.8,98,3,0,98,7.9,131,23.4,645.0,384.0,261.0,3600.0,1,offday,test,-0.2588190451025208,-0.9659258262890683,-1.0,-1.8369701987210297e-16,True,195.8485648552104,3.0436354784522734,special_case
