datetime,date,hour,year,month,day_of_week,is_weekend,season,profile_type,daily_parking_count,daily_usage_minutes,avg_stay_minutes,hourly_share,estimated_entries,estimated_active_cars,estimated_active_cars_change
2026-01-01 00:00:00,2026-01-01,0,2026,1,Thursday,False,winter,weekday_winter,951,51582,54.2397476340694,0.0,0.0,0.0,0.0
2026-01-01 01:00:00,2026-01-01,1,2026,1,Thursday,False,winter,weekday_winter,951,51582,54.2397476340694,0.0,0.0,0.0,0.0
2026-01-01 02:00:00,2026-01-01,2,2026,1,Thursday,False,winter,weekday_winter,951,51582,54.2397476340694,0.0,0.0,0.0,0.0
2026-01-01 03:00:00,2026-01-01,3,2026,1,Thursday,False,winter,weekday_winter,951,51582,54.2397476340694,0.0,0.0,0.0,0.0
2026-01-01 04:00:00,2026-01-01,4,2026,1,Thursday,False,winter,weekday_winter,951,51582,54.2397476340694,0.0,0.0,0.0,0.0
2026-01-01 05:00:00,2026-01-01,5,2026,1,Thursday,False,winter,weekday_winter,951,51582,54.2397476340694,0.0,0.0,0.0,0.0
2026-01-01 06:00:00,2026-01-01,6,2026,1,Thursday,False,winter,weekday_winter,951,51582,54.2397476340694,0.007783781882715673,7.402376570462605,6.6917172845706645,6.6917172845706645
2026-01-01 07:00:00,2026-01-01,7,2026,1,Thursday,False,winter,weekday_winter,951,51582,54.2397476340694,0.016817569878023773,15.993508954000609,14.458064824137038,7.7663475395663735
2026-01-01 08:00:00,2026-01-01,8,2026,1,Thursday,False,winter,weekday_winter,951,51582,54.2397476340694,0.03173218736669319,30.177310185725226,27.280161479146138,12.8220966550091
2026-01-01 09:00:00,2026-01-01,9,2026,1,Thursday,False,winter,weekday_winter,951,51582,54.2397476340694,0.052655734511452,50.07560352039086,45.26813495949529,17.987973480349154
2026-01-01 10:00:00,2026-01-01,10,2026,1,Thursday,False,winter,weekday_winter,951,51582,54.2397476340694,0.07746909318682846,73.67310762067386,66.60017941271643,21.332044453221137
2026-01-01 11:00:00,2026-01-01,11,2026,1,Thursday,False,winter,weekday_winter,951,51582,54.2397476340694,0.10190387699749258,96.91058702461544,87.60676305474436,21.006583642027934
2026-01-01 12:00:00,2026-01-01,12,2026,1,Thursday,False,winter,weekday_winter,951,51582,54.2397476340694,0.12072108903148655,114.80575566894372,103.783920240369,16.177157185624637
2026-01-01 13:00:00,2026-01-01,13,2026,1,Thursday,False,winter,weekday_winter,951,51582,54.2397476340694,0.1293905760623905,123.05043783533335,111.2370782408371,7.4531580004681075
2026-01-01 14:00:00,2026-01-01,14,2026,1,Thursday,False,winter,weekday_winter,951,51582,54.2397476340694,0.1256000383660615,119.4456364861245,107.97835298330308,-3.2587252575340244
2026-01-01 15:00:00,2026-01-01,15,2026,1,Thursday,False,winter,weekday_winter,951,51582,54.2397476340694,0.1101580717069006,104.76032619326247,94.70289424642245,-13.275458736880637
2026-01-01 16:00:00,2026-01-01,16,2026,1,Thursday,False,winter,weekday_winter,951,51582,54.2397476340694,0.08689574171043071,82.6378503666196,74.70426914845729,-19.99862509796516
2026-01-01 17:00:00,2026-01-01,17,2026,1,Thursday,False,winter,weekday_winter,951,51582,54.2397476340694,0.06132517951453098,58.320245718318965,52.72125682864229,-21.983012319814996
2026-01-01 18:00:00,2026-01-01,18,2026,1,Thursday,False,winter,weekday_winter,951,51582,54.2397476340694,0.038531873775013936,36.643811960038256,33.125851884379486,-19.595404944262803
2026-01-01 19:00:00,2026-01-01,19,2026,1,Thursday,False,winter,weekday_winter,951,51582,54.2397476340694,0.021470943361031867,20.418867136341305,18.458570007479096,-14.66728187690039
2026-01-01 20:00:00,2026-01-01,20,2026,1,Thursday,False,winter,weekday_winter,951,51582,54.2397476340694,0.01058059361887287,10.0621445315481,9.096136334145006,-9.36243367333409
2026-01-01 21:00:00,2026-01-01,21,2026,1,Thursday,False,winter,weekday_winter,951,51582,54.2397476340694,0.004602337827400516,4.376823273857891,3.9566298302162237,-5.139506503928782
2026-01-01 22:00:00,2026-01-01,22,2026,1,Thursday,False,winter,weekday_winter,951,51582,54.2397476340694,0.0017649821906013032,1.6784980632618394,1.5173551892599404,-2.4392746409562833
2026-01-01 23:00:00,2026-01-01,23,2026,1,Thursday,False,winter,weekday_winter,951,51582,54.2397476340694,0.0005963290120730338,0.5671088904814552,0.5126640516791872,-1.0046911375807532
2026-01-02 00:00:00,2026-01-02,0,2026,1,Friday,False,winter,weekday_winter,926,45591,49.234341252699785,0.0,0.0,0.0,0.0
2026-01-02 01:00:00,2026-01-02,1,2026,1,Friday,False,winter,weekday_winter,926,45591,49.234341252699785,0.0,0.0,0.0,0.0
2026-01-02 02:00:00,2026-01-02,2,2026,1,Friday,False,winter,weekday_winter,926,45591,49.234341252699785,0.0,0.0,0.0,0.0
2026-01-02 03:00:00,2026-01-02,3,2026,1,Friday,False,winter,weekday_winter,926,45591,49.234341252699785,0.0,0.0,0.0,0.0
2026-01-02 04:00:00,2026-01-02,4,2026,1,Friday,False,winter,weekday_winter,926,45591,49.234341252699785,0.0,0.0,0.0,0.0
2026-01-02 05:00:00,2026-01-02,5,2026,1,Friday,False,winter,weekday_winter,926,45591,49.234341252699785,0.0,0.0,0.0,0.0
2026-01-02 06:00:00,2026-01-02,6,2026,1,Friday,False,winter,weekday_winter,926,45591,49.234341252699785,0.007783781882715673,7.207782023394714,5.914506663581505,5.914506663581505
2026-01-02 07:00:00,2026-01-02,7,2026,1,Friday,False,winter,weekday_winter,926,45591,49.234341252699785,0.016817569878023773,15.573069707050013,12.778830471816363,6.864323808234858
2026-01-02 08:00:00,2026-01-02,8,2026,1,Friday,False,winter,weekday_winter,926,45591,49.234341252699785,0.03173218736669319,29.384005501557894,24.11170257058182,11.332872098765456
2026-01-02 09:00:00,2026-01-02,9,2026,1,Friday,False,winter,weekday_winter,926,45591,49.234341252699785,0.052655734511452,48.75921015760456,40.01045986852681,15.89875729794499
2026-01-02 10:00:00,2026-01-02,10,2026,1,Friday,False,winter,weekday_winter,926,45591,49.234341252699785,0.07746909318682846,71.73638029100316,58.86489045801161,18.8544305894848
2026-01-02 11:00:00,2026-01-02,11,2026,1,Friday,False,winter,weekday_winter,926,45591,49.234341252699785,0.10190387699749258,94.36299009967813,77.43166093654474,18.566770478533137
2026-01-02 12:00:00,2026-01-02,12,2026,1,Friday,False,winter,weekday_winter,926,45591,49.234341252699785,0.12072108903148655,111.78772844315655,91.72991950057506,14.29825856403032
2026-01-02 13:00:00,2026-01-02,13,2026,1,Friday,False,winter,weekday_winter,926,45591,49.234341252699785,0.1293905760623905,119.8156734337736,98.31742922100742,6.587509720432351
2026-01-02 14:00:00,2026-01-02,14,2026,1,Friday,False,winter,weekday_winter,926,45591,49.234341252699785,0.1256000383660615,116.30563552697296,95.43718915245185,-2.8802400685555654
2026-01-02 15:00:00,2026-01-02,15,2026,1,Friday,False,winter,weekday_winter,926,45591,49.234341252699785,0.1101580717069006,102.00637440058996,83.70361078648843,-11.733578365963425
2026-01-02 16:00:00,2026-01-02,16,2026,1,Friday,False,winter,weekday_winter,926,45591,49.234341252699785,0.08689574171043071,80.46545682385884,66.02772933867078,-17.675881447817645
2026-01-02 17:00:00,2026-01-02,17,2026,1,Friday,False,winter,weekday_winter,926,45591,49.234341252699785,0.06132517951453098,56.78711623045569,46.597937654116365,-19.429791684554417
2026-01-02 18:00:00,2026-01-02,18,2026,1,Friday,False,winter,weekday_winter,926,45591,49.234341252699785,0.038531873775013936,35.68051511566291,29.278444287944343,-17.319493366172022
2026-01-02 19:00:00,2026-01-02,19,2026,1,Friday,False,winter,weekday_winter,926,45591,49.234341252699785,0.021470943361031867,19.88209355231551,16.314696312880066,-12.963747975064276
2026-01-02 20:00:00,2026-01-02,20,2026,1,Friday,False,winter,weekday_winter,926,45591,49.234341252699785,0.01058059361887287,9.797629691076278,8.03966406130055,-8.275032251579516
2026-01-02 21:00:00,2026-01-02,21,2026,1,Friday,False,winter,weekday_winter,926,45591,49.234341252699785,0.004602337827400516,4.261764828172878,3.4970863981502824,-4.542577663150269
2026-01-02 22:00:00,2026-01-02,22,2026,1,Friday,False,winter,weekday_winter,926,45591,49.234341252699785,0.0017649821906013032,1.6343735084968067,1.3411217175284003,-2.1559646806218824
2026-01-02 23:00:00,2026-01-02,23,2026,1,Friday,False,winter,weekday_winter,926,45591,49.234341252699785,0.0005963290120730338,0.5522006651796293,0.45312059982369474,-0.8880011177047056
2026-01-03 00:00:00,2026-01-03,0,2026,1,Saturday,True,winter,weekend_winter,862,52257,60.62296983758701,0.0,0.0,0.0,0.0
2026-01-03 01:00:00,2026-01-03,1,2026,1,Saturday,True,winter,weekend_winter,862,52257,60.62296983758701,0.0,0.0,0.0,0.0
2026-01-03 02:00:00,2026-01-03,2,2026,1,Saturday,True,winter,weekend_winter,862,52257,60.62296983758701,0.0,0.0,0.0,0.0
2026-01-03 03:00:00,2026-01-03,3,2026,1,Saturday,True,winter,weekend_winter,862,52257,60.62296983758701,0.0,0.0,0.0,0.0
2026-01-03 04:00:00,2026-01-03,4,2026,1,Saturday,True,winter,weekend_winter,862,52257,60.62296983758701,0.0,0.0,0.0,0.0
2026-01-03 05:00:00,2026-01-03,5,2026,1,Saturday,True,winter,weekend_winter,862,52257,60.62296983758701,0.0,0.0,0.0,0.0
2026-01-03 06:00:00,2026-01-03,6,2026,1,Saturday,True,winter,weekend_winter,862,52257,60.62296983758701,0.004060054716415241,3.4997671655499376,3.4997671655499376,3.4997671655499376
2026-01-03 07:00:00,2026-01-03,7,2026,1,Saturday,True,winter,weekend_winter,862,52257,60.62296983758701,0.009139971308762375,7.878655268153167,7.914992757865084,4.415225592315147
2026-01-03 08:00:00,2026-01-03,8,2026,1,Saturday,True,winter,weekend_winter,862,52257,60.62296983758701,0.01825302934016846,15.734111291225213,15.815914034438636,7.900921276573552
2026-01-03 09:00:00,2026-01-03,9,2026,1,Saturday,True,winter,weekend_winter,862,52257,60.62296983758701,0.03248325236986794,28.000563542826164,28.163928155420674,12.348014120982038
2026-01-03 10:00:00,2026-01-03,10,2026,1,Saturday,True,winter,weekend_winter,862,52257,60.62296983758701,0.05178120587736963,44.635399466292625,44.926124575002945,16.76219641958227
2026-01-03 11:00:00,2026-01-03,11,2026,1,Saturday,True,winter,weekend_winter,862,52257,60.62296983758701,0.07434834110627124,64.08827003360581,64.55171182620828,19.62558725120533
2026-01-03 12:00:00,2026-01-03,12,2026,1,Saturday,True,winter,weekend_winter,862,52257,60.62296983758701,0.09665890524129285,83.31997631799443,83.98539397089556,19.433682144687282
2026-01-03 13:00:00,2026-01-03,13,2026,1,Saturday,True,winter,weekend_winter,862,52257,60.62296983758701,0.11426971494516516,98.50049428273238,99.36559148464195,15.380197513746396
2026-01-03 14:00:00,2026-01-03,14,2026,1,Saturday,True,winter,weekend_winter,862,52257,60.62296983758701,0.12315627376898818,106.16070798886781,107.18342193762705,7.817830452985092
2026-01-03 15:00:00,2026-01-03,15,2026,1,Saturday,True,winter,weekend_winter,862,52257,60.62296983758701,0.12107765325366525,104.36893710465945,105.4711857548919,-1.7122361827351398
2026-01-03 16:00:00,2026-01-03,16,2026,1,Saturday,True,winter,weekend_winter,862,52257,60.62296983758701,0.10844236086083335,93.47731506203834,94.56096005865865,-10.910225696233255
2026-01-03 17:00:00,2026-01-03,17,2026,1,Saturday,True,winter,weekend_winter,862,52257,60.62296983758701,0.08825746705298823,76.07793659967585,77.04849572938032,-17.51246432927833
2026-01-03 18:00:00,2026-01-03,18,2026,1,Saturday,True,winter,weekend_winter,862,52257,60.62296983758701,0.06506754640594199,56.088225001922,56.87812933204625,-20.17036639733407
2026-01-03 19:00:00,2026-01-03,19,2026,1,Saturday,True,winter,weekend_winter,862,52257,60.62296983758701,0.04332087483876642,37.34259411101665,37.92494865134984,-18.953180680696413
2026-01-03 20:00:00,2026-01-03,20,2026,1,Saturday,True,winter,weekend_winter,862,52257,60.62296983758701,0.025977044160987794,22.392212066771478,22.77993389657844,-15.145014754771395
2026-01-03 21:00:00,2026-01-03,21,2026,1,Saturday,True,winter,weekend_winter,862,52257,60.62296983758701,0.014000011964665765,12.06801031354189,12.300504858782732,-10.47942903779571
2026-01-03 22:00:00,2026-01-03,22,2026,1,Saturday,True,winter,weekend_winter,862,52257,60.62296983758701,0.006770858019598214,5.83647961289366,5.961779719977419,-6.338725138805313
2026-01-03 23:00:00,2026-01-03,23,2026,1,Saturday,True,winter,weekend_winter,862,52257,60.62296983758701,0.00293543476825201,2.5303447702332327,2.5909439495086373,-3.3708357704687817
2026-01-04 00:00:00,2026-01-04,0,2026,1,Sunday,True,winter,weekend_winter,928,67702,72.95474137931035,0.0,0.0,0.0,0.0
2026-01-04 01:00:00,2026-01-04,1,2026,1,Sunday,True,winter,weekend_winter,928,67702,72.95474137931035,0.0,0.0,0.0,0.0
2026-01-04 02:00:00,2026-01-04,2,2026,1,Sunday,True,winter,weekend_winter,928,67702,72.95474137931035,0.0,0.0,0.0,0.0
2026-01-04 03:00:00,2026-01-04,3,2026,1,Sunday,True,winter,weekend_winter,928,67702,72.95474137931035,0.0,0.0,0.0,0.0
2026-01-04 04:00:00,2026-01-04,4,2026,1,Sunday,True,winter,weekend_winter,928,67702,72.95474137931035,0.0,0.0,0.0,0.0
2026-01-04 05:00:00,2026-01-04,5,2026,1,Sunday,True,winter,weekend_winter,928,67702,72.95474137931035,0.0,0.0,0.0,0.0
2026-01-04 06:00:00,2026-01-04,6,2026,1,Sunday,True,winter,weekend_winter,928,67702,72.95474137931035,0.004060054716415241,3.7677307768333437,3.7677307768333437,3.7677307768333437
2026-01-04 07:00:00,2026-01-04,7,2026,1,Sunday,True,winter,weekend_winter,928,67702,72.95474137931035,0.009139971308762375,8.481893374531484,9.295393004543886,5.527662227710542
2026-01-04 08:00:00,2026-01-04,8,2026,1,Sunday,True,winter,weekend_winter,928,67702,72.95474137931035,0.01825302934016846,16.938811227676332,18.77015681224202,9.474763807698135
2026-01-04 09:00:00,2026-01-04,9,2026,1,Sunday,True,winter,weekend_winter,928,67702,72.95474137931035,0.03248325236986794,30.144458199237448,33.80175684469587,15.031600032453852
2026-01-04 10:00:00,2026-01-04,10,2026,1,Sunday,True,winter,weekend_winter,928,67702,72.95474137931035,0.05178120587736963,48.05295905419902,54.561520054041566,20.759763209345692
2026-01-04 11:00:00,2026-01-04,11,2026,1,Sunday,True,winter,weekend_winter,928,67702,72.95474137931035,0.07434834110627124,68.9952605466197,79.37048816424867,24.808968110207104
2026-01-04 12:00:00,2026-01-04,12,2026,1,Sunday,True,winter,weekend_winter,928,67702,72.95474137931035,0.09665890524129285,89.69946406391976,104.59639334357965,25.22590517933098
2026-01-04 13:00:00,2026-01-04,13,2026,1,Sunday,True,winter,weekend_winter,928,67702,72.95474137931035,0.11426971494516516,106.04229546911327,125.40951811596032,20.813124772380675
2026-01-04 14:00:00,2026-01-04,14,2026,1,Sunday,True,winter,weekend_winter,928,67702,72.95474137931035,0.12315627376898818,114.28902205762103,137.18486394213397,11.775345826173648
2026-01-04 15:00:00,2026-01-04,15,2026,1,Sunday,True,winter,weekend_winter,928,67702,72.95474137931035,0.12107765325366525,112.36006221940136,137.03647427358098,-0.14838966855299418
2026-01-04 16:00:00,2026-01-04,16,2026,1,Sunday,True,winter,weekend_winter,928,67702,72.95474137931035,0.10844236086083335,100.63451087885335,124.89443666911276,-12.142037604468214
2026-01-04 17:00:00,2026-01-04,17,2026,1,Sunday,True,winter,weekend_winter,928,67702,72.95474137931035,0.08825746705298823,81.90292942517308,103.63116379632208,-21.26327287279068
2026-01-04 18:00:00,2026-01-04,18,2026,1,Sunday,True,winter,weekend_winter,928,67702,72.95474137931035,0.06506754640594199,60.38268306471417,78.0665375465646,-25.56462624975748
2026-01-04 19:00:00,2026-01-04,19,2026,1,Sunday,True,winter,weekend_winter,928,67702,72.95474137931035,0.04332087483876642,40.20177185037524,53.23913923191249,-24.827398314652115
2026-01-04 20:00:00,2026-01-04,20,2026,1,Sunday,True,winter,weekend_winter,928,67702,72.95474137931035,0.025977044160987794,24.106696981396674,32.78675626992418,-20.452382961988306
2026-01-04 21:00:00,2026-01-04,21,2026,1,Sunday,True,winter,weekend_winter,928,67702,72.95474137931035,0.014000011964665765,12.99201110320983,18.196944851599756,-14.589811418324427
2026-01-04 22:00:00,2026-01-04,22,2026,1,Sunday,True,winter,weekend_winter,928,67702,72.95474137931035,0.006770858019598214,6.283356242187143,9.088491972840675,-9.108452878759081
2026-01-04 23:00:00,2026-01-04,23,2026,1,Sunday,True,winter,weekend_winter,928,67702,72.95474137931035,0.00293543476825201,2.7240834649378654,4.080737716798028,-5.007754256042647
2026-01-05 00:00:00,2026-01-05,0,2026,1,Monday,False,winter,weekday_winter,1270,37990,29.913385826771652,0.0,0.0,0.0,0.0
2026-01-05 01:00:00,2026-01-05,1,2026,1,Monday,False,winter,weekday_winter,1270,37990,29.913385826771652,0.0,0.0,0.0,0.0
2026-01-05 02:00:00,2026-01-05,2,2026,1,Monday,False,winter,weekday_winter,1270,37990,29.913385826771652,0.0,0.0,0.0,0.0
2026-01-05 03:00:00,2026-01-05,3,2026,1,Monday,False,winter,weekday_winter,1270,37990,29.913385826771652,0.0,0.0,0.0,0.0
2026-01-05 04:00:00,2026-01-05,4,2026,1,Monday,False,winter,weekday_winter,1270,37990,29.913385826771652,0.0,0.0,0.0,0.0
2026-01-05 05:00:00,2026-01-05,5,2026,1,Monday,False,winter,weekday_winter,1270,37990,29.913385826771652,0.0,0.0,0.0,0.0
2026-01-05 06:00:00,2026-01-05,6,2026,1,Monday,False,winter,weekday_winter,1270,37990,29.913385826771652,0.007783781882715673,9.885402991048904,4.928431228739473,4.928431228739473
2026-01-05 07:00:00,2026-01-05,7,2026,1,Monday,False,winter,weekday_winter,1270,37990,29.913385826771652,0.016817569878023773,21.358313745090193,10.648324661102052,5.7198934323625785
2026-01-05 08:00:00,2026-01-05,8,2026,1,Monday,False,winter,weekday_winter,1270,37990,29.913385826771652,0.03173218736669319,40.29987795570035,20.091763301011238,9.443438639909186
2026-01-05 09:00:00,2026-01-05,9,2026,1,Monday,False,winter,weekday_winter,1270,37990,29.913385826771652,0.052655734511452,66.87278282954404,33.33985590150102,13.24809260048978
2026-01-05 10:00:00,2026-01-05,10,2026,1,Monday,False,winter,weekday_winter,1270,37990,29.913385826771652,0.07746909318682846,98.38574834727214,49.050847502793545,15.710991601292527
2026-01-05 11:00:00,2026-01-05,11,2026,1,Monday,False,winter,weekday_winter,1270,37990,29.913385826771652,0.10190387699749258,129.41792378681558,64.52213811891238,15.471290616118836
2026-01-05 12:00:00,2026-01-05,12,2026,1,Monday,False,winter,weekday_winter,1270,37990,29.913385826771652,0.12072108903148655,153.31578306998793,76.43656953843623,11.91443141952385
2026-01-05 13:00:00,2026-01-05,13,2026,1,Monday,False,winter,weekday_winter,1270,37990,29.913385826771652,0.1293905760623905,164.32603159923593,81.92579974350357,5.489230205067344
2026-01-05 14:00:00,2026-01-05,14,2026,1,Monday,False,winter,weekday_winter,1270,37990,29.913385826771652,0.1256000383660615,159.5120487248981,79.5257576254446,-2.400042118058977
2026-01-05 15:00:00,2026-01-05,15,2026,1,Monday,False,winter,weekday_winter,1270,37990,29.913385826771652,0.1101580717069006,139.90075106776376,69.7484190690859,-9.7773385563587
2026-01-05 16:00:00,2026-01-05,16,2026,1,Monday,False,winter,weekday_winter,1270,37990,29.913385826771652,0.08689574171043071,110.35759197224701,55.019487126321046,-14.728931942764852
2026-01-05 17:00:00,2026-01-05,17,2026,1,Monday,False,winter,weekday_winter,1270,37990,29.913385826771652,0.06132517951453098,77.88297798345434,38.829059495950524,-16.19042763037052
2026-01-05 18:00:00,2026-01-05,18,2026,1,Monday,False,winter,weekday_winter,1270,37990,29.913385826771652,0.038531873775013936,48.9354796942677,24.39709807854632,-14.431961417404203
2026-01-05 19:00:00,2026-01-05,19,2026,1,Monday,False,winter,weekday_winter,1270,37990,29.913385826771652,0.021470943361031867,27.268098068510472,13.594685638093344,-10.802412440452978
2026-01-05 20:00:00,2026-01-05,20,2026,1,Monday,False,winter,weekday_winter,1270,37990,29.913385826771652,0.01058059361887287,13.437353895968545,6.699279193016339,-6.895406445077005
2026-01-05 21:00:00,2026-01-05,21,2026,1,Monday,False,winter,weekday_winter,1270,37990,29.913385826771652,0.004602337827400516,5.844969040798655,2.914046901049093,-3.7852322919672456
2026-01-05 22:00:00,2026-01-05,22,2026,1,Monday,False,winter,weekday_winter,1270,37990,29.913385826771652,0.0017649821906013032,2.241527382063655,1.1175278903490584,-1.7965190107000346
2026-01-05 23:00:00,2026-01-05,23,2026,1,Monday,False,winter,weekday_winter,1270,37990,29.913385826771652,0.0005963290120730338,0.757337845332753,0.3775756528109092,-0.7399522375381492
2026-01-06 00:00:00,2026-01-06,0,2026,1,Tuesday,False,winter,weekday_winter,1191,48102,40.387909319899244,0.0,0.0,0.0,0.0
2026-01-06 01:00:00,2026-01-06,1,2026,1,Tuesday,False,winter,weekday_winter,1191,48102,40.387909319899244,0.0,0.0,0.0,0.0
2026-01-06 02:00:00,2026-01-06,2,2026,1,Tuesday,False,winter,weekday_winter,1191,48102,40.387909319899244,0.0,0.0,0.0,0.0
2026-01-06 03:00:00,2026-01-06,3,2026,1,Tuesday,False,winter,weekday_winter,1191,48102,40.387909319899244,0.0,0.0,0.0,0.0
2026-01-06 04:00:00,2026-01-06,4,2026,1,Tuesday,False,winter,weekday_winter,1191,48102,40.387909319899244,0.0,0.0,0.0,0.0
2026-01-06 05:00:00,2026-01-06,5,2026,1,Tuesday,False,winter,weekday_winter,1191,48102,40.387909319899244,0.0,0.0,0.0,0.0
2026-01-06 06:00:00,2026-01-06,6,2026,1,Tuesday,False,winter,weekday_winter,1191,48102,40.387909319899244,0.007783781882715673,9.270484222314368,6.240257935373156,6.240257935373156
2026-01-06 07:00:00,2026-01-06,7,2026,1,Tuesday,False,winter,weekday_winter,1191,48102,40.387909319899244,0.016817569878023773,20.029725724726312,13.482645771211658,7.242387835838501
2026-01-06 08:00:00,2026-01-06,8,2026,1,Tuesday,False,winter,weekday_winter,1191,48102,40.387909319899244,0.03173218736669319,37.793035153731594,25.439694611877936,11.957048840666278
2026-01-06 09:00:00,2026-01-06,9,2026,1,Tuesday,False,winter,weekday_winter,1191,48102,40.387909319899244,0.052655734511452,62.71297980313933,42.214102357831074,16.774407745953138
2026-01-06 10:00:00,2026-01-06,10,2026,1,Tuesday,False,winter,weekday_winter,1191,48102,40.387909319899244,0.07746909318682846,92.2656899855127,62.10697200788038,19.892869650049306
2026-01-06 11:00:00,2026-01-06,11,2026,1,Tuesday,False,winter,weekday_winter,1191,48102,40.387909319899244,0.10190387699749258,121.36751750401366,81.69633818888981,19.58936618100943
2026-01-06 12:00:00,2026-01-06,12,2026,1,Tuesday,False,winter,weekday_winter,1191,48102,40.387909319899244,0.12072108903148655,143.7788170365005,96.78209707654278,15.085758887652972
2026-01-06 13:00:00,2026-01-06,13,2026,1,Tuesday,False,winter,weekday_winter,1191,48102,40.387909319899244,0.1293905760623905,154.10417609030708,103.73242482921846,6.950327752675676
2026-01-06 14:00:00,2026-01-06,14,2026,1,Tuesday,False,winter,weekday_winter,1191,48102,40.387909319899244,0.1256000383660615,149.58964569397926,100.69355075807152,-3.0388740711469353
2026-01-06 15:00:00,2026-01-06,15,2026,1,Tuesday,False,winter,weekday_winter,1191,48102,40.387909319899244,0.1101580717069006,131.19826340291863,88.31372608742222,-12.379824670649299
2026-01-06 16:00:00,2026-01-06,16,2026,1,Tuesday,False,winter,weekday_winter,1191,48102,40.387909319899244,0.08689574171043071,103.49282837712298,69.6643161292523,-18.649409958169926
2026-01-06 17:00:00,2026-01-06,17,2026,1,Tuesday,False,winter,weekday_winter,1191,48102,40.387909319899244,0.06132517951453098,73.0382888018064,49.16439641679949,-20.499919712452808
2026-01-06 18:00:00,2026-01-06,18,2026,1,Tuesday,False,winter,weekday_winter,1191,48102,40.387909319899244,0.038531873775013936,45.8914616660416,30.891003205428675,-18.273393211370816
2026-01-06 19:00:00,2026-01-06,19,2026,1,Tuesday,False,winter,weekday_winter,1191,48102,40.387909319899244,0.021470943361031867,25.571893542988953,17.213255292539248,-13.677747912889426
2026-01-06 20:00:00,2026-01-06,20,2026,1,Tuesday,False,winter,weekday_winter,1191,48102,40.387909319899244,0.01058059361887287,12.601487000077588,8.48246190425038,-8.730793388288868
2026-01-06 21:00:00,2026-01-06,21,2026,1,Tuesday,False,winter,weekday_winter,1191,48102,40.387909319899244,0.004602337827400516,5.481384352434015,3.6896942362269938,-4.792767668023386
2026-01-06 22:00:00,2026-01-06,22,2026,1,Tuesday,False,winter,weekday_winter,1191,48102,40.387909319899244,0.0017649821906013032,2.102093789006152,1.4149862222050646,-2.274708014021929
2026-01-06 23:00:00,2026-01-06,23,2026,1,Tuesday,False,winter,weekday_winter,1191,48102,40.387909319899244,0.0005963290120730338,0.7102278533789833,0.47807696897895124,-0.9369092532261134
2026-01-07 00:00:00,2026-01-07,0,2026,1,Wednesday,False,winter,weekday_winter,1092,39594,36.25824175824176,0.0,0.0,0.0,0.0
2026-01-07 01:00:00,2026-01-07,1,2026,1,Wednesday,False,winter,weekday_winter,1092,39594,36.25824175824176,0.0,0.0,0.0,0.0
2026-01-07 02:00:00,2026-01-07,2,2026,1,Wednesday,False,winter,weekday_winter,1092,39594,36.25824175824176,0.0,0.0,0.0,0.0
2026-01-07 03:00:00,2026-01-07,3,2026,1,Wednesday,False,winter,weekday_winter,1092,39594,36.25824175824176,0.0,0.0,0.0,0.0
2026-01-07 04:00:00,2026-01-07,4,2026,1,Wednesday,False,winter,weekday_winter,1092,39594,36.25824175824176,0.0,0.0,0.0,0.0
2026-01-07 05:00:00,2026-01-07,5,2026,1,Wednesday,False,winter,weekday_winter,1092,39594,36.25824175824176,0.0,0.0,0.0,0.0
2026-01-07 06:00:00,2026-01-07,6,2026,1,Wednesday,False,winter,weekday_winter,1092,39594,36.25824175824176,0.007783781882715673,8.499889815925515,5.136517664404073,5.136517664404073
2026-01-07 07:00:00,2026-01-07,7,2026,1,Wednesday,False,winter,weekday_winter,1092,39594,36.25824175824176,0.016817569878023773,18.36478630680196,11.097914362507888,5.961396698103815
2026-01-07 08:00:00,2026-01-07,8,2026,1,Wednesday,False,winter,weekday_winter,1092,39594,36.25824175824176,0.03173218736669319,34.65154860442897,20.940070443280838,9.84215608077295
2026-01-07 09:00:00,2026-01-07,9,2026,1,Wednesday,False,winter,weekday_winter,1092,39594,36.25824175824176,0.052655734511452,57.50006208650559,34.74751920410717,13.807448760826333
2026-01-07 10:00:00,2026-01-07,10,2026,1,Wednesday,False,winter,weekday_winter,1092,39594,36.25824175824176,0.07746909318682846,84.59624976001668,51.1218545939881,16.374335389880926
2026-01-07 11:00:00,2026-01-07,11,2026,1,Wednesday,False,winter,weekday_winter,1092,39594,36.25824175824176,0.10190387699749258,111.2790336812619,67.24636843064535,16.12451383665725
2026-01-07 12:00:00,2026-01-07,12,2026,1,Wednesday,False,winter,weekday_winter,1092,39594,36.25824175824176,0.12072108903148655,131.82742922238333,79.66384665187798,12.417478221232628
2026-01-07 13:00:00,2026-01-07,13,2026,1,Wednesday,False,winter,weekday_winter,1092,39594,36.25824175824176,0.1293905760623905,141.29450906013042,85.38484114357148,5.720994491693503
2026-01-07 14:00:00,2026-01-07,14,2026,1,Wednesday,False,winter,weekday_winter,1092,39594,36.25824175824176,0.1256000383660615,137.15524189573918,82.88346531776399,-2.501375825807486
2026-01-07 15:00:00,2026-01-07,15,2026,1,Wednesday,False,winter,weekday_winter,1092,39594,36.25824175824176,0.1101580717069006,120.29261430393547,72.69331151938371,-10.19015379838028
2026-01-07 16:00:00,2026-01-07,16,2026,1,Wednesday,False,winter,weekday_winter,1092,39594,36.25824175824176,0.08689574171043071,94.89014994779033,57.34249995471322,-15.350811564670494
2026-01-07 17:00:00,2026-01-07,17,2026,1,Wednesday,False,winter,weekday_winter,1092,39594,36.25824175824176,0.06132517951453098,66.96709602986783,40.46848596163899,-16.87401399307423
2026-01-07 18:00:00,2026-01-07,18,2026,1,Wednesday,False,winter,weekday_winter,1092,39594,36.25824175824176,0.038531873775013936,42.076806162315215,25.427183504131694,-15.041302457507296
2026-01-07 19:00:00,2026-01-07,19,2026,1,Wednesday,False,winter,weekday_winter,1092,39594,36.25824175824176,0.021470943361031867,23.4462701502468,14.168675523944929,-11.258507980186765
2026-01-07 20:00:00,2026-01-07,20,2026,1,Wednesday,False,winter,weekday_winter,1092,39594,36.25824175824176,0.01058059361887287,11.554008231809174,6.9821337290942065,-7.186541794850722
2026-01-07 21:00:00,2026-01-07,21,2026,1,Wednesday,False,winter,weekday_winter,1092,39594,36.25824175824176,0.004602337827400516,5.025752907521364,3.0370827323016005,-3.945050996792606
2026-01-07 22:00:00,2026-01-07,22,2026,1,Wednesday,False,winter,weekday_winter,1092,39594,36.25824175824176,0.0017649821906013032,1.927360552136623,1.1647117475778,-1.8723709847238006
2026-01-07 23:00:00,2026-01-07,23,2026,1,Wednesday,False,winter,weekday_winter,1092,39594,36.25824175824176,0.0005963290120730338,0.6511912811837529,0.393517515066995,-0.771194232510805
2026-01-08 00:00:00,2026-01-08,0,2026,1,Thursday,False,winter,weekday_winter,1284,41964,32.6822429906542,0.0,0.0,0.0,0.0
2026-01-08 01:00:00,2026-01-08,1,2026,1,Thursday,False,winter,weekday_winter,1284,41964,32.6822429906542,0.0,0.0,0.0,0.0
2026-01-08 02:00:00,2026-01-08,2,2026,1,Thursday,False,winter,weekday_winter,1284,41964,32.6822429906542,0.0,0.0,0.0,0.0
2026-01-08 03:00:00,2026-01-08,3,2026,1,Thursday,False,winter,weekday_winter,1284,41964,32.6822429906542,0.0,0.0,0.0,0.0
2026-01-08 04:00:00,2026-01-08,4,2026,1,Thursday,False,winter,weekday_winter,1284,41964,32.6822429906542,0.0,0.0,0.0,0.0
2026-01-08 05:00:00,2026-01-08,5,2026,1,Thursday,False,winter,weekday_winter,1284,41964,32.6822429906542,0.0,0.0,0.0,0.0
2026-01-08 06:00:00,2026-01-08,6,2026,1,Thursday,False,winter,weekday_winter,1284,41964,32.6822429906542,0.007783781882715673,9.994375937406925,5.443977048771342,5.443977048771342
2026-01-08 07:00:00,2026-01-08,7,2026,1,Thursday,False,winter,weekday_winter,1284,41964,32.6822429906542,0.016817569878023773,21.593759723382526,11.762208372689827,6.318231323918485
2026-01-08 08:00:00,2026-01-08,8,2026,1,Thursday,False,winter,weekday_winter,1284,41964,32.6822429906542,0.03173218736669319,40.74412857883406,22.193491844265218,10.43128347157539
2026-01-08 09:00:00,2026-01-08,9,2026,1,Thursday,False,winter,weekday_winter,1284,41964,32.6822429906542,0.052655734511452,67.60996311270436,36.82742071730952,14.633928873044304
2026-01-08 10:00:00,2026-01-08,10,2026,1,Thursday,False,winter,weekday_winter,1284,41964,32.6822429906542,0.07746909318682846,99.47031565188774,54.18188377486782,17.3544630575583
2026-01-08 11:00:00,2026-01-08,11,2026,1,Thursday,False,winter,weekday_winter,1284,41964,32.6822429906542,0.10190387699749258,130.84457806478048,71.27157157204631,17.08968779717849
2026-01-08 12:00:00,2026-01-08,12,2026,1,Thursday,False,winter,weekday_winter,1284,41964,32.6822429906542,0.12072108903148655,155.00587831642872,84.43232966862168,13.160758096575364
2026-01-08 13:00:00,2026-01-08,13,2026,1,Thursday,False,winter,weekday_winter,1284,41964,32.6822429906542,0.1293905760623905,166.13749966410938,90.49576889803589,6.0634392294142145
2026-01-08 14:00:00,2026-01-08,14,2026,1,Thursday,False,winter,weekday_winter,1284,41964,32.6822429906542,0.1256000383660615,161.270449262023,87.84466683322341,-2.651102064812477
2026-01-08 15:00:00,2026-01-08,15,2026,1,Thursday,False,winter,weekday_winter,1284,41964,32.6822429906542,0.1101580717069006,141.44296407166038,77.04455535180628,-10.800111481417133
2026-01-08 16:00:00,2026-01-08,16,2026,1,Thursday,False,winter,weekday_winter,1284,41964,32.6822429906542,0.08689574171043071,111.57413235619303,60.774881752275235,-16.269673599531046
2026-01-08 17:00:00,2026-01-08,17,2026,1,Thursday,False,winter,weekday_winter,1284,41964,32.6822429906542,0.06132517951453098,78.74153049665777,42.89083055246296,-17.884051199812276
2026-01-08 18:00:00,2026-01-08,18,2026,1,Thursday,False,winter,weekday_winter,1284,41964,32.6822429906542,0.038531873775013936,49.474925927117894,26.949192518244743,-15.941638034218215
2026-01-08 19:00:00,2026-01-08,19,2026,1,Thursday,False,winter,weekday_winter,1284,41964,32.6822429906542,0.021470943361031867,27.568691275564916,15.016777786705685,-11.932414731539058
2026-01-08 20:00:00,2026-01-08,20,2026,1,Thursday,False,winter,weekday_winter,1284,41964,32.6822429906542,0.01058059361887287,13.585482206632767,7.400067177039685,-7.616710609666
2026-01-08 21:00:00,2026-01-08,21,2026,1,Thursday,False,winter,weekday_winter,1284,41964,32.6822429906542,0.004602337827400516,5.909401770382263,3.2188750764839207,-4.181192100555764
2026-01-08 22:00:00,2026-01-08,22,2026,1,Thursday,False,winter,weekday_winter,1284,41964,32.6822429906542,0.0017649821906013032,2.266237132732073,1.2344285441065512,-1.9844465323773695
2026-01-08 23:00:00,2026-01-08,23,2026,1,Thursday,False,winter,weekday_winter,1284,41964,32.6822429906542,0.0005963290120730338,0.7656864515017754,0.41707251104387977,-0.8173560330626715
2026-01-09 00:00:00,2026-01-09,0,2026,1,Friday,False,winter,weekday_winter,1116,52243,46.812724014336915,0.0,0.0,0.0,0.0
2026-01-09 01:00:00,2026-01-09,1,2026,1,Friday,False,winter,weekday_winter,1116,52243,46.812724014336915,0.0,0.0,0.0,0.0
2026-01-09 02:00:00,2026-01-09,2,2026,1,Friday,False,winter,weekday_winter,1116,52243,46.812724014336915,0.0,0.0,0.0,0.0
2026-01-09 03:00:00,2026-01-09,3,2026,1,Friday,False,winter,weekday_winter,1116,52243,46.812724014336915,0.0,0.0,0.0,0.0
2026-01-09 04:00:00,2026-01-09,4,2026,1,Friday,False,winter,weekday_winter,1116,52243,46.812724014336915,0.0,0.0,0.0,0.0
2026-01-09 05:00:00,2026-01-09,5,2026,1,Friday,False,winter,weekday_winter,1116,52243,46.812724014336915,0.0,0.0,0.0,0.0
2026-01-09 06:00:00,2026-01-09,6,2026,1,Friday,False,winter,weekday_winter,1116,52243,46.812724014336915,0.007783781882715673,8.686700581110692,6.7774686149785826,6.7774686149785826
2026-01-09 07:00:00,2026-01-09,7,2026,1,Friday,False,winter,weekday_winter,1116,52243,46.812724014336915,0.016817569878023773,18.768407983874532,14.6433383856266,7.865869770648018
2026-01-09 08:00:00,2026-01-09,8,2026,1,Friday,False,winter,weekday_winter,1116,52243,46.812724014336915,0.03173218736669319,35.4131211012296,27.629744409969206,12.986406024342605
2026-01-09 09:00:00,2026-01-09,9,2026,1,Friday,False,winter,weekday_winter,1116,52243,46.812724014336915,0.052655734511452,58.76379971478043,45.84822563469645,18.218481224727242
2026-01-09 10:00:00,2026-01-09,10,2026,1,Friday,False,winter,weekday_winter,1116,52243,46.812724014336915,0.07746909318682846,86.45550799650056,67.45363058932465,21.6054049546282
2026-01-09 11:00:00,2026-01-09,11,2026,1,Friday,False,winter,weekday_winter,1116,52243,46.812724014336915,0.10190387699749258,113.72472672920172,88.72940409966675,21.275773510342106
2026-01-09 12:00:00,2026-01-09,12,2026,1,Friday,False,winter,weekday_winter,1116,52243,46.812724014336915,0.12072108903148655,134.724735359139,105.11386423786587,16.384460138199117
2026-01-09 13:00:00,2026-01-09,13,2026,1,Friday,False,winter,weekday_winter,1116,52243,46.812724014336915,0.1293905760623905,144.3998828856278,112.66253108712444,7.5486668492585665
2026-01-09 14:00:00,2026-01-09,14,2026,1,Friday,False,winter,weekday_winter,1116,52243,46.812724014336915,0.1256000383660615,140.16964281652466,109.36204673930253,-3.3004843478219072
2026-01-09 15:00:00,2026-01-09,15,2026,1,Friday,False,winter,weekday_winter,1116,52243,46.812724014336915,0.1101580717069006,122.93640802490107,95.91646900306013,-13.445577736242399
2026-01-09 16:00:00,2026-01-09,16,2026,1,Friday,False,winter,weekday_winter,1116,52243,46.812724014336915,0.08689574171043071,96.97564774884067,75.66157056963385,-20.254898433426277
2026-01-09 17:00:00,2026-01-09,17,2026,1,Friday,False,winter,weekday_winter,1116,52243,46.812724014336915,0.06132517951453098,68.43890033821657,53.39685588962736,-22.26471468000649
2026-01-09 18:00:00,2026-01-09,18,2026,1,Friday,False,winter,weekday_winter,1116,52243,46.812724014336915,0.038531873775013936,43.00157113291555,33.55034469380088,-19.84651119582648
2026-01-09 19:00:00,2026-01-09,19,2026,1,Friday,False,winter,weekday_winter,1116,52243,46.812724014336915,0.021470943361031867,23.961572790911564,18.695108233506463,-14.855236460294417
2026-01-09 20:00:00,2026-01-09,20,2026,1,Friday,False,winter,weekday_winter,1116,52243,46.812724014336915,0.01058059361887287,11.807942478662124,9.21269920717959,-9.482409026326874
2026-01-09 21:00:00,2026-01-09,21,2026,1,Friday,False,winter,weekday_winter,1116,52243,46.812724014336915,0.004602337827400516,5.1362090153789755,4.007332251948085,-5.205366955231504
2026-01-09 22:00:00,2026-01-09,22,2026,1,Friday,False,winter,weekday_winter,1116,52243,46.812724014336915,0.0017649821906013032,1.9697201247110543,1.536799409726398,-2.4705328422216875
2026-01-09 23:00:00,2026-01-09,23,2026,1,Friday,False,winter,weekday_winter,1116,52243,46.812724014336915,0.0005963290120730338,0.6655031774735057,0.5192336096288585,-1.0175658000975396
2026-01-10 00:00:00,2026-01-10,0,2026,1,Saturday,True,winter,weekend_winter,767,47582,62.03650586701434,0.0,0.0,0.0,0.0
2026-01-10 01:00:00,2026-01-10,1,2026,1,Saturday,True,winter,weekend_winter,767,47582,62.03650586701434,0.0,0.0,0.0,0.0
2026-01-10 02:00:00,2026-01-10,2,2026,1,Saturday,True,winter,weekend_winter,767,47582,62.03650586701434,0.0,0.0,0.0,0.0
2026-01-10 03:00:00,2026-01-10,3,2026,1,Saturday,True,winter,weekend_winter,767,47582,62.03650586701434,0.0,0.0,0.0,0.0
2026-01-10 04:00:00,2026-01-10,4,2026,1,Saturday,True,winter,weekend_winter,767,47582,62.03650586701434,0.0,0.0,0.0,0.0
2026-01-10 05:00:00,2026-01-10,5,2026,1,Saturday,True,winter,weekend_winter,767,47582,62.03650586701434,0.0,0.0,0.0,0.0
2026-01-10 06:00:00,2026-01-10,6,2026,1,Saturday,True,winter,weekend_winter,767,47582,62.03650586701434,0.004060054716415241,3.11406196749049,3.11406196749049,3.11406196749049
2026-01-10 07:00:00,2026-01-10,7,2026,1,Saturday,True,winter,weekend_winter,767,47582,62.03650586701434,0.009139971308762375,7.010357993820742,7.116054751604753,4.001992784114263
2026-01-10 08:00:00,2026-01-10,8,2026,1,Saturday,True,winter,weekend_winter,767,47582,62.03650586701434,0.01825302934016846,14.000073503909208,14.238017423647323,7.12196267204257
2026-01-10 09:00:00,2026-01-10,9,2026,1,Saturday,True,winter,weekend_winter,767,47582,62.03650586701434,0.03248325236986794,24.91465456768871,25.38984176484443,11.151824341197107
2026-01-10 10:00:00,2026-01-10,10,2026,1,Saturday,True,winter,weekend_winter,767,47582,62.03650586701434,0.05178120587736963,39.716184907942505,40.56183224463807,15.171990479793639
2026-01-10 11:00:00,2026-01-10,11,2026,1,Saturday,True,winter,weekend_winter,767,47582,62.03650586701434,0.07434834110627124,57.02517762851004,58.37321502151757,17.811382776879498
2026-01-10 12:00:00,2026-01-10,12,2026,1,Saturday,True,winter,weekend_winter,767,47582,62.03650586701434,0.09665890524129285,74.13738032007161,76.07291546687155,17.699700445353983
2026-01-10 13:00:00,2026-01-10,13,2026,1,Saturday,True,winter,weekend_winter,767,47582,62.03650586701434,0.11426971494516516,87.64487136294169,90.16122486272334,14.088309395851795
2026-01-10 14:00:00,2026-01-10,14,2026,1,Saturday,True,winter,weekend_winter,767,47582,62.03650586701434,0.12315627376898818,94.46086198081393,97.4356835598864,7.274458697163055
2026-01-10 15:00:00,2026-01-10,15,2026,1,Saturday,True,winter,weekend_winter,767,47582,62.03650586701434,0.12107765325366525,92.86656004556124,96.07272837268057,-1.3629551872058272
2026-01-10 16:00:00,2026-01-10,16,2026,1,Saturday,True,winter,weekend_winter,767,47582,62.03650586701434,0.10844236086083335,83.17529078025917,86.3273456866296,-9.745382686050974
2026-01-10 17:00:00,2026-01-10,17,2026,1,Saturday,True,winter,weekend_winter,767,47582,62.03650586701434,0.08825746705298823,67.69347722964197,70.51659335738567,-15.810752329243925
2026-01-10 18:00:00,2026-01-10,18,2026,1,Saturday,True,winter,weekend_winter,767,47582,62.03650586701434,0.06506754640594199,49.906808093357505,52.20444415230364,-18.312149205082036
2026-01-10 19:00:00,2026-01-10,19,2026,1,Saturday,True,winter,weekend_winter,767,47582,62.03650586701434,0.04332087483876642,33.227111001333846,34.921036126101875,-17.283408026201762
2026-01-10 20:00:00,2026-01-10,20,2026,1,Saturday,True,winter,weekend_winter,767,47582,62.03650586701434,0.025977044160987794,19.92439287147764,21.052179646446863,-13.868856479655012
2026-01-10 21:00:00,2026-01-10,21,2026,1,Saturday,True,winter,weekend_winter,767,47582,62.03650586701434,0.014000011964665765,10.738009176898641,11.414278226556359,-9.637901419890504
2026-01-10 22:00:00,2026-01-10,22,2026,1,Saturday,True,winter,weekend_winter,767,47582,62.03650586701434,0.006770858019598214,5.19324810103183,5.557715079178629,-5.85656314737773
2026-01-10 23:00:00,2026-01-10,23,2026,1,Saturday,True,winter,weekend_winter,767,47582,62.03650586701434,0.00293543476825201,2.251478467249292,2.4277464710261656,-3.1299686081524634
2026-01-11 00:00:00,2026-01-11,0,2026,1,Sunday,True,winter,weekend_winter,722,46539,64.4584487534626,0.0,0.0,0.0,0.0
2026-01-11 01:00:00,2026-01-11,1,2026,1,Sunday,True,winter,weekend_winter,722,46539,64.4584487534626,0.0,0.0,0.0,0.0
2026-01-11 02:00:00,2026-01-11,2,2026,1,Sunday,True,winter,weekend_winter,722,46539,64.4584487534626,0.0,0.0,0.0,0.0
2026-01-11 03:00:00,2026-01-11,3,2026,1,Sunday,True,winter,weekend_winter,722,46539,64.4584487534626,0.0,0.0,0.0,0.0
2026-01-11 04:00:00,2026-01-11,4,2026,1,Sunday,True,winter,weekend_winter,722,46539,64.4584487534626,0.0,0.0,0.0,0.0
2026-01-11 05:00:00,2026-01-11,5,2026,1,Sunday,True,winter,weekend_winter,722,46539,64.4584487534626,0.0,0.0,0.0,0.0
2026-01-11 06:00:00,2026-01-11,6,2026,1,Sunday,True,winter,weekend_winter,722,46539,64.4584487534626,0.004060054716415241,2.931359505251804,2.931359505251804,2.931359505251804
2026-01-11 07:00:00,2026-01-11,7,2026,1,Sunday,True,winter,weekend_winter,722,46539,64.4584487534626,0.009139971308762375,6.599059284926435,6.816881220462113,3.885521715210309
2026-01-11 08:00:00,2026-01-11,8,2026,1,Sunday,True,winter,weekend_winter,722,46539,64.4584487534626,0.01825302934016846,13.178687183601628,13.66904664431673,6.852165423854617
2026-01-11 09:00:00,2026-01-11,9,2026,1,Sunday,True,winter,weekend_winter,722,46539,64.4584487534626,0.03248325236986794,23.45290821104465,24.432183235144688,10.763136590827958
2026-01-11 10:00:00,2026-01-11,10,2026,1,Sunday,True,winter,weekend_winter,722,46539,64.4584487534626,0.05178120587736963,37.38603064346088,39.128757133104294,14.696573897959606
2026-01-11 11:00:00,2026-01-11,11,2026,1,Sunday,True,winter,weekend_winter,722,46539,64.4584487534626,0.07434834110627124,53.67950227872784,56.45756397404872,17.328806840944424
2026-01-11 12:00:00,2026-01-11,12,2026,1,Sunday,True,winter,weekend_winter,722,46539,64.4584487534626,0.09665890524129285,69.78772958421344,73.77651808456488,17.318954110516167
2026-01-11 13:00:00,2026-01-11,13,2026,1,Sunday,True,winter,weekend_winter,722,46539,64.4584487534626,0.11426971494516516,82.50273419040924,87.6884844566046,13.911966372039714
2026-01-11 14:00:00,2026-01-11,14,2026,1,Sunday,True,winter,weekend_winter,722,46539,64.4584487534626,0.12315627376898818,88.91882966120946,95.04939986801757,7.360915411412975
2026-01-11 15:00:00,2026-01-11,15,2026,1,Sunday,True,winter,weekend_winter,722,46539,64.4584487534626,0.12107765325366525,87.41806564914631,94.02539973685253,-1.0240001311650389
2026-01-11 16:00:00,2026-01-11,16,2026,1,Sunday,True,winter,weekend_winter,722,46539,64.4584487534626,0.10844236086083335,78.29538454152168,84.79120063858083,-9.234199098271702
2026-01-11 17:00:00,2026-01-11,17,2026,1,Sunday,True,winter,weekend_winter,722,46539,64.4584487534626,0.08825746705298823,63.7218912122575,69.53982387244122,-15.251376766139614
2026-01-11 18:00:00,2026-01-11,18,2026,1,Sunday,True,winter,weekend_winter,722,46539,64.4584487534626,0.06506754640594199,46.978768505090116,51.71378161248293,-17.826042259958285
2026-01-11 19:00:00,2026-01-11,19,2026,1,Sunday,True,winter,weekend_winter,722,46539,64.4584487534626,0.04332087483876642,31.277671633589357,34.768545498268146,-16.945236114214786
2026-01-11 20:00:00,2026-01-11,20,2026,1,Sunday,True,winter,weekend_winter,722,46539,64.4584487534626,0.025977044160987794,18.755425884233187,21.079590819333006,-13.68895467893514
2026-01-11 21:00:00,2026-01-11,21,2026,1,Sunday,True,winter,weekend_winter,722,46539,64.4584487534626,0.014000011964665765,10.108008638488682,11.501677057725677,-9.577913761607329
2026-01-11 22:00:00,2026-01-11,22,2026,1,Sunday,True,winter,weekend_winter,722,46539,64.4584487534626,0.006770858019598214,4.888559490149911,5.639660132054229,-5.8620169256714485
2026-01-11 23:00:00,2026-01-11,23,2026,1,Sunday,True,winter,weekend_winter,722,46539,64.4584487534626,0.00293543476825201,2.119383902677951,2.482640435429395,-3.157019696624834
2026-01-12 00:00:00,2026-01-12,0,2026,1,Monday,False,winter,weekday_winter,1314,37072,28.2130898021309,0.0,0.0,0.0,0.0
2026-01-12 01:00:00,2026-01-12,1,2026,1,Monday,False,winter,weekday_winter,1314,37072,28.2130898021309,0.0,0.0,0.0,0.0
2026-01-12 02:00:00,2026-01-12,2,2026,1,Monday,False,winter,weekday_winter,1314,37072,28.2130898021309,0.0,0.0,0.0,0.0
2026-01-12 03:00:00,2026-01-12,3,2026,1,Monday,False,winter,weekday_winter,1314,37072,28.2130898021309,0.0,0.0,0.0,0.0
2026-01-12 04:00:00,2026-01-12,4,2026,1,Monday,False,winter,weekday_winter,1314,37072,28.2130898021309,0.0,0.0,0.0,0.0
2026-01-12 05:00:00,2026-01-12,5,2026,1,Monday,False,winter,weekday_winter,1314,37072,28.2130898021309,0.0,0.0,0.0,0.0
2026-01-12 06:00:00,2026-01-12,6,2026,1,Monday,False,winter,weekday_winter,1314,37072,28.2130898021309,0.007783781882715673,10.227889393888395,4.8093393659339245,4.8093393659339245
2026-01-12 07:00:00,2026-01-12,7,2026,1,Monday,False,winter,weekday_winter,1314,37072,28.2130898021309,0.016817569878023773,22.09828681972324,10.391015841968288,5.581676476034364
2026-01-12 08:00:00,2026-01-12,8,2026,1,Monday,False,winter,weekday_winter,1314,37072,28.2130898021309,0.03173218736669319,41.69609419983485,19.606260834300834,9.215244992332545
2026-01-12 09:00:00,2026-01-12,9,2026,1,Monday,False,winter,weekday_winter,1314,37072,28.2130898021309,0.052655734511452,69.18963514804793,32.53422316347581,12.927962329174974
2026-01-12 10:00:00,2026-01-12,10,2026,1,Monday,False,winter,weekday_winter,1314,37072,28.2130898021309,0.07746909318682846,101.7943884474926,47.86557037703508,15.331347213559269
2026-01-12 11:00:00,2026-01-12,11,2026,1,Monday,False,winter,weekday_winter,1314,37072,28.2130898021309,0.10190387699749258,133.90169437470524,62.963008800850744,15.097438423815667
2026-01-12 12:00:00,2026-01-12,12,2026,1,Monday,False,winter,weekday_winter,1314,37072,28.2130898021309,0.12072108903148655,158.62751098737334,74.5895368762545,11.626528075403755
2026-01-12 13:00:00,2026-01-12,13,2026,1,Monday,False,winter,weekday_winter,1314,37072,28.2130898021309,0.1293905760623905,170.0192169459811,79.946123929749,5.356587053494508
2026-01-12 14:00:00,2026-01-12,14,2026,1,Monday,False,winter,weekday_winter,1314,37072,28.2130898021309,0.1256000383660615,165.03845041300482,77.60407703844388,-2.342046891305131
2026-01-12 15:00:00,2026-01-12,15,2026,1,Monday,False,winter,weekday_winter,1314,37072,28.2130898021309,0.1101580717069006,144.7477062228674,68.06300057197032,-9.541076466473555
2026-01-12 16:00:00,2026-01-12,16,2026,1,Monday,False,winter,weekday_winter,1314,37072,28.2130898021309,0.08689574171043071,114.18100460750595,53.689982278151454,-14.373018293818866
2026-01-12 17:00:00,2026-01-12,17,2026,1,Monday,False,winter,weekday_winter,1314,37072,28.2130898021309,0.06132517951453098,80.58128588209371,37.89078424937821,-15.799198028773247
2026-01-12 18:00:00,2026-01-12,18,2026,1,Monday,False,winter,weekday_winter,1314,37072,28.2130898021309,0.038531873775013936,50.630882140368314,23.80756040978861,-14.083223839589596
2026-01-12 19:00:00,2026-01-12,19,2026,1,Monday,False,winter,weekday_winter,1314,37072,28.2130898021309,0.021470943361031867,28.212819576395873,13.266180204669556,-10.541380205119054
2026-01-12 20:00:00,2026-01-12,20,2026,1,Monday,False,winter,weekday_winter,1314,37072,28.2130898021309,0.01058059361887287,13.902900015198952,6.537396110647585,-6.728784094021972
2026-01-12 21:00:00,2026-01-12,21,2026,1,Monday,False,winter,weekday_winter,1314,37072,28.2130898021309,0.004602337827400516,6.047471905204278,2.8436311322898655,-3.693764978357719
2026-01-12 22:00:00,2026-01-12,22,2026,1,Monday,False,winter,weekday_winter,1314,37072,28.2130898021309,0.0017649821906013032,2.3191865984501123,1.0905236628328585,-1.753107469457007
2026-01-12 23:00:00,2026-01-12,23,2026,1,Monday,False,winter,weekday_winter,1314,37072,28.2130898021309,0.0005963290120730338,0.7835763218639664,0.36845181892619183,-0.7220718439066667
2026-01-13 00:00:00,2026-01-13,0,2026,1,Tuesday,False,winter,weekday_winter,1514,34197,22.587186261558784,0.0,0.0,0.0,0.0
2026-01-13 01:00:00,2026-01-13,1,2026,1,Tuesday,False,winter,weekday_winter,1514,34197,22.587186261558784,0.0,0.0,0.0,0.0
2026-01-13 02:00:00,2026-01-13,2,2026,1,Tuesday,False,winter,weekday_winter,1514,34197,22.587186261558784,0.0,0.0,0.0,0.0
2026-01-13 03:00:00,2026-01-13,3,2026,1,Tuesday,False,winter,weekday_winter,1514,34197,22.587186261558784,0.0,0.0,0.0,0.0
2026-01-13 04:00:00,2026-01-13,4,2026,1,Tuesday,False,winter,weekday_winter,1514,34197,22.587186261558784,0.0,0.0,0.0,0.0
2026-01-13 05:00:00,2026-01-13,5,2026,1,Tuesday,False,winter,weekday_winter,1514,34197,22.587186261558784,0.0,0.0,0.0,0.0
2026-01-13 06:00:00,2026-01-13,6,2026,1,Tuesday,False,winter,weekday_winter,1514,34197,22.587186261558784,0.007783781882715673,11.78464577043153,4.4363664840537975,4.4363664840537975
2026-01-13 07:00:00,2026-01-13,7,2026,1,Tuesday,False,winter,weekday_winter,1514,34197,22.587186261558784,0.016817569878023773,25.461800795327992,9.585173951979648,5.148807467925851
2026-01-13 08:00:00,2026-01-13,8,2026,1,Tuesday,False,winter,weekday_winter,1514,34197,22.587186261558784,0.03173218736669319,48.04253167317349,18.085760189646784,8.500586237667136
2026-01-13 09:00:00,2026-01-13,9,2026,1,Tuesday,False,winter,weekday_winter,1514,34197,22.587186261558784,0.052655734511452,79.72078205033833,30.011135884802066,11.925375695155282
2026-01-13 10:00:00,2026-01-13,10,2026,1,Tuesday,False,winter,weekday_winter,1514,34197,22.587186261558784,0.07746909318682846,117.28820708485829,44.15350966183288,14.142373777030812
2026-01-13 11:00:00,2026-01-13,11,2026,1,Tuesday,False,winter,weekday_winter,1514,34197,22.587186261558784,0.10190387699749258,154.28246977420378,58.0801146947209,13.92660503288802
2026-01-13 12:00:00,2026-01-13,12,2026,1,Tuesday,False,winter,weekday_winter,1514,34197,22.587186261558784,0.12072108903148655,182.77172879367063,68.80498469349575,10.724869998774857
2026-01-13 13:00:00,2026-01-13,13,2026,1,Tuesday,False,winter,weekday_winter,1514,34197,22.587186261558784,0.1293905760623905,195.8973321584592,73.74615882675945,4.941174133263701
2026-01-13 14:00:00,2026-01-13,14,2026,1,Tuesday,False,winter,weekday_winter,1514,34197,22.587186261558784,0.1256000383660615,190.15845808621714,71.58574186673675,-2.160416960022701
2026-01-13 15:00:00,2026-01-13,15,2026,1,Tuesday,False,winter,weekday_winter,1514,34197,22.587186261558784,0.1101580717069006,166.7793205642475,62.784592969348,-8.801148897388757
2026-01-13 16:00:00,2026-01-13,16,2026,1,Tuesday,False,winter,weekday_winter,1514,34197,22.587186261558784,0.08689574171043071,131.5601529495921,49.52622798785998,-13.258364981488015
2026-01-13 17:00:00,2026-01-13,17,2026,1,Tuesday,False,winter,weekday_winter,1514,34197,22.587186261558784,0.06132517951453098,92.8463217849999,34.95228606430693,-14.57394192355305
2026-01-13 18:00:00,2026-01-13,18,2026,1,Tuesday,False,winter,weekday_winter,1514,34197,22.587186261558784,0.038531873775013936,58.3372568953711,21.961241458069193,-12.99104460623774
2026-01-13 19:00:00,2026-01-13,19,2026,1,Tuesday,False,winter,weekday_winter,1514,34197,22.587186261558784,0.021470943361031867,32.50700824860225,12.237364168620113,-9.72387728944908
2026-01-13 20:00:00,2026-01-13,20,2026,1,Tuesday,False,winter,weekday_winter,1514,34197,22.587186261558784,0.01058059361887287,16.019018738973525,6.030409333076592,-6.206954835543521
2026-01-13 21:00:00,2026-01-13,21,2026,1,Tuesday,False,winter,weekday_winter,1514,34197,22.587186261558784,0.004602337827400516,6.967939470684381,2.623102444726924,-3.4073068883496678
2026-01-13 22:00:00,2026-01-13,22,2026,1,Tuesday,False,winter,weekday_winter,1514,34197,22.587186261558784,0.0017649821906013032,2.672183036570373,1.0059515995332127,-1.6171508451937113
2026-01-13 23:00:00,2026-01-13,23,2026,1,Tuesday,False,winter,weekday_winter,1514,34197,22.587186261558784,0.0005963290120730338,0.9028421242785731,0.3398777204310256,-0.6660738791021871
2026-01-14 00:00:00,2026-01-14,0,2026,1,Wednesday,False,winter,weekday_winter,1545,42622,27.58705501618123,0.0,0.0,0.0,0.0
2026-01-14 01:00:00,2026-01-14,1,2026,1,Wednesday,False,winter,weekday_winter,1545,42622,27.58705501618123,0.0,0.0,0.0,0.0
2026-01-14 02:00:00,2026-01-14,2,2026,1,Wednesday,False,winter,weekday_winter,1545,42622,27.58705501618123,0.0,0.0,0.0,0.0
2026-01-14 03:00:00,2026-01-14,3,2026,1,Wednesday,False,winter,weekday_winter,1545,42622,27.58705501618123,0.0,0.0,0.0,0.0
2026-01-14 04:00:00,2026-01-14,4,2026,1,Wednesday,False,winter,weekday_winter,1545,42622,27.58705501618123,0.0,0.0,0.0,0.0
2026-01-14 05:00:00,2026-01-14,5,2026,1,Wednesday,False,winter,weekday_winter,1545,42622,27.58705501618123,0.0,0.0,0.0,0.0
2026-01-14 06:00:00,2026-01-14,6,2026,1,Wednesday,False,winter,weekday_winter,1545,42622,27.58705501618123,0.007783781882715673,12.025943008795714,5.529339190085123,5.529339190085123
2026-01-14 07:00:00,2026-01-14,7,2026,1,Wednesday,False,winter,weekday_winter,1545,42622,27.58705501618123,0.016817569878023773,25.98314546154673,11.946641055685486,6.417301865600363
2026-01-14 08:00:00,2026-01-14,8,2026,1,Wednesday,False,winter,weekday_winter,1545,42622,27.58705501618123,0.03173218736669319,49.02622948154098,22.54148816571995,10.594847110034465
2026-01-14 09:00:00,2026-01-14,9,2026,1,Wednesday,False,winter,weekday_winter,1545,42622,27.58705501618123,0.052655734511452,81.35310982019334,37.404878605785115,14.863390440065164
2026-01-14 10:00:00,2026-01-14,10,2026,1,Wednesday,False,winter,weekday_winter,1545,42622,27.58705501618123,0.07746909318682846,119.68974897364997,55.0314614968167,17.62658289103159
2026-01-14 11:00:00,2026-01-14,11,2026,1,Wednesday,False,winter,weekday_winter,1545,42622,27.58705501618123,0.10190387699749258,157.44148996112602,72.3891174231188,17.3576559263021
2026-01-14 12:00:00,2026-01-14,12,2026,1,Wednesday,False,winter,weekday_winter,1545,42622,27.58705501618123,0.12072108903148655,186.51408255364672,85.75623761166699,13.367120188548185
2026-01-14 13:00:00,2026-01-14,13,2026,1,Wednesday,False,winter,weekday_winter,1545,42622,27.58705501618123,0.1293905760623905,199.9084400163933,91.91475221552011,6.158514603853121
2026-01-14 14:00:00,2026-01-14,14,2026,1,Wednesday,False,winter,weekday_winter,1545,42622,27.58705501618123,0.1256000383660615,194.05205927556503,89.22208058730455,-2.692671628215564
2026-01-14 15:00:00,2026-01-14,15,2026,1,Wednesday,False,winter,weekday_winter,1545,42622,27.58705501618123,0.1101580717069006,170.19422078716144,78.25262220485862,-10.969458382445922
2026-01-14 16:00:00,2026-01-14,16,2026,1,Wednesday,False,winter,weekday_winter,1545,42622,27.58705501618123,0.08689574171043071,134.25392094261545,61.727838386366294,-16.52478381849233
2026-01-14 17:00:00,2026-01-14,17,2026,1,Wednesday,False,winter,weekday_winter,1545,42622,27.58705501618123,0.06132517951453098,94.74740234995036,43.563363354472315,-18.16447503189398
2026-01-14 18:00:00,2026-01-14,18,2026,1,Wednesday,False,winter,weekday_winter,1545,42622,27.58705501618123,0.038531873775013936,59.53174498239653,27.371758733977398,-16.191604620494918
2026-01-14 19:00:00,2026-01-14,19,2026,1,Wednesday,False,winter,weekday_winter,1545,42622,27.58705501618123,0.021470943361031867,33.172607492794235,15.252242465565002,-12.119516268412395
2026-01-14 20:00:00,2026-01-14,20,2026,1,Wednesday,False,winter,weekday_winter,1545,42622,27.58705501618123,0.01058059361887287,16.347017141158585,7.516101020393323,-7.736141445171679
2026-01-14 21:00:00,2026-01-14,21,2026,1,Wednesday,False,winter,weekday_winter,1545,42622,27.58705501618123,0.004602337827400516,7.110611943333797,3.2693473813244127,-4.246753639068911
2026-01-14 22:00:00,2026-01-14,22,2026,1,Wednesday,False,winter,weekday_winter,1545,42622,27.58705501618123,0.0017649821906013032,2.7268974844790135,1.253784515463479,-2.0155628658609337
2026-01-14 23:00:00,2026-01-14,23,2026,1,Wednesday,False,winter,weekday_winter,1545,42622,27.58705501618123,0.0005963290120730338,0.9213283236528372,0.4236122525429474,-0.8301722629205317
2026-01-15 00:00:00,2026-01-15,0,2026,1,Thursday,False,winter,weekday_winter,1493,47429,31.767582049564634,0.0,0.0,0.0,0.0
2026-01-15 01:00:00,2026-01-15,1,2026,1,Thursday,False,winter,weekday_winter,1493,47429,31.767582049564634,0.0,0.0,0.0,0.0
2026-01-15 02:00:00,2026-01-15,2,2026,1,Thursday,False,winter,weekday_winter,1493,47429,31.767582049564634,0.0,0.0,0.0,0.0
2026-01-15 03:00:00,2026-01-15,3,2026,1,Thursday,False,winter,weekday_winter,1493,47429,31.767582049564634,0.0,0.0,0.0,0.0
2026-01-15 04:00:00,2026-01-15,4,2026,1,Thursday,False,winter,weekday_winter,1493,47429,31.767582049564634,0.0,0.0,0.0,0.0
2026-01-15 05:00:00,2026-01-15,5,2026,1,Thursday,False,winter,weekday_winter,1493,47429,31.767582049564634,0.0,0.0,0.0,0.0
2026-01-15 06:00:00,2026-01-15,6,2026,1,Thursday,False,winter,weekday_winter,1493,47429,31.767582049564634,0.007783781882715673,11.6211863508945,6.152949848588694,6.152949848588694
2026-01-15 07:00:00,2026-01-15,7,2026,1,Thursday,False,winter,weekday_winter,1493,47429,31.767582049564634,0.016817569878023773,25.108631827889493,13.29400869574649,7.141058847157796
2026-01-15 08:00:00,2026-01-15,8,2026,1,Thursday,False,winter,weekday_winter,1493,47429,31.767582049564634,0.03173218736669319,47.37615573847294,25.08376524358152,11.789756547835031
2026-01-15 09:00:00,2026-01-15,9,2026,1,Thursday,False,winter,weekday_winter,1493,47429,31.767582049564634,0.052655734511452,78.61501162559784,41.623480535727616,16.539715292146095
2026-01-15 10:00:00,2026-01-15,10,2026,1,Thursday,False,winter,weekday_winter,1493,47429,31.767582049564634,0.07746909318682846,115.6613561279349,61.23802701263478,19.614546476907165
2026-01-15 11:00:00,2026-01-15,11,2026,1,Thursday,False,winter,weekday_winter,1493,47429,31.767582049564634,0.10190387699749258,152.1424883572564,80.5533163685679,19.315289355933125
2026-01-15 12:00:00,2026-01-15,12,2026,1,Thursday,False,winter,weekday_winter,1493,47429,31.767582049564634,0.12072108903148655,180.23658592400943,95.42800886123959,14.874692492671684
2026-01-15 13:00:00,2026-01-15,13,2026,1,Thursday,False,winter,weekday_winter,1493,47429,31.767582049564634,0.1293905760623905,193.180130061149,102.28109386771862,6.853085006479034
2026-01-15 14:00:00,2026-01-15,14,2026,1,Thursday,False,winter,weekday_winter,1493,47429,31.767582049564634,0.1256000383660615,187.52085728052984,99.28473699439884,-2.996356873319783
2026-01-15 15:00:00,2026-01-15,15,2026,1,Thursday,False,winter,weekday_winter,1493,47429,31.767582049564634,0.1101580717069006,164.4660010584026,87.07811971644314,-12.2066172779557
2026-01-15 16:00:00,2026-01-15,16,2026,1,Thursday,False,winter,weekday_winter,1493,47429,31.767582049564634,0.08689574171043071,129.73534237367306,68.68963555973363,-18.38848415670951
2026-01-15 17:00:00,2026-01-15,17,2026,1,Thursday,False,winter,weekday_winter,1493,47429,31.767582049564634,0.06132517951453098,91.55849301519476,48.47653231991149,-20.21310323982214
2026-01-15 18:00:00,2026-01-15,18,2026,1,Thursday,False,winter,weekday_winter,1493,47429,31.767582049564634,0.038531873775013936,57.528087546095804,30.458804021252263,-18.01772829865923
2026-01-15 19:00:00,2026-01-15,19,2026,1,Thursday,False,winter,weekday_winter,1493,47429,31.767582049564634,0.021470943361031867,32.056118438020576,16.97242287783967,-13.486381143412594
2026-01-15 20:00:00,2026-01-15,20,2026,1,Thursday,False,winter,weekday_winter,1493,47429,31.767582049564634,0.01058059361887287,15.796826272977196,8.363782912492022,-8.608639965347647
2026-01-15 21:00:00,2026-01-15,21,2026,1,Thursday,False,winter,weekday_winter,1493,47429,31.767582049564634,0.004602337827400516,6.87129037630897,3.6380713469296504,-4.725711565562372
2026-01-15 22:00:00,2026-01-15,22,2026,1,Thursday,False,winter,weekday_winter,1493,47429,31.767582049564634,0.0017649821906013032,2.635118410567746,1.3951890053004867,-2.242882341629164
2026-01-15 23:00:00,2026-01-15,23,2026,1,Thursday,False,winter,weekday_winter,1493,47429,31.767582049564634,0.0005963290120730338,0.8903192150250395,0.4713881452268653,-0.9238008600736214
2026-01-16 00:00:00,2026-01-16,0,2026,1,Friday,False,winter,weekday_winter,1333,52404,39.312828207051766,0.0,0.0,0.0,0.0
2026-01-16 01:00:00,2026-01-16,1,2026,1,Friday,False,winter,weekday_winter,1333,52404,39.312828207051766,0.0,0.0,0.0,0.0
2026-01-16 02:00:00,2026-01-16,2,2026,1,Friday,False,winter,weekday_winter,1333,52404,39.312828207051766,0.0,0.0,0.0,0.0
2026-01-16 03:00:00,2026-01-16,3,2026,1,Friday,False,winter,weekday_winter,1333,52404,39.312828207051766,0.0,0.0,0.0,0.0
2026-01-16 04:00:00,2026-01-16,4,2026,1,Friday,False,winter,weekday_winter,1333,52404,39.312828207051766,0.0,0.0,0.0,0.0
2026-01-16 05:00:00,2026-01-16,5,2026,1,Friday,False,winter,weekday_winter,1333,52404,39.312828207051766,0.0,0.0,0.0,0.0
2026-01-16 06:00:00,2026-01-16,6,2026,1,Friday,False,winter,weekday_winter,1333,52404,39.312828207051766,0.007783781882715673,10.375781249659992,6.79835509636387,6.79835509636387
2026-01-16 07:00:00,2026-01-16,7,2026,1,Friday,False,winter,weekday_winter,1333,52404,39.312828207051766,0.016817569878023773,22.41782064740569,14.688465531465965,7.890110435102096
2026-01-16 08:00:00,2026-01-16,8,2026,1,Friday,False,winter,weekday_winter,1333,52404,39.312828207051766,0.03173218736669319,42.29900575980202,27.714892446069832,13.026426914603867
2026-01-16 09:00:00,2026-01-16,9,2026,1,Friday,False,winter,weekday_winter,1333,52404,39.312828207051766,0.052655734511452,70.19009410376552,45.989518522302184,18.27462607623235
2026-01-16 10:00:00,2026-01-16,10,2026,1,Friday,False,winter,weekday_winter,1333,52404,39.312828207051766,0.07746909318682846,103.26630121804233,67.66150598937598,21.671987467073798
2026-01-16 11:00:00,2026-01-16,11,2026,1,Friday,False,winter,weekday_winter,1333,52404,39.312828207051766,0.10190387699749258,135.8378680376576,89.00284616961002,21.34134018023404
2026-01-16 12:00:00,2026-01-16,12,2026,1,Friday,False,winter,weekday_winter,1333,52404,39.312828207051766,0.12072108903148655,160.9212116789716,105.43779916010037,16.434952990490345
2026-01-16 13:00:00,2026-01-16,13,2026,1,Friday,False,winter,weekday_winter,1333,52404,39.312828207051766,0.1293905760623905,172.47763789116652,113.00972913289186,7.571929972791494
2026-01-16 14:00:00,2026-01-16,14,2026,1,Friday,False,winter,weekday_winter,1333,52404,39.312828207051766,0.1256000383660615,167.42485114196,109.69907350891815,-3.310655623973716
2026-01-16 15:00:00,2026-01-16,15,2026,1,Friday,False,winter,weekday_winter,1333,52404,39.312828207051766,0.1101580717069006,146.8407095852985,96.21205982880699,-13.487013680111161
2026-01-16 16:00:00,2026-01-16,16,2026,1,Friday,False,winter,weekday_winter,1333,52404,39.312828207051766,0.08689574171043071,115.83202370000414,75.8947408098902,-20.31731901891679
2026-01-16 17:00:00,2026-01-16,17,2026,1,Friday,False,winter,weekday_winter,1333,52404,39.312828207051766,0.06132517951453098,81.7464642928698,53.56141178799137,-22.333329021898827
2026-01-16 18:00:00,2026-01-16,18,2026,1,Friday,False,winter,weekday_winter,1333,52404,39.312828207051766,0.038531873775013936,51.36298774209358,33.65373855509718,-19.90767323289419
2026-01-16 19:00:00,2026-01-16,19,2026,1,Friday,False,winter,weekday_winter,1333,52404,39.312828207051766,0.021470943361031867,28.62076750025548,18.752721931525233,-14.901016623571945
2026-01-16 20:00:00,2026-01-16,20,2026,1,Friday,False,winter,weekday_winter,1333,52404,39.312828207051766,0.01058059361887287,14.103931293957537,9.241090466723566,-9.511631464801667
2026-01-16 21:00:00,2026-01-16,21,2026,1,Friday,False,winter,weekday_winter,1333,52404,39.312828207051766,0.004602337827400516,6.134916323924887,4.0196818584516105,-5.221408608271956
2026-01-16 22:00:00,2026-01-16,22,2026,1,Friday,False,winter,weekday_winter,1333,52404,39.312828207051766,0.0017649821906013032,2.352721260071537,1.5415354452711783,-2.4781464131804323
2026-01-16 23:00:00,2026-01-16,23,2026,1,Friday,False,winter,weekday_winter,1333,52404,39.312828207051766,0.0005963290120730338,0.7949065730933541,0.5208337591445878,-1.0207016861265905
2026-01-17 00:00:00,2026-01-17,0,2026,1,Saturday,True,winter,weekend_winter,1266,60119,47.48736176935229,0.0,0.0,0.0,0.0
2026-01-17 01:00:00,2026-01-17,1,2026,1,Saturday,True,winter,weekend_winter,1266,60119,47.48736176935229,0.0,0.0,0.0,0.0
2026-01-17 02:00:00,2026-01-17,2,2026,1,Saturday,True,winter,weekend_winter,1266,60119,47.48736176935229,0.0,0.0,0.0,0.0
2026-01-17 03:00:00,2026-01-17,3,2026,1,Saturday,True,winter,weekend_winter,1266,60119,47.48736176935229,0.0,0.0,0.0,0.0
2026-01-17 04:00:00,2026-01-17,4,2026,1,Saturday,True,winter,weekend_winter,1266,60119,47.48736176935229,0.0,0.0,0.0,0.0
2026-01-17 05:00:00,2026-01-17,5,2026,1,Saturday,True,winter,weekend_winter,1266,60119,47.48736176935229,0.0,0.0,0.0,0.0
2026-01-17 06:00:00,2026-01-17,6,2026,1,Saturday,True,winter,weekend_winter,1266,60119,47.48736176935229,0.004060054716415241,5.140029270981695,4.068107158269465,4.068107158269465
2026-01-17 07:00:00,2026-01-17,7,2026,1,Saturday,True,winter,weekend_winter,1266,60119,47.48736176935229,0.009139971308762375,11.571203676893168,9.158098918524754,5.089991760255289
2026-01-17 08:00:00,2026-01-17,8,2026,1,Saturday,True,winter,weekend_winter,1266,60119,47.48736176935229,0.01825302934016846,23.10833514465327,18.289231181693125,9.131132263168372
2026-01-17 09:00:00,2026-01-17,9,2026,1,Saturday,True,winter,weekend_winter,1266,60119,47.48736176935229,0.03248325236986794,41.12379750025281,32.54767748706818,14.258446305375053
2026-01-17 10:00:00,2026-01-17,10,2026,1,Saturday,True,winter,weekend_winter,1266,60119,47.48736176935229,0.05178120587736963,65.55500664074995,51.88390526902641,19.33622778195823
2026-01-17 11:00:00,2026-01-17,11,2026,1,Saturday,True,winter,weekend_winter,1266,60119,47.48736176935229,0.07434834110627124,94.12499984053939,74.49579864946534,22.611893380438936
2026-01-17 12:00:00,2026-01-17,12,2026,1,Saturday,True,winter,weekend_winter,1266,60119,47.48736176935229,0.09665890524129285,122.37017403547675,96.85061207002141,22.35481342055607
2026-01-17 13:00:00,2026-01-17,13,2026,1,Saturday,True,winter,weekend_winter,1266,60119,47.48736176935229,0.11426971494516516,144.6654591205791,114.4963498798064,17.64573780978499
2026-01-17 14:00:00,2026-01-17,14,2026,1,Saturday,True,winter,weekend_winter,1266,60119,47.48736176935229,0.12315627376898818,155.91584259153902,123.40053371196332,8.904183832156917
2026-01-17 15:00:00,2026-01-17,15,2026,1,Saturday,True,winter,weekend_winter,1266,60119,47.48736176935229,0.12107765325366525,153.2843090191402,121.31779059928502,-2.082743112678301
2026-01-17 16:00:00,2026-01-17,16,2026,1,Saturday,True,winter,weekend_winter,1266,60119,47.48736176935229,0.10844236086083335,137.28802884981502,108.657438209874,-12.660352389411017
2026-01-17 17:00:00,2026-01-17,17,2026,1,Saturday,True,winter,weekend_winter,1266,60119,47.48736176935229,0.08825746705298823,111.7339532890831,88.43251102930999,-20.22492718056401
2026-01-17 18:00:00,2026-01-17,18,2026,1,Saturday,True,winter,weekend_winter,1266,60119,47.48736176935229,0.06506754640594199,82.37551374992256,65.1965970396471,-23.23591398966289
2026-01-17 19:00:00,2026-01-17,19,2026,1,Saturday,True,winter,weekend_winter,1266,60119,47.48736176935229,0.04332087483876642,54.84422754587829,43.40679457386331,-21.789802465783794
2026-01-17 20:00:00,2026-01-17,20,2026,1,Saturday,True,winter,weekend_winter,1266,60119,47.48736176935229,0.025977044160987794,32.88693790781055,26.028565298573753,-17.378229275289556
2026-01-17 21:00:00,2026-01-17,21,2026,1,Saturday,True,winter,weekend_winter,1266,60119,47.48736176935229,0.014000011964665765,17.724015147266858,14.02777865506235,-12.000786643511402
2026-01-17 22:00:00,2026-01-17,22,2026,1,Saturday,True,winter,weekend_winter,1266,60119,47.48736176935229,0.006770858019598214,8.571906252811338,6.7842868880037495,-7.243491767058601
2026-01-17 23:00:00,2026-01-17,23,2026,1,Saturday,True,winter,weekend_winter,1266,60119,47.48736176935229,0.00293543476825201,3.7162604166070445,2.9412567138757097,-3.8430301741280397
2026-01-18 00:00:00,2026-01-18,0,2026,1,Sunday,True,winter,weekend_winter,837,56522,67.52927120669057,0.0,0.0,0.0,0.0
2026-01-18 01:00:00,2026-01-18,1,2026,1,Sunday,True,winter,weekend_winter,837,56522,67.52927120669057,0.0,0.0,0.0,0.0
2026-01-18 02:00:00,2026-01-18,2,2026,1,Sunday,True,winter,weekend_winter,837,56522,67.52927120669057,0.0,0.0,0.0,0.0
2026-01-18 03:00:00,2026-01-18,3,2026,1,Sunday,True,winter,weekend_winter,837,56522,67.52927120669057,0.0,0.0,0.0,0.0
2026-01-18 04:00:00,2026-01-18,4,2026,1,Sunday,True,winter,weekend_winter,837,56522,67.52927120669057,0.0,0.0,0.0,0.0
2026-01-18 05:00:00,2026-01-18,5,2026,1,Sunday,True,winter,weekend_winter,837,56522,67.52927120669057,0.0,0.0,0.0,0.0
2026-01-18 06:00:00,2026-01-18,6,2026,1,Sunday,True,winter,weekend_winter,837,56522,67.52927120669057,0.004060054716415241,3.3982657976395565,3.3982657976395565,3.3982657976395565
2026-01-18 07:00:00,2026-01-18,7,2026,1,Sunday,True,winter,weekend_winter,837,56522,67.52927120669057,0.009139971308762375,7.650155985434108,8.076597065814923,4.678331268175366
2026-01-18 08:00:00,2026-01-18,8,2026,1,Sunday,True,winter,weekend_winter,837,56522,67.52927120669057,0.01825302934016846,15.277785557721002,16.237787210851344,8.161190145036421
2026-01-18 09:00:00,2026-01-18,9,2026,1,Sunday,True,winter,weekend_winter,837,56522,67.52927120669057,0.03248325236986794,27.188482233579464,29.10565874860849,12.867871537757146
2026-01-18 10:00:00,2026-01-18,10,2026,1,Sunday,True,winter,weekend_winter,837,56522,67.52927120669057,0.05178120587736963,43.34086931935838,46.75269359327351,17.647034844665022
2026-01-18 11:00:00,2026-01-18,11,2026,1,Sunday,True,winter,weekend_winter,837,56522,67.52927120669057,0.07434834110627124,62.22956150594903,67.66831416326875,20.915620569995234
2026-01-18 12:00:00,2026-01-18,12,2026,1,Sunday,True,winter,weekend_winter,837,56522,67.52927120669057,0.09665890524129285,80.90350368696211,88.71255778115747,21.044243617888725
2026-01-18 13:00:00,2026-01-18,13,2026,1,Sunday,True,winter,weekend_winter,837,56522,67.52927120669057,0.11426971494516516,95.64375140910325,105.79615842294703,17.08360064178956
2026-01-18 14:00:00,2026-01-18,14,2026,1,Sunday,True,winter,weekend_winter,837,56522,67.52927120669057,0.12315627376898818,103.08180114464311,115.08393020438362,9.28777178143659
2026-01-18 15:00:00,2026-01-18,15,2026,1,Sunday,True,winter,weekend_winter,837,56522,67.52927120669057,0.12107765325366525,101.34199577331782,114.27750972818721,-0.8064204761964078
2026-01-18 16:00:00,2026-01-18,16,2026,1,Sunday,True,winter,weekend_winter,837,56522,67.52927120669057,0.10844236086083335,90.76625604051752,103.4834455539275,-10.794064174259717
2026-01-18 17:00:00,2026-01-18,17,2026,1,Sunday,True,winter,weekend_winter,837,56522,67.52927120669057,0.08825746705298823,73.87149992335115,85.26156255910068,-18.221882994826814
2026-01-18 18:00:00,2026-01-18,18,2026,1,Sunday,True,winter,weekend_winter,837,56522,67.52927120669057,0.06506754640594199,54.461536341773446,63.731512297905645,-21.530050261195036
2026-01-18 19:00:00,2026-01-18,19,2026,1,Sunday,True,winter,weekend_winter,837,56522,67.52927120669057,0.04332087483876642,36.25957224004749,43.09383353088493,-20.637678767020716
2026-01-18 20:00:00,2026-01-18,20,2026,1,Sunday,True,winter,weekend_winter,837,56522,67.52927120669057,0.025977044160987794,21.742785962746783,26.292921849978548,-16.80091168090638
2026-01-18 21:00:00,2026-01-18,21,2026,1,Sunday,True,winter,weekend_winter,837,56522,67.52927120669057,0.014000011964665765,11.718010014425246,14.446465552800998,-11.84645629717755
2026-01-18 22:00:00,2026-01-18,22,2026,1,Sunday,True,winter,weekend_winter,837,56522,67.52927120669057,0.006770858019598214,5.667208162403705,7.137676085759099,-7.3087894670418985
2026-01-18 23:00:00,2026-01-18,23,2026,1,Sunday,True,winter,weekend_winter,837,56522,67.52927120669057,0.00293543476825201,2.4569589010269324,3.168124688352065,-3.9695513974070344
2026-01-19 00:00:00,2026-01-19,0,2026,1,Monday,False,winter,weekday_winter,1096,34218,31.220802919708028,0.0,0.0,0.0,0.0
2026-01-19 01:00:00,2026-01-19,1,2026,1,Monday,False,winter,weekday_winter,1096,34218,31.220802919708028,0.0,0.0,0.0,0.0
2026-01-19 02:00:00,2026-01-19,2,2026,1,Monday,False,winter,weekday_winter,1096,34218,31.220802919708028,0.0,0.0,0.0,0.0
2026-01-19 03:00:00,2026-01-19,3,2026,1,Monday,False,winter,weekday_winter,1096,34218,31.220802919708028,0.0,0.0,0.0,0.0
2026-01-19 04:00:00,2026-01-19,4,2026,1,Monday,False,winter,weekday_winter,1096,34218,31.220802919708028,0.0,0.0,0.0,0.0
2026-01-19 05:00:00,2026-01-19,5,2026,1,Monday,False,winter,weekday_winter,1096,34218,31.220802919708028,0.0,0.0,0.0,0.0
2026-01-19 06:00:00,2026-01-19,6,2026,1,Monday,False,winter,weekday_winter,1096,34218,31.220802919708028,0.007783781882715673,8.531024943456378,4.439090807712748,4.439090807712748
2026-01-19 07:00:00,2026-01-19,7,2026,1,Monday,False,winter,weekday_winter,1096,34218,31.220802919708028,0.016817569878023773,18.432056586314054,9.591060101436957,5.151969293724209
2026-01-19 08:00:00,2026-01-19,8,2026,1,Monday,False,winter,weekday_winter,1096,34218,31.220802919708028,0.03173218736669319,34.77847735389574,18.096866455225125,8.505806353788168
2026-01-19 09:00:00,2026-01-19,9,2026,1,Monday,False,winter,weekday_winter,1096,34218,31.220802919708028,0.052655734511452,57.710685024551395,30.029565391881075,11.93269893665595
2026-01-19 10:00:00,2026-01-19,10,2026,1,Monday,False,winter,weekday_winter,1096,34218,31.220802919708028,0.07746909318682846,84.90612613276399,44.18062384444826,14.151058452567188
2026-01-19 11:00:00,2026-01-19,11,2026,1,Monday,False,winter,weekday_winter,1096,34218,31.220802919708028,0.10190387699749258,111.68664918925187,58.11578105167001,13.93515720722175
2026-01-19 12:00:00,2026-01-19,12,2026,1,Monday,False,winter,weekday_winter,1096,34218,31.220802919708028,0.12072108903148655,132.31031357850927,68.84723707465677,10.731456022986762
2026-01-19 13:00:00,2026-01-19,13,2026,1,Monday,False,winter,weekday_winter,1096,34218,31.220802919708028,0.1293905760623905,141.81207136438,73.79144552838129,4.944208453724514
2026-01-19 14:00:00,2026-01-19,14,2026,1,Monday,False,winter,weekday_winter,1096,34218,31.220802919708028,0.1256000383660615,137.65764204920342,71.62970188016487,-2.161743648216415
2026-01-19 15:00:00,2026-01-19,15,2026,1,Monday,False,winter,weekday_winter,1096,34218,31.220802919708028,0.1101580717069006,120.73324659076306,62.82314829444541,-8.806553585719463
2026-01-19 16:00:00,2026-01-19,16,2026,1,Monday,False,winter,weekday_winter,1096,34218,31.220802919708028,0.08689574171043071,95.23773291463206,49.55664149745863,-13.266506796986782
2026-01-19 17:00:00,2026-01-19,17,2026,1,Monday,False,winter,weekday_winter,1096,34218,31.220802919708028,0.06132517951453098,67.21239674792595,34.97374987713701,-14.582891620321618
2026-01-19 18:00:00,2026-01-19,18,2026,1,Monday,False,winter,weekday_winter,1096,34218,31.220802919708028,0.038531873775013936,42.23093365741527,21.974727613890444,-12.999022263246566
2026-01-19 19:00:00,2026-01-19,19,2026,1,Monday,False,winter,weekday_winter,1096,34218,31.220802919708028,0.021470943361031867,23.532153923690927,12.244878998796473,-9.729848615093971
2026-01-19 20:00:00,2026-01-19,20,2026,1,Monday,False,winter,weekday_winter,1096,34218,31.220802919708028,0.01058059361887287,11.596330606284667,6.034112540843198,-6.210766457953275
2026-01-19 21:00:00,2026-01-19,21,2026,1,Monday,False,winter,weekday_winter,1096,34218,31.220802919708028,0.004602337827400516,5.044162258830966,2.624713262966514,-3.409399277876684
2026-01-19 22:00:00,2026-01-19,22,2026,1,Monday,False,winter,weekday_winter,1096,34218,31.220802919708028,0.0017649821906013032,1.9344204808990284,1.0065693432999232,-1.618143919666591
2026-01-19 23:00:00,2026-01-19,23,2026,1,Monday,False,winter,weekday_winter,1096,34218,31.220802919708028,0.0005963290120730338,0.6535765972320451,0.34008643558525115,-0.6664829077146721
2026-01-20 00:00:00,2026-01-20,0,2026,1,Tuesday,False,winter,weekday_winter,1219,34427,28.24200164068909,0.0,0.0,0.0,0.0
2026-01-20 01:00:00,2026-01-20,1,2026,1,Tuesday,False,winter,weekday_winter,1219,34427,28.24200164068909,0.0,0.0,0.0,0.0
2026-01-20 02:00:00,2026-01-20,2,2026,1,Tuesday,False,winter,weekday_winter,1219,34427,28.24200164068909,0.0,0.0,0.0,0.0
2026-01-20 03:00:00,2026-01-20,3,2026,1,Tuesday,False,winter,weekday_winter,1219,34427,28.24200164068909,0.0,0.0,0.0,0.0
2026-01-20 04:00:00,2026-01-20,4,2026,1,Tuesday,False,winter,weekday_winter,1219,34427,28.24200164068909,0.0,0.0,0.0,0.0
2026-01-20 05:00:00,2026-01-20,5,2026,1,Tuesday,False,winter,weekday_winter,1219,34427,28.24200164068909,0.0,0.0,0.0,0.0
2026-01-20 06:00:00,2026-01-20,6,2026,1,Tuesday,False,winter,weekday_winter,1219,34427,28.24200164068909,0.007783781882715673,9.488430115030406,4.466204314604208,4.466204314604208
2026-01-20 07:00:00,2026-01-20,7,2026,1,Tuesday,False,winter,weekday_winter,1219,34427,28.24200164068909,0.016817569878023773,20.500617681310978,9.64964130317874,5.183436988574532
2026-01-20 08:00:00,2026-01-20,8,2026,1,Tuesday,False,winter,weekday_winter,1219,34427,28.24200164068909,0.03173218736669319,38.681536399999004,18.20740024121911,8.557758938040369
2026-01-20 09:00:00,2026-01-20,9,2026,1,Tuesday,False,winter,weekday_winter,1219,34427,28.24200164068909,0.052655734511452,64.18734036945999,30.212982867095967,12.005582625876858
2026-01-20 10:00:00,2026-01-20,10,2026,1,Tuesday,False,winter,weekday_winter,1219,34427,28.24200164068909,0.07746909318682846,94.43482459474389,44.45047451904905,14.237491651953086
2026-01-20 11:00:00,2026-01-20,11,2026,1,Tuesday,False,winter,weekday_winter,1219,34427,28.24200164068909,0.10190387699749258,124.22082605994345,58.47074622321128,14.020271704162226
2026-01-20 12:00:00,2026-01-20,12,2026,1,Tuesday,False,winter,weekday_winter,1219,34427,28.24200164068909,0.12072108903148655,147.1590075293821,69.26774886811646,10.797002644905177
2026-01-20 13:00:00,2026-01-20,13,2026,1,Tuesday,False,winter,weekday_winter,1219,34427,28.24200164068909,0.1293905760623905,157.727112220054,74.24215603499862,4.974407166882159
2026-01-20 14:00:00,2026-01-20,14,2026,1,Tuesday,False,winter,weekday_winter,1219,34427,28.24200164068909,0.1256000383660615,153.10644676822898,72.06720868047333,-2.174947354525287
2026-01-20 15:00:00,2026-01-20,15,2026,1,Tuesday,False,winter,weekday_winter,1219,34427,28.24200164068909,0.1101580717069006,134.28268941071184,63.206865577557785,-8.860343102915543
2026-01-20 16:00:00,2026-01-20,16,2026,1,Tuesday,False,winter,weekday_winter,1219,34427,28.24200164068909,0.08689574171043071,105.92590914501504,49.859328331083304,-13.34753724647448
2026-01-20 17:00:00,2026-01-20,17,2026,1,Tuesday,False,winter,weekday_winter,1219,34427,28.24200164068909,0.06132517951453098,74.75539382821327,35.18736591911264,-14.671962411970668
2026-01-20 18:00:00,2026-01-20,18,2026,1,Tuesday,False,winter,weekday_winter,1219,34427,28.24200164068909,0.038531873775013936,46.970354131741985,22.108946974206745,-13.078418944905891
2026-01-20 19:00:00,2026-01-20,19,2026,1,Tuesday,False,winter,weekday_winter,1219,34427,28.24200164068909,0.021470943361031867,26.173079957097844,12.319669451504067,-9.789277522702678
2026-01-20 20:00:00,2026-01-20,20,2026,1,Tuesday,False,winter,weekday_winter,1219,34427,28.24200164068909,0.01058059361887287,12.897743621406029,6.070968275282271,-6.248701176221796
2026-01-20 21:00:00,2026-01-20,21,2026,1,Tuesday,False,winter,weekday_winter,1219,34427,28.24200164068909,0.004602337827400516,5.6102498116012285,2.640744739731959,-3.4302235355503123
2026-01-20 22:00:00,2026-01-20,22,2026,1,Tuesday,False,winter,weekday_winter,1219,34427,28.24200164068909,0.0017649821906013032,2.1515132903429888,1.0127173645971845,-1.6280273751347745
2026-01-20 23:00:00,2026-01-20,23,2026,1,Tuesday,False,winter,weekday_winter,1219,34427,28.24200164068909,0.0005963290120730338,0.7269250657170282,0.3421636483106389,-0.6705537162865456
2026-01-21 00:00:00,2026-01-21,0,2026,1,Wednesday,False,winter,weekday_winter,1351,32921,24.367875647668395,0.0,0.0,0.0,0.0
2026-01-21 01:00:00,2026-01-21,1,2026,1,Wednesday,False,winter,weekday_winter,1351,32921,24.367875647668395,0.0,0.0,0.0,0.0
2026-01-21 02:00:00,2026-01-21,2,2026,1,Wednesday,False,winter,weekday_winter,1351,32921,24.367875647668395,0.0,0.0,0.0,0.0
2026-01-21 03:00:00,2026-01-21,3,2026,1,Wednesday,False,winter,weekday_winter,1351,32921,24.367875647668395,0.0,0.0,0.0,0.0
2026-01-21 04:00:00,2026-01-21,4,2026,1,Wednesday,False,winter,weekday_winter,1351,32921,24.367875647668395,0.0,0.0,0.0,0.0
2026-01-21 05:00:00,2026-01-21,5,2026,1,Wednesday,False,winter,weekday_winter,1351,32921,24.367875647668395,0.0,0.0,0.0,0.0
2026-01-21 06:00:00,2026-01-21,6,2026,1,Wednesday,False,winter,weekday_winter,1351,32921,24.367875647668395,0.007783781882715673,10.515889323548874,4.270831389348045,4.270831389348045
2026-01-21 07:00:00,2026-01-21,7,2026,1,Wednesday,False,winter,weekday_winter,1351,32921,24.367875647668395,0.016817569878023773,22.720536905210118,9.227520299240345,4.9566889098923
2026-01-21 08:00:00,2026-01-21,8,2026,1,Wednesday,False,winter,weekday_winter,1351,32921,24.367875647668395,0.03173218736669319,42.870185132402504,17.41092233831511,8.183402039074766
2026-01-21 09:00:00,2026-01-21,9,2026,1,Wednesday,False,winter,weekday_winter,1351,32921,24.367875647668395,0.052655734511452,71.13789732497166,28.891323930858526,11.480401592543416
2026-01-21 10:00:00,2026-01-21,10,2026,1,Wednesday,False,winter,weekday_winter,1351,32921,24.367875647668395,0.07746909318682846,104.66074489540524,42.506000280059666,13.61467634920114
2026-01-21 11:00:00,2026-01-21,11,2026,1,Wednesday,False,winter,weekday_winter,1351,32921,24.367875647668395,0.10190387699749258,137.67213782361247,55.912958910574226,13.40695863051456
2026-01-21 12:00:00,2026-01-21,12,2026,1,Wednesday,False,winter,weekday_winter,1351,32921,24.367875647668395,0.12072108903148655,163.09419128153834,66.23764953342615,10.324690622851925
2026-01-21 13:00:00,2026-01-21,13,2026,1,Wednesday,False,winter,weekday_winter,1351,32921,24.367875647668395,0.1293905760623905,174.80666826028954,70.99445257583263,4.7568030424064744
2026-01-21 14:00:00,2026-01-21,14,2026,1,Wednesday,False,winter,weekday_winter,1351,32921,24.367875647668395,0.1256000383660615,169.6856518325491,68.91464771748518,-2.079804858347444
2026-01-21 15:00:00,2026-01-21,15,2026,1,Wednesday,False,winter,weekday_winter,1351,32921,24.367875647668395,0.1101580717069006,148.8235548760227,60.44189797771458,-8.472749739770599
2026-01-21 16:00:00,2026-01-21,16,2026,1,Wednesday,False,winter,weekday_winter,1351,32921,24.367875647668395,0.08689574171043071,117.3961470507919,47.678245214151495,-12.763652763563087
2026-01-21 17:00:00,2026-01-21,17,2026,1,Wednesday,False,winter,weekday_winter,1351,32921,24.367875647668395,0.06132517951453098,82.85031752413136,33.64810391329791,-14.030141300853586
2026-01-21 18:00:00,2026-01-21,18,2026,1,Wednesday,False,winter,weekday_winter,1351,32921,24.367875647668395,0.038531873775013936,52.056561470043825,21.141796942453897,-12.506306970844012
2026-01-21 19:00:00,2026-01-21,19,2026,1,Wednesday,False,winter,weekday_winter,1351,32921,24.367875647668395,0.021470943361031867,29.007244480754053,11.78074877314217,-9.361048169311728
2026-01-21 20:00:00,2026-01-21,20,2026,1,Wednesday,False,winter,weekday_winter,1351,32921,24.367875647668395,0.01058059361887287,14.294381979097249,5.805395375448564,-5.975353397693606
2026-01-21 21:00:00,2026-01-21,21,2026,1,Wednesday,False,winter,weekday_winter,1351,32921,24.367875647668395,0.004602337827400516,6.217758404818097,2.5252260602642065,-3.280169315184357
2026-01-21 22:00:00,2026-01-21,22,2026,1,Wednesday,False,winter,weekday_winter,1351,32921,24.367875647668395,0.0017649821906013032,2.384490939502361,0.9684163116130918,-1.5568097486511148
2026-01-21 23:00:00,2026-01-21,23,2026,1,Wednesday,False,winter,weekday_winter,1351,32921,24.367875647668395,0.0005963290120730338,0.8056404953106687,0.3271957901076058,-0.641220521505486
2026-01-22 00:00:00,2026-01-22,0,2026,1,Thursday,False,winter,weekday_winter,1156,33835,29.269031141868513,0.0,0.0,0.0,0.0
2026-01-22 01:00:00,2026-01-22,1,2026,1,Thursday,False,winter,weekday_winter,1156,33835,29.269031141868513,0.0,0.0,0.0,0.0
2026-01-22 02:00:00,2026-01-22,2,2026,1,Thursday,False,winter,weekday_winter,1156,33835,29.269031141868513,0.0,0.0,0.0,0.0
2026-01-22 03:00:00,2026-01-22,3,2026,1,Thursday,False,winter,weekday_winter,1156,33835,29.269031141868513,0.0,0.0,0.0,0.0
2026-01-22 04:00:00,2026-01-22,4,2026,1,Thursday,False,winter,weekday_winter,1156,33835,29.269031141868513,0.0,0.0,0.0,0.0
2026-01-22 05:00:00,2026-01-22,5,2026,1,Thursday,False,winter,weekday_winter,1156,33835,29.269031141868513,0.0,0.0,0.0,0.0
2026-01-22 06:00:00,2026-01-22,6,2026,1,Thursday,False,winter,weekday_winter,1156,33835,29.269031141868513,0.007783781882715673,8.998051856419318,4.389404333361414,4.389404333361414
2026-01-22 07:00:00,2026-01-22,7,2026,1,Thursday,False,winter,weekday_winter,1156,33835,29.269031141868513,0.016817569878023773,19.44111077899548,9.483707947048906,5.094303613687492
2026-01-22 08:00:00,2026-01-22,8,2026,1,Thursday,False,winter,weekday_winter,1156,33835,29.269031141868513,0.03173218736669319,36.68240859589733,17.894309325867738,8.410601378818832
2026-01-22 09:00:00,2026-01-22,9,2026,1,Thursday,False,winter,weekday_winter,1156,33835,29.269031141868513,0.052655734511452,60.870029095238515,29.693446286582976,11.799136960715238
2026-01-22 10:00:00,2026-01-22,10,2026,1,Thursday,False,winter,weekday_winter,1156,33835,29.269031141868513,0.07746909318682846,89.5542717239737,43.68611279960569,13.992666513022712
2026-01-22 11:00:00,2026-01-22,11,2026,1,Thursday,False,winter,weekday_winter,1156,33835,29.269031141868513,0.10190387699749258,117.80088180910143,57.46529463683603,13.77918183723034
2026-01-22 12:00:00,2026-01-22,12,2026,1,Thursday,False,winter,weekday_winter,1156,33835,29.269031141868513,0.12072108903148655,139.55357892039845,68.07663412300579,10.611339486169761
2026-01-22 13:00:00,2026-01-22,13,2026,1,Thursday,False,winter,weekday_winter,1156,33835,29.269031141868513,0.1293905760623905,149.5755059281234,72.96550235118303,4.888868228177245
2026-01-22 14:00:00,2026-01-22,14,2026,1,Thursday,False,winter,weekday_winter,1156,33835,29.269031141868513,0.1256000383660615,145.1936443511671,70.82795496859487,-2.137547382588167
2026-01-22 15:00:00,2026-01-22,15,2026,1,Thursday,False,winter,weekday_winter,1156,33835,29.269031141868513,0.1101580717069006,127.34273089317709,62.11997260338303,-8.707982365211834
2026-01-22 16:00:00,2026-01-22,16,2026,1,Thursday,False,winter,weekday_winter,1156,33835,29.269031141868513,0.08689574171043071,100.4514774172579,49.001957012873724,-13.118015590509309
2026-01-22 17:00:00,2026-01-22,17,2026,1,Thursday,False,winter,weekday_winter,1156,33835,29.269031141868513,0.06132517951453098,70.89190751879781,34.58229081456926,-14.419666198304462
2026-01-22 18:00:00,2026-01-22,18,2026,1,Thursday,False,winter,weekday_winter,1156,33835,29.269031141868513,0.038531873775013936,44.54284608391611,21.72876581962661,-12.853524994942653
2026-01-22 19:00:00,2026-01-22,19,2026,1,Thursday,False,winter,weekday_winter,1156,33835,29.269031141868513,0.021470943361031867,24.820410525352838,12.107822810341888,-9.620943009284721
2026-01-22 20:00:00,2026-01-22,20,2026,1,Thursday,False,winter,weekday_winter,1156,33835,29.269031141868513,0.01058059361887287,12.231166223417038,5.966573084909393,-6.141249725432496
2026-01-22 21:00:00,2026-01-22,21,2026,1,Thursday,False,winter,weekday_winter,1156,33835,29.269031141868513,0.004602337827400516,5.320302528474996,2.5953350065016076,-3.371238078407785
2026-01-22 22:00:00,2026-01-22,22,2026,1,Thursday,False,winter,weekday_winter,1156,33835,29.269031141868513,0.0017649821906013032,2.0403194123351063,0.9953028736499182,-1.6000321328516893
2026-01-22 23:00:00,2026-01-22,23,2026,1,Thursday,False,winter,weekday_winter,1156,33835,29.269031141868513,0.0005963290120730338,0.689356337956427,0.33627986872485166,-0.6590230049250665
2026-01-23 00:00:00,2026-01-23,0,2026,1,Friday,False,winter,weekday_winter,1387,43566,31.410237923576062,0.0,0.0,0.0,0.0
2026-01-23 01:00:00,2026-01-23,1,2026,1,Friday,False,winter,weekday_winter,1387,43566,31.410237923576062,0.0,0.0,0.0,0.0
2026-01-23 02:00:00,2026-01-23,2,2026,1,Friday,False,winter,weekday_winter,1387,43566,31.410237923576062,0.0,0.0,0.0,0.0
2026-01-23 03:00:00,2026-01-23,3,2026,1,Friday,False,winter,weekday_winter,1387,43566,31.410237923576062,0.0,0.0,0.0,0.0
2026-01-23 04:00:00,2026-01-23,4,2026,1,Friday,False,winter,weekday_winter,1387,43566,31.410237923576062,0.0,0.0,0.0,0.0
2026-01-23 05:00:00,2026-01-23,5,2026,1,Friday,False,winter,weekday_winter,1387,43566,31.410237923576062,0.0,0.0,0.0,0.0
2026-01-23 06:00:00,2026-01-23,6,2026,1,Friday,False,winter,weekday_winter,1387,43566,31.410237923576062,0.007783781882715673,10.796105471326639,5.6518040250398505,5.6518040250398505
2026-01-23 07:00:00,2026-01-23,7,2026,1,Friday,False,winter,weekday_winter,1387,43566,31.410237923576062,0.016817569878023773,23.32596942081897,12.211237488433062,6.559433463393211
2026-01-23 08:00:00,2026-01-23,8,2026,1,Friday,False,winter,weekday_winter,1387,43566,31.410237923576062,0.03173218736669319,44.012543877603456,23.04074124695593,10.829503758522867
2026-01-23 09:00:00,2026-01-23,9,2026,1,Friday,False,winter,weekday_winter,1387,43566,31.410237923576062,0.052655734511452,73.03350376738392,38.233328828765295,15.192587581809367
2026-01-23 10:00:00,2026-01-23,10,2026,1,Friday,False,winter,weekday_winter,1387,43566,31.410237923576062,0.07746909318682846,107.44963225013107,56.25030856295615,18.016979734190855
2026-01-23 11:00:00,2026-01-23,11,2026,1,Friday,False,winter,weekday_winter,1387,43566,31.410237923576062,0.10190387699749258,141.34067739552222,73.99240508787938,17.742096524923227
2026-01-23 12:00:00,2026-01-23,12,2026,1,Friday,False,winter,weekday_winter,1387,43566,31.410237923576062,0.12072108903148655,167.44015048667185,87.65558274576239,13.663177657883011
2026-01-23 13:00:00,2026-01-23,13,2026,1,Friday,False,winter,weekday_winter,1387,43566,31.410237923576062,0.1293905760623905,179.4647289985356,93.95049727890174,6.294914533139348
2026-01-23 14:00:00,2026-01-23,14,2026,1,Friday,False,winter,weekday_winter,1387,43566,31.410237923576062,0.1256000383660615,174.2072532137273,91.19818785759726,-2.7523094213044743
2026-01-23 15:00:00,2026-01-23,15,2026,1,Friday,False,winter,weekday_winter,1387,43566,31.410237923576062,0.1101580717069006,152.78924545747114,79.98577586638054,-11.212411991216726
2026-01-23 16:00:00,2026-01-23,16,2026,1,Friday,False,winter,weekday_winter,1387,43566,31.410237923576062,0.08689574171043071,120.5243937523674,63.09499805594375,-16.890777810436788
2026-01-23 17:00:00,2026-01-23,17,2026,1,Friday,False,winter,weekday_winter,1387,43566,31.410237923576062,0.06132517951453098,85.05802398665448,44.52821284550095,-18.566785210442795
2026-01-23 18:00:00,2026-01-23,18,2026,1,Friday,False,winter,weekday_winter,1387,43566,31.410237923576062,0.038531873775013936,53.44370892594433,27.97799354803762,-16.550219297463332
2026-01-23 19:00:00,2026-01-23,19,2026,1,Friday,False,winter,weekday_winter,1387,43566,31.410237923576062,0.021470943361031867,29.7801984417512,15.59005197444524,-12.38794157359238
2026-01-23 20:00:00,2026-01-23,20,2026,1,Friday,False,winter,weekday_winter,1387,43566,31.410237923576062,0.01058059361887287,14.675283349376672,7.682569026663592,-7.907482947781648
2026-01-23 21:00:00,2026-01-23,21,2026,1,Friday,False,winter,weekday_winter,1387,43566,31.410237923576062,0.004602337827400516,6.383442566604516,3.341757496475515,-4.340811530188077
2026-01-23 22:00:00,2026-01-23,22,2026,1,Friday,False,winter,weekday_winter,1387,43566,31.410237923576062,0.0017649821906013032,2.4480302983640074,1.2815535685956063,-2.0602039278799085
2026-01-23 23:00:00,2026-01-23,23,2026,1,Friday,False,winter,weekday_winter,1387,43566,31.410237923576062,0.0005963290120730338,0.8271083397452978,0.43299449566622983,-0.8485590729293765
2026-01-24 00:00:00,2026-01-24,0,2026,1,Saturday,True,winter,weekend_winter,887,39472,44.50056369785795,0.0,0.0,0.0,0.0
2026-01-24 01:00:00,2026-01-24,1,2026,1,Saturday,True,winter,weekend_winter,887,39472,44.50056369785795,0.0,0.0,0.0,0.0
2026-01-24 02:00:00,2026-01-24,2,2026,1,Saturday,True,winter,weekend_winter,887,39472,44.50056369785795,0.0,0.0,0.0,0.0
2026-01-24 03:00:00,2026-01-24,3,2026,1,Saturday,True,winter,weekend_winter,887,39472,44.50056369785795,0.0,0.0,0.0,0.0
2026-01-24 04:00:00,2026-01-24,4,2026,1,Saturday,True,winter,weekend_winter,887,39472,44.50056369785795,0.0,0.0,0.0,0.0
2026-01-24 05:00:00,2026-01-24,5,2026,1,Saturday,True,winter,weekend_winter,887,39472,44.50056369785795,0.0,0.0,0.0,0.0
2026-01-24 06:00:00,2026-01-24,6,2026,1,Saturday,True,winter,weekend_winter,887,39472,44.50056369785795,0.004060054716415241,3.6012685334603187,2.670974662772373,2.670974662772373
2026-01-24 07:00:00,2026-01-24,7,2026,1,Saturday,True,winter,weekend_winter,887,39472,44.50056369785795,0.009139971308762375,8.107154550872227,6.012882458324475,3.3419077955521015
2026-01-24 08:00:00,2026-01-24,8,2026,1,Saturday,True,winter,weekend_winter,887,39472,44.50056369785795,0.01825302934016846,16.190437024729423,12.00805956858549,5.9951771102610145
2026-01-24 09:00:00,2026-01-24,9,2026,1,Saturday,True,winter,weekend_winter,887,39472,44.50056369785795,0.03248325236986794,28.81264485207286,21.36964895905712,9.36158939047163
2026-01-24 10:00:00,2026-01-24,10,2026,1,Saturday,True,winter,weekend_winter,887,39472,44.50056369785795,0.05178120587736963,45.92992961322686,34.06512930652556,12.695480347468443
2026-01-24 11:00:00,2026-01-24,11,2026,1,Saturday,True,winter,weekend_winter,887,39472,44.50056369785795,0.07434834110627124,65.9469785612626,48.91129533577897,14.84616602925341
2026-01-24 12:00:00,2026-01-24,12,2026,1,Saturday,True,winter,weekend_winter,887,39472,44.50056369785795,0.09665890524129285,85.73644894902675,63.58867179473852,14.677376458959543
2026-01-24 13:00:00,2026-01-24,13,2026,1,Saturday,True,winter,weekend_winter,887,39472,44.50056369785795,0.11426971494516516,101.3572371563615,75.174236471926,11.585564677187477
2026-01-24 14:00:00,2026-01-24,14,2026,1,Saturday,True,winter,weekend_winter,887,39472,44.50056369785795,0.12315627376898818,109.23961483309252,81.0204073034917,5.846170831565701
2026-01-24 15:00:00,2026-01-24,15,2026,1,Saturday,True,winter,weekend_winter,887,39472,44.50056369785795,0.12107765325366525,107.39587843600107,79.65295215381124,-1.3674551496804526
2026-01-24 16:00:00,2026-01-24,16,2026,1,Saturday,True,winter,weekend_winter,887,39472,44.50056369785795,0.10844236086083335,96.18837408355918,71.34061446498023,-8.312337688831008
2026-01-24 17:00:00,2026-01-24,17,2026,1,Saturday,True,winter,weekend_winter,887,39472,44.50056369785795,0.08825746705298823,78.28437327600057,58.061645658592525,-13.27896880638771
2026-01-24 18:00:00,2026-01-24,18,2026,1,Saturday,True,winter,weekend_winter,887,39472,44.50056369785795,0.06506754640594199,57.71491366207055,42.80576986225571,-15.255875796336817
2026-01-24 19:00:00,2026-01-24,19,2026,1,Saturday,True,winter,weekend_winter,887,39472,44.50056369785795,0.04332087483876642,38.425615981985814,28.499359527263135,-14.306410334992574
2026-01-24 20:00:00,2026-01-24,20,2026,1,Saturday,True,winter,weekend_winter,887,39472,44.50056369785795,0.025977044160987794,23.041638170796173,17.089431452041836,-11.409928075221298
2026-01-24 21:00:00,2026-01-24,21,2026,1,Saturday,True,winter,weekend_winter,887,39472,44.50056369785795,0.014000011964665765,12.418010612658534,9.210141204488119,-7.879290247553717
2026-01-24 22:00:00,2026-01-24,22,2026,1,Saturday,True,winter,weekend_winter,887,39472,44.50056369785795,0.006770858019598214,6.005751063383616,4.454321795826345,-4.755819408661774
2026-01-24 23:00:00,2026-01-24,23,2026,1,Saturday,True,winter,weekend_winter,887,39472,44.50056369785795,0.00293543476825201,2.603730639439533,1.931124686207389,-2.5231971096189554
2026-01-25 00:00:00,2026-01-25,0,2026,1,Sunday,True,winter,weekend_winter,755,41399,54.83311258278146,0.0,0.0,0.0,0.0
2026-01-25 01:00:00,2026-01-25,1,2026,1,Sunday,True,winter,weekend_winter,755,41399,54.83311258278146,0.0,0.0,0.0,0.0
2026-01-25 02:00:00,2026-01-25,2,2026,1,Sunday,True,winter,weekend_winter,755,41399,54.83311258278146,0.0,0.0,0.0,0.0
2026-01-25 03:00:00,2026-01-25,3,2026,1,Sunday,True,winter,weekend_winter,755,41399,54.83311258278146,0.0,0.0,0.0,0.0
2026-01-25 04:00:00,2026-01-25,4,2026,1,Sunday,True,winter,weekend_winter,755,41399,54.83311258278146,0.0,0.0,0.0,0.0
2026-01-25 05:00:00,2026-01-25,5,2026,1,Sunday,True,winter,weekend_winter,755,41399,54.83311258278146,0.0,0.0,0.0,0.0
2026-01-25 06:00:00,2026-01-25,6,2026,1,Sunday,True,winter,weekend_winter,755,41399,54.83311258278146,0.004060054716415241,3.065341310893507,2.8013700867479097,2.8013700867479097
2026-01-25 07:00:00,2026-01-25,7,2026,1,Sunday,True,winter,weekend_winter,755,41399,54.83311258278146,0.009139971308762375,6.900678338115593,6.306427870190893,3.5050577834429832
2026-01-25 08:00:00,2026-01-25,8,2026,1,Sunday,True,winter,weekend_winter,755,41399,54.83311258278146,0.01825302934016846,13.781037151827187,12.594286027560567,6.287858157369675
2026-01-25 09:00:00,2026-01-25,9,2026,1,Sunday,True,winter,weekend_winter,755,41399,54.83311258278146,0.03248325236986794,24.524855539250293,22.41290274766938,9.818616720108814
2026-01-25 10:00:00,2026-01-25,10,2026,1,Sunday,True,winter,weekend_winter,755,41399,54.83311258278146,0.05178120587736963,39.094810437414075,35.728169035287095,13.315266287617714
2026-01-25 11:00:00,2026-01-25,11,2026,1,Sunday,True,winter,weekend_winter,755,41399,54.83311258278146,0.07434834110627124,56.132997535234786,51.29911622430872,15.570947189021624
2026-01-25 12:00:00,2026-01-25,12,2026,1,Sunday,True,winter,weekend_winter,755,41399,54.83311258278146,0.09665890524129285,72.9774734571761,66.69303363473804,15.393917410429324
2026-01-25 13:00:00,2026-01-25,13,2026,1,Sunday,True,winter,weekend_winter,755,41399,54.83311258278146,0.11426971494516516,86.2736347835997,78.84419881691488,12.15116518217684
2026-01-25 14:00:00,2026-01-25,14,2026,1,Sunday,True,winter,weekend_winter,755,41399,54.83311258278146,0.12315627376898818,92.98298669558608,84.97577629603903,6.131577479124147
2026-01-25 15:00:00,2026-01-25,15,2026,1,Sunday,True,winter,weekend_winter,755,41399,54.83311258278146,0.12107765325366525,91.41362820651726,83.54156278414146,-1.4342135118975676
2026-01-25 16:00:00,2026-01-25,16,2026,1,Sunday,True,winter,weekend_winter,755,41399,54.83311258278146,0.10844236086083335,81.87398244992917,74.823421621294,-8.71814116284746
2026-01-25 17:00:00,2026-01-25,17,2026,1,Sunday,True,winter,weekend_winter,755,41399,54.83311258278146,0.08825746705298823,66.63438762500611,60.89618130877766,-13.92724031251634
2026-01-25 18:00:00,2026-01-25,18,2026,1,Sunday,True,winter,weekend_winter,755,41399,54.83311258278146,0.06506754640594199,49.1259975364862,44.89552256099321,-16.000658747784456
2026-01-25 19:00:00,2026-01-25,19,2026,1,Sunday,True,winter,weekend_winter,755,41399,54.83311258278146,0.04332087483876642,32.70726050326865,29.890681624168188,-15.004840936825019
2026-01-25 20:00:00,2026-01-25,20,2026,1,Sunday,True,winter,weekend_winter,755,41399,54.83311258278146,0.025977044160987794,19.612668341545785,17.92372752034556,-11.966954103822626
2026-01-25 21:00:00,2026-01-25,21,2026,1,Sunday,True,winter,weekend_winter,755,41399,54.83311258278146,0.014000011964665765,10.570009033322654,9.659774922086635,-8.263952598258927
2026-01-25 22:00:00,2026-01-25,22,2026,1,Sunday,True,winter,weekend_winter,755,41399,54.83311258278146,0.006770858019598214,5.111997804796651,4.671779185889108,-4.987995736197528
2026-01-25 23:00:00,2026-01-25,23,2026,1,Sunday,True,winter,weekend_winter,755,41399,54.83311258278146,0.00293543476825201,2.2162532500302676,2.025401066181083,-2.6463781197080247
2026-01-26 00:00:00,2026-01-26,0,2026,1,Monday,False,winter,weekday_winter,1274,41187,32.32888540031397,0.0,0.0,0.0,0.0
2026-01-26 01:00:00,2026-01-26,1,2026,1,Monday,False,winter,weekday_winter,1274,41187,32.32888540031397,0.0,0.0,0.0,0.0
2026-01-26 02:00:00,2026-01-26,2,2026,1,Monday,False,winter,weekday_winter,1274,41187,32.32888540031397,0.0,0.0,0.0,0.0
2026-01-26 03:00:00,2026-01-26,3,2026,1,Monday,False,winter,weekday_winter,1274,41187,32.32888540031397,0.0,0.0,0.0,0.0
2026-01-26 04:00:00,2026-01-26,4,2026,1,Monday,False,winter,weekday_winter,1274,41187,32.32888540031397,0.0,0.0,0.0,0.0
2026-01-26 05:00:00,2026-01-26,5,2026,1,Monday,False,winter,weekday_winter,1274,41187,32.32888540031397,0.0,0.0,0.0,0.0
2026-01-26 06:00:00,2026-01-26,6,2026,1,Monday,False,winter,weekday_winter,1274,41187,32.32888540031397,0.007783781882715673,9.916538118579767,5.343177073390173,5.343177073390173
2026-01-26 07:00:00,2026-01-26,7,2026,1,Monday,False,winter,weekday_winter,1274,41187,32.32888540031397,0.016817569878023773,21.425584024602287,11.544420842769417,6.201243769379245
2026-01-26 08:00:00,2026-01-26,8,2026,1,Monday,False,winter,weekday_winter,1274,41187,32.32888540031397,0.03173218736669319,40.426806705167124,21.782560017866537,10.23813917509712
2026-01-26 09:00:00,2026-01-26,9,2026,1,Monday,False,winter,weekday_winter,1274,41187,32.32888540031397,0.052655734511452,67.08340576758985,36.145528955386226,14.362968937519689
2026-01-26 10:00:00,2026-01-26,10,2026,1,Monday,False,winter,weekday_winter,1274,41187,32.32888540031397,0.07746909318682846,98.69562472001945,53.17865901809839,17.03313006271216
2026-01-26 11:00:00,2026-01-26,11,2026,1,Monday,False,winter,weekday_winter,1274,41187,32.32888540031397,0.10190387699749258,129.82553929480554,69.95191636492878,16.77325734683039
2026-01-26 12:00:00,2026-01-26,12,2026,1,Monday,False,winter,weekday_winter,1274,41187,32.32888540031397,0.12072108903148655,153.79866742611387,82.86899156566393,12.917075200735155
2026-01-26 13:00:00,2026-01-26,13,2026,1,Monday,False,winter,weekday_winter,1274,41187,32.32888540031397,0.1293905760623905,164.84359390348547,88.82016093802794,5.9511693723640064
2026-01-26 14:00:00,2026-01-26,14,2026,1,Monday,False,winter,weekday_winter,1274,41187,32.32888540031397,0.1256000383660615,160.01444887836237,86.21814633638292,-2.602014601645024
2026-01-26 15:00:00,2026-01-26,15,2026,1,Monday,False,winter,weekday_winter,1274,41187,32.32888540031397,0.1101580717069006,140.34138335459136,75.6180083232019,-10.60013801318101
2026-01-26 16:00:00,2026-01-26,16,2026,1,Monday,False,winter,weekday_winter,1274,41187,32.32888540031397,0.08689574171043071,110.70517493908874,59.64958189712516,-15.968426426076746
2026-01-26 17:00:00,2026-01-26,17,2026,1,Monday,False,winter,weekday_winter,1274,41187,32.32888540031397,0.06132517951453098,78.12827870151247,42.09666947774979,-17.552912419375367
2026-01-26 18:00:00,2026-01-26,18,2026,1,Monday,False,winter,weekday_winter,1274,41187,32.32888540031397,0.038531873775013936,49.089607189367754,26.450204752858316,-15.646464724891477
2026-01-26 19:00:00,2026-01-26,19,2026,1,Monday,False,winter,weekday_winter,1274,41187,32.32888540031397,0.021470943361031867,27.3539818419546,14.738729070180325,-11.71147568267799
2026-01-26 20:00:00,2026-01-26,20,2026,1,Monday,False,winter,weekday_winter,1274,41187,32.32888540031397,0.01058059361887287,13.479676270444036,7.263048489675281,-7.475680580505044
2026-01-26 21:00:00,2026-01-26,21,2026,1,Monday,False,winter,weekday_winter,1274,41187,32.32888540031397,0.004602337827400516,5.863378392108257,3.159274801619084,-4.103773688056197
2026-01-26 22:00:00,2026-01-26,22,2026,1,Monday,False,winter,weekday_winter,1274,41187,32.32888540031397,0.0017649821906013032,2.24858731082606,1.2115720247382644,-1.9477027768808195
2026-01-26 23:00:00,2026-01-26,23,2026,1,Monday,False,winter,weekday_winter,1274,41187,32.32888540031397,0.0005963290120730338,0.7597231613810451,0.4093500503375341,-0.8022219744007304
2026-01-27 00:00:00,2026-01-27,0,2026,1,Tuesday,False,winter,weekday_winter,1320,45212,34.25151515151515,0.0,0.0,0.0,0.0
2026-01-27 01:00:00,2026-01-27,1,2026,1,Tuesday,False,winter,weekday_winter,1320,45212,34.25151515151515,0.0,0.0,0.0,0.0
2026-01-27 02:00:00,2026-01-27,2,2026,1,Tuesday,False,winter,weekday_winter,1320,45212,34.25151515151515,0.0,0.0,0.0,0.0
2026-01-27 03:00:00,2026-01-27,3,2026,1,Tuesday,False,winter,weekday_winter,1320,45212,34.25151515151515,0.0,0.0,0.0,0.0
2026-01-27 04:00:00,2026-01-27,4,2026,1,Tuesday,False,winter,weekday_winter,1320,45212,34.25151515151515,0.0,0.0,0.0,0.0
2026-01-27 05:00:00,2026-01-27,5,2026,1,Tuesday,False,winter,weekday_winter,1320,45212,34.25151515151515,0.0,0.0,0.0,0.0
2026-01-27 06:00:00,2026-01-27,6,2026,1,Tuesday,False,winter,weekday_winter,1320,45212,34.25151515151515,0.007783781882715673,10.274592085184688,5.86533910802235,5.86533910802235
2026-01-27 07:00:00,2026-01-27,7,2026,1,Tuesday,False,winter,weekday_winter,1320,45212,34.25151515151515,0.016817569878023773,22.19919223899138,12.672599488753512,6.8072603807311625
2026-01-27 08:00:00,2026-01-27,8,2026,1,Tuesday,False,winter,weekday_winter,1320,45212,34.25151515151515,0.03173218736669319,41.886487324035016,23.91126092038221,11.2386614316287
2026-01-27 09:00:00,2026-01-27,9,2026,1,Tuesday,False,winter,weekday_winter,1320,45212,34.25151515151515,0.052655734511452,69.50556955511664,39.67785114552946,15.766590225147247
2026-01-27 10:00:00,2026-01-27,10,2026,1,Tuesday,False,winter,weekday_winter,1320,45212,34.25151515151515,0.07746909318682846,102.25920300661356,58.375544019381465,18.697692873852006
2026-01-27 11:00:00,2026-01-27,11,2026,1,Tuesday,False,winter,weekday_winter,1320,45212,34.25151515151515,0.10190387699749258,134.5131176366902,76.78796811351057,18.412424094129108
2026-01-27 12:00:00,2026-01-27,12,2026,1,Tuesday,False,winter,weekday_winter,1320,45212,34.25151515151515,0.12072108903148655,159.35183752156226,90.96736462152617,14.1793965080156
2026-01-27 13:00:00,2026-01-27,13,2026,1,Tuesday,False,winter,weekday_winter,1320,45212,34.25151515151515,0.1293905760623905,170.79556040235545,97.5001120822133,6.532747460687133
2026-01-27 14:00:00,2026-01-27,14,2026,1,Tuesday,False,winter,weekday_winter,1320,45212,34.25151515151515,0.1256000383660615,165.7920506432012,94.6438155767729,-2.8562965054404117
2026-01-27 15:00:00,2026-01-27,15,2026,1,Tuesday,False,winter,weekday_winter,1320,45212,34.25151515151515,0.1101580717069006,145.40865465310878,83.00777896687316,-11.636036609899733
2026-01-27 16:00:00,2026-01-27,16,2026,1,Tuesday,False,winter,weekday_winter,1320,45212,34.25151515151515,0.08689574171043071,114.70237905776854,65.47883790353322,-17.528941063339943
2026-01-27 17:00:00,2026-01-27,17,2026,1,Tuesday,False,winter,weekday_winter,1320,45212,34.25151515151515,0.06132517951453098,80.9492369591809,46.210566936849574,-19.268270966683644
2026-01-27 18:00:00,2026-01-27,18,2026,1,Tuesday,False,winter,weekday_winter,1320,45212,34.25151515151515,0.038531873775013936,50.8620733830184,29.035051285265503,-17.17551565158407
2026-01-27 19:00:00,2026-01-27,19,2026,1,Tuesday,False,winter,weekday_winter,1320,45212,34.25151515151515,0.021470943361031867,28.341645236562066,16.179071520649547,-12.855979764615956
2026-01-27 20:00:00,2026-01-27,20,2026,1,Tuesday,False,winter,weekday_winter,1320,45212,34.25151515151515,0.01058059361887287,13.96638357691219,7.97282997827467,-8.206241542374876
2026-01-27 21:00:00,2026-01-27,21,2026,1,Tuesday,False,winter,weekday_winter,1320,45212,34.25151515151515,0.004602337827400516,6.075085932168681,3.4680149642072022,-4.504815014067468
2026-01-27 22:00:00,2026-01-27,22,2026,1,Tuesday,False,winter,weekday_winter,1320,45212,34.25151515151515,0.0017649821906013032,2.3297764915937202,1.3299729133577687,-2.1380420508494336
2026-01-27 23:00:00,2026-01-27,23,2026,1,Tuesday,False,winter,weekday_winter,1320,45212,34.25151515151515,0.0005963290120730338,0.7871542959364046,0.4493537882307667,-0.8806191251270019
2026-01-28 00:00:00,2026-01-28,0,2026,1,Wednesday,False,winter,weekday_winter,1463,43828,29.95762132604238,0.0,0.0,0.0,0.0
2026-01-28 01:00:00,2026-01-28,1,2026,1,Wednesday,False,winter,weekday_winter,1463,43828,29.95762132604238,0.0,0.0,0.0,0.0
2026-01-28 02:00:00,2026-01-28,2,2026,1,Wednesday,False,winter,weekday_winter,1463,43828,29.95762132604238,0.0,0.0,0.0,0.0
2026-01-28 03:00:00,2026-01-28,3,2026,1,Wednesday,False,winter,weekday_winter,1463,43828,29.95762132604238,0.0,0.0,0.0,0.0
2026-01-28 04:00:00,2026-01-28,4,2026,1,Wednesday,False,winter,weekday_winter,1463,43828,29.95762132604238,0.0,0.0,0.0,0.0
2026-01-28 05:00:00,2026-01-28,5,2026,1,Wednesday,False,winter,weekday_winter,1463,43828,29.95762132604238,0.0,0.0,0.0,0.0
2026-01-28 06:00:00,2026-01-28,6,2026,1,Wednesday,False,winter,weekday_winter,1463,43828,29.95762132604238,0.007783781882715673,11.38767289441303,5.685793205927708,5.685793205927708
2026-01-28 07:00:00,2026-01-28,7,2026,1,Wednesday,False,winter,weekday_winter,1463,43828,29.95762132604238,0.016817569878023773,24.60410473154878,12.284674210233765,6.598881004306057
2026-01-28 08:00:00,2026-01-28,8,2026,1,Wednesday,False,winter,weekday_winter,1463,43828,29.95762132604238,0.03173218736669319,46.424190117472136,23.179305131790485,10.89463092155672
2026-01-28 09:00:00,2026-01-28,9,2026,1,Wednesday,False,winter,weekday_winter,1463,43828,29.95762132604238,0.052655734511452,77.03533959025428,38.46325886946531,15.283953737674821
2026-01-28 10:00:00,2026-01-28,10,2026,1,Wednesday,False,winter,weekday_winter,1463,43828,29.95762132604238,0.07746909318682846,113.33728333233003,56.58859026987196,18.12533140040665
2026-01-28 11:00:00,2026-01-28,11,2026,1,Wednesday,False,winter,weekday_winter,1463,43828,29.95762132604238,0.10190387699749258,149.08537204733165,74.43738535076841,17.84879508089645
2026-01-28 12:00:00,2026-01-28,12,2026,1,Wednesday,False,winter,weekday_winter,1463,43828,29.95762132604238,0.12072108903148655,176.61495325306484,88.18273150119988,13.745346150431473
2026-01-28 13:00:00,2026-01-28,13,2026,1,Wednesday,False,winter,weekday_winter,1463,43828,29.95762132604238,0.1293905760623905,189.29841277927727,94.51550279437416,6.332771293174275
2026-01-28 14:00:00,2026-01-28,14,2026,1,Wednesday,False,winter,weekday_winter,1463,43828,29.95762132604238,0.1256000383660615,183.75285612954798,91.74664135846238,-2.7688614359117736
2026-01-28 15:00:00,2026-01-28,15,2026,1,Wednesday,False,winter,weekday_winter,1463,43828,29.95762132604238,0.1101580717069006,161.1612589071956,80.46679944616733,-11.279841912295055
2026-01-28 16:00:00,2026-01-28,16,2026,1,Wednesday,False,winter,weekday_winter,1463,43828,29.95762132604238,0.08689574171043071,127.12847012236013,63.47444279474595,-16.99235665142138
2026-01-28 17:00:00,2026-01-28,17,2026,1,Wednesday,False,winter,weekday_winter,1463,43828,29.95762132604238,0.06132517951453098,89.71873762975882,44.79599946271439,-18.678443332031556
2026-01-28 18:00:00,2026-01-28,18,2026,1,Wednesday,False,winter,weekday_winter,1463,43828,29.95762132604238,0.038531873775013936,56.37213133284539,28.14624939685518,-16.649750065859212
2026-01-28 19:00:00,2026-01-28,19,2026,1,Wednesday,False,winter,weekday_winter,1463,43828,29.95762132604238,0.021470943361031867,31.411990137189623,15.683808427121745,-12.462440969733434
2026-01-28 20:00:00,2026-01-28,20,2026,1,Wednesday,False,winter,weekday_winter,1463,43828,29.95762132604238,0.01058059361887287,15.47940846441101,7.7287709521326695,-7.9550374749890755
2026-01-28 21:00:00,2026-01-28,21,2026,1,Wednesday,False,winter,weekday_winter,1463,43828,29.95762132604238,0.004602337827400516,6.733220241486955,3.3618543716551637,-4.366916580477506
2026-01-28 22:00:00,2026-01-28,22,2026,1,Wednesday,False,winter,weekday_winter,1463,43828,29.95762132604238,0.0017649821906013032,2.5821689448497067,1.2892606574945653,-2.0725937141605986
2026-01-28 23:00:00,2026-01-28,23,2026,1,Wednesday,False,winter,weekday_winter,1463,43828,29.95762132604238,0.0005963290120730338,0.8724293446628485,0.43559846568561544,-0.8536621918089499
2026-01-29 00:00:00,2026-01-29,0,2026,1,Thursday,False,winter,weekday_winter,1310,44540,34.0,0.0,0.0,0.0,0.0
2026-01-29 01:00:00,2026-01-29,1,2026,1,Thursday,False,winter,weekday_winter,1310,44540,34.0,0.0,0.0,0.0,0.0
2026-01-29 02:00:00,2026-01-29,2,2026,1,Thursday,False,winter,weekday_winter,1310,44540,34.0,0.0,0.0,0.0,0.0
2026-01-29 03:00:00,2026-01-29,3,2026,1,Thursday,False,winter,weekday_winter,1310,44540,34.0,0.0,0.0,0.0,0.0
2026-01-29 04:00:00,2026-01-29,4,2026,1,Thursday,False,winter,weekday_winter,1310,44540,34.0,0.0,0.0,0.0,0.0
2026-01-29 05:00:00,2026-01-29,5,2026,1,Thursday,False,winter,weekday_winter,1310,44540,34.0,0.0,0.0,0.0,0.0
2026-01-29 06:00:00,2026-01-29,6,2026,1,Thursday,False,winter,weekday_winter,1310,44540,34.0,0.007783781882715673,10.196754266357532,5.7781607509359345,5.7781607509359345
2026-01-29 07:00:00,2026-01-29,7,2026,1,Thursday,False,winter,weekday_winter,1310,44540,34.0,0.016817569878023773,22.03101654021114,12.484242706119646,6.706081955183712
2026-01-29 08:00:00,2026-01-29,8,2026,1,Thursday,False,winter,weekday_winter,1310,44540,34.0,0.03173218736669319,41.56916545036808,23.555860421875245,11.071617715755599
2026-01-29 09:00:00,2026-01-29,9,2026,1,Thursday,False,winter,weekday_winter,1310,44540,34.0,0.052655734511452,68.97901221000213,39.088106919001206,15.53224649712596
2026-01-29 10:00:00,2026-01-29,10,2026,1,Thursday,False,winter,weekday_winter,1310,44540,34.0,0.07746909318682846,101.48451207474528,57.50789017568899,18.419783256687786
2026-01-29 11:00:00,2026-01-29,11,2026,1,Thursday,False,winter,weekday_winter,1310,44540,34.0,0.10190387699749258,133.49407886671528,75.64664469113866,18.13875451544967
2026-01-29 12:00:00,2026-01-29,12,2026,1,Thursday,False,winter,weekday_winter,1310,44540,34.0,0.12072108903148655,158.14462663124738,89.61528842437352,13.968643733234856
2026-01-29 13:00:00,2026-01-29,13,2026,1,Thursday,False,winter,weekday_winter,1310,44540,34.0,0.1293905760623905,169.50165464173153,96.05093763031454,6.435649205941019
2026-01-29 14:00:00,2026-01-29,14,2026,1,Thursday,False,winter,weekday_winter,1310,44540,34.0,0.1256000383660615,164.5360502595406,93.23709514707299,-2.813842483241544
2026-01-29 15:00:00,2026-01-29,15,2026,1,Thursday,False,winter,weekday_winter,1310,44540,34.0,0.1101580717069006,144.30707393603979,81.77400856375587,-11.463086583317121
2026-01-29 16:00:00,2026-01-29,16,2026,1,Thursday,False,winter,weekday_winter,1310,44540,34.0,0.08689574171043071,113.83342164066423,64.5056055963764,-17.268402967379473
2026-01-29 17:00:00,2026-01-29,17,2026,1,Thursday,False,winter,weekday_winter,1310,44540,34.0,0.06132517951453098,80.33598516403559,45.52372492628683,-18.981880670089566
2026-01-29 18:00:00,2026-01-29,18,2026,1,Thursday,False,winter,weekday_winter,1310,44540,34.0,0.038531873775013936,50.47675464526826,28.603494298985346,-16.920230627301486
2026-01-29 19:00:00,2026-01-29,19,2026,1,Thursday,False,winter,weekday_winter,1310,44540,34.0,0.021470943361031867,28.126935802951746,15.93859695500599,-12.664897343979357
2026-01-29 20:00:00,2026-01-29,20,2026,1,Thursday,False,winter,weekday_winter,1310,44540,34.0,0.01058059361887287,13.860577640723461,7.8543273297432945,-8.084269625262696
2026-01-29 21:00:00,2026-01-29,21,2026,1,Thursday,False,winter,weekday_winter,1310,44540,34.0,0.004602337827400516,6.029062553894676,3.416468780540316,-4.4378585492029785
2026-01-29 22:00:00,2026-01-29,22,2026,1,Thursday,False,winter,weekday_winter,1310,44540,34.0,0.0017649821906013032,2.312126669687707,1.310205112823034,-2.1062636677172817
2026-01-29 23:00:00,2026-01-29,23,2026,1,Thursday,False,winter,weekday_winter,1310,44540,34.0,0.0005963290120730338,0.7811910058156742,0.4426749032955487,-0.8675302095274854
2026-01-30 00:00:00,2026-01-30,0,2026,1,Friday,False,winter,weekday_winter,1318,49985,37.92488619119879,0.0,0.0,0.0,0.0
2026-01-30 01:00:00,2026-01-30,1,2026,1,Friday,False,winter,weekday_winter,1318,49985,37.92488619119879,0.0,0.0,0.0,0.0
2026-01-30 02:00:00,2026-01-30,2,2026,1,Friday,False,winter,weekday_winter,1318,49985,37.92488619119879,0.0,0.0,0.0,0.0
2026-01-30 03:00:00,2026-01-30,3,2026,1,Friday,False,winter,weekday_winter,1318,49985,37.92488619119879,0.0,0.0,0.0,0.0
2026-01-30 04:00:00,2026-01-30,4,2026,1,Friday,False,winter,weekday_winter,1318,49985,37.92488619119879,0.0,0.0,0.0,0.0
2026-01-30 05:00:00,2026-01-30,5,2026,1,Friday,False,winter,weekday_winter,1318,49985,37.92488619119879,0.0,0.0,0.0,0.0
2026-01-30 06:00:00,2026-01-30,6,2026,1,Friday,False,winter,weekday_winter,1318,49985,37.92488619119879,0.007783781882715673,10.259024521419256,6.484538956792382,6.484538956792382
2026-01-30 07:00:00,2026-01-30,7,2026,1,Friday,False,winter,weekday_winter,1318,49985,37.92488619119879,0.016817569878023773,22.165557099235333,14.010437172550306,7.525898215757924
2026-01-30 08:00:00,2026-01-30,8,2026,1,Friday,False,winter,weekday_winter,1318,49985,37.92488619119879,0.03173218736669319,41.823022949301624,26.435556425402655,12.42511925285235
2026-01-30 09:00:00,2026-01-30,9,2026,1,Friday,False,winter,weekday_winter,1318,49985,37.92488619119879,0.052655734511452,69.40025808609374,43.86661482591548,17.43105840051282
2026-01-30 10:00:00,2026-01-30,10,2026,1,Friday,False,winter,weekday_winter,1318,49985,37.92488619119879,0.07746909318682846,102.1042648202399,64.53821038239369,20.67159555647821
2026-01-30 11:00:00,2026-01-30,11,2026,1,Friday,False,winter,weekday_winter,1318,49985,37.92488619119879,0.10190387699749258,134.30930988269523,84.89442152866113,20.35621114626744
2026-01-30 12:00:00,2026-01-30,12,2026,1,Friday,False,winter,weekday_winter,1318,49985,37.92488619119879,0.12072108903148655,159.11039534349928,100.57072725398093,15.676305725319807
2026-01-30 13:00:00,2026-01-30,13,2026,1,Friday,False,winter,weekday_winter,1318,49985,37.92488619119879,0.1293905760623905,170.53677925023067,107.79313240797649,7.2224051539955525
2026-01-30 14:00:00,2026-01-30,14,2026,1,Friday,False,winter,weekday_winter,1318,49985,37.92488619119879,0.1256000383660615,165.54085056646906,104.63529862879308,-3.157833779183406
2026-01-30 15:00:00,2026-01-30,15,2026,1,Friday,False,winter,weekday_winter,1318,49985,37.92488619119879,0.1101580717069006,145.188338509695,91.77085357115712,-12.864445057635962
2026-01-30 16:00:00,2026-01-30,16,2026,1,Friday,False,winter,weekday_winter,1318,49985,37.92488619119879,0.08689574171043071,114.52858757434768,72.391394156598,-19.379459414559122
2026-01-30 17:00:00,2026-01-30,17,2026,1,Friday,False,winter,weekday_winter,1318,49985,37.92488619119879,0.06132517951453098,80.82658660015183,51.08898496723052,-21.302409189367474
2026-01-30 18:00:00,2026-01-30,18,2026,1,Friday,False,winter,weekday_winter,1318,49985,37.92488619119879,0.038531873775013936,50.78500963546837,32.100261844067866,-18.988723123162657
2026-01-30 19:00:00,2026-01-30,19,2026,1,Friday,False,winter,weekday_winter,1318,49985,37.92488619119879,0.021470943361031867,28.29870334984,17.887085065019633,-14.213176779048233
2026-01-30 20:00:00,2026-01-30,20,2026,1,Friday,False,winter,weekday_winter,1318,49985,37.92488619119879,0.01058059361887287,13.945222389674443,8.814516200656008,-9.072568864363625
2026-01-30 21:00:00,2026-01-30,21,2026,1,Friday,False,winter,weekday_winter,1318,49985,37.92488619119879,0.004602337827400516,6.0658812565138795,3.834130938376913,-4.980385262279095
2026-01-30 22:00:00,2026-01-30,22,2026,1,Friday,False,winter,weekday_winter,1318,49985,37.92488619119879,0.0017649821906013032,2.3262465272125175,1.4703772466201024,-2.363753691756811
2026-01-30 23:00:00,2026-01-30,23,2026,1,Friday,False,winter,weekday_winter,1318,49985,37.92488619119879,0.0005963290120730338,0.7859616379122586,0.4967917611411767,-0.9735854854789256
2026-01-31 00:00:00,2026-01-31,0,2026,1,Saturday,True,winter,weekend_winter,973,52271,53.72147995889003,0.0,0.0,0.0,0.0
2026-01-31 01:00:00,2026-01-31,1,2026,1,Saturday,True,winter,weekend_winter,973,52271,53.72147995889003,0.0,0.0,0.0,0.0
2026-01-31 02:00:00,2026-01-31,2,2026,1,Saturday,True,winter,weekend_winter,973,52271,53.72147995889003,0.0,0.0,0.0,0.0
2026-01-31 03:00:00,2026-01-31,3,2026,1,Saturday,True,winter,weekend_winter,973,52271,53.72147995889003,0.0,0.0,0.0,0.0
2026-01-31 04:00:00,2026-01-31,4,2026,1,Saturday,True,winter,weekend_winter,973,52271,53.72147995889003,0.0,0.0,0.0,0.0
2026-01-31 05:00:00,2026-01-31,5,2026,1,Saturday,True,winter,weekend_winter,973,52271,53.72147995889003,0.0,0.0,0.0,0.0
2026-01-31 06:00:00,2026-01-31,6,2026,1,Saturday,True,winter,weekend_winter,973,52271,53.72147995889003,0.004060054716415241,3.9504332390720296,3.537052001362351,3.537052001362351
2026-01-31 07:00:00,2026-01-31,7,2026,1,Saturday,True,winter,weekend_winter,973,52271,53.72147995889003,0.009139971308762375,8.893192083425792,7.962590671338636,4.425538669976285
2026-01-31 08:00:00,2026-01-31,8,2026,1,Saturday,True,winter,weekend_winter,973,52271,53.72147995889003,0.01825302934016846,17.76019754798391,15.901734943999092,7.939144272660456
2026-01-31 09:00:00,2026-01-31,9,2026,1,Saturday,True,winter,weekend_winter,973,52271,53.72147995889003,0.03248325236986794,31.606204555881504,28.298868077089452,12.39713313309036
2026-01-31 10:00:00,2026-01-31,10,2026,1,Saturday,True,winter,weekend_winter,973,52271,53.72147995889003,0.05178120587736963,50.38311331868065,45.11092354026646,16.81205546317701
2026-01-31 11:00:00,2026-01-31,11,2026,1,Saturday,True,winter,weekend_winter,973,52271,53.72147995889003,0.07434834110627124,72.34093589640192,64.77103563276506,19.6601120924986
2026-01-31 12:00:00,2026-01-31,12,2026,1,Saturday,True,winter,weekend_winter,973,52271,53.72147995889003,0.09665890524129285,94.04911479977794,84.2076272644603,19.436591631695237
2026-01-31 13:00:00,2026-01-31,13,2026,1,Saturday,True,winter,weekend_winter,973,52271,53.72147995889003,0.11426971494516516,111.1844326416457,99.5498711649788,15.342243900518497
2026-01-31 14:00:00,2026-01-31,14,2026,1,Saturday,True,winter,weekend_winter,973,52271,53.72147995889003,0.12315627376898818,119.8310543772255,107.29169310297968,7.741821938000882
2026-01-31 15:00:00,2026-01-31,15,2026,1,Saturday,True,winter,weekend_winter,973,52271,53.72147995889003,0.12107765325366525,117.80855661581629,105.48083355370561,-1.8108595492740704
2026-01-31 16:00:00,2026-01-31,16,2026,1,Saturday,True,winter,weekend_winter,973,52271,53.72147995889003,0.10844236086083335,105.51441711759085,94.473177409277,-11.007656144428609
2026-01-31 17:00:00,2026-01-31,17,2026,1,Saturday,True,winter,weekend_winter,973,52271,53.72147995889003,0.08825746705298823,85.87451544255755,76.88843433877913,-17.584743070497865
2026-01-31 18:00:00,2026-01-31,18,2026,1,Saturday,True,winter,weekend_winter,973,52271,53.72147995889003,0.06506754640594199,63.31072265298156,56.6857619697499,-20.202672369029237
2026-01-31 19:00:00,2026-01-31,19,2026,1,Saturday,True,winter,weekend_winter,973,52271,53.72147995889003,0.04332087483876642,42.15121121811973,37.74042414495266,-18.945337824797235
2026-01-31 20:00:00,2026-01-31,20,2026,1,Saturday,True,winter,weekend_winter,973,52271,53.72147995889003,0.025977044160987794,25.275663968641123,22.630767922316547,-15.109656222636115
2026-01-31 21:00:00,2026-01-31,21,2026,1,Saturday,True,winter,weekend_winter,973,52271,53.72147995889003,0.014000011964665765,13.622011641619789,12.19657709008407,-10.434190832232478
2026-01-31 22:00:00,2026-01-31,22,2026,1,Saturday,True,winter,weekend_winter,973,52271,53.72147995889003,0.006770858019598214,6.5880448530690625,5.898658659040304,-6.297918431043765
2026-01-31 23:00:00,2026-01-31,23,2026,1,Saturday,True,winter,weekend_winter,973,52271,53.72147995889003,0.00293543476825201,2.8561780295092056,2.5573018461883468,-3.3413568128519575
2026-02-01 00:00:00,2026-02-01,0,2026,2,Sunday,True,winter,weekend_winter,831,52459,63.127557160048134,0.0,0.0,0.0,0.0
2026-02-01 01:00:00,2026-02-01,1,2026,2,Sunday,True,winter,weekend_winter,831,52459,63.127557160048134,0.0,0.0,0.0,0.0
2026-02-01 02:00:00,2026-02-01,2,2026,2,Sunday,True,winter,weekend_winter,831,52459,63.127557160048134,0.0,0.0,0.0,0.0
2026-02-01 03:00:00,2026-02-01,3,2026,2,Sunday,True,winter,weekend_winter,831,52459,63.127557160048134,0.0,0.0,0.0,0.0
2026-02-01 04:00:00,2026-02-01,4,2026,2,Sunday,True,winter,weekend_winter,831,52459,63.127557160048134,0.0,0.0,0.0,0.0
2026-02-01 05:00:00,2026-02-01,5,2026,2,Sunday,True,winter,weekend_winter,831,52459,63.127557160048134,0.0,0.0,0.0,0.0
2026-02-01 06:00:00,2026-02-01,6,2026,2,Sunday,True,winter,weekend_winter,831,52459,63.127557160048134,0.004060054716415241,3.3739054693410653,3.3739054693410653,3.3739054693410653
2026-02-01 07:00:00,2026-02-01,7,2026,2,Sunday,True,winter,weekend_winter,831,52459,63.127557160048134,0.009139971308762375,7.595316157581534,7.771184194380921,4.397278725039856
2026-02-01 08:00:00,2026-02-01,8,2026,2,Sunday,True,winter,weekend_winter,831,52459,63.127557160048134,0.01825302934016846,15.168267381679991,15.564180472204548,7.792996277823627
2026-02-01 09:00:00,2026-02-01,9,2026,2,Sunday,True,winter,weekend_winter,831,52459,63.127557160048134,0.03248325236986794,26.99358271936026,27.784243106945222,12.220062634740675
2026-02-01 10:00:00,2026-02-01,10,2026,2,Sunday,True,winter,weekend_winter,831,52459,63.127557160048134,0.05178120587736963,43.030182084094164,44.43724829924894,16.65300519230372
2026-02-01 11:00:00,2026-02-01,11,2026,2,Sunday,True,winter,weekend_winter,831,52459,63.127557160048134,0.07434834110627124,61.7834714593114,64.02646069389947,19.589212394650524
2026-02-01 12:00:00,2026-02-01,12,2026,2,Sunday,True,winter,weekend_winter,831,52459,63.127557160048134,0.09665890524129285,80.32355025551436,83.54407256443434,19.51761187053488
2026-02-01 13:00:00,2026-02-01,13,2026,2,Sunday,True,winter,weekend_winter,831,52459,63.127557160048134,0.11426971494516516,94.95813311943225,99.14507469813425,15.601002133699907
2026-02-01 14:00:00,2026-02-01,14,2026,2,Sunday,True,winter,weekend_winter,831,52459,63.127557160048134,0.12315627376898818,102.34286350202918,107.29264665440391,8.147571956269658
2026-02-01 15:00:00,2026-02-01,15,2026,2,Sunday,True,winter,weekend_winter,831,52459,63.127557160048134,0.12107765325366525,100.61552985379582,105.95024911255582,-1.3423975418480865
2026-02-01 16:00:00,2026-02-01,16,2026,2,Sunday,True,winter,weekend_winter,831,52459,63.127557160048134,0.10844236086083335,90.11560187535251,95.36028222212377,-10.589966890432052
2026-02-01 17:00:00,2026-02-01,17,2026,2,Sunday,True,winter,weekend_winter,831,52459,63.127557160048134,0.08825746705298823,73.34195512103322,78.03931671898832,-17.320965503135454
2026-02-01 18:00:00,2026-02-01,18,2026,2,Sunday,True,winter,weekend_winter,831,52459,63.127557160048134,0.06506754640594199,54.071131063337795,57.8941503445164,-20.14516637447192
2026-02-01 19:00:00,2026-02-01,19,2026,2,Sunday,True,winter,weekend_winter,831,52459,63.127557160048134,0.04332087483876642,35.99964699101489,38.818156209498945,-19.075994135017453
2026-02-01 20:00:00,2026-02-01,20,2026,2,Sunday,True,winter,weekend_winter,831,52459,63.127557160048134,0.025977044160987794,21.586923697780858,23.46343959288009,-15.354716616618855
2026-02-01 21:00:00,2026-02-01,21,2026,2,Sunday,True,winter,weekend_winter,831,52459,63.127557160048134,0.014000011964665765,11.63400994263725,12.759248905544037,-10.704190687336052
2026-02-01 22:00:00,2026-02-01,22,2026,2,Sunday,True,winter,weekend_winter,831,52459,63.127557160048134,0.006770858019598214,5.6265830142861155,6.233016865888887,-6.5262320396551505
2026-02-01 23:00:00,2026-02-01,23,2026,2,Sunday,True,winter,weekend_winter,831,52459,63.127557160048134,0.00293543476825201,2.43934629241742,2.7326372922996827,-3.5003795735892043
2026-02-02 00:00:00,2026-02-02,0,2026,2,Monday,False,winter,weekday_winter,1086,23590,21.721915285451196,0.0,0.0,0.0,0.0
2026-02-02 01:00:00,2026-02-02,1,2026,2,Monday,False,winter,weekday_winter,1086,23590,21.721915285451196,0.0,0.0,0.0,0.0
2026-02-02 02:00:00,2026-02-02,2,2026,2,Monday,False,winter,weekday_winter,1086,23590,21.721915285451196,0.0,0.0,0.0,0.0
2026-02-02 03:00:00,2026-02-02,3,2026,2,Monday,False,winter,weekday_winter,1086,23590,21.721915285451196,0.0,0.0,0.0,0.0
2026-02-02 04:00:00,2026-02-02,4,2026,2,Monday,False,winter,weekday_winter,1086,23590,21.721915285451196,0.0,0.0,0.0,0.0
2026-02-02 05:00:00,2026-02-02,5,2026,2,Monday,False,winter,weekday_winter,1086,23590,21.721915285451196,0.0,0.0,0.0,0.0
2026-02-02 06:00:00,2026-02-02,6,2026,2,Monday,False,winter,weekday_winter,1086,23590,21.721915285451196,0.007783781882715673,8.45318712462922,3.0603235768877117,3.0603235768877117
2026-02-02 07:00:00,2026-02-02,7,2026,2,Monday,False,winter,weekday_winter,1086,23590,21.721915285451196,0.016817569878023773,18.263880887533816,6.612107890376346,3.551784313488634
2026-02-02 08:00:00,2026-02-02,8,2026,2,Monday,False,winter,weekday_winter,1086,23590,21.721915285451196,0.03173218736669319,34.461155480228804,12.476038333004873,5.863930442628527
2026-02-02 09:00:00,2026-02-02,9,2026,2,Monday,False,winter,weekday_winter,1086,23590,21.721915285451196,0.052655734511452,57.18412767943688,20.702479618752545,8.226441285747672
2026-02-02 10:00:00,2026-02-02,10,2026,2,Monday,False,winter,weekday_winter,1086,23590,21.721915285451196,0.07746909318682846,84.13143520089571,30.458265137954722,9.755785519202178
2026-02-02 11:00:00,2026-02-02,11,2026,2,Monday,False,winter,weekday_winter,1086,23590,21.721915285451196,0.10190387699749258,110.66761041927694,40.06520763951416,9.606942501559441
2026-02-02 12:00:00,2026-02-02,12,2026,2,Monday,False,winter,weekday_winter,1086,23590,21.721915285451196,0.12072108903148655,131.10310268819438,47.46350817087946,7.398300531365294
2026-02-02 13:00:00,2026-02-02,13,2026,2,Monday,False,winter,weekday_winter,1086,23590,21.721915285451196,0.1293905760623905,140.51816560375607,50.87206148852986,3.4085533176504015
2026-02-02 14:00:00,2026-02-02,14,2026,2,Monday,False,winter,weekday_winter,1086,23590,21.721915285451196,0.1256000383660615,136.4016416655428,49.38174841758985,-1.4903130709400116
2026-02-02 15:00:00,2026-02-02,15,2026,2,Monday,False,winter,weekday_winter,1086,23590,21.721915285451196,0.1101580717069006,119.63166587369406,43.31048185942976,-6.07126655816009
2026-02-02 16:00:00,2026-02-02,16,2026,2,Monday,False,winter,weekday_winter,1086,23590,21.721915285451196,0.08689574171043071,94.36877549752775,34.16450911581767,-9.145972743612084
2026-02-02 17:00:00,2026-02-02,17,2026,2,Monday,False,winter,weekday_winter,1086,23590,21.721915285451196,0.06132517951453098,66.59914495278065,24.111016412463098,-10.053492703354575
2026-02-02 18:00:00,2026-02-02,18,2026,2,Monday,False,winter,weekday_winter,1086,23590,21.721915285451196,0.038531873775013936,41.84561491966514,15.149448372542981,-8.961568039920117
2026-02-02 19:00:00,2026-02-02,19,2026,2,Monday,False,winter,weekday_winter,1086,23590,21.721915285451196,0.021470943361031867,23.317444490080607,8.441659231445696,-6.707789141097285
2026-02-02 20:00:00,2026-02-02,20,2026,2,Monday,False,winter,weekday_winter,1086,23590,21.721915285451196,0.01058059361887287,11.490524670095937,4.15993672448685,-4.281722506958846
2026-02-02 21:00:00,2026-02-02,21,2026,2,Monday,False,winter,weekday_winter,1086,23590,21.721915285451196,0.004602337827400516,4.998138880556961,1.8094858224729695,-2.350450902013881
2026-02-02 22:00:00,2026-02-02,22,2026,2,Monday,False,winter,weekday_winter,1086,23590,21.721915285451196,0.0017649821906013032,1.9167706589930154,0.6939321646047457,-1.1155536578682237
2026-02-02 23:00:00,2026-02-02,23,2026,2,Monday,False,winter,weekday_winter,1086,23590,21.721915285451196,0.0005963290120730338,0.6476133071113147,0.23445668991338112,-0.4594754746913646
2026-02-03 00:00:00,2026-02-03,0,2026,2,Tuesday,False,winter,weekday_winter,1522,45770,30.07227332457293,0.0,0.0,0.0,0.0
2026-02-03 01:00:00,2026-02-03,1,2026,2,Tuesday,False,winter,weekday_winter,1522,45770,30.07227332457293,0.0,0.0,0.0,0.0
2026-02-03 02:00:00,2026-02-03,2,2026,2,Tuesday,False,winter,weekday_winter,1522,45770,30.07227332457293,0.0,0.0,0.0,0.0
2026-02-03 03:00:00,2026-02-03,3,2026,2,Tuesday,False,winter,weekday_winter,1522,45770,30.07227332457293,0.0,0.0,0.0,0.0
2026-02-03 04:00:00,2026-02-03,4,2026,2,Tuesday,False,winter,weekday_winter,1522,45770,30.07227332457293,0.0,0.0,0.0,0.0
2026-02-03 05:00:00,2026-02-03,5,2026,2,Tuesday,False,winter,weekday_winter,1522,45770,30.07227332457293,0.0,0.0,0.0,0.0
2026-02-03 06:00:00,2026-02-03,6,2026,2,Tuesday,False,winter,weekday_winter,1522,45770,30.07227332457293,0.007783781882715673,11.846916025493254,5.937728279531605,5.937728279531605
2026-02-03 07:00:00,2026-02-03,7,2026,2,Tuesday,False,winter,weekday_winter,1522,45770,30.07227332457293,0.016817569878023773,25.596341354352184,12.829002888619135,6.89127460908753
2026-02-03 08:00:00,2026-02-03,8,2026,2,Tuesday,False,winter,weekday_winter,1522,45770,30.07227332457293,0.03173218736669319,48.29638917210704,24.206370262892456,11.377367374273321
2026-02-03 09:00:00,2026-02-03,9,2026,2,Tuesday,False,winter,weekday_winter,1522,45770,30.07227332457293,0.052655734511452,80.14202792642995,40.167549476485966,15.96117921359351
2026-02-03 10:00:00,2026-02-03,10,2026,2,Tuesday,False,winter,weekday_winter,1522,45770,30.07227332457293,0.07746909318682846,117.90795983035291,59.096006586018966,18.928457109533
2026-02-03 11:00:00,2026-02-03,11,2026,2,Tuesday,False,winter,weekday_winter,1522,45770,30.07227332457293,0.10190387699749258,155.0977007901837,77.73567416958724,18.639667583568276
2026-02-03 12:00:00,2026-02-03,12,2026,2,Tuesday,False,winter,weekday_winter,1522,45770,30.07227332457293,0.12072108903148655,183.73749750592253,92.09007074951899,14.354396579931745
2026-02-03 13:00:00,2026-02-03,13,2026,2,Tuesday,False,winter,weekday_winter,1522,45770,30.07227332457293,0.1293905760623905,196.93245676695832,98.70344443959354,6.613373690074553
2026-02-03 14:00:00,2026-02-03,14,2026,2,Tuesday,False,winter,weekday_winter,1522,45770,30.07227332457293,0.1256000383660615,191.1632583931456,95.81189593357725,-2.891548506016292
2026-02-03 15:00:00,2026-02-03,15,2026,2,Tuesday,False,winter,weekday_winter,1522,45770,30.07227332457293,0.1101580717069006,167.66058513790273,84.03224903374733,-11.779646899829913
2026-02-03 16:00:00,2026-02-03,16,2026,2,Tuesday,False,winter,weekday_winter,1522,45770,30.07227332457293,0.08689574171043071,132.25531888327555,66.28696830144023,-17.74528073230711
2026-02-03 17:00:00,2026-02-03,17,2026,2,Tuesday,False,winter,weekday_winter,1522,45770,30.07227332457293,0.06132517951453098,93.33692322111615,46.780891106334714,-19.50607719510551
2026-02-03 18:00:00,2026-02-03,18,2026,2,Tuesday,False,winter,weekday_winter,1522,45770,30.07227332457293,0.038531873775013936,58.64551188557121,29.393397711373126,-17.387493394961588
2026-02-03 19:00:00,2026-02-03,19,2026,2,Tuesday,False,winter,weekday_winter,1522,45770,30.07227332457293,0.021470943361031867,32.6787757954905,16.37875129390714,-13.014646417465986
2026-02-03 20:00:00,2026-02-03,20,2026,2,Tuesday,False,winter,weekday_winter,1522,45770,30.07227332457293,0.01058059361887287,16.10366348792451,8.071229498930188,-8.307521794976951
2026-02-03 21:00:00,2026-02-03,21,2026,2,Tuesday,False,winter,weekday_winter,1522,45770,30.07227332457293,0.004602337827400516,7.0047581733035855,3.5108167060020268,-4.560412792928162
2026-02-03 22:00:00,2026-02-03,22,2026,2,Tuesday,False,winter,weekday_winter,1522,45770,30.07227332457293,0.0017649821906013032,2.6863028940951836,1.3463872477303607,-2.164429458271666
2026-02-03 23:00:00,2026-02-03,23,2026,2,Tuesday,False,winter,weekday_winter,1522,45770,30.07227332457293,0.0005963290120730338,0.9076127563751575,0.4548996480430459,-0.8914875996873148
2026-02-04 00:00:00,2026-02-04,0,2026,2,Wednesday,False,winter,weekday_winter,1262,45731,36.23692551505547,0.0,0.0,0.0,0.0
2026-02-04 01:00:00,2026-02-04,1,2026,2,Wednesday,False,winter,weekday_winter,1262,45731,36.23692551505547,0.0,0.0,0.0,0.0
2026-02-04 02:00:00,2026-02-04,2,2026,2,Wednesday,False,winter,weekday_winter,1262,45731,36.23692551505547,0.0,0.0,0.0,0.0
2026-02-04 03:00:00,2026-02-04,3,2026,2,Wednesday,False,winter,weekday_winter,1262,45731,36.23692551505547,0.0,0.0,0.0,0.0
2026-02-04 04:00:00,2026-02-04,4,2026,2,Wednesday,False,winter,weekday_winter,1262,45731,36.23692551505547,0.0,0.0,0.0,0.0
2026-02-04 05:00:00,2026-02-04,5,2026,2,Wednesday,False,winter,weekday_winter,1262,45731,36.23692551505547,0.0,0.0,0.0,0.0
2026-02-04 06:00:00,2026-02-04,6,2026,2,Wednesday,False,winter,weekday_winter,1262,45731,36.23692551505547,0.007783781882715673,9.82313273598718,5.932668821307841,5.932668821307841
2026-02-04 07:00:00,2026-02-04,7,2026,2,Wednesday,False,winter,weekday_winter,1262,45731,36.23692551505547,0.016817569878023773,21.223773186066,12.818071468198418,6.885402646890578
2026-02-04 08:00:00,2026-02-04,8,2026,2,Wednesday,False,winter,weekday_winter,1262,45731,36.23692551505547,0.03173218736669319,40.04602045676681,24.185744341104108,11.36767287290569
2026-02-04 09:00:00,2026-02-04,9,2026,2,Wednesday,False,winter,weekday_winter,1262,45731,36.23692551505547,0.052655734511452,66.45153695345243,40.133323249053525,15.947578907949417
2026-02-04 10:00:00,2026-02-04,10,2026,2,Wednesday,False,winter,weekday_winter,1262,45731,36.23692551505547,0.07746909318682846,97.76599560177752,59.04565167544754,18.912328426394012
2026-02-04 11:00:00,2026-02-04,11,2026,2,Wednesday,False,winter,weekday_winter,1262,45731,36.23692551505547,0.10190387699749258,128.60269277083563,77.66943664953888,18.623784974091343
2026-02-04 12:00:00,2026-02-04,12,2026,2,Wednesday,False,winter,weekday_winter,1262,45731,36.23692551505547,0.12072108903148655,152.35001435773603,92.01160204164853,14.34216539210965
2026-02-04 13:00:00,2026-02-04,13,2026,2,Wednesday,False,winter,weekday_winter,1262,45731,36.23692551505547,0.1293905760623905,163.2909069907368,98.619340565153,6.607738523504466
2026-02-04 14:00:00,2026-02-04,14,2026,2,Wednesday,False,winter,weekday_winter,1262,45731,36.23692551505547,0.1256000383660615,158.50724841796963,95.73025590863932,-2.889084656513674
2026-02-04 15:00:00,2026-02-04,15,2026,2,Wednesday,False,winter,weekday_winter,1262,45731,36.23692551505547,0.1101580717069006,139.01948649410855,83.96064628713785,-11.769609621501473
2026-02-04 16:00:00,2026-02-04,16,2026,2,Wednesday,False,winter,weekday_winter,1262,45731,36.23692551505547,0.08689574171043071,109.66242603856357,66.23048606932845,-17.7301602178094
2026-02-04 17:00:00,2026-02-04,17,2026,2,Wednesday,False,winter,weekday_winter,1262,45731,36.23692551505547,0.06132517951453098,77.3923765473381,46.74102973965027,-19.489456329678177
2026-02-04 18:00:00,2026-02-04,18,2026,2,Wednesday,False,winter,weekday_winter,1262,45731,36.23692551505547,0.038531873775013936,48.62722470406759,29.36835199341937,-17.372677746230902
2026-02-04 19:00:00,2026-02-04,19,2026,2,Wednesday,False,winter,weekday_winter,1262,45731,36.23692551505547,0.021470943361031867,27.096330521622217,16.36479518072247,-13.0035568126969
2026-02-04 20:00:00,2026-02-04,20,2026,2,Wednesday,False,winter,weekday_winter,1262,45731,36.23692551505547,0.01058059361887287,13.352709147017563,8.064352113077922,-8.300443067644549
2026-02-04 21:00:00,2026-02-04,21,2026,2,Wednesday,False,winter,weekday_winter,1262,45731,36.23692551505547,0.004602337827400516,5.808150338179451,3.5078251864142165,-4.556526926663706
2026-02-04 22:00:00,2026-02-04,22,2026,2,Wednesday,False,winter,weekday_winter,1262,45731,36.23692551505547,0.0017649821906013032,2.2274075245388447,1.34524000930647,-2.1625851771077462
2026-02-04 23:00:00,2026-02-04,23,2026,2,Wednesday,False,winter,weekday_winter,1262,45731,36.23692551505547,0.0005963290120730338,0.7525672132361687,0.4545120341851985,-0.8907279751212716
2026-02-05 00:00:00,2026-02-05,0,2026,2,Thursday,False,winter,weekday_winter,1291,43137,33.41363284275755,0.0,0.0,0.0,0.0
2026-02-05 01:00:00,2026-02-05,1,2026,2,Thursday,False,winter,weekday_winter,1291,43137,33.41363284275755,0.0,0.0,0.0,0.0
2026-02-05 02:00:00,2026-02-05,2,2026,2,Thursday,False,winter,weekday_winter,1291,43137,33.41363284275755,0.0,0.0,0.0,0.0
2026-02-05 03:00:00,2026-02-05,3,2026,2,Thursday,False,winter,weekday_winter,1291,43137,33.41363284275755,0.0,0.0,0.0,0.0
2026-02-05 04:00:00,2026-02-05,4,2026,2,Thursday,False,winter,weekday_winter,1291,43137,33.41363284275755,0.0,0.0,0.0,0.0
2026-02-05 05:00:00,2026-02-05,5,2026,2,Thursday,False,winter,weekday_winter,1291,43137,33.41363284275755,0.0,0.0,0.0,0.0
2026-02-05 06:00:00,2026-02-05,6,2026,2,Thursday,False,winter,weekday_winter,1291,43137,33.41363284275755,0.007783781882715673,10.048862410585935,5.596149984578433,5.596149984578433
2026-02-05 07:00:00,2026-02-05,7,2026,2,Thursday,False,winter,weekday_winter,1291,43137,33.41363284275755,0.016817569878023773,21.711482712528692,12.09099186380519,6.494841879226757
2026-02-05 08:00:00,2026-02-05,8,2026,2,Thursday,False,winter,weekday_winter,1291,43137,33.41363284275755,0.03173218736669319,40.966253890400914,22.81385610728407,10.722864243478881
2026-02-05 09:00:00,2026-02-05,9,2026,2,Thursday,False,winter,weekday_winter,1291,43137,33.41363284275755,0.052655734511452,67.97855325428453,37.85684032700841,15.042984219724342
2026-02-05 10:00:00,2026-02-05,10,2026,2,Thursday,False,winter,weekday_winter,1291,43137,33.41363284275755,0.07746909318682846,100.01259930419553,55.69640454667031,17.839564219661895
2026-02-05 11:00:00,2026-02-05,11,2026,2,Thursday,False,winter,weekday_winter,1291,43137,33.41363284275755,0.10190387699749258,131.5579052037629,73.26379236734728,17.56738782067697
2026-02-05 12:00:00,2026-02-05,12,2026,2,Thursday,False,winter,weekday_winter,1291,43137,33.41363284275755,0.12072108903148655,155.85092593964913,86.79242695918724,13.52863459183996
2026-02-05 13:00:00,2026-02-05,13,2026,2,Thursday,False,winter,weekday_winter,1291,43137,33.41363284275755,0.1293905760623905,167.0432336965461,93.02535466005563,6.232927700868387
2026-02-05 14:00:00,2026-02-05,14,2026,2,Thursday,False,winter,weekday_winter,1291,43137,33.41363284275755,0.1256000383660615,162.1496495305854,90.30014758327991,-2.7252070767757175
2026-02-05 15:00:00,2026-02-05,15,2026,2,Thursday,False,winter,weekday_winter,1291,43137,33.41363284275755,0.1101580717069006,142.21407057360867,79.19814565367618,-11.10200192960373
2026-02-05 16:00:00,2026-02-05,16,2026,2,Thursday,False,winter,weekday_winter,1291,43137,33.41363284275755,0.08689574171043071,112.18240254816605,62.473693502714156,-16.724452150962023
2026-02-05 17:00:00,2026-02-05,17,2026,2,Thursday,False,winter,weekday_winter,1291,43137,33.41363284275755,0.06132517951453098,79.1708067532595,44.08973781197204,-18.383955690742113
2026-02-05 18:00:00,2026-02-05,18,2026,2,Thursday,False,winter,weekday_winter,1291,43137,33.41363284275755,0.038531873775013936,49.74464904354299,27.702490650546267,-16.387247161425776
2026-02-05 19:00:00,2026-02-05,19,2026,2,Thursday,False,winter,weekday_winter,1291,43137,33.41363284275755,0.021470943361031867,27.71898787909214,15.436534729413859,-12.265955921132408
2026-02-05 20:00:00,2026-02-05,20,2026,2,Thursday,False,winter,weekday_winter,1291,43137,33.41363284275755,0.01058059361887287,13.659546361964876,7.60691778228865,-7.829616947125209
2026-02-05 21:00:00,2026-02-05,21,2026,2,Thursday,False,winter,weekday_winter,1291,43137,33.41363284275755,0.004602337827400516,5.941618135174066,3.3088507810096,-4.298067001279049
2026-02-05 22:00:00,2026-02-05,22,2026,2,Thursday,False,winter,weekday_winter,1291,43137,33.41363284275755,0.0017649821906013032,2.2785920080662825,1.2689339459328068,-2.0399168350767933
2026-02-05 23:00:00,2026-02-05,23,2026,2,Thursday,False,winter,weekday_winter,1291,43137,33.41363284275755,0.0005963290120730338,0.7698607545862867,0.4287307432299076,-0.8402032027028992
2026-02-06 00:00:00,2026-02-06,0,2026,2,Friday,False,winter,weekday_winter,1504,41429,27.54587765957447,0.0,0.0,0.0,0.0
2026-02-06 01:00:00,2026-02-06,1,2026,2,Friday,False,winter,weekday_winter,1504,41429,27.54587765957447,0.0,0.0,0.0,0.0
2026-02-06 02:00:00,2026-02-06,2,2026,2,Friday,False,winter,weekday_winter,1504,41429,27.54587765957447,0.0,0.0,0.0,0.0
2026-02-06 03:00:00,2026-02-06,3,2026,2,Friday,False,winter,weekday_winter,1504,41429,27.54587765957447,0.0,0.0,0.0,0.0
2026-02-06 04:00:00,2026-02-06,4,2026,2,Friday,False,winter,weekday_winter,1504,41429,27.54587765957447,0.0,0.0,0.0,0.0
2026-02-06 05:00:00,2026-02-06,5,2026,2,Friday,False,winter,weekday_winter,1504,41429,27.54587765957447,0.0,0.0,0.0,0.0
2026-02-06 06:00:00,2026-02-06,6,2026,2,Friday,False,winter,weekday_winter,1504,41429,27.54587765957447,0.007783781882715673,11.706807951604372,5.374571660317127,5.374571660317127
2026-02-06 07:00:00,2026-02-06,7,2026,2,Friday,False,winter,weekday_winter,1504,41429,27.54587765957447,0.016817569878023773,25.293625096547753,11.612251707944115,6.237680047626988
2026-02-06 08:00:00,2026-02-06,8,2026,2,Friday,False,winter,weekday_winter,1504,41429,27.54587765957447,0.03173218736669319,47.72520979950656,21.910546506912205,10.29829479896809
2026-02-06 09:00:00,2026-02-06,9,2026,2,Friday,False,winter,weekday_winter,1504,41429,27.54587765957447,0.052655734511452,79.1942247052238,36.357907084582415,14.44736057767021
2026-02-06 10:00:00,2026-02-06,10,2026,2,Friday,False,winter,weekday_winter,1504,41429,27.54587765957447,0.07746909318682846,116.51351615299001,53.49111769395194,17.133210609369527
2026-02-06 11:00:00,2026-02-06,11,2026,2,Friday,False,winter,weekday_winter,1504,41429,27.54587765957447,0.10190387699749258,153.26343100422883,70.36292866881867,16.871810974866726
2026-02-06 12:00:00,2026-02-06,12,2026,2,Friday,False,winter,weekday_winter,1504,41429,27.54587765957447,0.12072108903148655,181.56451790335578,83.35589995809094,12.992971289272276
2026-02-06 13:00:00,2026-02-06,13,2026,2,Friday,False,winter,weekday_winter,1504,41429,27.54587765957447,0.1293905760623905,194.6034263978353,89.3420362614796,5.986136303388662
2026-02-06 14:00:00,2026-02-06,14,2026,2,Friday,False,winter,weekday_winter,1504,41429,27.54587765957447,0.1256000383660615,188.90245770255652,86.72473315779271,-2.6173031036868935
2026-02-06 15:00:00,2026-02-06,15,2026,2,Friday,False,winter,weekday_winter,1504,41429,27.54587765957447,0.1101580717069006,165.67773984717851,76.06231254575309,-10.662420612039625
2026-02-06 16:00:00,2026-02-06,16,2026,2,Friday,False,winter,weekday_winter,1504,41429,27.54587765957447,0.08689574171043071,130.6911955324878,60.000061388690575,-16.062251157062512
2026-02-06 17:00:00,2026-02-06,17,2026,2,Friday,False,winter,weekday_winter,1504,41429,27.54587765957447,0.06132517951453098,92.2330699898546,42.3440143684584,-17.656047020232172
2026-02-06 18:00:00,2026-02-06,18,2026,2,Friday,False,winter,weekday_winter,1504,41429,27.54587765957447,0.038531873775013936,57.95193815762096,26.605616643750874,-15.738397724707529
2026-02-06 19:00:00,2026-02-06,19,2026,2,Friday,False,winter,weekday_winter,1504,41429,27.54587765957447,0.021470943361031867,32.29229881499193,14.82532854173649,-11.780288102014385
2026-02-06 20:00:00,2026-02-06,20,2026,2,Friday,False,winter,weekday_winter,1504,41429,27.54587765957447,0.01058059361887287,15.913212802784797,7.305723550604736,-7.519604991131753
2026-02-06 21:00:00,2026-02-06,21,2026,2,Friday,False,winter,weekday_winter,1504,41429,27.54587765957447,0.004602337827400516,6.921916092410376,3.1778375641895997,-4.127885986415137
2026-02-06 22:00:00,2026-02-06,22,2026,2,Friday,False,winter,weekday_winter,1504,41429,27.54587765957447,0.0017649821906013032,2.65453321466436,1.2186907862403566,-1.959146777949243
2026-02-06 23:00:00,2026-02-06,23,2026,2,Friday,False,winter,weekday_winter,1504,41429,27.54587765957447,0.0005963290120730338,0.8968788341578429,0.411755244019562,-0.8069355422207947
2026-02-07 00:00:00,2026-02-07,0,2026,2,Saturday,True,winter,weekend_winter,880,43293,49.19659090909091,0.0,0.0,0.0,0.0
2026-02-07 01:00:00,2026-02-07,1,2026,2,Saturday,True,winter,weekend_winter,880,43293,49.19659090909091,0.0,0.0,0.0,0.0
2026-02-07 02:00:00,2026-02-07,2,2026,2,Saturday,True,winter,weekend_winter,880,43293,49.19659090909091,0.0,0.0,0.0,0.0
2026-02-07 03:00:00,2026-02-07,3,2026,2,Saturday,True,winter,weekend_winter,880,43293,49.19659090909091,0.0,0.0,0.0,0.0
2026-02-07 04:00:00,2026-02-07,4,2026,2,Saturday,True,winter,weekend_winter,880,43293,49.19659090909091,0.0,0.0,0.0,0.0
2026-02-07 05:00:00,2026-02-07,5,2026,2,Saturday,True,winter,weekend_winter,880,43293,49.19659090909091,0.0,0.0,0.0,0.0
2026-02-07 06:00:00,2026-02-07,6,2026,2,Saturday,True,winter,weekend_winter,880,43293,49.19659090909091,0.004060054716415241,3.572848150445412,2.929532480629417,2.929532480629417
2026-02-07 07:00:00,2026-02-07,7,2026,2,Saturday,True,winter,weekend_winter,880,43293,49.19659090909091,0.009139971308762375,8.04317475171089,6.594946297837492,3.6654138172080746
2026-02-07 08:00:00,2026-02-07,8,2026,2,Saturday,True,winter,weekend_winter,880,43293,49.19659090909091,0.01825302934016846,16.062665819348243,13.170473320398552,6.57552702256106
2026-02-07 09:00:00,2026-02-07,9,2026,2,Saturday,True,winter,weekend_winter,880,43293,49.19659090909091,0.03248325236986794,28.585262085483787,23.438290747478213,10.267817427079661
2026-02-07 10:00:00,2026-02-07,10,2026,2,Saturday,True,winter,weekend_winter,880,43293,49.19659090909091,0.05178120587736963,45.567461172085274,37.362729100816054,13.924438353337841
2026-02-07 11:00:00,2026-02-07,11,2026,2,Saturday,True,winter,weekend_winter,880,43293,49.19659090909091,0.07434834110627124,65.42654017351869,53.64604552523001,16.283316424413954
2026-02-07 12:00:00,2026-02-07,12,2026,2,Saturday,True,winter,weekend_winter,880,43293,49.19659090909091,0.09665890524129285,85.0598366123377,69.74423307685485,16.098187551624846
2026-02-07 13:00:00,2026-02-07,13,2026,2,Saturday,True,winter,weekend_winter,880,43293,49.19659090909091,0.11426971494516516,100.55734915174534,82.45131281868392,12.707079741829062
2026-02-07 14:00:00,2026-02-07,14,2026,2,Saturday,True,winter,weekend_winter,880,43293,49.19659090909091,0.12315627376898818,108.3775209167096,88.86340933801343,6.412096519329509
2026-02-07 15:00:00,2026-02-07,15,2026,2,Saturday,True,winter,weekend_winter,880,43293,49.19659090909091,0.12107765325366525,106.54833486322542,87.36358070518216,-1.4998286328312673
2026-02-07 16:00:00,2026-02-07,16,2026,2,Saturday,True,winter,weekend_winter,880,43293,49.19659090909091,0.10844236086083335,95.42927755753335,78.24658547913431,-9.116995226047848
2026-02-07 17:00:00,2026-02-07,17,2026,2,Saturday,True,winter,weekend_winter,880,43293,49.19659090909091,0.08825746705298823,77.66657100662964,63.682175352083654,-14.564410127050657
2026-02-07 18:00:00,2026-02-07,18,2026,2,Saturday,True,winter,weekend_winter,880,43293,49.19659090909091,0.06506754640594199,57.25944083722895,46.949488109207444,-16.73268724287621
2026-02-07 19:00:00,2026-02-07,19,2026,2,Saturday,True,winter,weekend_winter,880,43293,49.19659090909091,0.04332087483876642,38.122369858114446,31.25817723991191,-15.691310869295535
2026-02-07 20:00:00,2026-02-07,20,2026,2,Saturday,True,winter,weekend_winter,880,43293,49.19659090909091,0.025977044160987794,22.85979886166926,18.74373621436074,-12.514441025551168
2026-02-07 21:00:00,2026-02-07,21,2026,2,Saturday,True,winter,weekend_winter,880,43293,49.19659090909091,0.014000011964665765,12.320010528905874,10.101708633104582,-8.642027581256158
2026-02-07 22:00:00,2026-02-07,22,2026,2,Saturday,True,winter,weekend_winter,880,43293,49.19659090909091,0.006770858019598214,5.958355057246428,4.885512604041091,-5.216196029063491
2026-02-07 23:00:00,2026-02-07,23,2026,2,Saturday,True,winter,weekend_winter,880,43293,49.19659090909091,0.00293543476825201,2.5831825960617687,2.1180629570322376,-2.7674496470088537
2026-02-08 00:00:00,2026-02-08,0,2026,2,Sunday,True,winter,weekend_winter,731,46972,64.25718194254446,0.0,0.0,0.0,0.0
2026-02-08 01:00:00,2026-02-08,1,2026,2,Sunday,True,winter,weekend_winter,731,46972,64.25718194254446,0.0,0.0,0.0,0.0
2026-02-08 02:00:00,2026-02-08,2,2026,2,Sunday,True,winter,weekend_winter,731,46972,64.25718194254446,0.0,0.0,0.0,0.0
2026-02-08 03:00:00,2026-02-08,3,2026,2,Sunday,True,winter,weekend_winter,731,46972,64.25718194254446,0.0,0.0,0.0,0.0
2026-02-08 04:00:00,2026-02-08,4,2026,2,Sunday,True,winter,weekend_winter,731,46972,64.25718194254446,0.0,0.0,0.0,0.0
2026-02-08 05:00:00,2026-02-08,5,2026,2,Sunday,True,winter,weekend_winter,731,46972,64.25718194254446,0.0,0.0,0.0,0.0
2026-02-08 06:00:00,2026-02-08,6,2026,2,Sunday,True,winter,weekend_winter,731,46972,64.25718194254446,0.004060054716415241,2.9678999976995413,2.9678999976995413,2.9678999976995413
2026-02-08 07:00:00,2026-02-08,7,2026,2,Sunday,True,winter,weekend_winter,731,46972,64.25718194254446,0.009139971308762375,6.681319026705296,6.891900531330033,3.9240005336304917
2026-02-08 08:00:00,2026-02-08,8,2026,2,Sunday,True,winter,weekend_winter,731,46972,64.25718194254446,0.01825302934016846,13.342964447663144,13.817024292877619,6.925123761547586
2026-02-08 09:00:00,2026-02-08,9,2026,2,Sunday,True,winter,weekend_winter,731,46972,64.25718194254446,0.03248325236986794,23.745257482373464,24.691981270816868,10.874956977939249
2026-02-08 10:00:00,2026-02-08,10,2026,2,Sunday,True,winter,weekend_winter,731,46972,64.25718194254446,0.05178120587736963,37.8520614963572,39.53685951927435,14.844878248457483
2026-02-08 11:00:00,2026-02-08,11,2026,2,Sunday,True,winter,weekend_winter,731,46972,64.25718194254446,0.07434834110627124,54.34863734868428,57.03435589352385,17.4974963742495
2026-02-08 12:00:00,2026-02-08,12,2026,2,Sunday,True,winter,weekend_winter,731,46972,64.25718194254446,0.09665890524129285,70.65765973138507,74.51386035676367,17.47950446323982
2026-02-08 13:00:00,2026-02-08,13,2026,2,Sunday,True,winter,weekend_winter,731,46972,64.25718194254446,0.11426971494516516,83.53116162491574,88.54453684343079,14.030676486667119
2026-02-08 14:00:00,2026-02-08,14,2026,2,Sunday,True,winter,weekend_winter,731,46972,64.25718194254446,0.12315627376898818,90.02723612513036,95.95402534028626,7.409488496855474
2026-02-08 15:00:00,2026-02-08,15,2026,2,Sunday,True,winter,weekend_winter,731,46972,64.25718194254446,0.12107765325366525,88.50776452842929,94.89546992791415,-1.0585554123721153
2026-02-08 16:00:00,2026-02-08,16,2026,2,Sunday,True,winter,weekend_winter,731,46972,64.25718194254446,0.10844236086083335,79.27136578926918,85.5512600713593,-9.344209856554855
2026-02-08 17:00:00,2026-02-08,17,2026,2,Sunday,True,winter,weekend_winter,731,46972,64.25718194254446,0.08825746705298823,64.5162084157344,70.14075219904962,-15.41050787230968
2026-02-08 18:00:00,2026-02-08,18,2026,2,Sunday,True,winter,weekend_winter,731,46972,64.25718194254446,0.06506754640594199,47.5643764227436,52.14199704722526,-17.998755151824355
2026-02-08 19:00:00,2026-02-08,19,2026,2,Sunday,True,winter,weekend_winter,731,46972,64.25718194254446,0.04332087483876642,31.667559507138254,35.042396247393114,-17.099600799832146
2026-02-08 20:00:00,2026-02-08,20,2026,2,Sunday,True,winter,weekend_winter,731,46972,64.25718194254446,0.025977044160987794,18.98921928168208,21.236128656652767,-13.806267590740347
2026-02-08 21:00:00,2026-02-08,21,2026,2,Sunday,True,winter,weekend_winter,731,46972,64.25718194254446,0.014000011964665765,10.234008746170675,11.58135143665391,-9.654777219998858
2026-02-08 22:00:00,2026-02-08,22,2026,2,Sunday,True,winter,weekend_winter,731,46972,64.25718194254446,0.006770858019598214,4.949497212326294,5.675631166226959,-5.90572027042695
2026-02-08 23:00:00,2026-02-08,23,2026,2,Sunday,True,winter,weekend_winter,731,46972,64.25718194254446,0.00293543476825201,2.1458028155922193,2.496984651542047,-3.1786465146849125
2026-02-09 00:00:00,2026-02-09,0,2026,2,Monday,False,winter,weekday_winter,1383,36431,26.342010122921184,0.0,0.0,0.0,0.0
2026-02-09 01:00:00,2026-02-09,1,2026,2,Monday,False,winter,weekday_winter,1383,36431,26.342010122921184,0.0,0.0,0.0,0.0
2026-02-09 02:00:00,2026-02-09,2,2026,2,Monday,False,winter,weekday_winter,1383,36431,26.342010122921184,0.0,0.0,0.0,0.0
2026-02-09 03:00:00,2026-02-09,3,2026,2,Monday,False,winter,weekday_winter,1383,36431,26.342010122921184,0.0,0.0,0.0,0.0
2026-02-09 04:00:00,2026-02-09,4,2026,2,Monday,False,winter,weekday_winter,1383,36431,26.342010122921184,0.0,0.0,0.0,0.0
2026-02-09 05:00:00,2026-02-09,5,2026,2,Monday,False,winter,weekday_winter,1383,36431,26.342010122921184,0.0,0.0,0.0,0.0
2026-02-09 06:00:00,2026-02-09,6,2026,2,Monday,False,winter,weekday_winter,1383,36431,26.342010122921184,0.007783781882715673,10.764970343795776,4.726182629486911,4.726182629486911
2026-02-09 07:00:00,2026-02-09,7,2026,2,Monday,False,winter,weekday_winter,1383,36431,26.342010122921184,0.016817569878023773,23.258699141306877,10.211348137104734,5.485165507617823
2026-02-09 08:00:00,2026-02-09,8,2026,2,Monday,False,winter,weekday_winter,1383,36431,26.342010122921184,0.03173218736669319,43.885615128136685,19.26725529926666,9.055907162161928
2026-02-09 09:00:00,2026-02-09,9,2026,2,Monday,False,winter,weekday_winter,1383,36431,26.342010122921184,0.052655734511452,72.82288082933812,31.971684399778464,12.704429100511803
2026-02-09 10:00:00,2026-02-09,10,2026,2,Monday,False,winter,weekday_winter,1383,36431,26.342010122921184,0.07746909318682846,107.13975587738376,47.037942231489126,15.066257831710661
2026-02-09 11:00:00,2026-02-09,11,2026,2,Monday,False,winter,weekday_winter,1383,36431,26.342010122921184,0.10190387699749258,140.93306188753223,61.87433571492753,14.836393483438407
2026-02-09 12:00:00,2026-02-09,12,2026,2,Monday,False,winter,weekday_winter,1383,36431,26.342010122921184,0.12072108903148655,166.9572661305459,73.2998332417681,11.425497526840566
2026-02-09 13:00:00,2026-02-09,13,2026,2,Monday,False,winter,weekday_winter,1383,36431,26.342010122921184,0.1293905760623905,178.94716669428604,78.56380127548246,5.263968033714363
2026-02-09 14:00:00,2026-02-09,14,2026,2,Monday,False,winter,weekday_winter,1383,36431,26.342010122921184,0.1256000383660615,173.70485306026308,76.26224996189978,-2.301551313582678
2026-02-09 15:00:00,2026-02-09,15,2026,2,Monday,False,winter,weekday_winter,1383,36431,26.342010122921184,0.1101580717069006,152.34861317064355,66.88614517256826,-9.37610478933152
2026-02-09 16:00:00,2026-02-09,16,2026,2,Monday,False,winter,weekday_winter,1383,36431,26.342010122921184,0.08689574171043071,120.17681078552567,52.761646104211685,-14.124499068356577
2026-02-09 17:00:00,2026-02-09,17,2026,2,Monday,False,winter,weekday_winter,1383,36431,26.342010122921184,0.06132517951453098,84.81272326859634,37.23562691489796,-15.526019189313722
2026-02-09 18:00:00,2026-02-09,18,2026,2,Monday,False,winter,weekday_winter,1383,36431,26.342010122921184,0.038531873775013936,53.28958143084427,23.39591155829221,-13.839715356605755
2026-02-09 19:00:00,2026-02-09,19,2026,2,Monday,False,winter,weekday_winter,1383,36431,26.342010122921184,0.021470943361031867,29.694314668307072,13.036798959762532,-10.359112598529677
2026-02-09 20:00:00,2026-02-09,20,2026,2,Monday,False,winter,weekday_winter,1383,36431,26.342010122921184,0.01058059361887287,14.63296097490118,6.424360102152626,-6.612438857609906
2026-02-09 21:00:00,2026-02-09,21,2026,2,Monday,False,winter,weekday_winter,1383,36431,26.342010122921184,0.004602337827400516,6.365033215294914,2.7944628231671365,-3.6298972789854895
2026-02-09 22:00:00,2026-02-09,22,2026,2,Monday,False,winter,weekday_winter,1383,36431,26.342010122921184,0.0017649821906013032,2.4409703696016023,1.071667769763268,-1.7227950534038685
2026-02-09 23:00:00,2026-02-09,23,2026,2,Monday,False,winter,weekday_winter,1383,36431,26.342010122921184,0.0005963290120730338,0.8247230236970058,0.36208103731387825,-0.7095867324493896
2026-02-10 00:00:00,2026-02-10,0,2026,2,Tuesday,False,winter,weekday_winter,1301,39700,30.514988470407378,0.0,0.0,0.0,0.0
2026-02-10 01:00:00,2026-02-10,1,2026,2,Tuesday,False,winter,weekday_winter,1301,39700,30.514988470407378,0.0,0.0,0.0,0.0
2026-02-10 02:00:00,2026-02-10,2,2026,2,Tuesday,False,winter,weekday_winter,1301,39700,30.514988470407378,0.0,0.0,0.0,0.0
2026-02-10 03:00:00,2026-02-10,3,2026,2,Tuesday,False,winter,weekday_winter,1301,39700,30.514988470407378,0.0,0.0,0.0,0.0
2026-02-10 04:00:00,2026-02-10,4,2026,2,Tuesday,False,winter,weekday_winter,1301,39700,30.514988470407378,0.0,0.0,0.0,0.0
2026-02-10 05:00:00,2026-02-10,5,2026,2,Tuesday,False,winter,weekday_winter,1301,39700,30.514988470407378,0.0,0.0,0.0,0.0
2026-02-10 06:00:00,2026-02-10,6,2026,2,Tuesday,False,winter,weekday_winter,1301,39700,30.514988470407378,0.007783781882715673,10.12670022941309,5.15026901239687,5.15026901239687
2026-02-10 07:00:00,2026-02-10,7,2026,2,Tuesday,False,winter,weekday_winter,1301,39700,30.514988470407378,0.016817569878023773,21.879658411308927,11.127625402625728,5.9773563902288585
2026-02-10 08:00:00,2026-02-10,8,2026,2,Tuesday,False,winter,weekday_winter,1301,39700,30.514988470407378,0.03173218736669319,41.28357576406784,20.996130640961994,9.868505238336265
2026-02-10 09:00:00,2026-02-10,9,2026,2,Tuesday,False,winter,weekday_winter,1301,39700,30.514988470407378,0.052655734511452,68.50511059939906,34.84054433507741,13.844413694115417
2026-02-10 10:00:00,2026-02-10,10,2026,2,Tuesday,False,winter,weekday_winter,1301,39700,30.514988470407378,0.07746909318682846,100.78729023606382,51.258716658618155,16.418172323540745
2026-02-10 11:00:00,2026-02-10,11,2026,2,Tuesday,False,winter,weekday_winter,1301,39700,30.514988470407378,0.10190387699749258,132.57694397373785,67.42639861334092,16.167681954722767
2026-02-10 12:00:00,2026-02-10,12,2026,2,Tuesday,False,winter,weekday_winter,1301,39700,30.514988470407378,0.12072108903148655,157.058136829964,79.8771205758336,12.450721962492679
2026-02-10 13:00:00,2026-02-10,13,2026,2,Tuesday,False,winter,weekday_winter,1301,39700,30.514988470407378,0.1293905760623905,168.33713945717003,85.6134311612817,5.736310585448095
2026-02-10 14:00:00,2026-02-10,14,2026,2,Tuesday,False,winter,weekday_winter,1301,39700,30.514988470407378,0.1256000383660615,163.40564991424603,83.10535871887735,-2.508072442404341
2026-02-10 15:00:00,2026-02-10,15,2026,2,Tuesday,False,winter,weekday_winter,1301,39700,30.514988470407378,0.1101580717069006,143.3156512906777,72.88792411273256,-10.217434606144792
2026-02-10 16:00:00,2026-02-10,16,2026,2,Tuesday,False,winter,weekday_winter,1301,39700,30.514988470407378,0.08689574171043071,113.05135996527035,57.496015765068314,-15.391908347664248
2026-02-10 17:00:00,2026-02-10,17,2026,2,Tuesday,False,winter,weekday_winter,1301,39700,30.514988470407378,0.06132517951453098,79.7840585484048,40.57682711211466,-16.919188652953657
2026-02-10 18:00:00,2026-02-10,18,2026,2,Tuesday,False,winter,weekday_winter,1301,39700,30.514988470407378,0.038531873775013936,50.12996778129313,25.49525648113422,-15.081570630980437
2026-02-10 19:00:00,2026-02-10,19,2026,2,Tuesday,False,winter,weekday_winter,1301,39700,30.514988470407378,0.021470943361031867,27.93369731270246,14.20660752388275,-11.28864895725147
2026-02-10 20:00:00,2026-02-10,20,2026,2,Tuesday,False,winter,weekday_winter,1301,39700,30.514988470407378,0.01058059361887287,13.765352298153605,7.000826111154216,-7.205781412728535
2026-02-10 21:00:00,2026-02-10,21,2026,2,Tuesday,False,winter,weekday_winter,1301,39700,30.514988470407378,0.004602337827400516,5.987641513448072,3.0452135291300078,-3.955612582024208
2026-02-10 22:00:00,2026-02-10,22,2026,2,Tuesday,False,winter,weekday_winter,1301,39700,30.514988470407378,0.0017649821906013032,2.2962418299722955,1.1678298827811955,-1.8773836463488123
2026-02-10 23:00:00,2026-02-10,23,2026,2,Tuesday,False,winter,weekday_winter,1301,39700,30.514988470407378,0.0005963290120730338,0.7758240447070169,0.39457102965499063,-0.7732588531262048
2026-02-11 00:00:00,2026-02-11,0,2026,2,Wednesday,False,winter,weekday_winter,1512,36484,24.12962962962963,0.0,0.0,0.0,0.0
2026-02-11 01:00:00,2026-02-11,1,2026,2,Wednesday,False,winter,weekday_winter,1512,36484,24.12962962962963,0.0,0.0,0.0,0.0
2026-02-11 02:00:00,2026-02-11,2,2026,2,Wednesday,False,winter,weekday_winter,1512,36484,24.12962962962963,0.0,0.0,0.0,0.0
2026-02-11 03:00:00,2026-02-11,3,2026,2,Wednesday,False,winter,weekday_winter,1512,36484,24.12962962962963,0.0,0.0,0.0,0.0
2026-02-11 04:00:00,2026-02-11,4,2026,2,Wednesday,False,winter,weekday_winter,1512,36484,24.12962962962963,0.0,0.0,0.0,0.0
2026-02-11 05:00:00,2026-02-11,5,2026,2,Wednesday,False,winter,weekday_winter,1512,36484,24.12962962962963,0.0,0.0,0.0,0.0
2026-02-11 06:00:00,2026-02-11,6,2026,2,Wednesday,False,winter,weekday_winter,1512,36484,24.12962962962963,0.007783781882715673,11.769078206666098,4.73305830348331,4.73305830348331
2026-02-11 07:00:00,2026-02-11,7,2026,2,Wednesday,False,winter,weekday_winter,1512,36484,24.12962962962963,0.016817569878023773,25.428165655571945,10.226203657163657,5.4931453536803465
2026-02-11 08:00:00,2026-02-11,8,2026,2,Wednesday,False,winter,weekday_winter,1512,36484,24.12962962962963,0.03173218736669319,47.97906729844011,19.295285398107243,9.069081740943586
2026-02-11 09:00:00,2026-02-11,9,2026,2,Wednesday,False,winter,weekday_winter,1512,36484,24.12962962962963,0.052655734511452,79.61547058131542,32.01819696526358,12.722911567156334
2026-02-11 10:00:00,2026-02-11,10,2026,2,Wednesday,False,winter,weekday_winter,1512,36484,24.12962962962963,0.07746909318682846,117.13326889848463,47.10637326380416,15.088176298540581
2026-02-11 11:00:00,2026-02-11,11,2026,2,Wednesday,False,winter,weekday_winter,1512,36484,24.12962962962963,0.10190387699749258,154.07866202020878,61.96435080627533,14.857977542471168
2026-02-11 12:00:00,2026-02-11,12,2026,2,Wednesday,False,winter,weekday_winter,1512,36484,24.12962962962963,0.12072108903148655,182.53028661560768,73.40647020374593,11.442119397470599
2026-02-11 13:00:00,2026-02-11,13,2026,2,Wednesday,False,winter,weekday_winter,1512,36484,24.12962962962963,0.1293905760623905,195.6385510063344,78.67809628433757,5.271626080591645
2026-02-11 14:00:00,2026-02-11,14,2026,2,Wednesday,False,winter,weekday_winter,1512,36484,24.12962962962963,0.1256000383660615,189.90725800948502,76.37319666245648,-2.3048996218810913
2026-02-11 15:00:00,2026-02-11,15,2026,2,Wednesday,False,winter,weekday_winter,1512,36484,24.12962962962963,0.1101580717069006,166.5590044208337,66.9834514692427,-9.389745193213784
2026-02-11 16:00:00,2026-02-11,16,2026,2,Wednesday,False,winter,weekday_winter,1512,36484,24.12962962962963,0.08689574171043071,131.38636146617125,52.838404009389244,-14.145047459853451
2026-02-11 17:00:00,2026-02-11,17,2026,2,Wednesday,False,winter,weekday_winter,1512,36484,24.12962962962963,0.06132517951453098,92.72367142597085,37.28979749013581,-15.548606519253433
2026-02-11 18:00:00,2026-02-11,18,2026,2,Wednesday,False,winter,weekday_winter,1512,36484,24.12962962962963,0.038531873775013936,58.26019314782107,23.429948046793474,-13.859849443342338
2026-02-11 19:00:00,2026-02-11,19,2026,2,Wednesday,False,winter,weekday_winter,1512,36484,24.12962962962963,0.021470943361031867,32.464066361880185,13.055764959731446,-10.374183087062027
2026-02-11 20:00:00,2026-02-11,20,2026,2,Wednesday,False,winter,weekday_winter,1512,36484,24.12962962962963,0.01058059361887287,15.99785755173578,6.43370629318263,-6.622058666548816
2026-02-11 21:00:00,2026-02-11,21,2026,2,Wednesday,False,winter,weekday_winter,1512,36484,24.12962962962963,0.004602337827400516,6.95873479502958,2.7985282215813405,-3.6351780716012896
2026-02-11 22:00:00,2026-02-11,22,2026,2,Wednesday,False,winter,weekday_winter,1512,36484,24.12962962962963,0.0017649821906013032,2.6686530721891706,1.0732268373649658,-1.7253013842163747
2026-02-11 23:00:00,2026-02-11,23,2026,2,Wednesday,False,winter,weekday_winter,1512,36484,24.12962962962963,0.0005963290120730338,0.9016494662544271,0.3626077946078761,-0.7106190427570898
2026-02-12 00:00:00,2026-02-12,0,2026,2,Thursday,False,winter,weekday_winter,1713,50398,29.420899007589025,0.0,0.0,0.0,0.0
2026-02-12 01:00:00,2026-02-12,1,2026,2,Thursday,False,winter,weekday_winter,1713,50398,29.420899007589025,0.0,0.0,0.0,0.0
2026-02-12 02:00:00,2026-02-12,2,2026,2,Thursday,False,winter,weekday_winter,1713,50398,29.420899007589025,0.0,0.0,0.0,0.0
2026-02-12 03:00:00,2026-02-12,3,2026,2,Thursday,False,winter,weekday_winter,1713,50398,29.420899007589025,0.0,0.0,0.0,0.0
2026-02-12 04:00:00,2026-02-12,4,2026,2,Thursday,False,winter,weekday_winter,1713,50398,29.420899007589025,0.0,0.0,0.0,0.0
2026-02-12 05:00:00,2026-02-12,5,2026,2,Thursday,False,winter,weekday_winter,1713,50398,29.420899007589025,0.0,0.0,0.0,0.0
2026-02-12 06:00:00,2026-02-12,6,2026,2,Thursday,False,winter,weekday_winter,1713,50398,29.420899007589025,0.007783781882715673,13.333618365091947,6.538117322085075,6.538117322085075
2026-02-12 07:00:00,2026-02-12,7,2026,2,Thursday,False,winter,weekday_winter,1713,50398,29.420899007589025,0.016817569878023773,28.808497201054724,14.12619811187737,7.588080789792295
2026-02-12 08:00:00,2026-02-12,8,2026,2,Thursday,False,winter,weekday_winter,1713,50398,29.420899007589025,0.03173218736669319,54.35723695914544,26.653979648443393,12.527781536566023
2026-02-12 09:00:00,2026-02-12,9,2026,2,Thursday,False,winter,weekday_winter,1713,50398,29.420899007589025,0.052655734511452,90.19927321811728,44.2290617984693,17.57508215002591
2026-02-12 10:00:00,2026-02-12,10,2026,2,Thursday,False,winter,weekday_winter,1713,50398,29.420899007589025,0.07746909318682846,132.70455662903714,65.07145597382967,20.84239417536037
2026-02-12 11:00:00,2026-02-12,11,2026,2,Thursday,False,winter,weekday_winter,1713,50398,29.420899007589025,0.10190387699749258,174.5613412967048,85.59585988199386,20.52440390816419
2026-02-12 12:00:00,2026-02-12,12,2026,2,Thursday,False,winter,weekday_winter,1713,50398,29.420899007589025,0.12072108903148655,206.79522551093646,101.40169075014765,15.805830868153791
2026-02-12 13:00:00,2026-02-12,13,2026,2,Thursday,False,winter,weekday_winter,1713,50398,29.420899007589025,0.1293905760623905,221.6460567948749,108.68377087320593,7.282080123058279
2026-02-12 14:00:00,2026-02-12,14,2026,2,Thursday,False,winter,weekday_winter,1713,50398,29.420899007589025,0.1256000383660615,215.15286572106336,105.49984555954613,-3.183925313659799
2026-02-12 15:00:00,2026-02-12,15,2026,2,Thursday,False,winter,weekday_winter,1713,50398,29.420899007589025,0.1101580717069006,188.70077683392074,92.52910829807296,-12.970737261473175
2026-02-12 16:00:00,2026-02-12,16,2026,2,Thursday,False,winter,weekday_winter,1713,50398,29.420899007589025,0.08689574171043071,148.8524055499678,72.98952651203813,-19.53958178603483
2026-02-12 17:00:00,2026-02-12,17,2026,2,Thursday,False,winter,weekday_winter,1713,50398,29.420899007589025,0.06132517951453098,105.05003250839157,51.51110661955554,-21.478419892482584
2026-02-12 18:00:00,2026-02-12,18,2026,2,Thursday,False,winter,weekday_winter,1713,50398,29.420899007589025,0.038531873775013936,66.00509977659887,32.36548957521921,-19.145617044336333
2026-02-12 19:00:00,2026-02-12,19,2026,2,Thursday,False,winter,weekday_winter,1713,50398,29.420899007589025,0.021470943361031867,36.77972597744759,18.034876725154735,-14.330612850064472
2026-02-12 20:00:00,2026-02-12,20,2026,2,Thursday,False,winter,weekday_winter,1713,50398,29.420899007589025,0.01058059361887287,18.124556869129226,8.88734595339925,-9.147530771755486
2026-02-12 21:00:00,2026-02-12,21,2026,2,Thursday,False,winter,weekday_winter,1713,50398,29.420899007589025,0.004602337827400516,7.883804698337084,3.86581036375552,-5.0215355896437295
2026-02-12 22:00:00,2026-02-12,22,2026,2,Thursday,False,winter,weekday_winter,1713,50398,29.420899007589025,0.0017649821906013032,3.0234144925000326,1.4825262073654082,-2.383284156390112
2026-02-12 23:00:00,2026-02-12,23,2026,2,Thursday,False,winter,weekday_winter,1713,50398,29.420899007589025,0.0005963290120730338,1.0215115976811069,0.5008964925076126,-0.9816297148577956
2026-02-13 00:00:00,2026-02-13,0,2026,2,Friday,False,winter,weekday_winter,1374,43997,32.02110625909753,0.0,0.0,0.0,0.0
2026-02-13 01:00:00,2026-02-13,1,2026,2,Friday,False,winter,weekday_winter,1374,43997,32.02110625909753,0.0,0.0,0.0,0.0
2026-02-13 02:00:00,2026-02-13,2,2026,2,Friday,False,winter,weekday_winter,1374,43997,32.02110625909753,0.0,0.0,0.0,0.0
2026-02-13 03:00:00,2026-02-13,3,2026,2,Friday,False,winter,weekday_winter,1374,43997,32.02110625909753,0.0,0.0,0.0,0.0
2026-02-13 04:00:00,2026-02-13,4,2026,2,Friday,False,winter,weekday_winter,1374,43997,32.02110625909753,0.0,0.0,0.0,0.0
2026-02-13 05:00:00,2026-02-13,5,2026,2,Friday,False,winter,weekday_winter,1374,43997,32.02110625909753,0.0,0.0,0.0,0.0
2026-02-13 06:00:00,2026-02-13,6,2026,2,Friday,False,winter,weekday_winter,1374,43997,32.02110625909753,0.007783781882715673,10.694916306851335,5.707717524897359,5.707717524897359
2026-02-13 07:00:00,2026-02-13,7,2026,2,Friday,False,winter,weekday_winter,1374,43997,32.02110625909753,0.016817569878023773,23.107341012404664,12.332043698723535,6.624326173826176
2026-02-13 08:00:00,2026-02-13,8,2026,2,Friday,False,winter,weekday_winter,1374,43997,32.02110625909753,0.03173218736669319,43.60002544183644,23.268684126206676,10.936640427483141
2026-02-13 09:00:00,2026-02-13,9,2026,2,Friday,False,winter,weekday_winter,1374,43997,32.02110625909753,0.052655734511452,72.34897921873505,38.61157252167257,15.342888395465895
2026-02-13 10:00:00,2026-02-13,10,2026,2,Friday,False,winter,weekday_winter,1374,43997,32.02110625909753,0.07746909318682846,106.4425340387023,56.80679488234821,18.195222360675636
2026-02-13 11:00:00,2026-02-13,11,2026,2,Friday,False,winter,weekday_winter,1374,43997,32.02110625909753,0.10190387699749258,140.0159269945548,74.72441460431136,17.917619721963156
2026-02-13 12:00:00,2026-02-13,12,2026,2,Friday,False,winter,weekday_winter,1374,43997,32.02110625909753,0.12072108903148655,165.87077632926253,88.52276256863858,13.79834796432722
2026-02-13 13:00:00,2026-02-13,13,2026,2,Friday,False,winter,weekday_winter,1374,43997,32.02110625909753,0.1293905760623905,177.78265150972453,94.87995291694992,6.357190348311335
2026-02-13 14:00:00,2026-02-13,14,2026,2,Friday,False,winter,weekday_winter,1374,43997,32.02110625909753,0.1256000383660615,172.57445271496852,92.10041479986016,-2.779538117089757
2026-02-13 15:00:00,2026-02-13,15,2026,2,Friday,False,winter,weekday_winter,1374,43997,32.02110625909753,0.1101580717069006,151.35719052528142,80.77707801480844,-11.323336785051723
2026-02-13 16:00:00,2026-02-13,16,2026,2,Friday,False,winter,weekday_winter,1374,43997,32.02110625909753,0.08689574171043071,119.3947491101318,63.719199133897014,-17.057878880911424
2026-02-13 17:00:00,2026-02-13,17,2026,2,Friday,False,winter,weekday_winter,1374,43997,32.02110625909753,0.06132517951453098,84.26079665296557,44.968732051680334,-18.75046708221668
2026-02-13 18:00:00,2026-02-13,18,2026,2,Friday,False,winter,weekday_winter,1374,43997,32.02110625909753,0.038531873775013936,52.942794566869146,28.254780841321473,-16.71395121035886
2026-02-13 19:00:00,2026-02-13,19,2026,2,Friday,False,winter,weekday_winter,1374,43997,32.02110625909753,0.021470943361031867,29.501076178057787,15.744284917588654,-12.510495923732819
2026-02-13 20:00:00,2026-02-13,20,2026,2,Friday,False,winter,weekday_winter,1374,43997,32.02110625909753,0.01058059361887287,14.537735632331325,7.758572957492497,-7.9857119600961575
2026-02-13 21:00:00,2026-02-13,21,2026,2,Friday,False,winter,weekday_winter,1374,43997,32.02110625909753,0.004602337827400516,6.323612174848309,3.3748176232023424,-4.3837553342901545
2026-02-13 22:00:00,2026-02-13,22,2026,2,Friday,False,winter,weekday_winter,1374,43997,32.02110625909753,0.0017649821906013032,2.4250855298861906,1.2942320239980925,-2.08058559920425
2026-02-13 23:00:00,2026-02-13,23,2026,2,Friday,False,winter,weekday_winter,1374,43997,32.02110625909753,0.0005963290120730338,0.8193560625883485,0.4372781257362879,-0.8569538982618046
2026-02-14 00:00:00,2026-02-14,0,2026,2,Saturday,True,winter,weekend_winter,1206,89141,73.91459369817579,0.0,0.0,0.0,0.0
2026-02-14 01:00:00,2026-02-14,1,2026,2,Saturday,True,winter,weekend_winter,1206,89141,73.91459369817579,0.0,0.0,0.0,0.0
2026-02-14 02:00:00,2026-02-14,2,2026,2,Saturday,True,winter,weekend_winter,1206,89141,73.91459369817579,0.0,0.0,0.0,0.0
2026-02-14 03:00:00,2026-02-14,3,2026,2,Saturday,True,winter,weekend_winter,1206,89141,73.91459369817579,0.0,0.0,0.0,0.0
2026-02-14 04:00:00,2026-02-14,4,2026,2,Saturday,True,winter,weekend_winter,1206,89141,73.91459369817579,0.0,0.0,0.0,0.0
2026-02-14 05:00:00,2026-02-14,5,2026,2,Saturday,True,winter,weekend_winter,1206,89141,73.91459369817579,0.0,0.0,0.0,0.0
2026-02-14 06:00:00,2026-02-14,6,2026,2,Saturday,True,winter,weekend_winter,1206,89141,73.91459369817579,0.004060054716415241,4.89642598799678,4.89642598799678,4.89642598799678
2026-02-14 07:00:00,2026-02-14,7,2026,2,Saturday,True,winter,weekend_winter,1206,89141,73.91459369817579,0.009139971308762375,11.022805398367424,12.158335034970161,7.261909046973381
2026-02-14 08:00:00,2026-02-14,8,2026,2,Saturday,True,winter,weekend_winter,1206,89141,73.91459369817579,0.01825302934016846,22.01315338424316,24.569451026448853,12.411115991478692
2026-02-14 09:00:00,2026-02-14,9,2026,2,Saturday,True,winter,weekend_winter,1206,89141,73.91459369817579,0.03248325236986794,39.17480235806073,44.279870447350184,19.71041942090133
2026-02-14 10:00:00,2026-02-14,10,2026,2,Saturday,True,winter,weekend_winter,1206,89141,73.91459369817579,0.05178120587736963,62.448134288107774,71.53315858842035,27.253288141070165
2026-02-14 11:00:00,2026-02-14,11,2026,2,Saturday,True,winter,weekend_winter,1206,89141,73.91459369817579,0.07434834110627124,89.66409937416311,104.14643963796546,32.61328104954511
2026-02-14 12:00:00,2026-02-14,12,2026,2,Saturday,True,winter,weekend_winter,1206,89141,73.91459369817579,0.09665890524129285,116.57063972099918,137.3646315894048,33.21819195143935
2026-02-14 13:00:00,2026-02-14,13,2026,2,Saturday,True,winter,weekend_winter,1206,89141,73.91459369817579,0.11426971494516516,137.80927622386918,164.84316103810477,27.47852944869996
2026-02-14 14:00:00,2026-02-14,14,2026,2,Saturday,True,winter,weekend_winter,1206,89141,73.91459369817579,0.12315627376898818,148.52646616539974,180.48580094031337,15.6426399022086
2026-02-14 15:00:00,2026-02-14,15,2026,2,Saturday,True,winter,weekend_winter,1206,89141,73.91459369817579,0.12107765325366525,146.0196498239203,180.4644069925435,-0.021393947769865918
2026-02-14 16:00:00,2026-02-14,16,2026,2,Saturday,True,winter,weekend_winter,1206,89141,73.91459369817579,0.10844236086083335,130.78148719816502,164.64488885232765,-15.819518140215848
2026-02-14 17:00:00,2026-02-14,17,2026,2,Saturday,True,winter,weekend_winter,1206,89141,73.91459369817579,0.08825746705298823,106.4385052659038,136.7680262259979,-27.876862626329768
2026-02-14 18:00:00,2026-02-14,18,2026,2,Saturday,True,winter,weekend_winter,1206,89141,73.91459369817579,0.06506754640594199,78.47146096556604,103.15560354250263,-33.612422683495254
2026-02-14 19:00:00,2026-02-14,19,2026,2,Saturday,True,winter,weekend_winter,1206,89141,73.91459369817579,0.04332087483876642,52.2449750555523,70.44328332618753,-32.712320216315106
2026-02-14 20:00:00,2026-02-14,20,2026,2,Saturday,True,winter,weekend_winter,1206,89141,73.91459369817579,0.025977044160987794,31.328315258151278,43.44444193597361,-26.99884139021392
2026-02-14 21:00:00,2026-02-14,21,2026,2,Saturday,True,winter,weekend_winter,1206,89141,73.91459369817579,0.014000011964665765,16.884014429386912,24.149360730479184,-19.295081205494423
2026-02-14 22:00:00,2026-02-14,22,2026,2,Saturday,True,winter,weekend_winter,1206,89141,73.91459369817579,0.006770858019598214,8.165654771635445,12.081224784619717,-12.068135945859467
2026-02-14 23:00:00,2026-02-14,23,2026,2,Saturday,True,winter,weekend_winter,1206,89141,73.91459369817579,0.00293543476825201,3.540134330511924,5.433830470959886,-6.647394313659832
2026-02-15 00:00:00,2026-02-15,0,2026,2,Sunday,True,winter,weekend_winter,1097,78928,71.9489516864175,0.0,0.0,0.0,0.0
2026-02-15 01:00:00,2026-02-15,1,2026,2,Sunday,True,winter,weekend_winter,1097,78928,71.9489516864175,0.0,0.0,0.0,0.0
2026-02-15 02:00:00,2026-02-15,2,2026,2,Sunday,True,winter,weekend_winter,1097,78928,71.9489516864175,0.0,0.0,0.0,0.0
2026-02-15 03:00:00,2026-02-15,3,2026,2,Sunday,True,winter,weekend_winter,1097,78928,71.9489516864175,0.0,0.0,0.0,0.0
2026-02-15 04:00:00,2026-02-15,4,2026,2,Sunday,True,winter,weekend_winter,1097,78928,71.9489516864175,0.0,0.0,0.0,0.0
2026-02-15 05:00:00,2026-02-15,5,2026,2,Sunday,True,winter,weekend_winter,1097,78928,71.9489516864175,0.0,0.0,0.0,0.0
2026-02-15 06:00:00,2026-02-15,6,2026,2,Sunday,True,winter,weekend_winter,1097,78928,71.9489516864175,0.004060054716415241,4.453880023907519,4.453880023907519,4.453880023907519
2026-02-15 07:00:00,2026-02-15,7,2026,2,Sunday,True,winter,weekend_winter,1097,78928,71.9489516864175,0.009139971308762375,10.026548525712325,10.913535146091842,6.459655122184323
2026-02-15 08:00:00,2026-02-15,8,2026,2,Sunday,True,winter,weekend_winter,1097,78928,71.9489516864175,0.01825302934016846,20.0235731861648,22.020352251419087,11.106817105327245
2026-02-15 09:00:00,2026-02-15,9,2026,2,Sunday,True,winter,weekend_winter,1097,78928,71.9489516864175,0.03248325236986794,35.63412784974513,39.6218063262606,17.60145407484151
2026-02-15 10:00:00,2026-02-15,10,2026,2,Sunday,True,winter,weekend_winter,1097,78928,71.9489516864175,0.05178120587736963,56.80398284747449,63.90049071521163,24.278684388951035
2026-02-15 11:00:00,2026-02-15,11,2026,2,Sunday,True,winter,weekend_winter,1097,78928,71.9489516864175,0.07434834110627124,81.56013019357955,92.87259763758891,28.97210692237728
2026-02-15 12:00:00,2026-02-15,12,2026,2,Sunday,True,winter,weekend_winter,1097,78928,71.9489516864175,0.09665890524129285,106.03481904969826,122.27745330338165,29.404855665792738
2026-02-15 13:00:00,2026-02-15,13,2026,2,Sunday,True,winter,weekend_winter,1097,78928,71.9489516864175,0.11426971494516516,125.35387729484619,146.47062612656063,24.193172823178983
2026-02-15 14:00:00,2026-02-15,14,2026,2,Sunday,True,winter,weekend_winter,1097,78928,71.9489516864175,0.12315627376898818,135.10243232458004,160.06655604960045,13.595929923039819
2026-02-15 15:00:00,2026-02-15,15,2026,2,Sunday,True,winter,weekend_winter,1097,78928,71.9489516864175,0.12107765325366525,132.82218561927078,159.72772622866907,-0.33882982093138025
2026-02-15 16:00:00,2026-02-15,16,2026,2,Sunday,True,winter,weekend_winter,1097,78928,71.9489516864175,0.10844236086083335,118.96126986433418,145.41270117848492,-14.315025050184147
2026-02-15 17:00:00,2026-02-15,17,2026,2,Sunday,True,winter,weekend_winter,1097,78928,71.9489516864175,0.08825746705298823,96.8184413571281,120.50948245985815,-24.903218718626775
2026-02-15 18:00:00,2026-02-15,18,2026,2,Sunday,True,winter,weekend_winter,1097,78928,71.9489516864175,0.06506754640594199,71.37909840731837,90.66041304282786,-29.849069417030293
2026-02-15 19:00:00,2026-02-15,19,2026,2,Sunday,True,winter,weekend_winter,1097,78928,71.9489516864175,0.04332087483876642,47.52299969812676,61.738089669611554,-28.9223233732163
2026-02-15 20:00:00,2026-02-15,20,2026,2,Sunday,True,winter,weekend_winter,1097,78928,71.9489516864175,0.025977044160987794,28.49681744460361,37.96098456771278,-23.777105101898776
2026-02-15 21:00:00,2026-02-15,21,2026,2,Sunday,True,winter,weekend_winter,1097,78928,71.9489516864175,0.014000011964665765,15.358013125238344,21.033131372942144,-16.927853194770634
2026-02-15 22:00:00,2026-02-15,22,2026,2,Sunday,True,winter,weekend_winter,1097,78928,71.9489516864175,0.006770858019598214,7.4276312474992405,10.486167194713222,-10.546964178228922
2026-02-15 23:00:00,2026-02-15,23,2026,2,Sunday,True,winter,weekend_winter,1097,78928,71.9489516864175,0.00293543476825201,3.2201719407724547,4.699378722787344,-5.7867884719258775
2026-02-16 00:00:00,2026-02-16,0,2026,2,Monday,False,winter,weekday_winter,1127,72299,64.15173025732032,0.0,0.0,0.0,0.0
2026-02-16 01:00:00,2026-02-16,1,2026,2,Monday,False,winter,weekday_winter,1127,72299,64.15173025732032,0.0,0.0,0.0,0.0
2026-02-16 02:00:00,2026-02-16,2,2026,2,Monday,False,winter,weekday_winter,1127,72299,64.15173025732032,0.0,0.0,0.0,0.0
2026-02-16 03:00:00,2026-02-16,3,2026,2,Monday,False,winter,weekday_winter,1127,72299,64.15173025732032,0.0,0.0,0.0,0.0
2026-02-16 04:00:00,2026-02-16,4,2026,2,Monday,False,winter,weekday_winter,1127,72299,64.15173025732032,0.0,0.0,0.0,0.0
2026-02-16 05:00:00,2026-02-16,5,2026,2,Monday,False,winter,weekday_winter,1127,72299,64.15173025732032,0.0,0.0,0.0,0.0
2026-02-16 06:00:00,2026-02-16,6,2026,2,Monday,False,winter,weekday_winter,1127,72299,64.15173025732032,0.007783781882715673,8.772322181820563,8.772322181820563,8.772322181820563
2026-02-16 07:00:00,2026-02-16,7,2026,2,Monday,False,winter,weekday_winter,1127,72299,64.15173025732032,0.016817569878023773,18.953401252532792,19.56040650968657,10.788084327866006
2026-02-16 08:00:00,2026-02-16,8,2026,2,Monday,False,winter,weekday_winter,1127,72299,64.15173025732032,0.03173218736669319,35.762175162263226,37.07366531991778,17.51325881023121
2026-02-16 09:00:00,2026-02-16,9,2026,2,Monday,False,winter,weekday_winter,1127,72299,64.15173025732032,0.052655734511452,59.343012794406405,61.81759453921903,24.74392921930125
2026-02-16 10:00:00,2026-02-16,10,2026,2,Monday,False,winter,weekday_winter,1127,72299,64.15173025732032,0.07746909318682846,87.30766802155567,91.41393771787374,29.596343178654706
2026-02-16 11:00:00,2026-02-16,11,2026,2,Monday,False,winter,weekday_winter,1127,72299,64.15173025732032,0.10190387699749258,114.84566937617414,120.88696749319365,29.473029775319915
2026-02-16 12:00:00,2026-02-16,12,2026,2,Monday,False,winter,weekday_winter,1127,72299,64.15173025732032,0.12072108903148655,136.05266733848535,143.99947134633982,23.112503853146166
2026-02-16 13:00:00,2026-02-16,13,2026,2,Monday,False,winter,weekday_winter,1127,72299,64.15173025732032,0.1293905760623905,145.82317922231408,155.2374121486195,11.237940802279695
2026-02-16 14:00:00,2026-02-16,14,2026,2,Monday,False,winter,weekday_winter,1127,72299,64.15173025732032,0.1256000383660615,141.55124323855134,151.64155166181678,-3.595860486802735
2026-02-16 15:00:00,2026-02-16,15,2026,2,Monday,False,winter,weekday_winter,1127,72299,64.15173025732032,0.1101580717069006,124.14814681367697,133.942856472257,-17.69869518955977
2026-02-16 16:00:00,2026-02-16,16,2026,2,Monday,False,winter,weekday_winter,1127,72299,64.15173025732032,0.08689574171043071,97.93150090765542,106.5219945329319,-27.420861939325107
2026-02-16 17:00:00,2026-02-16,17,2026,2,Monday,False,winter,weekday_winter,1127,72299,64.15173025732032,0.06132517951453098,69.11347731287641,75.88989690392818,-30.632097629003724
2026-02-16 18:00:00,2026-02-16,18,2026,2,Monday,False,winter,weekday_winter,1127,72299,64.15173025732032,0.038531873775013936,43.425421744440705,48.20776366024889,-27.68213324367929
2026-02-16 19:00:00,2026-02-16,19,2026,2,Monday,False,winter,weekday_winter,1127,72299,64.15173025732032,0.021470943361031867,24.197753167882915,27.202597124437755,-21.00516653581113
2026-02-16 20:00:00,2026-02-16,20,2026,2,Monday,False,winter,weekday_winter,1127,72299,64.15173025732032,0.01058059361887287,11.924329008469725,13.598704741574196,-13.60389238286356
2026-02-16 21:00:00,2026-02-16,21,2026,2,Monday,False,winter,weekday_winter,1127,72299,64.15173025732032,0.004602337827400516,5.186834731480381,6.0119446905254845,-7.586760051048711
2026-02-16 22:00:00,2026-02-16,22,2026,2,Monday,False,winter,weekday_winter,1127,72299,64.15173025732032,0.0017649821906013032,1.9891349288076687,2.3480405737144525,-3.663904116811032
2026-02-16 23:00:00,2026-02-16,23,2026,2,Monday,False,winter,weekday_winter,1127,72299,64.15173025732032,0.0005963290120730338,0.6720627966063091,0.8097019911033675,-1.5383385826110851
2026-02-17 00:00:00,2026-02-17,0,2026,2,Tuesday,False,winter,weekday_winter,1151,55013,47.79582971329279,0.0,0.0,0.0,0.0
2026-02-17 01:00:00,2026-02-17,1,2026,2,Tuesday,False,winter,weekday_winter,1151,55013,47.79582971329279,0.0,0.0,0.0,0.0
2026-02-17 02:00:00,2026-02-17,2,2026,2,Tuesday,False,winter,weekday_winter,1151,55013,47.79582971329279,0.0,0.0,0.0,0.0
2026-02-17 03:00:00,2026-02-17,3,2026,2,Tuesday,False,winter,weekday_winter,1151,55013,47.79582971329279,0.0,0.0,0.0,0.0
2026-02-17 04:00:00,2026-02-17,4,2026,2,Tuesday,False,winter,weekday_winter,1151,55013,47.79582971329279,0.0,0.0,0.0,0.0
2026-02-17 05:00:00,2026-02-17,5,2026,2,Tuesday,False,winter,weekday_winter,1151,55013,47.79582971329279,0.0,0.0,0.0,0.0
2026-02-17 06:00:00,2026-02-17,6,2026,2,Tuesday,False,winter,weekday_winter,1151,55013,47.79582971329279,0.007783781882715673,8.95913294700574,7.136819878563956,7.136819878563956
2026-02-17 07:00:00,2026-02-17,7,2026,2,Tuesday,False,winter,weekday_winter,1151,55013,47.79582971329279,0.016817569878023773,19.357022929605364,15.419749528328698,8.282929649764743
2026-02-17 08:00:00,2026-02-17,8,2026,2,Tuesday,False,winter,weekday_winter,1151,55013,47.79582971329279,0.03173218736669319,36.523747659063865,29.094713726731545,13.674964198402847
2026-02-17 09:00:00,2026-02-17,9,2026,2,Tuesday,False,winter,weekday_winter,1151,55013,47.79582971329279,0.052655734511452,60.60675042268125,48.27916537797515,19.184451651243602
2026-02-17 10:00:00,2026-02-17,10,2026,2,Tuesday,False,winter,weekday_winter,1151,55013,47.79582971329279,0.07746909318682846,89.16692625803955,71.0301203914499,22.75095501347475
2026-02-17 11:00:00,2026-02-17,11,2026,2,Tuesday,False,winter,weekday_winter,1151,55013,47.79582971329279,0.10190387699749258,117.29136242411396,93.43396642105098,22.403846029601084
2026-02-17 12:00:00,2026-02-17,12,2026,2,Tuesday,False,winter,weekday_winter,1151,55013,47.79582971329279,0.12072108903148655,138.94997347524102,110.6871545148195,17.253188093768514
2026-02-17 13:00:00,2026-02-17,13,2026,2,Tuesday,False,winter,weekday_winter,1151,55013,47.79582971329279,0.1293905760623905,148.92855304781145,118.6360626820048,7.948908167185309
2026-02-17 14:00:00,2026-02-17,14,2026,2,Tuesday,False,winter,weekday_winter,1151,55013,47.79582971329279,0.1256000383660615,144.5656441593368,115.16058184386904,-3.4754808381357662
2026-02-17 15:00:00,2026-02-17,15,2026,2,Tuesday,False,winter,weekday_winter,1151,55013,47.79582971329279,0.1101580717069006,126.79194053464259,101.00209998019538,-14.158481863673657
2026-02-17 16:00:00,2026-02-17,16,2026,2,Tuesday,False,winter,weekday_winter,1151,55013,47.79582971329279,0.08689574171043071,100.01699870870576,79.67325731193209,-21.32884266826329
2026-02-17 17:00:00,2026-02-17,17,2026,2,Tuesday,False,winter,weekday_winter,1151,55013,47.79582971329279,0.06132517951453098,70.58528162122516,56.22803501054822,-23.445222301383872
2026-02-17 18:00:00,2026-02-17,18,2026,2,Tuesday,False,winter,weekday_winter,1151,55013,47.79582971329279,0.038531873775013936,44.35018671504104,35.32923286641403,-20.898802144134187
2026-02-17 19:00:00,2026-02-17,19,2026,2,Tuesday,False,winter,weekday_winter,1151,55013,47.79582971329279,0.021470943361031867,24.71305580854768,19.686350118674103,-15.642882747739929
2026-02-17 20:00:00,2026-02-17,20,2026,2,Tuesday,False,winter,weekday_winter,1151,55013,47.79582971329279,0.01058059361887287,12.178263255322674,9.701169945917554,-9.985180172756548
2026-02-17 21:00:00,2026-02-17,21,2026,2,Tuesday,False,winter,weekday_winter,1151,55013,47.79582971329279,0.004602337827400516,5.297290839337994,4.219806848313077,-5.481363097604477
2026-02-17 22:00:00,2026-02-17,22,2026,2,Tuesday,False,winter,weekday_winter,1151,55013,47.79582971329279,0.0017649821906013032,2.0314945013821,1.6182827541924918,-2.601524094120585
2026-02-17 23:00:00,2026-02-17,23,2026,2,Tuesday,False,winter,weekday_winter,1151,55013,47.79582971329279,0.0005963290120730338,0.6863746928960619,0.5467641323528968,-1.0715186218395951
2026-02-18 00:00:00,2026-02-18,0,2026,2,Wednesday,False,winter,weekday_winter,1076,76803,71.37825278810409,0.0,0.0,0.0,0.0
2026-02-18 01:00:00,2026-02-18,1,2026,2,Wednesday,False,winter,weekday_winter,1076,76803,71.37825278810409,0.0,0.0,0.0,0.0
2026-02-18 02:00:00,2026-02-18,2,2026,2,Wednesday,False,winter,weekday_winter,1076,76803,71.37825278810409,0.0,0.0,0.0,0.0
2026-02-18 03:00:00,2026-02-18,3,2026,2,Wednesday,False,winter,weekday_winter,1076,76803,71.37825278810409,0.0,0.0,0.0,0.0
2026-02-18 04:00:00,2026-02-18,4,2026,2,Wednesday,False,winter,weekday_winter,1076,76803,71.37825278810409,0.0,0.0,0.0,0.0
2026-02-18 05:00:00,2026-02-18,5,2026,2,Wednesday,False,winter,weekday_winter,1076,76803,71.37825278810409,0.0,0.0,0.0,0.0
2026-02-18 06:00:00,2026-02-18,6,2026,2,Wednesday,False,winter,weekday_winter,1076,76803,71.37825278810409,0.007783781882715673,8.375349305802064,8.375349305802064,8.375349305802064
2026-02-18 07:00:00,2026-02-18,7,2026,2,Wednesday,False,winter,weekday_winter,1076,76803,71.37825278810409,0.016817569878023773,18.09570518875358,19.683985881921714,11.30863657611965
2026-02-18 08:00:00,2026-02-18,8,2026,2,Wednesday,False,winter,weekday_winter,1076,76803,71.37825278810409,0.03173218736669319,34.14383360656188,37.57545874017263,17.891472858250914
2026-02-18 09:00:00,2026-02-18,9,2026,2,Wednesday,False,winter,weekday_winter,1076,76803,71.37825278810409,0.052655734511452,56.65757033432235,63.1325231664961,25.55706442632347
2026-02-18 10:00:00,2026-02-18,10,2026,2,Wednesday,False,winter,weekday_winter,1076,76803,71.37825278810409,0.07746909318682846,83.35674426902742,94.10114689608919,30.96862372959309
2026-02-18 11:00:00,2026-02-18,11,2026,2,Wednesday,False,winter,weekday_winter,1076,76803,71.37825278810409,0.10190387699749258,109.64857164930201,125.45614011407436,31.354993217985168
2026-02-18 12:00:00,2026-02-18,12,2026,2,Wednesday,False,winter,weekday_winter,1076,76803,71.37825278810409,0.12072108903148655,129.89589179787953,150.6893778992179,25.233237785143544
2026-02-18 13:00:00,2026-02-18,13,2026,2,Wednesday,False,winter,weekday_winter,1076,76803,71.37825278810409,0.1293905760623905,139.22425984313216,163.857398060007,13.168020160789098
2026-02-18 14:00:00,2026-02-18,14,2026,2,Wednesday,False,winter,weekday_winter,1076,76803,71.37825278810409,0.1256000383660615,135.14564128188218,161.54778832741295,-2.3096097325940548
2026-02-18 15:00:00,2026-02-18,15,2026,2,Wednesday,False,winter,weekday_winter,1076,76803,71.37825278810409,0.1101580717069006,118.53008515662505,144.1587729852199,-17.389015342193034
2026-02-18 16:00:00,2026-02-18,16,2026,2,Wednesday,False,winter,weekday_winter,1076,76803,71.37825278810409,0.08689574171043071,93.49981808042345,115.97757261221652,-28.181200373003392
2026-02-18 17:00:00,2026-02-18,17,2026,2,Wednesday,False,winter,weekday_winter,1076,76803,71.37825278810409,0.06132517951453098,65.98589315763533,83.71696925364871,-32.260603358567806
2026-02-18 18:00:00,2026-02-18,18,2026,2,Wednesday,False,winter,weekday_winter,1076,76803,71.37825278810409,0.038531873775013936,41.460296181915,53.973699061855044,-29.74327019179367
2026-02-18 19:00:00,2026-02-18,19,2026,2,Wednesday,False,winter,weekday_winter,1076,76803,71.37825278810409,0.021470943361031867,23.102735056470287,30.96516390026188,-23.008535161593162
2026-02-18 20:00:00,2026-02-18,20,2026,2,Wednesday,False,winter,weekday_winter,1076,76803,71.37825278810409,0.01058059361887287,11.384718733907208,15.76586472672576,-15.199299173536122
2026-02-18 21:00:00,2026-02-18,21,2026,2,Wednesday,False,winter,weekday_winter,1076,76803,71.37825278810409,0.004602337827400516,4.952115502282955,7.111085630213964,-8.654779096511795
2026-02-18 22:00:00,2026-02-18,22,2026,2,Wednesday,False,winter,weekday_winter,1076,76803,71.37825278810409,0.0017649821906013032,1.8991208370870023,2.8382278707680775,-4.272857759445886
2026-02-18 23:00:00,2026-02-18,23,2026,2,Wednesday,False,winter,weekday_winter,1076,76803,71.37825278810409,0.0005963290120730338,0.6416500169905843,1.0017946329827803,-1.8364332377852972
2026-02-19 00:00:00,2026-02-19,0,2026,2,Thursday,False,winter,weekday_winter,1221,59239,48.516789516789515,0.0,0.0,0.0,0.0
2026-02-19 01:00:00,2026-02-19,1,2026,2,Thursday,False,winter,weekday_winter,1221,59239,48.516789516789515,0.0,0.0,0.0,0.0
2026-02-19 02:00:00,2026-02-19,2,2026,2,Thursday,False,winter,weekday_winter,1221,59239,48.516789516789515,0.0,0.0,0.0,0.0
2026-02-19 03:00:00,2026-02-19,3,2026,2,Thursday,False,winter,weekday_winter,1221,59239,48.516789516789515,0.0,0.0,0.0,0.0
2026-02-19 04:00:00,2026-02-19,4,2026,2,Thursday,False,winter,weekday_winter,1221,59239,48.516789516789515,0.0,0.0,0.0,0.0
2026-02-19 05:00:00,2026-02-19,5,2026,2,Thursday,False,winter,weekday_winter,1221,59239,48.516789516789515,0.0,0.0,0.0,0.0
2026-02-19 06:00:00,2026-02-19,6,2026,2,Thursday,False,winter,weekday_winter,1221,59239,48.516789516789515,0.007783781882715673,9.503997678795837,7.68505758250323,7.68505758250323
2026-02-19 07:00:00,2026-02-19,7,2026,2,Thursday,False,winter,weekday_winter,1221,59239,48.516789516789515,0.016817569878023773,20.534252821067028,16.604267033404174,8.919209450900944
2026-02-19 08:00:00,2026-02-19,8,2026,2,Thursday,False,winter,weekday_winter,1221,59239,48.516789516789515,0.03173218736669319,38.74500077473239,31.329717456925636,14.725450423521462
2026-02-19 09:00:00,2026-02-19,9,2026,2,Thursday,False,winter,weekday_winter,1221,59239,48.516789516789515,0.052655734511452,64.2926518384829,51.987884278731755,20.65816682180612
2026-02-19 10:00:00,2026-02-19,10,2026,2,Thursday,False,winter,weekday_winter,1221,59239,48.516789516789515,0.07746909318682846,94.58976278111754,76.48652685490885,24.49864257617709
2026-02-19 11:00:00,2026-02-19,11,2026,2,Thursday,False,winter,weekday_winter,1221,59239,48.516789516789515,0.10190387699749258,124.42463381393844,100.61139615757439,24.124869302665545
2026-02-19 12:00:00,2026-02-19,12,2026,2,Thursday,False,winter,weekday_winter,1221,59239,48.516789516789515,0.12072108903148655,147.4004497074451,119.18994321893722,18.578547061362826
2026-02-19 13:00:00,2026-02-19,13,2026,2,Thursday,False,winter,weekday_winter,1221,59239,48.516789516789515,0.1293905760623905,157.9858933721788,127.74947225599918,8.559529037061964
2026-02-19 14:00:00,2026-02-19,14,2026,2,Thursday,False,winter,weekday_winter,1221,59239,48.516789516789515,0.1256000383660615,153.3576468449611,124.00701121278529,-3.7424610432138934
2026-02-19 15:00:00,2026-02-19,15,2026,2,Thursday,False,winter,weekday_winter,1221,59239,48.516789516789515,0.1101580717069006,134.50300555412565,108.76090016408476,-15.246111048700527
2026-02-19 16:00:00,2026-02-19,16,2026,2,Thursday,False,winter,weekday_winter,1221,59239,48.516789516789515,0.08689574171043071,106.0997006284359,85.79361405307009,-22.967286111014673
2026-02-19 17:00:00,2026-02-19,17,2026,2,Thursday,False,winter,weekday_winter,1221,59239,48.516789516789515,0.06132517951453098,74.87804418724232,60.54737182102168,-25.24624223204841
2026-02-19 18:00:00,2026-02-19,18,2026,2,Thursday,False,winter,weekday_winter,1221,59239,48.516789516789515,0.038531873775013936,47.04741787929201,38.043161175967505,-22.504210645054172
2026-02-19 19:00:00,2026-02-19,19,2026,2,Thursday,False,winter,weekday_winter,1221,59239,48.516789516789515,0.021470943361031867,26.21602184381991,21.19862022940278,-16.844540946564724
2026-02-19 20:00:00,2026-02-19,20,2026,2,Thursday,False,winter,weekday_winter,1221,59239,48.516789516789515,0.01058059361887287,12.918904808643775,10.446396423140166,-10.752223806262615
2026-02-19 21:00:00,2026-02-19,21,2026,2,Thursday,False,winter,weekday_winter,1221,59239,48.516789516789515,0.004602337827400516,5.61945448725603,4.543964842622986,-5.90243158051718
2026-02-19 22:00:00,2026-02-19,22,2026,2,Thursday,False,winter,weekday_winter,1221,59239,48.516789516789515,0.0017649821906013032,2.155043254724191,1.7425963331505099,-2.8013685094724767
2026-02-19 23:00:00,2026-02-19,23,2026,2,Thursday,False,winter,weekday_winter,1221,59239,48.516789516789515,0.0005963290120730338,0.7281177237411742,0.5887655724365741,-1.1538307607139358
2026-02-20 00:00:00,2026-02-20,0,2026,2,Friday,False,winter,weekday_winter,1329,67414,50.72535741158766,0.0,0.0,0.0,0.0
2026-02-20 01:00:00,2026-02-20,1,2026,2,Friday,False,winter,weekday_winter,1329,67414,50.72535741158766,0.0,0.0,0.0,0.0
2026-02-20 02:00:00,2026-02-20,2,2026,2,Friday,False,winter,weekday_winter,1329,67414,50.72535741158766,0.0,0.0,0.0,0.0
2026-02-20 03:00:00,2026-02-20,3,2026,2,Friday,False,winter,weekday_winter,1329,67414,50.72535741158766,0.0,0.0,0.0,0.0
2026-02-20 04:00:00,2026-02-20,4,2026,2,Friday,False,winter,weekday_winter,1329,67414,50.72535741158766,0.0,0.0,0.0,0.0
2026-02-20 05:00:00,2026-02-20,5,2026,2,Friday,False,winter,weekday_winter,1329,67414,50.72535741158766,0.0,0.0,0.0,0.0
2026-02-20 06:00:00,2026-02-20,6,2026,2,Friday,False,winter,weekday_winter,1329,67414,50.72535741158766,0.007783781882715673,10.344646122129129,8.745597864023239,8.745597864023239
2026-02-20 07:00:00,2026-02-20,7,2026,2,Friday,False,winter,weekday_winter,1329,67414,50.72535741158766,0.016817569878023773,22.350550367893593,18.89566092928491,10.150063065261673
2026-02-20 08:00:00,2026-02-20,8,2026,2,Friday,False,winter,weekday_winter,1329,67414,50.72535741158766,0.03173218736669319,42.17207701033525,35.65322798563758,16.757567056352666
2026-02-20 09:00:00,2026-02-20,9,2026,2,Friday,False,winter,weekday_winter,1329,67414,50.72535741158766,0.052655734511452,69.97947116571972,59.162228105917094,23.509000120279516
2026-02-20 10:00:00,2026-02-20,10,2026,2,Friday,False,winter,weekday_winter,1329,67414,50.72535741158766,0.07746909318682846,102.95642484529502,87.04169080161422,27.87946269569713
2026-02-20 11:00:00,2026-02-20,11,2026,2,Friday,False,winter,weekday_winter,1329,67414,50.72535741158766,0.10190387699749258,135.43025252966763,114.49579939848275,27.454108596868522
2026-02-20 12:00:00,2026-02-20,12,2026,2,Friday,False,winter,weekday_winter,1329,67414,50.72535741158766,0.12072108903148655,160.43832732284562,135.63819159947724,21.142392200994493
2026-02-20 13:00:00,2026-02-20,13,2026,2,Friday,False,winter,weekday_winter,1329,67414,50.72535741158766,0.1293905760623905,171.96007558691696,145.37893824449986,9.740746645022625
2026-02-20 14:00:00,2026-02-20,14,2026,2,Friday,False,winter,weekday_winter,1329,67414,50.72535741158766,0.1256000383660615,166.92245098849574,141.12001644016118,-4.258921804338684
2026-02-20 15:00:00,2026-02-20,15,2026,2,Friday,False,winter,weekday_winter,1329,67414,50.72535741158766,0.1101580717069006,146.4000772984709,123.76993743414997,-17.350079006011214
2026-02-20 16:00:00,2026-02-20,16,2026,2,Friday,False,winter,weekday_winter,1329,67414,50.72535741158766,0.08689574171043071,115.48444073316242,97.63315886111627,-26.136778573033695
2026-02-20 17:00:00,2026-02-20,17,2026,2,Friday,False,winter,weekday_winter,1329,67414,50.72535741158766,0.06132517951453098,81.50116357481167,68.90292752987652,-28.73023133123975
2026-02-20 18:00:00,2026-02-20,18,2026,2,Friday,False,winter,weekday_winter,1329,67414,50.72535741158766,0.038531873775013936,51.208860246993524,43.29312897781316,-25.60979855206336
2026-02-20 19:00:00,2026-02-20,19,2026,2,Friday,False,winter,weekday_winter,1329,67414,50.72535741158766,0.021470943361031867,28.53488372681135,24.124036262343374,-19.169092715469787
2026-02-20 20:00:00,2026-02-20,20,2026,2,Friday,False,winter,weekday_winter,1329,67414,50.72535741158766,0.01058059361887287,14.061608919482046,11.888002303711596,-12.236033958631777
2026-02-20 21:00:00,2026-02-20,21,2026,2,Friday,False,winter,weekday_winter,1329,67414,50.72535741158766,0.004602337827400516,6.116506972615285,5.171033371606306,-6.71696893210529
2026-02-20 22:00:00,2026-02-20,22,2026,2,Friday,False,winter,weekday_winter,1329,67414,50.72535741158766,0.0017649821906013032,2.345661331309132,1.9830751566199376,-3.1879582149863683
2026-02-20 23:00:00,2026-02-20,23,2026,2,Friday,False,winter,weekday_winter,1329,67414,50.72535741158766,0.0005963290120730338,0.7925212570450619,0.6700154003315251,-1.3130597562884125
2026-02-21 00:00:00,2026-02-21,0,2026,2,Saturday,True,winter,weekend_winter,1843,147426,79.99240368963646,0.0,0.0,0.0,0.0
2026-02-21 01:00:00,2026-02-21,1,2026,2,Saturday,True,winter,weekend_winter,1843,147426,79.99240368963646,0.0,0.0,0.0,0.0
2026-02-21 02:00:00,2026-02-21,2,2026,2,Saturday,True,winter,weekend_winter,1843,147426,79.99240368963646,0.0,0.0,0.0,0.0
2026-02-21 03:00:00,2026-02-21,3,2026,2,Saturday,True,winter,weekend_winter,1843,147426,79.99240368963646,0.0,0.0,0.0,0.0
2026-02-21 04:00:00,2026-02-21,4,2026,2,Saturday,True,winter,weekend_winter,1843,147426,79.99240368963646,0.0,0.0,0.0,0.0
2026-02-21 05:00:00,2026-02-21,5,2026,2,Saturday,True,winter,weekend_winter,1843,147426,79.99240368963646,0.0,0.0,0.0,0.0
2026-02-21 06:00:00,2026-02-21,6,2026,2,Saturday,True,winter,weekend_winter,1843,147426,79.99240368963646,0.004060054716415241,7.482680842353289,7.482680842353289,7.482680842353289
2026-02-21 07:00:00,2026-02-21,7,2026,2,Saturday,True,winter,weekend_winter,1843,147426,79.99240368963646,0.009139971308762375,16.84496712204906,19.33824672339966,11.85556588104637
2026-02-21 08:00:00,2026-02-21,8,2026,2,Saturday,True,winter,weekend_winter,1843,147426,79.99240368963646,0.01825302934016846,33.64033307393047,39.25318945464144,19.914942731241783
2026-02-21 09:00:00,2026-02-21,9,2026,2,Saturday,True,winter,weekend_winter,1843,147426,79.99240368963646,0.03248325236986794,59.866634117666614,71.07581943546407,31.822629980822626
2026-02-21 10:00:00,2026-02-21,10,2026,2,Saturday,True,winter,weekend_winter,1843,147426,79.99240368963646,0.05178120587736963,95.43276243199223,115.38072771232814,44.30490827686407
2026-02-21 11:00:00,2026-02-21,11,2026,2,Saturday,True,winter,weekend_winter,1843,147426,79.99240368963646,0.07434834110627124,137.0239926588579,168.8228311881506,53.44210347582245
2026-02-21 12:00:00,2026-02-21,12,2026,2,Saturday,True,winter,weekend_winter,1843,147426,79.99240368963646,0.09665890524129285,178.14236235970273,223.7996786330639,54.97684744491332
2026-02-21 13:00:00,2026-02-21,13,2026,2,Saturday,True,winter,weekend_winter,1843,147426,79.99240368963646,0.11426971494516516,210.5990846439394,269.95731835261734,46.15763971955343
2026-02-21 14:00:00,2026-02-21,14,2026,2,Saturday,True,winter,weekend_winter,1843,147426,79.99240368963646,0.12315627376898818,226.9770125562452,297.1500445040711,27.19272615145377
2026-02-21 15:00:00,2026-02-21,15,2026,2,Saturday,True,winter,weekend_winter,1843,147426,79.99240368963646,0.12107765325366525,223.14611494650507,298.7763826680407,1.6263381639695922
2026-02-21 16:00:00,2026-02-21,16,2026,2,Saturday,True,winter,weekend_winter,1843,147426,79.99240368963646,0.10844236086083335,199.85927106651587,274.2130579295917,-24.563324738449012
2026-02-21 17:00:00,2026-02-21,17,2026,2,Saturday,True,winter,weekend_winter,1843,147426,79.99240368963646,0.08825746705298823,162.6585117786573,229.25296558329507,-44.96009234629662
2026-02-21 18:00:00,2026-02-21,18,2026,2,Saturday,True,winter,weekend_winter,1843,147426,79.99240368963646,0.06506754640594199,119.91948802615109,174.11839854339115,-55.134567039903914
2026-02-21 19:00:00,2026-02-21,19,2026,2,Saturday,True,winter,weekend_winter,1843,147426,79.99240368963646,0.04332087483876642,79.84037232784651,119.79835257573549,-54.32004596765566
2026-02-21 20:00:00,2026-02-21,20,2026,2,Saturday,True,winter,weekend_winter,1843,147426,79.99240368963646,0.025977044160987794,47.87569238870051,74.47904162718697,-45.31931094854852
2026-02-21 21:00:00,2026-02-21,21,2026,2,Saturday,True,winter,weekend_winter,1843,147426,79.99240368963646,0.014000011964665765,25.802022050879007,41.75452487014161,-32.724516757045365
2026-02-21 22:00:00,2026-02-21,22,2026,2,Saturday,True,winter,weekend_winter,1843,147426,79.99240368963646,0.006770858019598214,12.478691330119508,21.076098677620756,-20.678426192520853
2026-02-21 23:00:00,2026-02-21,23,2026,2,Saturday,True,winter,weekend_winter,1843,147426,79.99240368963646,0.00293543476825201,5.410006277888455,9.567990187723717,-11.508108489897038
2026-02-22 00:00:00,2026-02-22,0,2026,2,Sunday,True,winter,weekend_winter,1116,84755,75.94534050179212,0.0,0.0,0.0,0.0
2026-02-22 01:00:00,2026-02-22,1,2026,2,Sunday,True,winter,weekend_winter,1116,84755,75.94534050179212,0.0,0.0,0.0,0.0
2026-02-22 02:00:00,2026-02-22,2,2026,2,Sunday,True,winter,weekend_winter,1116,84755,75.94534050179212,0.0,0.0,0.0,0.0
2026-02-22 03:00:00,2026-02-22,3,2026,2,Sunday,True,winter,weekend_winter,1116,84755,75.94534050179212,0.0,0.0,0.0,0.0
2026-02-22 04:00:00,2026-02-22,4,2026,2,Sunday,True,winter,weekend_winter,1116,84755,75.94534050179212,0.0,0.0,0.0,0.0
2026-02-22 05:00:00,2026-02-22,5,2026,2,Sunday,True,winter,weekend_winter,1116,84755,75.94534050179212,0.0,0.0,0.0,0.0
2026-02-22 06:00:00,2026-02-22,6,2026,2,Sunday,True,winter,weekend_winter,1116,84755,75.94534050179212,0.004060054716415241,4.531021063519409,4.531021063519409,4.531021063519409
2026-02-22 07:00:00,2026-02-22,7,2026,2,Sunday,True,winter,weekend_winter,1116,84755,75.94534050179212,0.009139971308762375,10.20020798057881,11.404352541888963,6.873331478369554
2026-02-22 08:00:00,2026-02-22,8,2026,2,Sunday,True,winter,weekend_winter,1116,84755,75.94534050179212,0.01825302934016846,20.370380743628,23.081143900951776,11.676791359062813
2026-02-22 09:00:00,2026-02-22,9,2026,2,Sunday,True,winter,weekend_winter,1116,84755,75.94534050179212,0.03248325236986794,36.25130964477262,41.66485392991092,18.583710028959143
2026-02-22 10:00:00,2026-02-22,10,2026,2,Sunday,True,winter,weekend_winter,1116,84755,75.94534050179212,0.05178120587736963,57.78782575914451,67.42181702450785,25.756963094596927
2026-02-22 11:00:00,2026-02-22,11,2026,2,Sunday,True,winter,weekend_winter,1116,84755,75.94534050179212,0.07434834110627124,82.9727486745987,98.33019131772859,30.908374293220746
2026-02-22 12:00:00,2026-02-22,12,2026,2,Sunday,True,winter,weekend_winter,1116,84755,75.94534050179212,0.09665890524129285,107.87133824928281,129.92181708238442,31.59162576465583
2026-02-22 13:00:00,2026-02-22,13,2026,2,Sunday,True,winter,weekend_winter,1116,84755,75.94534050179212,0.11426971494516516,127.52500187880432,156.19242219161777,26.270605109233344
2026-02-22 14:00:00,2026-02-22,14,2026,2,Sunday,True,winter,weekend_winter,1116,84755,75.94534050179212,0.12315627376898818,137.4424015261908,171.3328944836777,15.14047229205994
2026-02-22 15:00:00,2026-02-22,15,2026,2,Sunday,True,winter,weekend_winter,1116,84755,75.94534050179212,0.12107765325366525,135.12266103109042,171.64875922640948,0.315864742731776
2026-02-22 16:00:00,2026-02-22,16,2026,2,Sunday,True,winter,weekend_winter,1116,84755,75.94534050179212,0.10844236086083335,121.02167472069002,156.93128871483958,-14.7174705115699
2026-02-22 17:00:00,2026-02-22,17,2026,2,Sunday,True,winter,weekend_winter,1116,84755,75.94534050179212,0.08825746705298823,98.49533323113486,130.65753008977703,-26.273758625062555
2026-02-22 18:00:00,2026-02-22,18,2026,2,Sunday,True,winter,weekend_winter,1116,84755,75.94534050179212,0.06506754640594199,72.61538178903126,98.79107555916336,-31.866454530613666
2026-02-22 19:00:00,2026-02-22,19,2026,2,Sunday,True,winter,weekend_winter,1116,84755,75.94534050179212,0.04332087483876642,48.346096320063324,67.64404612495896,-31.1470294342044
2026-02-22 20:00:00,2026-02-22,20,2026,2,Sunday,True,winter,weekend_winter,1116,84755,75.94534050179212,0.025977044160987794,28.990381283662376,41.83863074625985,-25.80541537869911
2026-02-22 21:00:00,2026-02-22,21,2026,2,Sunday,True,winter,weekend_winter,1116,84755,75.94534050179212,0.014000011964665765,15.624013352566994,23.328371699979957,-18.510259046279895
2026-02-22 22:00:00,2026-02-22,22,2026,2,Sunday,True,winter,weekend_winter,1116,84755,75.94534050179212,0.006770858019598214,7.556277549871607,11.708447765058729,-11.619923934921228
2026-02-22 23:00:00,2026-02-22,23,2026,2,Sunday,True,winter,weekend_winter,1116,84755,75.94534050179212,0.00293543476825201,3.275945201369243,5.284068842348414,-6.424378922710315
2026-02-23 00:00:00,2026-02-23,0,2026,2,Monday,False,winter,weekday_winter,1383,43914,31.752711496746205,0.0,0.0,0.0,0.0
2026-02-23 01:00:00,2026-02-23,1,2026,2,Monday,False,winter,weekday_winter,1383,43914,31.752711496746205,0.0,0.0,0.0,0.0
2026-02-23 02:00:00,2026-02-23,2,2026,2,Monday,False,winter,weekday_winter,1383,43914,31.752711496746205,0.0,0.0,0.0,0.0
2026-02-23 03:00:00,2026-02-23,3,2026,2,Monday,False,winter,weekday_winter,1383,43914,31.752711496746205,0.0,0.0,0.0,0.0
2026-02-23 04:00:00,2026-02-23,4,2026,2,Monday,False,winter,weekday_winter,1383,43914,31.752711496746205,0.0,0.0,0.0,0.0
2026-02-23 05:00:00,2026-02-23,5,2026,2,Monday,False,winter,weekday_winter,1383,43914,31.752711496746205,0.0,0.0,0.0,0.0
2026-02-23 06:00:00,2026-02-23,6,2026,2,Monday,False,winter,weekday_winter,1383,43914,31.752711496746205,0.007783781882715673,10.764970343795776,5.696949959959602,5.696949959959602
2026-02-23 07:00:00,2026-02-23,7,2026,2,Monday,False,winter,weekday_winter,1383,43914,31.752711496746205,0.016817569878023773,23.258699141306877,12.308779393725601,6.611829433765999
2026-02-23 08:00:00,2026-02-23,8,2026,2,Monday,False,winter,weekday_winter,1383,43914,31.752711496746205,0.03173218736669319,43.885615128136685,23.224787933682748,10.916008539957147
2026-02-23 09:00:00,2026-02-23,9,2026,2,Monday,False,winter,weekday_winter,1383,43914,31.752711496746205,0.052655734511452,72.82288082933812,38.538732088931724,15.313944155248976
2026-02-23 10:00:00,2026-02-23,10,2026,2,Monday,False,winter,weekday_winter,1383,43914,31.752711496746205,0.07746909318682846,107.13975587738376,56.69962930343976,18.160897214508033
2026-02-23 11:00:00,2026-02-23,11,2026,2,Monday,False,winter,weekday_winter,1383,43914,31.752711496746205,0.10190387699749258,140.93306188753223,74.58344757446483,17.88381827102507
2026-02-23 12:00:00,2026-02-23,12,2026,2,Monday,False,winter,weekday_winter,1383,43914,31.752711496746205,0.12072108903148655,166.9572661305459,88.35576506214501,13.772317487680183
2026-02-23 13:00:00,2026-02-23,13,2026,2,Monday,False,winter,weekday_winter,1383,43914,31.752711496746205,0.1293905760623905,178.94716669428604,94.7009626200636,6.3451975579185955
2026-02-23 14:00:00,2026-02-23,14,2026,2,Monday,False,winter,weekday_winter,1383,43914,31.752711496746205,0.1256000383660615,173.70485306026308,91.92666808012044,-2.7742945399431704
2026-02-23 15:00:00,2026-02-23,15,2026,2,Monday,False,winter,weekday_winter,1383,43914,31.752711496746205,0.1101580717069006,152.34861317064355,80.62469268228057,-11.301975397839868
2026-02-23 16:00:00,2026-02-23,16,2026,2,Monday,False,winter,weekday_winter,1383,43914,31.752711496746205,0.08689574171043071,120.17681078552567,63.598993357864245,-17.025699324416323
2026-02-23 17:00:00,2026-02-23,17,2026,2,Monday,False,winter,weekday_winter,1383,43914,31.752711496746205,0.06132517951453098,84.81272326859634,44.88389888668523,-18.715094471179015
2026-02-23 18:00:00,2026-02-23,18,2026,2,Monday,False,winter,weekday_winter,1383,43914,31.752711496746205,0.038531873775013936,53.28958143084427,28.2014784159327,-16.68242047075253
2026-02-23 19:00:00,2026-02-23,19,2026,2,Monday,False,winter,weekday_winter,1383,43914,31.752711496746205,0.021470943361031867,29.694314668307072,15.714583445939224,-12.486894969993477
2026-02-23 20:00:00,2026-02-23,20,2026,2,Monday,False,winter,weekday_winter,1383,43914,31.752711496746205,0.01058059361887287,14.63296097490118,7.743936469653055,-7.97064697628617
2026-02-23 21:00:00,2026-02-23,21,2026,2,Monday,False,winter,weekday_winter,1383,43914,31.752711496746205,0.004602337827400516,6.365033215294914,3.368451055874438,-4.375485413778617
2026-02-23 22:00:00,2026-02-23,22,2026,2,Monday,False,winter,weekday_winter,1383,43914,31.752711496746205,0.0017649821906013032,2.4409703696016023,1.2917904653010939,-2.076660590573344
2026-02-23 23:00:00,2026-02-23,23,2026,2,Monday,False,winter,weekday_winter,1383,43914,31.752711496746205,0.0005963290120730338,0.8247230236970058,0.4364532039362535,-0.8553372613648405
2026-02-24 00:00:00,2026-02-24,0,2026,2,Tuesday,False,winter,weekday_winter,1365,51385,37.64468864468864,0.0,0.0,0.0,0.0
2026-02-24 01:00:00,2026-02-24,1,2026,2,Tuesday,False,winter,weekday_winter,1365,51385,37.64468864468864,0.0,0.0,0.0,0.0
2026-02-24 02:00:00,2026-02-24,2,2026,2,Tuesday,False,winter,weekday_winter,1365,51385,37.64468864468864,0.0,0.0,0.0,0.0
2026-02-24 03:00:00,2026-02-24,3,2026,2,Tuesday,False,winter,weekday_winter,1365,51385,37.64468864468864,0.0,0.0,0.0,0.0
2026-02-24 04:00:00,2026-02-24,4,2026,2,Tuesday,False,winter,weekday_winter,1365,51385,37.64468864468864,0.0,0.0,0.0,0.0
2026-02-24 05:00:00,2026-02-24,5,2026,2,Tuesday,False,winter,weekday_winter,1365,51385,37.64468864468864,0.0,0.0,0.0,0.0
2026-02-24 06:00:00,2026-02-24,6,2026,2,Tuesday,False,winter,weekday_winter,1365,51385,37.64468864468864,0.007783781882715673,10.624862269906894,6.666160534055748,6.666160534055748
2026-02-24 07:00:00,2026-02-24,7,2026,2,Tuesday,False,winter,weekday_winter,1365,51385,37.64468864468864,0.016817569878023773,22.95598288350245,14.402847136370859,7.736686602315111
2026-02-24 08:00:00,2026-02-24,8,2026,2,Tuesday,False,winter,weekday_winter,1365,51385,37.64468864468864,0.03173218736669319,43.31443575553621,27.175974130625494,12.773126994254635
2026-02-24 09:00:00,2026-02-24,9,2026,2,Tuesday,False,winter,weekday_winter,1365,51385,37.64468864468864,0.052655734511452,71.87507760813199,45.09524863118269,17.919274500557197
2026-02-24 10:00:00,2026-02-24,10,2026,2,Tuesday,False,winter,weekday_winter,1365,51385,37.64468864468864,0.07746909318682846,105.74531220002085,66.345822556753,21.250573925570315
2026-02-24 11:00:00,2026-02-24,11,2026,2,Tuesday,False,winter,weekday_winter,1365,51385,37.64468864468864,0.10190387699749258,139.09879210157737,87.2721786586026,20.926356101849592
2026-02-24 12:00:00,2026-02-24,12,2026,2,Tuesday,False,winter,weekday_winter,1365,51385,37.64468864468864,0.12072108903148655,164.78428652797913,103.3875526647156,16.115374006113
2026-02-24 13:00:00,2026-02-24,13,2026,2,Tuesday,False,winter,weekday_winter,1365,51385,37.64468864468864,0.1293905760623905,176.61813632516302,110.81224584943226,7.424693184716659
2026-02-24 14:00:00,2026-02-24,14,2026,2,Tuesday,False,winter,weekday_winter,1365,51385,37.64468864468864,0.1256000383660615,171.44405236967395,107.56596619066784,-3.246279658764422
2026-02-24 15:00:00,2026-02-24,15,2026,2,Tuesday,False,winter,weekday_winter,1365,51385,37.64468864468864,0.1101580717069006,150.36576787991933,94.34120857765146,-13.22475761301638
2026-02-24 16:00:00,2026-02-24,16,2026,2,Tuesday,False,winter,weekday_winter,1365,51385,37.64468864468864,0.08689574171043071,118.61268743473792,74.4189614631747,-19.92224711447676
2026-02-24 17:00:00,2026-02-24,17,2026,2,Tuesday,False,winter,weekday_winter,1365,51385,37.64468864468864,0.06132517951453098,83.70887003733479,52.51990582256958,-21.89905564060512
2026-02-24 18:00:00,2026-02-24,18,2026,2,Tuesday,False,winter,weekday_winter,1365,51385,37.64468864468864,0.038531873775013936,52.59600770289402,32.99933889881818,-19.520566923751396
2026-02-24 19:00:00,2026-02-24,19,2026,2,Tuesday,False,winter,weekday_winter,1365,51385,37.64468864468864,0.021470943361031867,29.307837687808497,18.38807374344371,-14.611265155374472
2026-02-24 20:00:00,2026-02-24,20,2026,2,Tuesday,False,winter,weekday_winter,1365,51385,37.64468864468864,0.01058059361887287,14.442510289761469,9.061396718429707,-9.326677025014002
2026-02-24 21:00:00,2026-02-24,21,2026,2,Tuesday,False,winter,weekday_winter,1365,51385,37.64468864468864,0.004602337827400516,6.282191134401704,3.9415188210162584,-5.119877897413449
2026-02-24 22:00:00,2026-02-24,22,2026,2,Tuesday,False,winter,weekday_winter,1365,51385,37.64468864468864,0.0017649821906013032,2.409200690170779,1.5115601644007994,-2.429958656615459
2026-02-24 23:00:00,2026-02-24,23,2026,2,Tuesday,False,winter,weekday_winter,1365,51385,37.64468864468864,0.0005963290120730338,0.8139891014796912,0.510706104756214,-1.0008540596445854
2026-02-25 00:00:00,2026-02-25,0,2026,2,Wednesday,False,winter,weekday_winter,1579,60995,38.62887903736542,0.0,0.0,0.0,0.0
2026-02-25 01:00:00,2026-02-25,1,2026,2,Wednesday,False,winter,weekday_winter,1579,60995,38.62887903736542,0.0,0.0,0.0,0.0
2026-02-25 02:00:00,2026-02-25,2,2026,2,Wednesday,False,winter,weekday_winter,1579,60995,38.62887903736542,0.0,0.0,0.0,0.0
2026-02-25 03:00:00,2026-02-25,3,2026,2,Wednesday,False,winter,weekday_winter,1579,60995,38.62887903736542,0.0,0.0,0.0,0.0
2026-02-25 04:00:00,2026-02-25,4,2026,2,Wednesday,False,winter,weekday_winter,1579,60995,38.62887903736542,0.0,0.0,0.0,0.0
2026-02-25 05:00:00,2026-02-25,5,2026,2,Wednesday,False,winter,weekday_winter,1579,60995,38.62887903736542,0.0,0.0,0.0,0.0
2026-02-25 06:00:00,2026-02-25,6,2026,2,Wednesday,False,winter,weekday_winter,1579,60995,38.62887903736542,0.007783781882715673,12.290591592808047,7.912862932270707,7.912862932270707
2026-02-25 07:00:00,2026-02-25,7,2026,2,Wednesday,False,winter,weekday_winter,1579,60995,38.62887903736542,0.016817569878023773,26.554942837399537,17.096461245167667,9.18359831289696
2026-02-25 08:00:00,2026-02-25,8,2026,2,Wednesday,False,winter,weekday_winter,1579,60995,38.62887903736542,0.03173218736669319,50.105123852008546,32.25841280719085,15.161951562023184
2026-02-25 09:00:00,2026-02-25,9,2026,2,Wednesday,False,winter,weekday_winter,1579,60995,38.62887903736542,0.052655734511452,83.1434047935827,53.528942108766906,21.270529301576055
2026-02-25 10:00:00,2026-02-25,10,2026,2,Wednesday,False,winter,weekday_winter,1579,60995,38.62887903736542,0.07746909318682846,122.32369814200213,78.75378898217669,25.22484687340978
2026-02-25 11:00:00,2026-02-25,11,2026,2,Wednesday,False,winter,weekday_winter,1579,60995,38.62887903736542,0.10190387699749258,160.90622177904078,103.593782957701,24.839993975524308
2026-02-25 12:00:00,2026-02-25,12,2026,2,Wednesday,False,winter,weekday_winter,1579,60995,38.62887903736542,0.12072108903148655,190.61859958071727,122.7230470912587,19.12926413355771
2026-02-25 13:00:00,2026-02-25,13,2026,2,Wednesday,False,winter,weekday_winter,1579,60995,38.62887903736542,0.1293905760623905,204.3077196025146,131.53630311542514,8.813256024166435
2026-02-25 14:00:00,2026-02-25,14,2026,2,Wednesday,False,winter,weekday_winter,1579,60995,38.62887903736542,0.1256000383660615,198.32246058001112,127.68290566896536,-3.8533974464597804
2026-02-25 15:00:00,2026-02-25,15,2026,2,Wednesday,False,winter,weekday_winter,1579,60995,38.62887903736542,0.1101580717069006,173.93959522519606,111.98485972937337,-15.698045939591992
2026-02-25 16:00:00,2026-02-25,16,2026,2,Wednesday,False,winter,weekday_winter,1579,60995,38.62887903736542,0.08689574171043071,137.2083761607701,88.33676276046201,-23.64809696891136
2026-02-25 17:00:00,2026-02-25,17,2026,2,Wednesday,False,winter,weekday_winter,1579,60995,38.62887903736542,0.06132517951453098,96.83245845344442,62.34215540814695,-25.994607352315057
2026-02-25 18:00:00,2026-02-25,18,2026,2,Wednesday,False,winter,weekday_winter,1579,60995,38.62887903736542,0.038531873775013936,60.84182869074701,39.17086068178292,-23.17129472636403
2026-02-25 19:00:00,2026-02-25,19,2026,2,Wednesday,False,winter,weekday_winter,1579,60995,38.62887903736542,0.021470943361031867,33.902619567069316,21.827003171768975,-17.343857510013944
2026-02-25 20:00:00,2026-02-25,20,2026,2,Wednesday,False,winter,weekday_winter,1579,60995,38.62887903736542,0.01058059361887287,16.70675732420026,10.756055129719178,-11.070948042049798
2026-02-25 21:00:00,2026-02-25,21,2026,2,Wednesday,False,winter,weekday_winter,1579,60995,38.62887903736542,0.004602337827400516,7.267091429465415,4.678659929704908,-6.077395200014269
2026-02-25 22:00:00,2026-02-25,22,2026,2,Wednesday,False,winter,weekday_winter,1579,60995,38.62887903736542,0.0017649821906013032,2.7869068789594578,1.7942514785954415,-2.8844084511094668
2026-02-25 23:00:00,2026-02-25,23,2026,2,Wednesday,False,winter,weekday_winter,1579,60995,38.62887903736542,0.0005963290120730338,0.9416035100633203,0.6062181348565783,-1.1880333437388633
2026-02-26 00:00:00,2026-02-26,0,2026,2,Thursday,False,winter,weekday_winter,1620,66024,40.75555555555555,0.0,0.0,0.0,0.0
2026-02-26 01:00:00,2026-02-26,1,2026,2,Thursday,False,winter,weekday_winter,1620,66024,40.75555555555555,0.0,0.0,0.0,0.0
2026-02-26 02:00:00,2026-02-26,2,2026,2,Thursday,False,winter,weekday_winter,1620,66024,40.75555555555555,0.0,0.0,0.0,0.0
2026-02-26 03:00:00,2026-02-26,3,2026,2,Thursday,False,winter,weekday_winter,1620,66024,40.75555555555555,0.0,0.0,0.0,0.0
2026-02-26 04:00:00,2026-02-26,4,2026,2,Thursday,False,winter,weekday_winter,1620,66024,40.75555555555555,0.0,0.0,0.0,0.0
2026-02-26 05:00:00,2026-02-26,5,2026,2,Thursday,False,winter,weekday_winter,1620,66024,40.75555555555555,0.0,0.0,0.0,0.0
2026-02-26 06:00:00,2026-02-26,6,2026,2,Thursday,False,winter,weekday_winter,1620,66024,40.75555555555555,0.007783781882715673,12.60972664999939,8.565273583740325,8.565273583740325
2026-02-26 07:00:00,2026-02-26,7,2026,2,Thursday,False,winter,weekday_winter,1620,66024,40.75555555555555,0.016817569878023773,27.24446320239851,18.506053893777356,9.94078031003703
2026-02-26 08:00:00,2026-02-26,8,2026,2,Thursday,False,winter,weekday_winter,1620,66024,40.75555555555555,0.03173218736669319,51.40614353404297,34.91809897830918,16.412045084531826
2026-02-26 09:00:00,2026-02-26,9,2026,2,Thursday,False,winter,weekday_winter,1620,66024,40.75555555555555,0.052655734511452,85.30228990855224,57.94237025640178,23.0242712780926
2026-02-26 10:00:00,2026-02-26,10,2026,2,Thursday,False,winter,weekday_winter,1620,66024,40.75555555555555,0.07746909318682846,125.4999309626621,85.24699014278603,27.304619886384252
2026-02-26 11:00:00,2026-02-26,11,2026,2,Thursday,False,winter,weekday_winter,1620,66024,40.75555555555555,0.10190387699749258,165.08428073593797,112.13502624804082,26.888036105254784
2026-02-26 12:00:00,2026-02-26,12,2026,2,Thursday,False,winter,weekday_winter,1620,66024,40.75555555555555,0.12072108903148655,195.5681642310082,132.8414863702478,20.706460122206977
2026-02-26 13:00:00,2026-02-26,13,2026,2,Thursday,False,winter,weekday_winter,1620,66024,40.75555555555555,0.1293905760623905,209.6127332210726,142.38138989905448,9.53990352880669
2026-02-26 14:00:00,2026-02-26,14,2026,2,Thursday,False,winter,weekday_winter,1620,66024,40.75555555555555,0.1256000383660615,203.47206215301964,138.21028221801407,-4.171107681040411
2026-02-26 15:00:00,2026-02-26,15,2026,2,Thursday,False,winter,weekday_winter,1620,66024,40.75555555555555,0.1101580717069006,178.45607616517898,121.21794210627343,-16.992340111740646
2026-02-26 16:00:00,2026-02-26,16,2026,2,Thursday,False,winter,weekday_winter,1620,66024,40.75555555555555,0.08689574171043071,140.77110157089774,95.62007417815795,-25.597867928115477
2026-02-26 17:00:00,2026-02-26,17,2026,2,Thursday,False,winter,weekday_winter,1620,66024,40.75555555555555,0.06132517951453098,99.3467908135402,67.4822275377899,-28.137846640368053
2026-02-26 18:00:00,2026-02-26,18,2026,2,Thursday,False,winter,weekday_winter,1620,66024,40.75555555555555,0.038531873775013936,62.421635515522574,42.40047390202533,-25.081753635764564
2026-02-26 19:00:00,2026-02-26,19,2026,2,Thursday,False,winter,weekday_winter,1620,66024,40.75555555555555,0.021470943361031867,34.78292824487163,23.626626074479468,-18.773847827545865
2026-02-26 20:00:00,2026-02-26,20,2026,2,Thursday,False,winter,weekday_winter,1620,66024,40.75555555555555,0.01058059361887287,17.14056166257405,11.642885218207706,-11.983740856271762
2026-02-26 21:00:00,2026-02-26,21,2026,2,Thursday,False,winter,weekday_winter,1620,66024,40.75555555555555,0.004602337827400516,7.455787280388836,5.064412545271527,-6.578472672936178
2026-02-26 22:00:00,2026-02-26,22,2026,2,Thursday,False,winter,weekday_winter,1620,66024,40.75555555555555,0.0017649821906013032,2.8592711487741114,1.942186402537674,-3.1222261427338536
2026-02-26 23:00:00,2026-02-26,23,2026,2,Thursday,False,winter,weekday_winter,1620,66024,40.75555555555555,0.0005963290120730338,0.9660529995583148,0.6562004448851664,-1.2859859576525077
2026-02-27 00:00:00,2026-02-27,0,2026,2,Friday,False,winter,weekday_winter,1611,81183,50.39292364990689,0.0,0.0,0.0,0.0
2026-02-27 01:00:00,2026-02-27,1,2026,2,Friday,False,winter,weekday_winter,1611,81183,50.39292364990689,0.0,0.0,0.0,0.0
2026-02-27 02:00:00,2026-02-27,2,2026,2,Friday,False,winter,weekday_winter,1611,81183,50.39292364990689,0.0,0.0,0.0,0.0
2026-02-27 03:00:00,2026-02-27,3,2026,2,Friday,False,winter,weekday_winter,1611,81183,50.39292364990689,0.0,0.0,0.0,0.0
2026-02-27 04:00:00,2026-02-27,4,2026,2,Friday,False,winter,weekday_winter,1611,81183,50.39292364990689,0.0,0.0,0.0,0.0
2026-02-27 05:00:00,2026-02-27,5,2026,2,Friday,False,winter,weekday_winter,1611,81183,50.39292364990689,0.0,0.0,0.0,0.0
2026-02-27 06:00:00,2026-02-27,6,2026,2,Friday,False,winter,weekday_winter,1611,81183,50.39292364990689,0.007783781882715673,12.53967261305495,10.531846076408442,10.531846076408442
2026-02-27 07:00:00,2026-02-27,7,2026,2,Friday,False,winter,weekday_winter,1611,81183,50.39292364990689,0.016817569878023773,27.093105073496297,22.755012923460065,12.223166847051623
2026-02-27 08:00:00,2026-02-27,8,2026,2,Friday,False,winter,weekday_winter,1611,81183,50.39292364990689,0.03173218736669319,51.120553847742734,42.93523611650423,20.180223193044164
2026-02-27 09:00:00,2026-02-27,9,2026,2,Friday,False,winter,weekday_winter,1611,81183,50.39292364990689,0.052655734511452,84.82838829794918,71.24584158072014,28.31060546421591
2026-02-27 10:00:00,2026-02-27,10,2026,2,Friday,False,winter,weekday_winter,1611,81183,50.39292364990689,0.07746909318682846,124.80270912398065,104.81955653643826,33.57371495571812
2026-02-27 11:00:00,2026-02-27,11,2026,2,Friday,False,winter,weekday_winter,1611,81183,50.39292364990689,0.10190387699749258,164.16714584296054,137.88104077145732,33.061484235019066
2026-02-27 12:00:00,2026-02-27,12,2026,2,Friday,False,winter,weekday_winter,1611,81183,50.39292364990689,0.12072108903148655,194.48167442972485,163.34166951405288,25.46062874259556
2026-02-27 13:00:00,2026-02-27,13,2026,2,Friday,False,winter,weekday_winter,1611,81183,50.39292364990689,0.1293905760623905,208.44821803651107,175.07191894121743,11.730249427164551
2026-02-27 14:00:00,2026-02-27,14,2026,2,Friday,False,winter,weekday_winter,1611,81183,50.39292364990689,0.1256000383660615,202.3416618077251,169.94313191119954,-5.1287870300178895
2026-02-27 15:00:00,2026-02-27,15,2026,2,Friday,False,winter,weekday_winter,1611,81183,50.39292364990689,0.1101580717069006,177.46465351981686,149.04937892302186,-20.89375298817768
2026-02-27 16:00:00,2026-02-27,16,2026,2,Friday,False,winter,weekday_winter,1611,81183,50.39292364990689,0.08689574171043071,139.98903989550388,117.57428332129828,-31.47509560172358
2026-02-27 17:00:00,2026-02-27,17,2026,2,Friday,False,winter,weekday_winter,1611,81183,50.39292364990689,0.06132517951453098,98.7948641979094,82.97603414213614,-34.59824917916214
2026-02-27 18:00:00,2026-02-27,18,2026,2,Friday,False,winter,weekday_winter,1611,81183,50.39292364990689,0.038531873775013936,62.07484865154745,52.1355518112826,-30.84048233085354
2026-02-27 19:00:00,2026-02-27,19,2026,2,Friday,False,winter,weekday_winter,1611,81183,50.39292364990689,0.021470943361031867,34.589689754622334,29.051259914644167,-23.084291896638437
2026-02-27 20:00:00,2026-02-27,20,2026,2,Friday,False,winter,weekday_winter,1611,81183,50.39292364990689,0.01058059361887287,17.045336320004196,14.31607219601594,-14.735187718628227
2026-02-27 21:00:00,2026-02-27,21,2026,2,Friday,False,winter,weekday_winter,1611,81183,50.39292364990689,0.004602337827400516,7.414366239942231,6.227193197364268,-8.088878998651673
2026-02-27 22:00:00,2026-02-27,22,2026,2,Friday,False,winter,weekday_winter,1611,81183,50.39292364990689,0.0017649821906013032,2.8433863090586993,2.3881091529930933,-3.8390840443711745
2026-02-27 23:00:00,2026-02-27,23,2026,2,Friday,False,winter,weekday_winter,1611,81183,50.39292364990689,0.0005963290120730338,0.9606860384496575,0.8068629697854184,-1.581246183207675
2026-02-28 00:00:00,2026-02-28,0,2026,2,Saturday,True,winter,weekend_winter,1988,151139,76.02565392354124,0.0,0.0,0.0,0.0
2026-02-28 01:00:00,2026-02-28,1,2026,2,Saturday,True,winter,weekend_winter,1988,151139,76.02565392354124,0.0,0.0,0.0,0.0
2026-02-28 02:00:00,2026-02-28,2,2026,2,Saturday,True,winter,weekend_winter,1988,151139,76.02565392354124,0.0,0.0,0.0,0.0
2026-02-28 03:00:00,2026-02-28,3,2026,2,Saturday,True,winter,weekend_winter,1988,151139,76.02565392354124,0.0,0.0,0.0,0.0
2026-02-28 04:00:00,2026-02-28,4,2026,2,Saturday,True,winter,weekend_winter,1988,151139,76.02565392354124,0.0,0.0,0.0,0.0
2026-02-28 05:00:00,2026-02-28,5,2026,2,Saturday,True,winter,weekend_winter,1988,151139,76.02565392354124,0.0,0.0,0.0,0.0
2026-02-28 06:00:00,2026-02-28,6,2026,2,Saturday,True,winter,weekend_winter,1988,151139,76.02565392354124,0.004060054716415241,8.0713887762335,8.0713887762335,8.0713887762335
2026-02-28 07:00:00,2026-02-28,7,2026,2,Saturday,True,winter,weekend_winter,1988,151139,76.02565392354124,0.009139971308762375,18.170262961819603,20.32608434865749,12.254695572423989
2026-02-28 08:00:00,2026-02-28,8,2026,2,Saturday,True,winter,weekend_winter,1988,151139,76.02565392354124,0.01825302934016846,36.2870223282549,41.14019476035257,20.814110411695083
2026-02-28 09:00:00,2026-02-28,9,2026,2,Saturday,True,winter,weekend_winter,1988,151139,76.02565392354124,0.03248325236986794,64.57670571129746,74.26876007377123,33.12856531341866
2026-02-28 10:00:00,2026-02-28,10,2026,2,Saturday,True,winter,weekend_winter,1988,151139,76.02565392354124,0.05178120587736963,102.94103728421082,120.1891029050712,45.92034283129996
2026-02-28 11:00:00,2026-02-28,11,2026,2,Saturday,True,winter,weekend_winter,1988,151139,76.02565392354124,0.07434834110627124,147.80450211926723,175.29945942005253,55.11035651498133
2026-02-28 12:00:00,2026-02-28,12,2026,2,Saturday,True,winter,weekend_winter,1988,151139,76.02565392354124,0.09665890524129285,192.1579036196902,231.63563360810176,56.33617418804923
2026-02-28 13:00:00,2026-02-28,13,2026,2,Saturday,True,winter,weekend_winter,1988,151139,76.02565392354124,0.11426971494516516,227.16819331098836,278.4924610123608,46.856827404259064
2026-02-28 14:00:00,2026-02-28,14,2026,2,Saturday,True,winter,weekend_winter,1988,151139,76.02565392354124,0.12315627376898818,244.8346722527485,305.50998639338206,27.017525381021244
2026-02-28 15:00:00,2026-02-28,15,2026,2,Saturday,True,winter,weekend_winter,1988,151139,76.02565392354124,0.12107765325366525,240.70237466828652,306.09630343505637,0.586317041674306
2026-02-28 16:00:00,2026-02-28,16,2026,2,Saturday,True,winter,weekend_winter,1988,151139,76.02565392354124,0.10844236086083335,215.5834133913367,279.8736293081454,-26.222674126910988
2026-02-28 17:00:00,2026-02-28,17,2026,2,Saturday,True,winter,weekend_winter,1988,151139,76.02565392354124,0.08825746705298823,175.4558445013406,233.03693074576205,-46.83669856238333
2026-02-28 18:00:00,2026-02-28,18,2026,2,Saturday,True,winter,weekend_winter,1988,151139,76.02565392354124,0.06506754640594199,129.3542822550127,176.2175263023652,-56.81940444339685
2026-02-28 19:00:00,2026-02-28,19,2026,2,Saturday,True,winter,weekend_winter,1988,151139,76.02565392354124,0.04332087483876642,86.12189917946765,120.67168186191606,-55.545844440449144
2026-02-28 20:00:00,2026-02-28,20,2026,2,Saturday,True,winter,weekend_winter,1988,151139,76.02565392354124,0.025977044160987794,51.64236379204373,74.64502631684803,-46.026655545068024
2026-02-28 21:00:00,2026-02-28,21,2026,2,Saturday,True,winter,weekend_winter,1988,151139,76.02565392354124,0.014000011964665765,27.832023785755542,41.625401284504036,-33.019625032343995
2026-02-28 22:00:00,2026-02-28,22,2026,2,Saturday,True,winter,weekend_winter,1988,151139,76.02565392354124,0.006770858019598214,13.460465742961249,20.89423876266602,-20.731162521838016
2026-02-28 23:00:00,2026-02-28,23,2026,2,Saturday,True,winter,weekend_winter,1988,151139,76.02565392354124,0.00293543476825201,5.835644319284996,9.430857080057985,-11.463381682608036
2026-03-01 00:00:00,2026-03-01,0,2026,3,Sunday,True,spring,weekend_spring,1573,136310,86.65607120152575,0.0,0.0,0.0,0.0
2026-03-01 01:00:00,2026-03-01,1,2026,3,Sunday,True,spring,weekend_spring,1573,136310,86.65607120152575,0.0,0.0,0.0,0.0
2026-03-01 02:00:00,2026-03-01,2,2026,3,Sunday,True,spring,weekend_spring,1573,136310,86.65607120152575,0.0,0.0,0.0,0.0
2026-03-01 03:00:00,2026-03-01,3,2026,3,Sunday,True,spring,weekend_spring,1573,136310,86.65607120152575,0.0,0.0,0.0,0.0
2026-03-01 04:00:00,2026-03-01,4,2026,3,Sunday,True,spring,weekend_spring,1573,136310,86.65607120152575,0.0,0.0,0.0,0.0
2026-03-01 05:00:00,2026-03-01,5,2026,3,Sunday,True,spring,weekend_spring,1573,136310,86.65607120152575,0.0,0.0,0.0,0.0
2026-03-01 06:00:00,2026-03-01,6,2026,3,Sunday,True,spring,weekend_spring,1573,136310,86.65607120152575,0.003124958554610079,4.915559806401654,4.915559806401654,4.915559806401654
2026-03-01 07:00:00,2026-03-01,7,2026,3,Sunday,True,spring,weekend_spring,1573,136310,86.65607120152575,0.006499133669432763,10.223137262017737,12.406962465264414,7.49140265886276
2026-03-01 08:00:00,2026-03-01,8,2026,3,Sunday,True,spring,weekend_spring,1573,136310,86.65607120152575,0.012268795332165587,19.29881505749647,23.840626303485067,11.433663838220653
2026-03-01 09:00:00,2026-03-01,9,2026,3,Sunday,True,spring,weekend_spring,1573,136310,86.65607120152575,0.021124621885501703,33.22903022589418,41.802873363855895,17.962247060370828
2026-03-01 10:00:00,2026-03-01,10,2026,3,Sunday,True,spring,weekend_spring,1573,136310,86.65607120152575,0.03336326631067533,52.48041790669229,67.24300783434373,25.440134470487834
2026-03-01 11:00:00,2026-03-01,11,2026,3,Sunday,True,spring,weekend_spring,1573,136310,86.65607120152575,0.048625833791660536,76.48843655428202,99.80379916105896,32.56079132671523
2026-03-01 12:00:00,2026-03-01,12,2026,3,Sunday,True,spring,weekend_spring,1573,136310,86.65607120152575,0.06577706802745244,103.46732800718269,137.44868152192146,37.644882360862496
2026-03-01 13:00:00,2026-03-01,13,2026,3,Sunday,True,spring,weekend_spring,1573,136310,86.65607120152575,0.08295549724696458,130.48899716947528,176.4562048759933,39.00752335407185
2026-03-01 14:00:00,2026-03-01,14,2026,3,Sunday,True,spring,weekend_spring,1573,136310,86.65607120152575,0.09777773351488335,153.8043748189115,211.77644147833192,35.32023660233861
2026-03-01 15:00:00,2026-03-01,15,2026,3,Sunday,True,spring,weekend_spring,1573,136310,86.65607120152575,0.10771311477531428,169.43272954156936,237.76306897955368,25.98662750122176
2026-03-01 16:00:00,2026-03-01,16,2026,3,Sunday,True,spring,weekend_spring,1573,136310,86.65607120152575,0.11066434795693914,174.07501933626526,249.34853437841406,11.585465398860379
2026-03-01 17:00:00,2026-03-01,17,2026,3,Sunday,True,spring,weekend_spring,1573,136310,86.65607120152575,0.10566484958563452,166.21080839820308,243.54674356211072,-5.801790816303338
2026-03-01 18:00:00,2026-03-01,18,2026,3,Sunday,True,spring,weekend_spring,1573,136310,86.65607120152575,0.09338839880563206,146.89995132125924,220.7420703733535,-22.80467318875722
2026-03-01 19:00:00,2026-03-01,19,2026,3,Sunday,True,spring,weekend_spring,1573,136310,86.65607120152575,0.07610988889619584,119.72085523371605,184.98378126571862,-35.75828910763488
2026-03-01 20:00:00,2026-03-01,20,2026,3,Sunday,True,spring,weekend_spring,1573,136310,86.65607120152575,0.05701444931278634,89.68372876901292,142.8718561259711,-42.11192513974751
2026-03-01 21:00:00,2026-03-01,21,2026,3,Sunday,True,spring,weekend_spring,1573,136310,86.65607120152575,0.03916088272188717,61.60006852152852,101.44366618294738,-41.428189943023725
2026-03-01 22:00:00,2026-03-01,22,2026,3,Sunday,True,spring,weekend_spring,1573,136310,86.65607120152575,0.02461891880036562,38.72555927297512,66.09248948178728,-35.3511767011601
2026-03-01 23:00:00,2026-03-01,23,2026,3,Sunday,True,spring,weekend_spring,1573,136310,86.65607120152575,0.014148240811898577,22.25518279711646,39.459703885438635,-26.632785596348647
2026-03-02 00:00:00,2026-03-02,0,2026,3,Monday,False,spring,weekday_spring,825,65122,78.93575757575758,0.0,0.0,0.0,0.0
2026-03-02 01:00:00,2026-03-02,1,2026,3,Monday,False,spring,weekday_spring,825,65122,78.93575757575758,0.0,0.0,0.0,0.0
2026-03-02 02:00:00,2026-03-02,2,2026,3,Monday,False,spring,weekday_spring,825,65122,78.93575757575758,0.0,0.0,0.0,0.0
2026-03-02 03:00:00,2026-03-02,3,2026,3,Monday,False,spring,weekday_spring,825,65122,78.93575757575758,0.0,0.0,0.0,0.0
2026-03-02 04:00:00,2026-03-02,4,2026,3,Monday,False,spring,weekday_spring,825,65122,78.93575757575758,0.0,0.0,0.0,0.0
2026-03-02 05:00:00,2026-03-02,5,2026,3,Monday,False,spring,weekday_spring,825,65122,78.93575757575758,0.0,0.0,0.0,0.0
2026-03-02 06:00:00,2026-03-02,6,2026,3,Monday,False,spring,weekday_spring,825,65122,78.93575757575758,0.005507750505037101,4.543894166655608,4.543894166655608,4.543894166655608
2026-03-02 07:00:00,2026-03-02,7,2026,3,Monday,False,spring,weekday_spring,825,65122,78.93575757575758,0.011601850447272223,9.571526618999584,11.005561258827745,6.461667092172137
2026-03-02 08:00:00,2026-03-02,8,2026,3,Monday,False,spring,weekday_spring,825,65122,78.93575757575758,0.02174933161470366,17.94319858213052,20.963933710251965,9.95837245142422
2026-03-02 09:00:00,2026-03-02,9,2026,3,Monday,False,spring,weekday_spring,825,65122,78.93575757575758,0.03652180730446161,30.13049102618083,35.79329200092918,14.829358290677213
2026-03-02 10:00:00,2026-03-02,10,2026,3,Monday,False,spring,weekday_spring,825,65122,78.93575757575758,0.055348431965347666,45.66245637141183,55.17151759991682,19.37822559898764
2026-03-02 11:00:00,2026-03-02,11,2026,3,Monday,False,spring,weekday_spring,825,65122,78.93575757575758,0.07629107737965758,62.94013883821751,77.35102557426187,22.17950797434505
2026-03-02 12:00:00,2026-03-02,12,2026,3,Monday,False,spring,weekday_spring,825,65122,78.93575757575758,0.09629380937583702,79.44239273506554,99.30604624881572,21.95502067455385
2026-03-02 13:00:00,2026-03-02,13,2026,3,Monday,False,spring,weekday_spring,825,65122,78.93575757575758,0.11178739576326405,92.22460150469284,117.29629967251495,17.99025342369923
2026-03-02 14:00:00,2026-03-02,14,2026,3,Monday,False,spring,weekday_spring,825,65122,78.93575757575758,0.11949608654703643,98.58427140130506,127.68998301153358,10.393683339018637
2026-03-02 15:00:00,2026-03-02,15,2026,3,Monday,False,spring,weekday_spring,825,65122,78.93575757575758,0.11737996209096578,96.83846872504677,127.95126645901016,0.26128344747657195
2026-03-02 16:00:00,2026-03-02,16,2026,3,Monday,False,spring,weekday_spring,825,65122,78.93575757575758,0.10550492493239515,87.041563069226,117.60339253231047,-10.347873926699691
2026-03-02 17:00:00,2026-03-02,17,2026,3,Monday,False,spring,weekday_spring,825,65122,78.93575757575758,0.08633293318146966,71.22466987471248,98.6946354962771,-18.908757036033364
2026-03-02 18:00:00,2026-03-02,18,2026,3,Monday,False,spring,weekday_spring,825,65122,78.93575757575758,0.06400269075008554,52.802219868820565,75.28043790483589,-23.41419759144121
2026-03-02 19:00:00,2026-03-02,19,2026,3,Monday,False,spring,weekday_spring,825,65122,78.93575757575758,0.04281549515311782,35.3227835013222,51.98695074961947,-23.293487155216425
2026-03-02 20:00:00,2026-03-02,20,2026,3,Monday,False,spring,weekday_spring,825,65122,78.93575757575758,0.02576850307230974,21.259015034655537,32.40674278935565,-19.58020796026382
2026-03-02 21:00:00,2026-03-02,21,2026,3,Monday,False,spring,weekday_spring,825,65122,78.93575757575758,0.01392405600592833,11.487346204890873,18.19660545481792,-14.210137334537727
2026-03-02 22:00:00,2026-03-02,22,2026,3,Monday,False,spring,weekday_spring,825,65122,78.93575757575758,0.006745970022307729,5.565425268403876,9.190785317147416,-9.005820137670504
2026-03-02 23:00:00,2026-03-02,23,2026,3,Monday,False,spring,weekday_spring,825,65122,78.93575757575758,0.002927923888803023,2.415537208262494,4.171962936404016,-5.0188223807434
2026-03-03 00:00:00,2026-03-03,0,2026,3,Tuesday,False,spring,weekday_spring,1441,66328,46.02914642609299,0.0,0.0,0.0,0.0
2026-03-03 01:00:00,2026-03-03,1,2026,3,Tuesday,False,spring,weekday_spring,1441,66328,46.02914642609299,0.0,0.0,0.0,0.0
2026-03-03 02:00:00,2026-03-03,2,2026,3,Tuesday,False,spring,weekday_spring,1441,66328,46.02914642609299,0.0,0.0,0.0,0.0
2026-03-03 03:00:00,2026-03-03,3,2026,3,Tuesday,False,spring,weekday_spring,1441,66328,46.02914642609299,0.0,0.0,0.0,0.0
2026-03-03 04:00:00,2026-03-03,4,2026,3,Tuesday,False,spring,weekday_spring,1441,66328,46.02914642609299,0.0,0.0,0.0,0.0
2026-03-03 05:00:00,2026-03-03,5,2026,3,Tuesday,False,spring,weekday_spring,1441,66328,46.02914642609299,0.0,0.0,0.0,0.0
2026-03-03 06:00:00,2026-03-03,6,2026,3,Tuesday,False,spring,weekday_spring,1441,66328,46.02914642609299,0.005507750505037101,7.936668477758463,6.088634591635015,6.088634591635015
2026-03-03 07:00:00,2026-03-03,7,2026,3,Tuesday,False,spring,weekday_spring,1441,66328,46.02914642609299,0.011601850447272223,16.718266494519273,12.8254589411112,6.736824349476186
2026-03-03 08:00:00,2026-03-03,8,2026,3,Tuesday,False,spring,weekday_spring,1441,66328,46.02914642609299,0.02174933161470366,31.340786856787975,24.043161122334407,11.217702181223206
2026-03-03 09:00:00,2026-03-03,9,2026,3,Tuesday,False,spring,weekday_spring,1441,66328,46.02914642609299,0.03652180730446161,52.62792432572918,40.3736405815055,16.33047945917109
2026-03-03 10:00:00,2026-03-03,10,2026,3,Tuesday,False,spring,weekday_spring,1441,66328,46.02914642609299,0.055348431965347666,79.75709046206599,61.18584658995967,20.81220600845417
2026-03-03 11:00:00,2026-03-03,11,2026,3,Tuesday,False,spring,weekday_spring,1441,66328,46.02914642609299,0.07629107737965758,109.93544250408658,84.33724300729881,23.151396417339143
2026-03-03 12:00:00,2026-03-03,12,2026,3,Tuesday,False,spring,weekday_spring,1441,66328,46.02914642609299,0.09629380937583702,138.75937931058115,106.44959647134196,22.112353464043153
2026-03-03 13:00:00,2026-03-03,13,2026,3,Tuesday,False,spring,weekday_spring,1441,66328,46.02914642609299,0.11178739576326405,161.0856372948635,123.57723976976295,17.127643298420992
2026-03-03 14:00:00,2026-03-03,14,2026,3,Tuesday,False,spring,weekday_spring,1441,66328,46.02914642609299,0.11949608654703643,172.1938607142795,132.0989404748639,8.52170070510094
2026-03-03 15:00:00,2026-03-03,15,2026,3,Tuesday,False,spring,weekday_spring,1441,66328,46.02914642609299,0.11737996209096578,169.14452537308168,129.75963542615963,-2.3393050487042615
2026-03-03 16:00:00,2026-03-03,16,2026,3,Tuesday,False,spring,weekday_spring,1441,66328,46.02914642609299,0.10550492493239515,152.03259682758141,116.63217768193176,-13.127457744227868
2026-03-03 17:00:00,2026-03-03,17,2026,3,Tuesday,False,spring,weekday_spring,1441,66328,46.02914642609299,0.08633293318146966,124.40575671449778,95.43817986767533,-21.193997814256434
2026-03-03 18:00:00,2026-03-03,18,2026,3,Tuesday,False,spring,weekday_spring,1441,66328,46.02914642609299,0.06400269075008554,92.22787737087326,70.75284120119456,-24.685338666480774
2026-03-03 19:00:00,2026-03-03,19,2026,3,Tuesday,False,spring,weekday_spring,1441,66328,46.02914642609299,0.04281549515311782,61.697128515642774,47.33110270859998,-23.421738492594578
2026-03-03 20:00:00,2026-03-03,20,2026,3,Tuesday,False,spring,weekday_spring,1441,66328,46.02914642609299,0.02576850307230974,37.13241292719834,28.486221196336007,-18.84488151226397
2026-03-03 21:00:00,2026-03-03,21,2026,3,Tuesday,False,spring,weekday_spring,1441,66328,46.02914642609299,0.01392405600592833,20.064564704542722,15.39257977935357,-13.093641416982438
2026-03-03 22:00:00,2026-03-03,22,2026,3,Tuesday,False,spring,weekday_spring,1441,66328,46.02914642609299,0.006745970022307729,9.720942802145437,7.457444993993784,-7.935134785359786
2026-03-03 23:00:00,2026-03-03,23,2026,3,Tuesday,False,spring,weekday_spring,1441,66328,46.02914642609299,0.002927923888803023,4.219138323765156,3.2367222616087816,-4.220722732385003
2026-03-04 00:00:00,2026-03-04,0,2026,3,Wednesday,False,spring,weekday_spring,1486,65930,44.36742934051144,0.0,0.0,0.0,0.0
2026-03-04 01:00:00,2026-03-04,1,2026,3,Wednesday,False,spring,weekday_spring,1486,65930,44.36742934051144,0.0,0.0,0.0,0.0
2026-03-04 02:00:00,2026-03-04,2,2026,3,Wednesday,False,spring,weekday_spring,1486,65930,44.36742934051144,0.0,0.0,0.0,0.0
2026-03-04 03:00:00,2026-03-04,3,2026,3,Wednesday,False,spring,weekday_spring,1486,65930,44.36742934051144,0.0,0.0,0.0,0.0
2026-03-04 04:00:00,2026-03-04,4,2026,3,Wednesday,False,spring,weekday_spring,1486,65930,44.36742934051144,0.0,0.0,0.0,0.0
2026-03-04 05:00:00,2026-03-04,5,2026,3,Wednesday,False,spring,weekday_spring,1486,65930,44.36742934051144,0.0,0.0,0.0,0.0
2026-03-04 06:00:00,2026-03-04,6,2026,3,Wednesday,False,spring,weekday_spring,1486,65930,44.36742934051144,0.005507750505037101,8.184517250485133,6.052099846618268,6.052099846618268
2026-03-04 07:00:00,2026-03-04,7,2026,3,Wednesday,False,spring,weekday_spring,1486,65930,44.36742934051144,0.011601850447272223,17.240349764646524,12.748499999810962,6.696400153192694
2026-03-04 08:00:00,2026-03-04,8,2026,3,Wednesday,False,spring,weekday_spring,1486,65930,44.36742934051144,0.02174933161470366,32.31950677944964,23.89889055595687,11.15039055614591
2026-03-04 09:00:00,2026-03-04,9,2026,3,Wednesday,False,spring,weekday_spring,1486,65930,44.36742934051144,0.03652180730446161,54.271405654429955,40.13137925971923,16.23248870376236
2026-03-04 10:00:00,2026-03-04,10,2026,3,Wednesday,False,spring,weekday_spring,1486,65930,44.36742934051144,0.055348431965347666,82.24776990050663,60.81870199125619,20.68732273153696
2026-03-04 11:00:00,2026-03-04,11,2026,3,Wednesday,False,spring,weekday_spring,1486,65930,44.36742934051144,0.07629107737965758,113.36854098617117,83.83117886068041,23.01247686942422
2026-03-04 12:00:00,2026-03-04,12,2026,3,Wednesday,False,spring,weekday_spring,1486,65930,44.36742934051144,0.09629380937583702,143.09260073249382,105.81084753581558,21.979668675135173
2026-03-04 13:00:00,2026-03-04,13,2026,3,Wednesday,False,spring,weekday_spring,1486,65930,44.36742934051144,0.11178739576326405,166.11607010421037,122.83571671119996,17.02486917538438
2026-03-04 14:00:00,2026-03-04,14,2026,3,Wednesday,False,spring,weekday_spring,1486,65930,44.36742934051144,0.11949608654703643,177.57118460889615,131.30628310076852,8.47056638956856
2026-03-04 15:00:00,2026-03-04,15,2026,3,Wednesday,False,spring,weekday_spring,1486,65930,44.36742934051144,0.11737996209096578,174.42662366717516,128.98101501095624,-2.3252680898122833
2026-03-04 16:00:00,2026-03-04,16,2026,3,Wednesday,False,spring,weekday_spring,1486,65930,44.36742934051144,0.10550492493239515,156.78031844953918,115.93232834654685,-13.048686664409388
2026-03-04 17:00:00,2026-03-04,17,2026,3,Wednesday,False,spring,weekday_spring,1486,65930,44.36742934051144,0.08633293318146966,128.2907387076639,94.86550474423824,-21.066823602308617
2026-03-04 18:00:00,2026-03-04,18,2026,3,Wednesday,False,spring,weekday_spring,1486,65930,44.36742934051144,0.06400269075008554,95.10799845462711,70.32829001921898,-24.537214725019254
2026-03-04 19:00:00,2026-03-04,19,2026,3,Wednesday,False,spring,weekday_spring,1486,65930,44.36742934051144,0.04281549515311782,63.62382579753308,47.04709325741763,-23.281196761801354
2026-03-04 20:00:00,2026-03-04,20,2026,3,Wednesday,False,spring,weekday_spring,1486,65930,44.36742934051144,0.02576850307230974,38.291995565452275,28.315290125956352,-18.731803131461277
2026-03-04 21:00:00,2026-03-04,21,2026,3,Wednesday,False,spring,weekday_spring,1486,65930,44.36742934051144,0.01392405600592833,20.691147224809498,15.300216874514247,-13.015073251442105
2026-03-04 22:00:00,2026-03-04,22,2026,3,Wednesday,False,spring,weekday_spring,1486,65930,44.36742934051144,0.006745970022307729,10.024511453149286,7.412696726179143,-7.887520148335104
2026-03-04 23:00:00,2026-03-04,23,2026,3,Wednesday,False,spring,weekday_spring,1486,65930,44.36742934051144,0.002927923888803023,4.350894898761292,3.217300366479722,-4.195396359699421
2026-03-05 00:00:00,2026-03-05,0,2026,3,Thursday,False,spring,weekday_spring,1365,55071,40.34505494505495,0.0,0.0,0.0,0.0
2026-03-05 01:00:00,2026-03-05,1,2026,3,Thursday,False,spring,weekday_spring,1365,55071,40.34505494505495,0.0,0.0,0.0,0.0
2026-03-05 02:00:00,2026-03-05,2,2026,3,Thursday,False,spring,weekday_spring,1365,55071,40.34505494505495,0.0,0.0,0.0,0.0
2026-03-05 03:00:00,2026-03-05,3,2026,3,Thursday,False,spring,weekday_spring,1365,55071,40.34505494505495,0.0,0.0,0.0,0.0
2026-03-05 04:00:00,2026-03-05,4,2026,3,Thursday,False,spring,weekday_spring,1365,55071,40.34505494505495,0.0,0.0,0.0,0.0
2026-03-05 05:00:00,2026-03-05,5,2026,3,Thursday,False,spring,weekday_spring,1365,55071,40.34505494505495,0.0,0.0,0.0,0.0
2026-03-05 06:00:00,2026-03-05,6,2026,3,Thursday,False,spring,weekday_spring,1365,55071,40.34505494505495,0.005507750505037101,7.518079439375643,5.055288801048303,5.055288801048303
2026-03-05 07:00:00,2026-03-05,7,2026,3,Thursday,False,spring,weekday_spring,1365,55071,40.34505494505495,0.011601850447272223,15.836525860526585,10.64875843302881,5.593469631980507
2026-03-05 08:00:00,2026-03-05,8,2026,3,Thursday,False,spring,weekday_spring,1365,55071,40.34505494505495,0.02174933161470366,29.687837654070496,19.962624022555755,9.313865589526944
2026-03-05 09:00:00,2026-03-05,9,2026,3,Thursday,False,spring,weekday_spring,1365,55071,40.34505494505495,0.03652180730446161,49.8522669705901,33.52154083440009,13.558916811844338
2026-03-05 10:00:00,2026-03-05,10,2026,3,Thursday,False,spring,weekday_spring,1365,55071,40.34505494505495,0.055348431965347666,75.55060963269956,50.80155827939436,17.280017444994265
2026-03-05 11:00:00,2026-03-05,11,2026,3,Thursday,False,spring,weekday_spring,1365,55071,40.34505494505495,0.07629107737965758,104.1373206232326,70.02376537291872,19.22220709352436
2026-03-05 12:00:00,2026-03-05,12,2026,3,Thursday,False,spring,weekday_spring,1365,55071,40.34505494505495,0.09629380937583702,131.44104979801753,88.38327293561201,18.359507562693295
2026-03-05 13:00:00,2026-03-05,13,2026,3,Thursday,False,spring,weekday_spring,1365,55071,40.34505494505495,0.11178739576326405,152.58979521685544,102.60406120131192,14.220788265699909
2026-03-05 14:00:00,2026-03-05,14,2026,3,Thursday,False,spring,weekday_spring,1365,55071,40.34505494505495,0.11949608654703643,163.11215813670472,109.67948303719739,7.075421835885464
2026-03-05 15:00:00,2026-03-05,15,2026,3,Thursday,False,spring,weekday_spring,1365,55071,40.34505494505495,0.11737996209096578,160.2236482541683,107.73719820519295,-1.9422848320044324
2026-03-05 16:00:00,2026-03-05,16,2026,3,Thursday,False,spring,weekday_spring,1365,55071,40.34505494505495,0.10550492493239515,144.01422253271937,96.83769534919888,-10.899502855994072
2026-03-05 17:00:00,2026-03-05,17,2026,3,Thursday,False,spring,weekday_spring,1365,55071,40.34505494505495,0.08633293318146966,117.84445379270609,79.24068272061193,-17.597012628586953
2026-03-05 18:00:00,2026-03-05,18,2026,3,Thursday,False,spring,weekday_spring,1365,55071,40.34505494505495,0.06400269075008554,87.36367287386676,58.744869704966014,-20.495813015645915
2026-03-05 19:00:00,2026-03-05,19,2026,3,Thursday,False,spring,weekday_spring,1365,55071,40.34505494505495,0.04281549515311782,58.443150884005824,39.29820222628919,-19.446667478676822
2026-03-05 20:00:00,2026-03-05,20,2026,3,Thursday,False,spring,weekday_spring,1365,55071,40.34505494505495,0.02576850307230974,35.17400669370279,23.651620544919496,-15.646581681369696
2026-03-05 21:00:00,2026-03-05,21,2026,3,Thursday,False,spring,weekday_spring,1365,55071,40.34505494505495,0.01392405600592833,19.00633644809217,12.780194805041319,-10.871425739878177
2026-03-05 22:00:00,2026-03-05,22,2026,3,Thursday,False,spring,weekday_spring,1365,55071,40.34505494505495,0.006745970022307729,9.20824908045005,6.191788584975149,-6.58840622006617
2026-03-05 23:00:00,2026-03-05,23,2026,3,Thursday,False,spring,weekday_spring,1365,55071,40.34505494505495,0.002927923888803023,3.9966161082161267,2.687394941337855,-3.504393643637294
2026-03-06 00:00:00,2026-03-06,0,2026,3,Friday,False,spring,weekday_spring,1268,63069,49.738958990536275,0.0,0.0,0.0,0.0
2026-03-06 01:00:00,2026-03-06,1,2026,3,Friday,False,spring,weekday_spring,1268,63069,49.738958990536275,0.0,0.0,0.0,0.0
2026-03-06 02:00:00,2026-03-06,2,2026,3,Friday,False,spring,weekday_spring,1268,63069,49.738958990536275,0.0,0.0,0.0,0.0
2026-03-06 03:00:00,2026-03-06,3,2026,3,Friday,False,spring,weekday_spring,1268,63069,49.738958990536275,0.0,0.0,0.0,0.0
2026-03-06 04:00:00,2026-03-06,4,2026,3,Friday,False,spring,weekday_spring,1268,63069,49.738958990536275,0.0,0.0,0.0,0.0
2026-03-06 05:00:00,2026-03-06,5,2026,3,Friday,False,spring,weekday_spring,1268,63069,49.738958990536275,0.0,0.0,0.0,0.0
2026-03-06 06:00:00,2026-03-06,6,2026,3,Friday,False,spring,weekday_spring,1268,63069,49.738958990536275,0.005507750505037101,6.9838276403870445,5.789471943369748,5.789471943369748
2026-03-06 07:00:00,2026-03-06,7,2026,3,Friday,False,spring,weekday_spring,1268,63069,49.738958990536275,0.011601850447272223,14.711146367141179,12.195285097650196,6.405813154280447
2026-03-06 08:00:00,2026-03-06,8,2026,3,Friday,False,spring,weekday_spring,1268,63069,49.738958990536275,0.02174933161470366,27.57815248744424,22.861809926795747,10.666524829145551
2026-03-06 09:00:00,2026-03-06,9,2026,3,Friday,False,spring,weekday_spring,1268,63069,49.738958990536275,0.03652180730446161,46.30965166205733,38.38989774808482,15.528087821289073
2026-03-06 10:00:00,2026-03-06,10,2026,3,Friday,False,spring,weekday_spring,1268,63069,49.738958990536275,0.055348431965347666,70.18181173206084,58.17950426037519,19.78960651229037
2026-03-06 11:00:00,2026-03-06,11,2026,3,Friday,False,spring,weekday_spring,1268,63069,49.738958990536275,0.07629107737965758,96.73708611740581,80.19336598762706,22.01386172725187
2026-03-06 12:00:00,2026-03-06,12,2026,3,Friday,False,spring,weekday_spring,1268,63069,49.738958990536275,0.09629380937583702,122.10055028856135,101.21923772541108,21.025871737784016
2026-03-06 13:00:00,2026-03-06,13,2026,3,Friday,False,spring,weekday_spring,1268,63069,49.738958990536275,0.11178739576326405,141.74641782781882,117.50532105655499,16.286083331143914
2026-03-06 14:00:00,2026-03-06,14,2026,3,Friday,False,spring,weekday_spring,1268,63069,49.738958990536275,0.11949608654703643,151.5210377416422,125.60831137391735,8.102990317362355
2026-03-06 15:00:00,2026-03-06,15,2026,3,Friday,False,spring,weekday_spring,1268,63069,49.738958990536275,0.11737996209096578,148.8377919313446,123.38394715191868,-2.2243642219986697
2026-03-06 16:00:00,2026-03-06,16,2026,3,Friday,False,spring,weekday_spring,1268,63069,49.738958990536275,0.10550492493239515,133.78024481427704,110.90150184268714,-12.482445309231537
2026-03-06 17:00:00,2026-03-06,17,2026,3,Friday,False,spring,weekday_spring,1268,63069,49.738958990536275,0.08633293318146966,109.47015927410352,90.74886271370183,-20.152639128985314
2026-03-06 18:00:00,2026-03-06,18,2026,3,Friday,False,spring,weekday_spring,1268,63069,49.738958990536275,0.06400269075008554,81.15541187110846,67.2764283819524,-23.472434331749426
2026-03-06 19:00:00,2026-03-06,19,2026,3,Friday,False,spring,weekday_spring,1268,63069,49.738958990536275,0.04281549515311782,54.29004785415339,45.00550773019979,-22.27092065175261
2026-03-06 20:00:00,2026-03-06,20,2026,3,Friday,False,spring,weekday_spring,1268,63069,49.738958990536275,0.02576850307230974,32.67446189568875,27.08656200445838,-17.91894572574141
2026-03-06 21:00:00,2026-03-06,21,2026,3,Friday,False,spring,weekday_spring,1268,63069,49.738958990536275,0.01392405600592833,17.655703015517123,14.636271470631563,-12.450290533826816
2026-03-06 22:00:00,2026-03-06,22,2026,3,Friday,False,spring,weekday_spring,1268,63069,49.738958990536275,0.006745970022307729,8.553889988286201,7.0910263889487695,-7.545245081682793
2026-03-06 23:00:00,2026-03-06,23,2026,3,Friday,False,spring,weekday_spring,1268,63069,49.738958990536275,0.002927923888803023,3.7126074910022333,3.0776871957152974,-4.013339193233472
2026-03-07 00:00:00,2026-03-07,0,2026,3,Saturday,True,spring,weekend_spring,1384,106609,77.02962427745665,0.0,0.0,0.0,0.0
2026-03-07 01:00:00,2026-03-07,1,2026,3,Saturday,True,spring,weekend_spring,1384,106609,77.02962427745665,0.0,0.0,0.0,0.0
2026-03-07 02:00:00,2026-03-07,2,2026,3,Saturday,True,spring,weekend_spring,1384,106609,77.02962427745665,0.0,0.0,0.0,0.0
2026-03-07 03:00:00,2026-03-07,3,2026,3,Saturday,True,spring,weekend_spring,1384,106609,77.02962427745665,0.0,0.0,0.0,0.0
2026-03-07 04:00:00,2026-03-07,4,2026,3,Saturday,True,spring,weekend_spring,1384,106609,77.02962427745665,0.0,0.0,0.0,0.0
2026-03-07 05:00:00,2026-03-07,5,2026,3,Saturday,True,spring,weekend_spring,1384,106609,77.02962427745665,0.0,0.0,0.0,0.0
2026-03-07 06:00:00,2026-03-07,6,2026,3,Saturday,True,spring,weekend_spring,1384,106609,77.02962427745665,0.003124958554610079,4.32494263958035,4.32494263958035,4.32494263958035
2026-03-07 07:00:00,2026-03-07,7,2026,3,Saturday,True,spring,weekend_spring,1384,106609,77.02962427745665,0.006499133669432763,8.994800998494945,10.22233680138836,5.897394161808011
2026-03-07 08:00:00,2026-03-07,8,2026,3,Saturday,True,spring,weekend_spring,1384,106609,77.02962427745665,0.012268795332165587,16.98001273971717,19.53298076396485,9.31064396257649
2026-03-07 09:00:00,2026-03-07,9,2026,3,Saturday,True,spring,weekend_spring,1384,106609,77.02962427745665,0.021124621885501703,29.236476689534356,34.0558639759312,14.522883211966352
2026-03-07 10:00:00,2026-03-07,10,2026,3,Saturday,True,spring,weekend_spring,1384,106609,77.02962427745665,0.03336326631067533,46.17476057397465,54.47286412763114,20.417000151699938
2026-03-07 11:00:00,2026-03-07,11,2026,3,Saturday,True,spring,weekend_spring,1384,106609,77.02962427745665,0.048625833791660536,67.29815396765818,80.40380102892996,25.93093690129882
2026-03-07 12:00:00,2026-03-07,12,2026,3,Saturday,True,spring,weekend_spring,1384,106609,77.02962427745665,0.06577706802745244,91.03546214999417,110.13650009392163,29.732699064991664
2026-03-07 13:00:00,2026-03-07,13,2026,3,Saturday,True,spring,weekend_spring,1384,106609,77.02962427745665,0.08295549724696458,114.81040818979898,140.64873679544942,30.512236701527797
2026-03-07 14:00:00,2026-03-07,14,2026,3,Saturday,True,spring,weekend_spring,1384,106609,77.02962427745665,0.09777773351488335,135.32438318459856,167.91068509482702,27.261948299377593
2026-03-07 15:00:00,2026-03-07,15,2026,3,Saturday,True,spring,weekend_spring,1384,106609,77.02962427745665,0.10771311477531428,149.07495084903496,187.48367420257307,19.572989107746054
2026-03-07 16:00:00,2026-03-07,16,2026,3,Saturday,True,spring,weekend_spring,1384,106609,77.02962427745665,0.11066434795693914,153.15945757240377,195.47096427472678,7.987290072153712
2026-03-07 17:00:00,2026-03-07,17,2026,3,Saturday,True,spring,weekend_spring,1384,106609,77.02962427745665,0.10566484958563452,146.24015182651817,189.71095210980315,-5.760012164923637
2026-03-07 18:00:00,2026-03-07,18,2026,3,Saturday,True,spring,weekend_spring,1384,106609,77.02962427745665,0.09338839880563206,129.24954394699478,170.75645794505843,-18.954494164744716
2026-03-07 19:00:00,2026-03-07,19,2026,3,Saturday,True,spring,weekend_spring,1384,106609,77.02962427745665,0.07610988889619584,105.33608623233505,142.02060575650074,-28.735852188557686
2026-03-07 20:00:00,2026-03-07,20,2026,3,Saturday,True,spring,weekend_spring,1384,106609,77.02962427745665,0.05701444931278634,78.9079978488963,108.8052307054703,-33.21537505103045
2026-03-07 21:00:00,2026-03-07,21,2026,3,Saturday,True,spring,weekend_spring,1384,106609,77.02962427745665,0.03916088272188717,54.19866168709184,76.5948876179762,-32.210343087494095
2026-03-07 22:00:00,2026-03-07,22,2026,3,Saturday,True,spring,weekend_spring,1384,106609,77.02962427745665,0.02461891880036562,34.072583619706016,49.45563103424199,-27.13925658373421
2026-03-07 23:00:00,2026-03-07,23,2026,3,Saturday,True,spring,weekend_spring,1384,106609,77.02962427745665,0.014148240811898577,19.58116528366763,29.251886903764586,-20.203744130477403
2026-03-08 00:00:00,2026-03-08,0,2026,3,Sunday,True,spring,weekend_spring,1215,100819,82.97860082304527,0.0,0.0,0.0,0.0
2026-03-08 01:00:00,2026-03-08,1,2026,3,Sunday,True,spring,weekend_spring,1215,100819,82.97860082304527,0.0,0.0,0.0,0.0
2026-03-08 02:00:00,2026-03-08,2,2026,3,Sunday,True,spring,weekend_spring,1215,100819,82.97860082304527,0.0,0.0,0.0,0.0
2026-03-08 03:00:00,2026-03-08,3,2026,3,Sunday,True,spring,weekend_spring,1215,100819,82.97860082304527,0.0,0.0,0.0,0.0
2026-03-08 04:00:00,2026-03-08,4,2026,3,Sunday,True,spring,weekend_spring,1215,100819,82.97860082304527,0.0,0.0,0.0,0.0
2026-03-08 05:00:00,2026-03-08,5,2026,3,Sunday,True,spring,weekend_spring,1215,100819,82.97860082304527,0.0,0.0,0.0,0.0
2026-03-08 06:00:00,2026-03-08,6,2026,3,Sunday,True,spring,weekend_spring,1215,100819,82.97860082304527,0.003124958554610079,3.796824643851246,3.796824643851246,3.796824643851246
2026-03-08 07:00:00,2026-03-08,7,2026,3,Sunday,True,spring,weekend_spring,1215,100819,82.97860082304527,0.006499133669432763,7.896447408360808,9.350542706463454,5.553718062612208
2026-03-08 08:00:00,2026-03-08,8,2026,3,Sunday,True,spring,weekend_spring,1215,100819,82.97860082304527,0.012268795332165587,14.906586328581188,17.930741543862744,8.58019883739929
2026-03-08 09:00:00,2026-03-08,9,2026,3,Sunday,True,spring,weekend_spring,1215,100819,82.97860082304527,0.021124621885501703,25.66641559088457,31.375290538863418,13.444548995000673
2026-03-08 10:00:00,2026-03-08,10,2026,3,Sunday,True,spring,weekend_spring,1215,100819,82.97860082304527,0.03336326631067533,40.536368567470525,50.36600720782589,18.99071666896247
2026-03-08 11:00:00,2026-03-08,11,2026,3,Sunday,True,spring,weekend_spring,1215,100819,82.97860082304527,0.048625833791660536,59.08038805686755,74.60487192566329,24.2388647178374
2026-03-08 12:00:00,2026-03-08,12,2026,3,Sunday,True,spring,weekend_spring,1215,100819,82.97860082304527,0.06577706802745244,79.91913765335471,102.54554854717755,27.940676621514257
2026-03-08 13:00:00,2026-03-08,13,2026,3,Sunday,True,spring,weekend_spring,1215,100819,82.97860082304527,0.08295549724696458,100.79092915506196,131.3980951927027,28.852546645525152
2026-03-08 14:00:00,2026-03-08,14,2026,3,Sunday,True,spring,weekend_spring,1215,100819,82.97860082304527,0.09777773351488335,118.79994622058327,157.40052168121667,26.002426488513976
2026-03-08 15:00:00,2026-03-08,15,2026,3,Sunday,True,spring,weekend_spring,1215,100819,82.97860082304527,0.10771311477531428,130.87143445200687,176.369043485374,18.96852180415732
2026-03-08 16:00:00,2026-03-08,16,2026,3,Sunday,True,spring,weekend_spring,1215,100819,82.97860082304527,0.11066434795693914,134.45718276768105,184.57789029121437,8.20884680584038
2026-03-08 17:00:00,2026-03-08,17,2026,3,Sunday,True,spring,weekend_spring,1215,100819,82.97860082304527,0.10566484958563452,128.38279224654593,179.87675775670897,-4.701132534505405
2026-03-08 18:00:00,2026-03-08,18,2026,3,Sunday,True,spring,weekend_spring,1215,100819,82.97860082304527,0.09338839880563206,113.46690454884295,162.6345201418651,-17.242237614843873
2026-03-08 19:00:00,2026-03-08,19,2026,3,Sunday,True,spring,weekend_spring,1215,100819,82.97860082304527,0.07610988889619584,92.47351500887794,135.92869344645194,-26.70582669541315
2026-03-08 20:00:00,2026-03-08,20,2026,3,Sunday,True,spring,weekend_spring,1215,100819,82.97860082304527,0.05701444931278634,69.2725559150354,104.68775571658358,-31.240937729868364
2026-03-08 21:00:00,2026-03-08,21,2026,3,Sunday,True,spring,weekend_spring,1215,100819,82.97860082304527,0.03916088272188717,47.580472507092914,74.11024601315427,-30.577509703429314
2026-03-08 22:00:00,2026-03-08,22,2026,3,Sunday,True,spring,weekend_spring,1215,100819,82.97860082304527,0.02461891880036562,29.91198634244423,48.13419775431703,-25.97604825883724
2026-03-08 23:00:00,2026-03-08,23,2026,3,Sunday,True,spring,weekend_spring,1215,100819,82.97860082304527,0.014148240811898577,17.19011258645677,28.64570581958023,-19.4884919347368
2026-03-09 00:00:00,2026-03-09,0,2026,3,Monday,False,spring,weekday_spring,1287,48778,37.9005439005439,0.0,0.0,0.0,0.0
2026-03-09 01:00:00,2026-03-09,1,2026,3,Monday,False,spring,weekday_spring,1287,48778,37.9005439005439,0.0,0.0,0.0,0.0
2026-03-09 02:00:00,2026-03-09,2,2026,3,Monday,False,spring,weekday_spring,1287,48778,37.9005439005439,0.0,0.0,0.0,0.0
2026-03-09 03:00:00,2026-03-09,3,2026,3,Monday,False,spring,weekday_spring,1287,48778,37.9005439005439,0.0,0.0,0.0,0.0
2026-03-09 04:00:00,2026-03-09,4,2026,3,Monday,False,spring,weekday_spring,1287,48778,37.9005439005439,0.0,0.0,0.0,0.0
2026-03-09 05:00:00,2026-03-09,5,2026,3,Monday,False,spring,weekday_spring,1287,48778,37.9005439005439,0.0,0.0,0.0,0.0
2026-03-09 06:00:00,2026-03-09,6,2026,3,Monday,False,spring,weekday_spring,1287,48778,37.9005439005439,0.005507750505037101,7.088474899982749,4.477617568911662,4.477617568911662
2026-03-09 07:00:00,2026-03-09,7,2026,3,Monday,False,spring,weekday_spring,1287,48778,37.9005439005439,0.011601850447272223,14.93158152563935,9.431917685284073,4.954300116372411
2026-03-09 08:00:00,2026-03-09,8,2026,3,Monday,False,spring,weekday_spring,1287,48778,37.9005439005439,0.02174933161470366,27.99138978812361,17.681481625033584,8.24956393974951
2026-03-09 09:00:00,2026-03-09,9,2026,3,Monday,False,spring,weekday_spring,1287,48778,37.9005439005439,0.03652180730446161,47.00356600084209,29.69101194495047,12.009530319916887
2026-03-09 10:00:00,2026-03-09,10,2026,3,Monday,False,spring,weekday_spring,1287,48778,37.9005439005439,0.055348431965347666,71.23343193940245,44.99643024009548,15.305418295145007
2026-03-09 11:00:00,2026-03-09,11,2026,3,Monday,False,spring,weekday_spring,1287,48778,37.9005439005439,0.07629107737965758,98.18661658761931,62.022102873748956,17.02567263365348
2026-03-09 12:00:00,2026-03-09,12,2026,3,Monday,False,spring,weekday_spring,1287,48778,37.9005439005439,0.09629380937583702,123.93013266670225,78.28365722890963,16.261554355160676
2026-03-09 13:00:00,2026-03-09,13,2026,3,Monday,False,spring,weekday_spring,1287,48778,37.9005439005439,0.11178739576326405,143.87037834732084,90.87942650900823,12.595769280098594
2026-03-09 14:00:00,2026-03-09,14,2026,3,Monday,False,spring,weekday_spring,1287,48778,37.9005439005439,0.11949608654703643,153.7914633860359,97.14633515985572,6.266908650847498
2026-03-09 15:00:00,2026-03-09,15,2026,3,Monday,False,spring,weekday_spring,1287,48778,37.9005439005439,0.11737996209096578,151.06801121107296,95.42599651455214,-1.7203386453035847
2026-03-09 16:00:00,2026-03-09,16,2026,3,Monday,False,spring,weekday_spring,1287,48778,37.9005439005439,0.10550492493239515,135.78483838799255,85.77198713920617,-9.654009375345964
2026-03-09 17:00:00,2026-03-09,17,2026,3,Monday,False,spring,weekday_spring,1287,48778,37.9005439005439,0.08633293318146966,111.11048500455145,70.18579691209544,-15.586190227110734
2026-03-09 18:00:00,2026-03-09,18,2026,3,Monday,False,spring,weekday_spring,1287,48778,37.9005439005439,0.06400269075008554,82.37146299536009,52.03205415679454,-18.153742755300904
2026-03-09 19:00:00,2026-03-09,19,2026,3,Monday,False,spring,weekday_spring,1287,48778,37.9005439005439,0.04281549515311782,55.10354226206263,34.807570376313016,-17.22448378048152
2026-03-09 20:00:00,2026-03-09,20,2026,3,Monday,False,spring,weekday_spring,1287,48778,37.9005439005439,0.02576850307230974,33.164063454062635,20.94893404768541,-13.858636328627608
2026-03-09 21:00:00,2026-03-09,21,2026,3,Monday,False,spring,weekday_spring,1287,48778,37.9005439005439,0.01392405600592833,17.92026007962976,11.319793397619534,-9.629140650065874
2026-03-09 22:00:00,2026-03-09,22,2026,3,Monday,False,spring,weekday_spring,1287,48778,37.9005439005439,0.006745970022307729,8.682063418710047,5.4842487624687735,-5.835544635150761
2026-03-09 23:00:00,2026-03-09,23,2026,3,Monday,False,spring,weekday_spring,1287,48778,37.9005439005439,0.002927923888803023,3.768238044889491,2.380304524133898,-3.1039442383348756
2026-03-10 00:00:00,2026-03-10,0,2026,3,Tuesday,False,spring,weekday_spring,1252,49655,39.66054313099041,0.0,0.0,0.0,0.0
2026-03-10 01:00:00,2026-03-10,1,2026,3,Tuesday,False,spring,weekday_spring,1252,49655,39.66054313099041,0.0,0.0,0.0,0.0
2026-03-10 02:00:00,2026-03-10,2,2026,3,Tuesday,False,spring,weekday_spring,1252,49655,39.66054313099041,0.0,0.0,0.0,0.0
2026-03-10 03:00:00,2026-03-10,3,2026,3,Tuesday,False,spring,weekday_spring,1252,49655,39.66054313099041,0.0,0.0,0.0,0.0
2026-03-10 04:00:00,2026-03-10,4,2026,3,Tuesday,False,spring,weekday_spring,1252,49655,39.66054313099041,0.0,0.0,0.0,0.0
2026-03-10 05:00:00,2026-03-10,5,2026,3,Tuesday,False,spring,weekday_spring,1252,49655,39.66054313099041,0.0,0.0,0.0,0.0
2026-03-10 06:00:00,2026-03-10,6,2026,3,Tuesday,False,spring,weekday_spring,1252,49655,39.66054313099041,0.005507750505037101,6.895703632306451,4.558122522126954,4.558122522126954
2026-03-10 07:00:00,2026-03-10,7,2026,3,Tuesday,False,spring,weekday_spring,1252,49655,39.66054313099041,0.011601850447272223,14.525516759984823,9.60149806598837,5.043375543861416
2026-03-10 08:00:00,2026-03-10,8,2026,3,Tuesday,False,spring,weekday_spring,1252,49655,39.66054313099041,0.02174933161470366,27.230163181608983,17.999384355468504,8.397886289480134
2026-03-10 09:00:00,2026-03-10,9,2026,3,Tuesday,False,spring,weekday_spring,1252,49655,39.66054313099041,0.03652180730446161,45.725302745185935,30.224839028384018,12.225454672915514
2026-03-10 10:00:00,2026-03-10,10,2026,3,Tuesday,False,spring,weekday_spring,1252,49655,39.66054313099041,0.055348431965347666,69.29623682061528,45.805439820655636,15.580600792271618
2026-03-10 11:00:00,2026-03-10,11,2026,3,Tuesday,False,spring,weekday_spring,1252,49655,39.66054313099041,0.07629107737965758,95.51642887933129,63.13722412144828,17.33178430079264
2026-03-10 12:00:00,2026-03-10,12,2026,3,Tuesday,False,spring,weekday_spring,1252,49655,39.66054313099041,0.09629380937583702,120.55984933854795,79.69115174261978,16.553927621171503
2026-03-10 13:00:00,2026-03-10,13,2026,3,Tuesday,False,spring,weekday_spring,1252,49655,39.66054313099041,0.11178739576326405,139.9578194956066,92.5133856104146,12.822233867794822
2026-03-10 14:00:00,2026-03-10,14,2026,3,Tuesday,False,spring,weekday_spring,1252,49655,39.66054313099041,0.11949608654703643,149.6091003568896,98.89296962488488,6.379584014470282
2026-03-10 15:00:00,2026-03-10,15,2026,3,Tuesday,False,spring,weekday_spring,1252,49655,39.66054313099041,0.11737996209096578,146.95971253788915,97.14170029378175,-1.7512693311031313
2026-03-10 16:00:00,2026-03-10,16,2026,3,Tuesday,False,spring,weekday_spring,1252,49655,39.66054313099041,0.10550492493239515,132.0921660153587,87.31411745863467,-9.827582835147084
2026-03-10 17:00:00,2026-03-10,17,2026,3,Tuesday,False,spring,weekday_spring,1252,49655,39.66054313099041,0.08633293318146966,108.08883234320001,71.4476966187646,-15.866420839870074
2026-03-10 18:00:00,2026-03-10,18,2026,3,Tuesday,False,spring,weekday_spring,1252,49655,39.66054313099041,0.06400269075008554,80.1313688191071,52.96756015325828,-18.480136465506313
2026-03-10 19:00:00,2026-03-10,19,2026,3,Tuesday,False,spring,weekday_spring,1252,49655,39.66054313099041,0.04281549515311782,53.60499993170351,35.43339019713442,-17.53416995612386
2026-03-10 20:00:00,2026-03-10,20,2026,3,Tuesday,False,spring,weekday_spring,1252,49655,39.66054313099041,0.02576850307230974,32.26216584653179,21.325583667592333,-14.107806529542088
2026-03-10 21:00:00,2026-03-10,21,2026,3,Tuesday,False,spring,weekday_spring,1252,49655,39.66054313099041,0.01392405600592833,17.43291811942227,11.523316682906186,-9.802266984686147
2026-03-10 22:00:00,2026-03-10,22,2026,3,Tuesday,False,spring,weekday_spring,1252,49655,39.66054313099041,0.006745970022307729,8.445954467929276,5.582852357628171,-5.940464325278016
2026-03-10 23:00:00,2026-03-10,23,2026,3,Tuesday,False,spring,weekday_spring,1252,49655,39.66054313099041,0.002927923888803023,3.665760708781385,2.4231010116419016,-3.159751345986269
2026-03-11 00:00:00,2026-03-11,0,2026,3,Wednesday,False,spring,weekday_spring,1268,56054,44.206624605678236,0.0,0.0,0.0,0.0
2026-03-11 01:00:00,2026-03-11,1,2026,3,Wednesday,False,spring,weekday_spring,1268,56054,44.206624605678236,0.0,0.0,0.0,0.0
2026-03-11 02:00:00,2026-03-11,2,2026,3,Wednesday,False,spring,weekday_spring,1268,56054,44.206624605678236,0.0,0.0,0.0,0.0
2026-03-11 03:00:00,2026-03-11,3,2026,3,Wednesday,False,spring,weekday_spring,1268,56054,44.206624605678236,0.0,0.0,0.0,0.0
2026-03-11 04:00:00,2026-03-11,4,2026,3,Wednesday,False,spring,weekday_spring,1268,56054,44.206624605678236,0.0,0.0,0.0,0.0
2026-03-11 05:00:00,2026-03-11,5,2026,3,Wednesday,False,spring,weekday_spring,1268,56054,44.206624605678236,0.0,0.0,0.0,0.0
2026-03-11 06:00:00,2026-03-11,6,2026,3,Wednesday,False,spring,weekday_spring,1268,56054,44.206624605678236,0.005507750505037101,6.9838276403870445,5.145524113489161,5.145524113489161
2026-03-11 07:00:00,2026-03-11,7,2026,3,Wednesday,False,spring,weekday_spring,1268,56054,44.206624605678236,0.011601850447272223,14.711146367141179,10.838835416189953,5.693311302700792
2026-03-11 08:00:00,2026-03-11,8,2026,3,Wednesday,False,spring,weekday_spring,1268,56054,44.206624605678236,0.02174933161470366,27.57815248744424,20.318950572176647,9.480115155986693
2026-03-11 09:00:00,2026-03-11,9,2026,3,Wednesday,False,spring,weekday_spring,1268,56054,44.206624605678236,0.03652180730446161,46.30965166205733,34.11988977740486,13.800939205228211
2026-03-11 10:00:00,2026-03-11,10,2026,3,Wednesday,False,spring,weekday_spring,1268,56054,44.206624605678236,0.055348431965347666,70.18181173206084,51.70835008975997,17.58846031235511
2026-03-11 11:00:00,2026-03-11,11,2026,3,Wednesday,False,spring,weekday_spring,1268,56054,44.206624605678236,0.07629107737965758,96.73708611740581,71.27366752398876,19.565317434228795
2026-03-11 12:00:00,2026-03-11,12,2026,3,Wednesday,False,spring,weekday_spring,1268,56054,44.206624605678236,0.09629380937583702,122.10055028856135,89.96088651255282,18.687218988564055
2026-03-11 13:00:00,2026-03-11,13,2026,3,Wednesday,False,spring,weekday_spring,1268,56054,44.206624605678236,0.11178739576326405,141.74641782781882,104.43551136856672,14.474624856013904
2026-03-11 14:00:00,2026-03-11,14,2026,3,Wednesday,False,spring,weekday_spring,1268,56054,44.206624605678236,0.11949608654703643,151.5210377416422,111.63722725512633,7.201715886559612
2026-03-11 15:00:00,2026-03-11,15,2026,3,Wednesday,False,spring,weekday_spring,1268,56054,44.206624605678236,0.11737996209096578,148.8377919313446,109.66027325078326,-1.976954004343071
2026-03-11 16:00:00,2026-03-11,16,2026,3,Wednesday,False,spring,weekday_spring,1268,56054,44.206624605678236,0.10550492493239515,133.78024481427704,98.56621770267462,-11.094055548108642
2026-03-11 17:00:00,2026-03-11,17,2026,3,Wednesday,False,spring,weekday_spring,1268,56054,44.206624605678236,0.08633293318146966,109.47015927410352,80.65510394256833,-17.91111376010629
2026-03-11 18:00:00,2026-03-11,18,2026,3,Wednesday,False,spring,weekday_spring,1268,56054,44.206624605678236,0.06400269075008554,81.15541187110846,59.79344712175491,-20.861656820813423
2026-03-11 19:00:00,2026-03-11,19,2026,3,Wednesday,False,spring,weekday_spring,1268,56054,44.206624605678236,0.04281549515311782,54.29004785415339,39.99966275521444,-19.79378436654047
2026-03-11 20:00:00,2026-03-11,20,2026,3,Wednesday,False,spring,weekday_spring,1268,56054,44.206624605678236,0.02576850307230974,32.67446189568875,24.073794520254168,-15.92586823496027
2026-03-11 21:00:00,2026-03-11,21,2026,3,Wednesday,False,spring,weekday_spring,1268,56054,44.206624605678236,0.01392405600592833,17.655703015517123,13.008317255938444,-11.065477264315724
2026-03-11 22:00:00,2026-03-11,22,2026,3,Wednesday,False,spring,weekday_spring,1268,56054,44.206624605678236,0.006745970022307729,8.553889988286201,6.302310060507291,-6.706007195431153
2026-03-11 23:00:00,2026-03-11,23,2026,3,Wednesday,False,spring,weekday_spring,1268,56054,44.206624605678236,0.002927923888803023,3.7126074910022333,2.7353640943827444,-3.5669459661245466
2026-03-12 00:00:00,2026-03-12,0,2026,3,Thursday,False,spring,weekday_spring,1433,72847,50.835310537334266,0.0,0.0,0.0,0.0
2026-03-12 01:00:00,2026-03-12,1,2026,3,Thursday,False,spring,weekday_spring,1433,72847,50.835310537334266,0.0,0.0,0.0,0.0
2026-03-12 02:00:00,2026-03-12,2,2026,3,Thursday,False,spring,weekday_spring,1433,72847,50.835310537334266,0.0,0.0,0.0,0.0
2026-03-12 03:00:00,2026-03-12,3,2026,3,Thursday,False,spring,weekday_spring,1433,72847,50.835310537334266,0.0,0.0,0.0,0.0
2026-03-12 04:00:00,2026-03-12,4,2026,3,Thursday,False,spring,weekday_spring,1433,72847,50.835310537334266,0.0,0.0,0.0,0.0
2026-03-12 05:00:00,2026-03-12,5,2026,3,Thursday,False,spring,weekday_spring,1433,72847,50.835310537334266,0.0,0.0,0.0,0.0
2026-03-12 06:00:00,2026-03-12,6,2026,3,Thursday,False,spring,weekday_spring,1433,72847,50.835310537334266,0.005507750505037101,7.892606473718166,6.687051684007295,6.687051684007295
2026-03-12 07:00:00,2026-03-12,7,2026,3,Thursday,False,spring,weekday_spring,1433,72847,50.835310537334266,0.011601850447272223,16.625451690941095,14.085999992207327,7.3989483082000325
2026-03-12 08:00:00,2026-03-12,8,2026,3,Thursday,False,spring,weekday_spring,1433,72847,50.835310537334266,0.02174933161470366,31.166792203870344,26.406226002271957,12.32022601006463
2026-03-12 09:00:00,2026-03-12,9,2026,3,Thursday,False,spring,weekday_spring,1433,72847,50.835310537334266,0.03652180730446161,52.33574986729349,44.34173494513525,17.935508942863294
2026-03-12 10:00:00,2026-03-12,10,2026,3,Thursday,False,spring,weekday_spring,1433,72847,50.835310537334266,0.055348431965347666,79.31430300634321,67.19945372299469,22.85771877785944
2026-03-12 11:00:00,2026-03-12,11,2026,3,Thursday,False,spring,weekday_spring,1433,72847,50.835310537334266,0.07629107737965758,109.32511388504932,92.6262685645986,25.426814841603914
2026-03-12 12:00:00,2026-03-12,12,2026,3,Thursday,False,spring,weekday_spring,1433,72847,50.835310537334266,0.09629380937583702,137.98902883557446,116.91191886002666,24.285650295428056
2026-03-12 13:00:00,2026-03-12,13,2026,3,Thursday,False,spring,weekday_spring,1433,72847,50.835310537334266,0.11178739576326405,160.19133812875737,135.7229403194416,18.81102145941493
2026-03-12 14:00:00,2026-03-12,14,2026,3,Thursday,False,spring,weekday_spring,1433,72847,50.835310537334266,0.11949608654703643,171.2378920219032,145.0821902781994,9.3592499587578
2026-03-12 15:00:00,2026-03-12,15,2026,3,Thursday,False,spring,weekday_spring,1433,72847,50.835310537334266,0.11737996209096578,168.20548567635396,142.51296830734307,-2.5692219708563186
2026-03-12 16:00:00,2026-03-12,16,2026,3,Thursday,False,spring,weekday_spring,1433,72847,50.835310537334266,0.10550492493239515,151.18855742812224,128.09528777583648,-14.41768053150659
2026-03-12 17:00:00,2026-03-12,17,2026,3,Thursday,False,spring,weekday_spring,1433,72847,50.835310537334266,0.08633293318146966,123.71509324904602,104.818253057842,-23.277034717994482
2026-03-12 18:00:00,2026-03-12,18,2026,3,Thursday,False,spring,weekday_spring,1433,72847,50.835310537334266,0.06400269075008554,91.71585584487258,77.70673355119136,-27.111519506650637
2026-03-12 19:00:00,2026-03-12,19,2026,3,Thursday,False,spring,weekday_spring,1433,72847,50.835310537334266,0.04281549515311782,61.35460455441783,51.98300625698623,-25.723727294205133
2026-03-12 20:00:00,2026-03-12,20,2026,3,Thursday,False,spring,weekday_spring,1433,72847,50.835310537334266,0.02576850307230974,36.926264902619856,31.28596905514246,-20.69703720184377
2026-03-12 21:00:00,2026-03-12,21,2026,3,Thursday,False,spring,weekday_spring,1433,72847,50.835310537334266,0.01392405600592833,19.953172256495296,16.905428464397684,-14.380540590744776
2026-03-12 22:00:00,2026-03-12,22,2026,3,Thursday,False,spring,weekday_spring,1433,72847,50.835310537334266,0.006745970022307729,9.666975041966976,8.19039463691752,-8.715033827480164
2026-03-12 23:00:00,2026-03-12,23,2026,3,Thursday,False,spring,weekday_spring,1433,72847,50.835310537334266,0.002927923888803023,4.195714932654732,3.5548411921272303,-4.635553444790289
2026-03-13 00:00:00,2026-03-13,0,2026,3,Friday,False,spring,weekday_spring,1532,81634,53.28590078328982,0.0,0.0,0.0,0.0
2026-03-13 01:00:00,2026-03-13,1,2026,3,Friday,False,spring,weekday_spring,1532,81634,53.28590078328982,0.0,0.0,0.0,0.0
2026-03-13 02:00:00,2026-03-13,2,2026,3,Friday,False,spring,weekday_spring,1532,81634,53.28590078328982,0.0,0.0,0.0,0.0
2026-03-13 03:00:00,2026-03-13,3,2026,3,Friday,False,spring,weekday_spring,1532,81634,53.28590078328982,0.0,0.0,0.0,0.0
2026-03-13 04:00:00,2026-03-13,4,2026,3,Friday,False,spring,weekday_spring,1532,81634,53.28590078328982,0.0,0.0,0.0,0.0
2026-03-13 05:00:00,2026-03-13,5,2026,3,Friday,False,spring,weekday_spring,1532,81634,53.28590078328982,0.0,0.0,0.0,0.0
2026-03-13 06:00:00,2026-03-13,6,2026,3,Friday,False,spring,weekday_spring,1532,81634,53.28590078328982,0.005507750505037101,8.43787377371684,7.493661745469979,7.493661745469979
2026-03-13 07:00:00,2026-03-13,7,2026,3,Friday,False,spring,weekday_spring,1532,81634,53.28590078328982,0.011601850447272223,17.774034885221045,15.785090990210344,8.291429244740364
2026-03-13 08:00:00,2026-03-13,8,2026,3,Friday,False,spring,weekday_spring,1532,81634,53.28590078328982,0.02174933161470366,33.31997603372601,29.59141561724531,13.806324627034966
2026-03-13 09:00:00,2026-03-13,9,2026,3,Friday,False,spring,weekday_spring,1532,81634,53.28590078328982,0.03652180730446161,55.95140879043519,49.69035362487365,20.09893800762834
2026-03-13 10:00:00,2026-03-13,10,2026,3,Friday,False,spring,weekday_spring,1532,81634,53.28590078328982,0.055348431965347666,84.79379777091262,75.30523158431986,25.614877959446204
2026-03-13 11:00:00,2026-03-13,11,2026,3,Friday,False,spring,weekday_spring,1532,81634,53.28590078328982,0.07629107737965758,116.87793054563542,103.79909684684947,28.49386526252961
2026-03-13 12:00:00,2026-03-13,12,2026,3,Friday,False,spring,weekday_spring,1532,81634,53.28590078328982,0.09629380937583702,147.5221159637823,131.014147243118,27.215050396268538
2026-03-13 13:00:00,2026-03-13,13,2026,3,Friday,False,spring,weekday_spring,1532,81634,53.28590078328982,0.11178739576326405,171.25829030932053,152.09420442897164,21.080057185853633
2026-03-13 14:00:00,2026-03-13,14,2026,3,Friday,False,spring,weekday_spring,1532,81634,53.28590078328982,0.11949608654703643,183.06800459005981,162.58239215301288,10.48818772404124
2026-03-13 15:00:00,2026-03-13,15,2026,3,Friday,False,spring,weekday_spring,1532,81634,53.28590078328982,0.11737996209096578,179.82610192335957,159.70326375556502,-2.8791283974478574
2026-03-13 16:00:00,2026-03-13,16,2026,3,Friday,False,spring,weekday_spring,1532,81634,53.28590078328982,0.10550492493239515,161.63354499642938,143.5464840321858,-16.15677972337923
2026-03-13 17:00:00,2026-03-13,17,2026,3,Friday,False,spring,weekday_spring,1532,81634,53.28590078328982,0.08633293318146966,132.26205363401152,117.46171112226824,-26.084772909917547
2026-03-13 18:00:00,2026-03-13,18,2026,3,Friday,False,spring,weekday_spring,1532,81634,53.28590078328982,0.06400269075008554,98.05212222913104,87.07992761154138,-30.381783510726862
2026-03-13 19:00:00,2026-03-13,19,2026,3,Friday,False,spring,weekday_spring,1532,81634,53.28590078328982,0.04281549515311782,65.59333857457649,58.25333552216033,-28.82659208938105
2026-03-13 20:00:00,2026-03-13,20,2026,3,Friday,False,spring,weekday_spring,1532,81634,53.28590078328982,0.02576850307230974,39.47734670677852,35.05976633008222,-23.193569192078108
2026-03-13 21:00:00,2026-03-13,21,2026,3,Friday,False,spring,weekday_spring,1532,81634,53.28590078328982,0.01392405600592833,21.3316538010822,18.94460646646589,-16.11515986361633
2026-03-13 22:00:00,2026-03-13,22,2026,3,Friday,False,spring,weekday_spring,1532,81634,53.28590078328982,0.006745970022307729,10.33482607417544,9.178341946684485,-9.766264519781403
2026-03-13 23:00:00,2026-03-13,23,2026,3,Friday,False,spring,weekday_spring,1532,81634,53.28590078328982,0.002927923888803023,4.485579397646232,3.9836356456424338,-5.194706301042052
2026-03-14 00:00:00,2026-03-14,0,2026,3,Saturday,True,spring,weekend_spring,1723,146780,85.18862449216483,0.0,0.0,0.0,0.0
2026-03-14 01:00:00,2026-03-14,1,2026,3,Saturday,True,spring,weekend_spring,1723,146780,85.18862449216483,0.0,0.0,0.0,0.0
2026-03-14 02:00:00,2026-03-14,2,2026,3,Saturday,True,spring,weekend_spring,1723,146780,85.18862449216483,0.0,0.0,0.0,0.0
2026-03-14 03:00:00,2026-03-14,3,2026,3,Saturday,True,spring,weekend_spring,1723,146780,85.18862449216483,0.0,0.0,0.0,0.0
2026-03-14 04:00:00,2026-03-14,4,2026,3,Saturday,True,spring,weekend_spring,1723,146780,85.18862449216483,0.0,0.0,0.0,0.0
2026-03-14 05:00:00,2026-03-14,5,2026,3,Saturday,True,spring,weekend_spring,1723,146780,85.18862449216483,0.0,0.0,0.0,0.0
2026-03-14 06:00:00,2026-03-14,6,2026,3,Saturday,True,spring,weekend_spring,1723,146780,85.18862449216483,0.003124958554610079,5.384303589593166,5.384303589593166,5.384303589593166
2026-03-14 07:00:00,2026-03-14,7,2026,3,Saturday,True,spring,weekend_spring,1723,146780,85.18862449216483,0.006499133669432763,11.198007312432651,13.458394000267274,8.074090410674108
2026-03-14 08:00:00,2026-03-14,8,2026,3,Saturday,True,spring,weekend_spring,1723,146780,85.18862449216483,0.012268795332165587,21.139134357321307,25.840174378211007,12.381780377943732
2026-03-14 09:00:00,2026-03-14,9,2026,3,Saturday,True,spring,weekend_spring,1723,146780,85.18862449216483,0.021124621885501703,36.39772350871944,45.27215213231921,19.431977754108207
2026-03-14 10:00:00,2026-03-14,10,2026,3,Saturday,True,spring,weekend_spring,1723,146780,85.18862449216483,0.03336326631067533,57.48490785329359,72.76505101713983,27.49289888482061
2026-03-14 11:00:00,2026-03-14,11,2026,3,Saturday,True,spring,weekend_spring,1723,146780,85.18862449216483,0.048625833791660536,83.7823116230311,107.9150742544196,35.15002323727977
2026-03-14 12:00:00,2026-03-14,12,2026,3,Saturday,True,spring,weekend_spring,1723,146780,85.18862449216483,0.06577706802745244,113.33388821130055,148.506574653935,40.5915003995154
2026-03-14 13:00:00,2026-03-14,13,2026,3,Saturday,True,spring,weekend_spring,1723,146780,85.18862449216483,0.08295549724696458,142.93232175651997,190.51106762971057,42.00449297577558
2026-03-14 14:00:00,2026-03-14,14,2026,3,Saturday,True,spring,weekend_spring,1723,146780,85.18862449216483,0.09777773351488335,168.47103484614402,228.47551118811506,37.9644435584045
2026-03-14 15:00:00,2026-03-14,15,2026,3,Saturday,True,spring,weekend_spring,1723,146780,85.18862449216483,0.10771311477531428,185.5896967578665,256.3155906669655,27.840079478850413
2026-03-14 16:00:00,2026-03-14,16,2026,3,Saturday,True,spring,weekend_spring,1723,146780,85.18862449216483,0.11066434795693914,190.67467152980612,268.5871578839501,12.271567216984636
2026-03-14 17:00:00,2026-03-14,17,2026,3,Saturday,True,spring,weekend_spring,1723,146780,85.18862449216483,0.10566484958563452,182.06053583604827,262.1077475249009,-6.479410359049211
2026-03-14 18:00:00,2026-03-14,18,2026,3,Saturday,True,spring,weekend_spring,1723,146780,85.18862449216483,0.09338839880563206,160.90821114210405,237.33911900904636,-24.768628515854545
2026-03-14 19:00:00,2026-03-14,19,2026,3,Saturday,True,spring,weekend_spring,1723,146780,85.18862449216483,0.07610988889619584,131.13733856814542,198.68828037088596,-38.650838638160394
2026-03-14 20:00:00,2026-03-14,20,2026,3,Saturday,True,spring,weekend_spring,1723,146780,85.18862449216483,0.05701444931278634,98.23589616593087,153.28871580084586,-45.3995645700401
2026-03-14 21:00:00,2026-03-14,21,2026,3,Saturday,True,spring,weekend_spring,1723,146780,85.18862449216483,0.03916088272188717,67.47420092981159,108.7146525993937,-44.57406320145216
2026-03-14 22:00:00,2026-03-14,22,2026,3,Saturday,True,spring,weekend_spring,1723,146780,85.18862449216483,0.02461891880036562,42.41839709302997,70.74476892852834,-37.96988367086536
2026-03-14 23:00:00,2026-03-14,23,2026,3,Saturday,True,spring,weekend_spring,1723,146780,85.18862449216483,0.014148240811898577,24.37741891890125,42.18510351783239,-28.559665410695956
2026-03-15 00:00:00,2026-03-15,0,2026,3,Sunday,True,spring,weekend_spring,1450,138323,95.3951724137931,0.0,0.0,0.0,0.0
2026-03-15 01:00:00,2026-03-15,1,2026,3,Sunday,True,spring,weekend_spring,1450,138323,95.3951724137931,0.0,0.0,0.0,0.0
2026-03-15 02:00:00,2026-03-15,2,2026,3,Sunday,True,spring,weekend_spring,1450,138323,95.3951724137931,0.0,0.0,0.0,0.0
2026-03-15 03:00:00,2026-03-15,3,2026,3,Sunday,True,spring,weekend_spring,1450,138323,95.3951724137931,0.0,0.0,0.0,0.0
2026-03-15 04:00:00,2026-03-15,4,2026,3,Sunday,True,spring,weekend_spring,1450,138323,95.3951724137931,0.0,0.0,0.0,0.0
2026-03-15 05:00:00,2026-03-15,5,2026,3,Sunday,True,spring,weekend_spring,1450,138323,95.3951724137931,0.0,0.0,0.0,0.0
2026-03-15 06:00:00,2026-03-15,6,2026,3,Sunday,True,spring,weekend_spring,1450,138323,95.3951724137931,0.003124958554610079,4.531189904184615,4.531189904184615,4.531189904184615
2026-03-15 07:00:00,2026-03-15,7,2026,3,Sunday,True,spring,weekend_spring,1450,138323,95.3951724137931,0.006499133669432763,9.423743820677506,12.096781285648392,7.565591381463777
2026-03-15 08:00:00,2026-03-15,8,2026,3,Sunday,True,spring,weekend_spring,1450,138323,95.3951724137931,0.012268795332165587,17.789753231640102,23.3490038535784,11.252222567930007
2026-03-15 09:00:00,2026-03-15,9,2026,3,Sunday,True,spring,weekend_spring,1450,138323,95.3951724137931,0.021124621885501703,30.630701733977467,41.12522478118971,17.77622092761131
2026-03-15 10:00:00,2026-03-15,10,2026,3,Sunday,True,spring,weekend_spring,1450,138323,95.3951724137931,0.03336326631067533,48.376736150479225,66.44638563430595,25.321160853116247
2026-03-15 11:00:00,2026-03-15,11,2026,3,Sunday,True,spring,weekend_spring,1450,138323,95.3951724137931,0.048625833791660536,70.50745899790778,99.04584094562094,32.59945531131498
2026-03-15 12:00:00,2026-03-15,12,2026,3,Sunday,True,spring,weekend_spring,1450,138323,95.3951724137931,0.06577706802745244,95.37674863980604,136.97047643462926,37.924635489008324
2026-03-15 13:00:00,2026-03-15,13,2026,3,Sunday,True,spring,weekend_spring,1450,138323,95.3951724137931,0.08295549724696458,120.28547100809864,176.55007871431434,39.579602279685076
2026-03-15 14:00:00,2026-03-15,14,2026,3,Sunday,True,spring,weekend_spring,1450,138323,95.3951724137931,0.09777773351488335,141.77771359658087,212.7364633500136,36.186384635699255
2026-03-15 15:00:00,2026-03-15,15,2026,3,Sunday,True,spring,weekend_spring,1450,138323,95.3951724137931,0.10771311477531428,156.1840164242057,239.82146004394502,27.08499669393143
2026-03-15 16:00:00,2026-03-15,16,2026,3,Sunday,True,spring,weekend_spring,1450,138323,95.3951724137931,0.11066434795693914,160.46330453756175,252.599307697786,12.777847653840979
2026-03-15 17:00:00,2026-03-15,17,2026,3,Sunday,True,spring,weekend_spring,1450,138323,95.3951724137931,0.10566484958563452,153.21403189917004,247.8744707357365,-4.724836962049494
2026-03-15 18:00:00,2026-03-15,18,2026,3,Sunday,True,spring,weekend_spring,1450,138323,95.3951724137931,0.09338839880563206,135.4131782681665,225.79712952289185,-22.077341212844658
2026-03-15 19:00:00,2026-03-15,19,2026,3,Sunday,True,spring,weekend_spring,1450,138323,95.3951724137931,0.07610988889619584,110.35933889948397,190.2422187645082,-35.55491075838364
2026-03-15 20:00:00,2026-03-15,20,2026,3,Sunday,True,spring,weekend_spring,1450,138323,95.3951724137931,0.05701444931278634,82.6709515035402,147.77408196719784,-42.468136797310365
2026-03-15 21:00:00,2026-03-15,21,2026,3,Sunday,True,spring,weekend_spring,1450,138323,95.3951724137931,0.03916088272188717,56.78327994673639,105.55248964807195,-42.22159231912589
2026-03-15 22:00:00,2026-03-15,22,2026,3,Sunday,True,spring,weekend_spring,1450,138323,95.3951724137931,0.02461891880036562,35.69743226053015,69.19499865945374,-36.35749098861821
2026-03-15 23:00:00,2026-03-15,23,2026,3,Sunday,True,spring,weekend_spring,1450,138323,95.3951724137931,0.014148240811898577,20.514949177252937,41.57356200377235,-27.621436655681393
2026-03-16 00:00:00,2026-03-16,0,2026,3,Monday,False,spring,weekday_spring,1417,66487,46.92095977417078,0.0,0.0,0.0,0.0
2026-03-16 01:00:00,2026-03-16,1,2026,3,Monday,False,spring,weekday_spring,1417,66487,46.92095977417078,0.0,0.0,0.0,0.0
2026-03-16 02:00:00,2026-03-16,2,2026,3,Monday,False,spring,weekday_spring,1417,66487,46.92095977417078,0.0,0.0,0.0,0.0
2026-03-16 03:00:00,2026-03-16,3,2026,3,Monday,False,spring,weekday_spring,1417,66487,46.92095977417078,0.0,0.0,0.0,0.0
2026-03-16 04:00:00,2026-03-16,4,2026,3,Monday,False,spring,weekday_spring,1417,66487,46.92095977417078,0.0,0.0,0.0,0.0
2026-03-16 05:00:00,2026-03-16,5,2026,3,Monday,False,spring,weekday_spring,1417,66487,46.92095977417078,0.0,0.0,0.0,0.0
2026-03-16 06:00:00,2026-03-16,6,2026,3,Monday,False,spring,weekday_spring,1417,66487,46.92095977417078,0.005507750505037101,7.804482465637572,6.103230130473362,6.103230130473362
2026-03-16 07:00:00,2026-03-16,7,2026,3,Monday,False,spring,weekday_spring,1417,66487,46.92095977417078,0.011601850447272223,16.43982208378474,12.856203844796472,6.75297371432311
2026-03-16 08:00:00,2026-03-16,8,2026,3,Monday,False,spring,weekday_spring,1417,66487,46.92095977417078,0.02174933161470366,30.818802898035084,24.10079685111337,11.244593006316897
2026-03-16 09:00:00,2026-03-16,9,2026,3,Monday,False,spring,weekday_spring,1417,66487,46.92095977417078,0.03652180730446161,51.7514009504221,40.470423370862314,16.369626519748945
2026-03-16 10:00:00,2026-03-16,10,2026,3,Monday,False,spring,weekday_spring,1417,66487,46.92095977417078,0.055348431965347666,78.42872809489765,61.33251993466784,20.86209656380553
2026-03-16 11:00:00,2026-03-16,11,2026,3,Monday,False,spring,weekday_spring,1417,66487,46.92095977417078,0.07629107737965758,108.1044566469748,84.53941436235489,23.206894427687047
2026-03-16 12:00:00,2026-03-16,12,2026,3,Monday,False,spring,weekday_spring,1417,66487,46.92095977417078,0.09629380937583702,136.44832788556107,106.70477506618793,22.165360703833045
2026-03-16 13:00:00,2026-03-16,13,2026,3,Monday,False,spring,weekday_spring,1417,66487,46.92095977417078,0.11178739576326405,158.40273979654515,123.8734763685356,17.16870130234767
2026-03-16 14:00:00,2026-03-16,14,2026,3,Monday,False,spring,weekday_spring,1417,66487,46.92095977417078,0.11949608654703643,169.32595463715063,132.4156051042135,8.542128735677906
2026-03-16 15:00:00,2026-03-16,15,2026,3,Monday,False,spring,weekday_spring,1417,66487,46.92095977417078,0.11737996209096578,166.32740628289852,130.0706923257007,-2.344912778512821
2026-03-16 16:00:00,2026-03-16,16,2026,3,Monday,False,spring,weekday_spring,1417,66487,46.92095977417078,0.10550492493239515,149.5004786292039,116.91176573300258,-13.158926592698108
2026-03-16 17:00:00,2026-03-16,17,2026,3,Monday,False,spring,weekday_spring,1417,66487,46.92095977417078,0.08633293318146966,122.33376631814251,95.66696214060622,-21.244803592396366
2026-03-16 18:00:00,2026-03-16,18,2026,3,Monday,False,spring,weekday_spring,1417,66487,46.92095977417078,0.06400269075008554,90.6918127928712,70.92244833168228,-24.74451380892394
2026-03-16 19:00:00,2026-03-16,19,2026,3,Monday,False,spring,weekday_spring,1417,66487,46.92095977417078,0.04281549515311782,60.66955663196795,47.444563770755735,-23.47788456092654
2026-03-16 20:00:00,2026-03-16,20,2026,3,Monday,False,spring,weekday_spring,1417,66487,46.92095977417078,0.02576850307230974,36.5139688534629,28.554507729477624,-18.89005604127811
2026-03-16 21:00:00,2026-03-16,21,2026,3,Monday,False,spring,weekday_spring,1417,66487,46.92095977417078,0.01392405600592833,19.730387360400442,15.429478527769279,-13.125029201708346
2026-03-16 22:00:00,2026-03-16,22,2026,3,Monday,False,spring,weekday_spring,1417,66487,46.92095977417078,0.006745970022307729,9.559039521610051,7.475321814552899,-7.9541567132163795
2026-03-16 23:00:00,2026-03-16,23,2026,3,Monday,False,spring,weekday_spring,1417,66487,46.92095977417078,0.002927923888803023,4.148868150433884,3.24448125991411,-4.230840554638789
2026-03-17 00:00:00,2026-03-17,0,2026,3,Tuesday,False,spring,weekday_spring,1381,62555,45.29688631426502,0.0,0.0,0.0,0.0
2026-03-17 01:00:00,2026-03-17,1,2026,3,Tuesday,False,spring,weekday_spring,1381,62555,45.29688631426502,0.0,0.0,0.0,0.0
2026-03-17 02:00:00,2026-03-17,2,2026,3,Tuesday,False,spring,weekday_spring,1381,62555,45.29688631426502,0.0,0.0,0.0,0.0
2026-03-17 03:00:00,2026-03-17,3,2026,3,Tuesday,False,spring,weekday_spring,1381,62555,45.29688631426502,0.0,0.0,0.0,0.0
2026-03-17 04:00:00,2026-03-17,4,2026,3,Tuesday,False,spring,weekday_spring,1381,62555,45.29688631426502,0.0,0.0,0.0,0.0
2026-03-17 05:00:00,2026-03-17,5,2026,3,Tuesday,False,spring,weekday_spring,1381,62555,45.29688631426502,0.0,0.0,0.0,0.0
2026-03-17 06:00:00,2026-03-17,6,2026,3,Tuesday,False,spring,weekday_spring,1381,62555,45.29688631426502,0.005507750505037101,7.606203447456236,5.74228888070993,5.74228888070993
2026-03-17 07:00:00,2026-03-17,7,2026,3,Tuesday,False,spring,weekday_spring,1381,62555,45.29688631426502,0.011601850447272223,16.02215546768294,12.095895912151898,6.3536070314419675
2026-03-17 08:00:00,2026-03-17,8,2026,3,Tuesday,False,spring,weekday_spring,1381,62555,45.29688631426502,0.02174933161470366,30.035826959905755,22.67549065262979,10.579594740477893
2026-03-17 09:00:00,2026-03-17,9,2026,3,Tuesday,False,spring,weekday_spring,1381,62555,45.29688631426502,0.03652180730446161,50.436615887461485,38.077027598843266,15.401536946213476
2026-03-17 10:00:00,2026-03-17,10,2026,3,Tuesday,False,spring,weekday_spring,1381,62555,45.29688631426502,0.055348431965347666,76.43618454414512,57.70535269320538,19.62832509436211
2026-03-17 11:00:00,2026-03-17,11,2026,3,Tuesday,False,spring,weekday_spring,1381,62555,45.29688631426502,0.07629107737965758,105.35797786130712,79.53980575807466,21.834453064869287
2026-03-17 12:00:00,2026-03-17,12,2026,3,Tuesday,False,spring,weekday_spring,1381,62555,45.29688631426502,0.09629380937583702,132.98175074803092,100.39432075842473,20.854515000350062
2026-03-17 13:00:00,2026-03-17,13,2026,3,Tuesday,False,spring,weekday_spring,1381,62555,45.29688631426502,0.11178739576326405,154.37839354906765,116.54767569951636,16.153354941091635
2026-03-17 14:00:00,2026-03-17,14,2026,3,Tuesday,False,spring,weekday_spring,1381,62555,45.29688631426502,0.11949608654703643,165.0240955214573,124.5846282324977,8.036952532981346
2026-03-17 15:00:00,2026-03-17,15,2026,3,Tuesday,False,spring,weekday_spring,1381,62555,45.29688631426502,0.11737996209096578,162.10172764762373,122.37839214333938,-2.206236089158324
2026-03-17 16:00:00,2026-03-17,16,2026,3,Tuesday,False,spring,weekday_spring,1381,62555,45.29688631426502,0.10550492493239515,145.7023013316377,109.99767631909963,-12.380715824239758
2026-03-17 17:00:00,2026-03-17,17,2026,3,Tuesday,False,spring,weekday_spring,1381,62555,45.29688631426502,0.08633293318146966,119.2257807236096,90.00927725278056,-19.98839906631906
2026-03-17 18:00:00,2026-03-17,18,2026,3,Tuesday,False,spring,weekday_spring,1381,62555,45.29688631426502,0.06400269075008554,88.38771592586812,66.72813866452667,-23.281138588253896
2026-03-17 19:00:00,2026-03-17,19,2026,3,Tuesday,False,spring,weekday_spring,1381,62555,45.29688631426502,0.04281549515311782,59.12819880645571,44.638721655054745,-22.089417009471923
2026-03-17 20:00:00,2026-03-17,20,2026,3,Tuesday,False,spring,weekday_spring,1381,62555,45.29688631426502,0.02576850307230974,35.58630274285975,26.865811828138927,-17.772909826915818
2026-03-17 21:00:00,2026-03-17,21,2026,3,Tuesday,False,spring,weekday_spring,1381,62555,45.29688631426502,0.01392405600592833,19.229121344187025,14.516988724180777,-12.34882310395815
2026-03-17 22:00:00,2026-03-17,22,2026,3,Tuesday,False,spring,weekday_spring,1381,62555,45.29688631426502,0.006745970022307729,9.316184600806974,7.033235912424333,-7.483752811756444
2026-03-17 23:00:00,2026-03-17,23,2026,3,Tuesday,False,spring,weekday_spring,1381,62555,45.29688631426502,0.002927923888803023,4.043462890436975,3.0526046477345514,-3.9806312646897815
2026-03-18 00:00:00,2026-03-18,0,2026,3,Wednesday,False,spring,weekday_spring,1345,51645,38.39776951672862,0.0,0.0,0.0,0.0
2026-03-18 01:00:00,2026-03-18,1,2026,3,Wednesday,False,spring,weekday_spring,1345,51645,38.39776951672862,0.0,0.0,0.0,0.0
2026-03-18 02:00:00,2026-03-18,2,2026,3,Wednesday,False,spring,weekday_spring,1345,51645,38.39776951672862,0.0,0.0,0.0,0.0
2026-03-18 03:00:00,2026-03-18,3,2026,3,Wednesday,False,spring,weekday_spring,1345,51645,38.39776951672862,0.0,0.0,0.0,0.0
2026-03-18 04:00:00,2026-03-18,4,2026,3,Wednesday,False,spring,weekday_spring,1345,51645,38.39776951672862,0.0,0.0,0.0,0.0
2026-03-18 05:00:00,2026-03-18,5,2026,3,Wednesday,False,spring,weekday_spring,1345,51645,38.39776951672862,0.0,0.0,0.0,0.0
2026-03-18 06:00:00,2026-03-18,6,2026,3,Wednesday,False,spring,weekday_spring,1345,51645,38.39776951672862,0.005507750505037101,7.407924429274901,4.740796247210685,4.740796247210685
2026-03-18 07:00:00,2026-03-18,7,2026,3,Wednesday,False,spring,weekday_spring,1345,51645,38.39776951672862,0.011601850447272223,15.60448885158114,9.986292772489566,5.245496525278881
2026-03-18 08:00:00,2026-03-18,8,2026,3,Wednesday,False,spring,weekday_spring,1345,51645,38.39776951672862,0.02174933161470366,29.252851021776422,18.720737187356175,8.734444414866608
2026-03-18 09:00:00,2026-03-18,9,2026,3,Wednesday,False,spring,weekday_spring,1345,51645,38.39776951672862,0.03652180730446161,49.12183082450087,31.436145637315335,12.71540844995916
2026-03-18 10:00:00,2026-03-18,10,2026,3,Wednesday,False,spring,weekday_spring,1345,51645,38.39776951672862,0.055348431965347666,74.4436409933926,47.641162814173,16.205017176857666
2026-03-18 11:00:00,2026-03-18,11,2026,3,Wednesday,False,spring,weekday_spring,1345,51645,38.39776951672862,0.07629107737965758,102.61149907563944,65.66754485454027,18.026382040367267
2026-03-18 12:00:00,2026-03-18,12,2026,3,Wednesday,False,spring,weekday_spring,1345,51645,38.39776951672862,0.09629380937583702,129.5151736105008,82.88489642025172,17.217351565711454
2026-03-18 13:00:00,2026-03-18,13,2026,3,Wednesday,False,spring,weekday_spring,1345,51645,38.39776951672862,0.11178739576326405,150.35404730159016,96.22100090322954,13.336104482977817
2026-03-18 14:00:00,2026-03-18,14,2026,3,Wednesday,False,spring,weekday_spring,1345,51645,38.39776951672862,0.11949608654703643,160.722236405764,102.8562564953616,6.635255592132069
2026-03-18 15:00:00,2026-03-18,15,2026,3,Wednesday,False,spring,weekday_spring,1345,51645,38.39776951672862,0.11737996209096578,157.87604901234897,101.0348023697988,-1.8214541255628092
2026-03-18 16:00:00,2026-03-18,16,2026,3,Wednesday,False,spring,weekday_spring,1345,51645,38.39776951672862,0.10550492493239515,141.9041240340715,90.81336413555914,-10.221438234239656
2026-03-18 17:00:00,2026-03-18,17,2026,3,Wednesday,False,spring,weekday_spring,1345,51645,38.39776951672862,0.08633293318146966,116.1177951290767,74.31107223595002,-16.50229189960912
2026-03-18 18:00:00,2026-03-18,18,2026,3,Wednesday,False,spring,weekday_spring,1345,51645,38.39776951672862,0.06400269075008554,86.08361905886504,55.09031606313612,-19.2207561728139
2026-03-18 19:00:00,2026-03-18,19,2026,3,Wednesday,False,spring,weekday_spring,1345,51645,38.39776951672862,0.04281549515311782,57.586840980943464,36.85343745304616,-18.23687861008996
2026-03-18 20:00:00,2026-03-18,20,2026,3,Wednesday,False,spring,weekday_spring,1345,51645,38.39776951672862,0.02576850307230974,34.6586366322566,22.18023901949061,-14.673198433555552
2026-03-18 21:00:00,2026-03-18,21,2026,3,Wednesday,False,spring,weekday_spring,1345,51645,38.39776951672862,0.01392405600592833,18.727855327973604,11.98513120710281,-10.1951078123878
2026-03-18 22:00:00,2026-03-18,22,2026,3,Wednesday,False,spring,weekday_spring,1345,51645,38.39776951672862,0.006745970022307729,9.073329680003896,5.806593696701379,-6.178537510401432
2026-03-18 23:00:00,2026-03-18,23,2026,3,Wednesday,False,spring,weekday_spring,1345,51645,38.39776951672862,0.002927923888803023,3.938057630440066,2.520210487287202,-3.2863832094141765
2026-03-19 00:00:00,2026-03-19,0,2026,3,Thursday,False,spring,weekday_spring,1670,85156,50.99161676646707,0.0,0.0,0.0,0.0
2026-03-19 01:00:00,2026-03-19,1,2026,3,Thursday,False,spring,weekday_spring,1670,85156,50.99161676646707,0.0,0.0,0.0,0.0
2026-03-19 02:00:00,2026-03-19,2,2026,3,Thursday,False,spring,weekday_spring,1670,85156,50.99161676646707,0.0,0.0,0.0,0.0
2026-03-19 03:00:00,2026-03-19,3,2026,3,Thursday,False,spring,weekday_spring,1670,85156,50.99161676646707,0.0,0.0,0.0,0.0
2026-03-19 04:00:00,2026-03-19,4,2026,3,Thursday,False,spring,weekday_spring,1670,85156,50.99161676646707,0.0,0.0,0.0,0.0
2026-03-19 05:00:00,2026-03-19,5,2026,3,Thursday,False,spring,weekday_spring,1670,85156,50.99161676646707,0.0,0.0,0.0,0.0
2026-03-19 06:00:00,2026-03-19,6,2026,3,Thursday,False,spring,weekday_spring,1670,85156,50.99161676646707,0.005507750505037101,9.197943343411959,7.816966700115656,7.816966700115656
2026-03-19 07:00:00,2026-03-19,7,2026,3,Thursday,False,spring,weekday_spring,1670,85156,50.99161676646707,0.011601850447272223,19.375090246944612,16.466119611465224,8.649152911349567
2026-03-19 08:00:00,2026-03-19,8,2026,3,Thursday,False,spring,weekday_spring,1670,85156,50.99161676646707,0.02174933161470366,36.32138379655511,30.868101383028414,14.40198177156319
2026-03-19 09:00:00,2026-03-19,9,2026,3,Thursday,False,spring,weekday_spring,1670,85156,50.99161676646707,0.03652180730446161,60.991418198450894,51.83418371364555,20.966082330617137
2026-03-19 10:00:00,2026-03-19,10,2026,3,Thursday,False,spring,weekday_spring,1670,85156,50.99161676646707,0.055348431965347666,92.4318813821306,78.55418454068575,26.720000827040202
2026-03-19 11:00:00,2026-03-19,11,2026,3,Thursday,False,spring,weekday_spring,1670,85156,50.99161676646707,0.07629107737965758,127.40609922402817,108.27738308903535,29.7231985483496
2026-03-19 12:00:00,2026-03-19,12,2026,3,Thursday,False,spring,weekday_spring,1670,85156,50.99161676646707,0.09629380937583702,160.8106616576478,136.6665938534796,28.389210764444258
2026-03-19 13:00:00,2026-03-19,13,2026,3,Thursday,False,spring,weekday_spring,1670,85156,50.99161676646707,0.11178739576326405,186.68495092465096,158.65612456027523,21.98953070679562
2026-03-19 14:00:00,2026-03-19,14,2026,3,Thursday,False,spring,weekday_spring,1670,85156,50.99161676646707,0.11949608654703643,199.55846453355085,169.59681243332392,10.940687873048688
2026-03-19 15:00:00,2026-03-19,15,2026,3,Thursday,False,spring,weekday_spring,1670,85156,50.99161676646707,0.11737996209096578,196.02453669191286,166.5934675303047,-3.0033449030192116
2026-03-19 16:00:00,2026-03-19,16,2026,3,Thursday,False,spring,weekday_spring,1670,85156,50.99161676646707,0.10550492493239515,176.1932246370999,149.73962312571734,-16.853844404587363
2026-03-19 17:00:00,2026-03-19,17,2026,3,Thursday,False,spring,weekday_spring,1670,85156,50.99161676646707,0.08633293318146966,144.17599841305434,122.52945430002052,-27.210168825696826
2026-03-19 18:00:00,2026-03-19,18,2026,3,Thursday,False,spring,weekday_spring,1670,85156,50.99161676646707,0.06400269075008554,106.88449355264285,90.8368855585714,-31.692568741449122
2026-03-19 19:00:00,2026-03-19,19,2026,3,Thursday,False,spring,weekday_spring,1670,85156,50.99161676646707,0.04281549515311782,71.50187690570675,60.766605087648344,-30.070280470923052
2026-03-19 20:00:00,2026-03-19,20,2026,3,Thursday,False,spring,weekday_spring,1670,85156,50.99161676646707,0.02576850307230974,43.033400130757265,36.5723774604268,-24.194227627221544
2026-03-19 21:00:00,2026-03-19,21,2026,3,Thursday,False,spring,weekday_spring,1670,85156,50.99161676646707,0.01392405600592833,23.25317352990031,19.76194855401388,-16.81042890641292
2026-03-19 22:00:00,2026-03-19,22,2026,3,Thursday,False,spring,weekday_spring,1670,85156,50.99161676646707,0.006745970022307729,11.265769937253907,9.57433038699395,-10.18761816701993
2026-03-19 23:00:00,2026-03-19,23,2026,3,Thursday,False,spring,weekday_spring,1670,85156,50.99161676646707,0.002927923888803023,4.889632894301049,4.155504777915171,-5.4188256090787785
2026-03-20 00:00:00,2026-03-20,0,2026,3,Friday,False,spring,weekday_spring,1725,96642,56.02434782608696,0.0,0.0,0.0,0.0
2026-03-20 01:00:00,2026-03-20,1,2026,3,Friday,False,spring,weekday_spring,1725,96642,56.02434782608696,0.0,0.0,0.0,0.0
2026-03-20 02:00:00,2026-03-20,2,2026,3,Friday,False,spring,weekday_spring,1725,96642,56.02434782608696,0.0,0.0,0.0,0.0
2026-03-20 03:00:00,2026-03-20,3,2026,3,Friday,False,spring,weekday_spring,1725,96642,56.02434782608696,0.0,0.0,0.0,0.0
2026-03-20 04:00:00,2026-03-20,4,2026,3,Friday,False,spring,weekday_spring,1725,96642,56.02434782608696,0.0,0.0,0.0,0.0
2026-03-20 05:00:00,2026-03-20,5,2026,3,Friday,False,spring,weekday_spring,1725,96642,56.02434782608696,0.0,0.0,0.0,0.0
2026-03-20 06:00:00,2026-03-20,6,2026,3,Friday,False,spring,weekday_spring,1725,96642,56.02434782608696,0.005507750505037101,9.500869621188999,8.871333738463258,8.871333738463258
2026-03-20 07:00:00,2026-03-20,7,2026,3,Friday,False,spring,weekday_spring,1725,96642,56.02434782608696,0.011601850447272223,20.013192021544583,18.687100515421367,9.815766776958109
2026-03-20 08:00:00,2026-03-20,8,2026,3,Friday,False,spring,weekday_spring,1725,96642,56.02434782608696,0.02174933161470366,37.51759703536381,35.031648431803184,16.344547916381817
2026-03-20 09:00:00,2026-03-20,9,2026,3,Friday,False,spring,weekday_spring,1725,96642,56.02434782608696,0.03652180730446161,63.00011760019628,58.82567502529632,23.794026593493136
2026-03-20 10:00:00,2026-03-20,10,2026,3,Friday,False,spring,weekday_spring,1725,96642,56.02434782608696,0.055348431965347666,95.47604514022473,89.14971936658549,30.324044341289166
2026-03-20 11:00:00,2026-03-20,11,2026,3,Friday,False,spring,weekday_spring,1725,96642,56.02434782608696,0.07629107737965758,131.60210847990933,122.88203833541448,33.73231896882899
2026-03-20 12:00:00,2026-03-20,12,2026,3,Friday,False,spring,weekday_spring,1725,96642,56.02434782608696,0.09629380937583702,166.10682117331888,155.1004387616607,32.218400426246234
2026-03-20 13:00:00,2026-03-20,13,2026,3,Friday,False,spring,weekday_spring,1725,96642,56.02434782608696,0.11178739576326405,192.83325769163048,180.0559583558894,24.95551959422869
2026-03-20 14:00:00,2026-03-20,14,2026,3,Friday,False,spring,weekday_spring,1725,96642,56.02434782608696,0.11949608654703643,206.13074929363785,192.47234660131159,12.416388245422183
2026-03-20 15:00:00,2026-03-20,15,2026,3,Friday,False,spring,weekday_spring,1725,96642,56.02434782608696,0.11737996209096578,202.48043460691596,189.0639049399186,-3.408441661392999
2026-03-20 16:00:00,2026-03-20,16,2026,3,Friday,False,spring,weekday_spring,1725,96642,56.02434782608696,0.10550492493239515,181.99599550838164,169.93678258860888,-19.12712235130971
2026-03-20 17:00:00,2026-03-20,17,2026,3,Friday,False,spring,weekday_spring,1725,96642,56.02434782608696,0.08633293318146966,148.92430973803516,139.0564554753932,-30.880327113215685
2026-03-20 18:00:00,2026-03-20,18,2026,3,Friday,False,spring,weekday_spring,1725,96642,56.02434782608696,0.06400269075008554,110.40464154389755,103.08913399116278,-35.96732148423041
2026-03-20 19:00:00,2026-03-20,19,2026,3,Friday,False,spring,weekday_spring,1725,96642,56.02434782608696,0.04281549515311782,73.85672913912823,68.96291804312686,-34.12621594803592
2026-03-20 20:00:00,2026-03-20,20,2026,3,Friday,False,spring,weekday_spring,1725,96642,56.02434782608696,0.02576850307230974,44.4506677997343,41.5053278985693,-27.457590144557564
2026-03-20 21:00:00,2026-03-20,21,2026,3,Friday,False,spring,weekday_spring,1725,96642,56.02434782608696,0.01392405600592833,24.01899661022637,22.427477008748763,-19.077850889820535
2026-03-20 22:00:00,2026-03-20,22,2026,3,Friday,False,spring,weekday_spring,1725,96642,56.02434782608696,0.006745970022307729,11.636798288480833,10.86573391493106,-11.561743093817704
2026-03-20 23:00:00,2026-03-20,23,2026,3,Friday,False,spring,weekday_spring,1725,96642,56.02434782608696,0.002927923888803023,5.050668708185215,4.71600700769503,-6.14972690723603
2026-03-21 00:00:00,2026-03-21,0,2026,3,Saturday,True,spring,weekend_spring,1990,191588,96.27537688442212,0.0,0.0,0.0,0.0
2026-03-21 01:00:00,2026-03-21,1,2026,3,Saturday,True,spring,weekend_spring,1990,191588,96.27537688442212,0.0,0.0,0.0,0.0
2026-03-21 02:00:00,2026-03-21,2,2026,3,Saturday,True,spring,weekend_spring,1990,191588,96.27537688442212,0.0,0.0,0.0,0.0
2026-03-21 03:00:00,2026-03-21,3,2026,3,Saturday,True,spring,weekend_spring,1990,191588,96.27537688442212,0.0,0.0,0.0,0.0
2026-03-21 04:00:00,2026-03-21,4,2026,3,Saturday,True,spring,weekend_spring,1990,191588,96.27537688442212,0.0,0.0,0.0,0.0
2026-03-21 05:00:00,2026-03-21,5,2026,3,Saturday,True,spring,weekend_spring,1990,191588,96.27537688442212,0.0,0.0,0.0,0.0
2026-03-21 06:00:00,2026-03-21,6,2026,3,Saturday,True,spring,weekend_spring,1990,191588,96.27537688442212,0.003124958554610079,6.218667523674057,6.218667523674057,6.218667523674057
2026-03-21 07:00:00,2026-03-21,7,2026,3,Saturday,True,spring,weekend_spring,1990,191588,96.27537688442212,0.006499133669432763,12.9332760021712,16.69301780450774,10.474350280833683
2026-03-21 08:00:00,2026-03-21,8,2026,3,Saturday,True,spring,weekend_spring,1990,191588,96.27537688442212,0.012268795332165587,24.414902711009518,32.234227066493055,15.541209261985315
2026-03-21 09:00:00,2026-03-21,9,2026,3,Saturday,True,spring,weekend_spring,1990,191588,96.27537688442212,0.021124621885501703,42.03799755214839,56.79899417612121,24.564767109628157
2026-03-21 10:00:00,2026-03-21,10,2026,3,Saturday,True,spring,weekend_spring,1990,191588,96.27537688442212,0.03336326631067533,66.3928999582439,91.80863670275386,35.009642526632646
2026-03-21 11:00:00,2026-03-21,11,2026,3,Saturday,True,spring,weekend_spring,1990,191588,96.27537688442212,0.048625833791660536,96.76540924540447,136.905867052655,45.09723034990114
2026-03-21 12:00:00,2026-03-21,12,2026,3,Saturday,True,spring,weekend_spring,1990,191588,96.27537688442212,0.06577706802745244,130.89636537463036,189.39972687050357,52.49385981784857
2026-03-21 13:00:00,2026-03-21,13,2026,3,Saturday,True,spring,weekend_spring,1990,191588,96.27537688442212,0.08295549724696458,165.08143952145952,244.22002263422183,54.82029576371826
2026-03-21 14:00:00,2026-03-21,14,2026,3,Saturday,True,spring,weekend_spring,1990,191588,96.27537688442212,0.09777773351488335,194.57768969461787,294.38421361568254,50.164190981460706
2026-03-21 15:00:00,2026-03-21,15,2026,3,Saturday,True,spring,weekend_spring,1990,191588,96.27537688442212,0.10771311477531428,214.34909840287543,331.9887488524154,37.604535236732886
2026-03-21 16:00:00,2026-03-21,16,2026,3,Saturday,True,spring,weekend_spring,1990,191588,96.27537688442212,0.11066434795693914,220.2220524343089,349.8152912576487,17.826542405233283
2026-03-21 17:00:00,2026-03-21,17,2026,3,Saturday,True,spring,weekend_spring,1990,191588,96.27537688442212,0.10566484958563452,210.2730506754127,343.4170165140048,-6.398274743643924
2026-03-21 18:00:00,2026-03-21,18,2026,3,Saturday,True,spring,weekend_spring,1990,191588,96.27537688442212,0.09338839880563206,185.8429136232078,312.9718163213376,-30.445200192667187
2026-03-21 19:00:00,2026-03-21,19,2026,3,Saturday,True,spring,weekend_spring,1990,191588,96.27537688442212,0.07610988889619584,151.45867890342973,263.81737445311256,-49.154441868225035
2026-03-21 20:00:00,2026-03-21,20,2026,3,Saturday,True,spring,weekend_spring,1990,191588,96.27537688442212,0.05701444931278634,113.45875413244482,205.0290984597546,-58.788275993357956
2026-03-21 21:00:00,2026-03-21,21,2026,3,Saturday,True,spring,weekend_spring,1990,191588,96.27537688442212,0.03916088272188717,77.93015661655546,146.5261410664125,-58.502957393342115
2026-03-21 22:00:00,2026-03-21,22,2026,3,Saturday,True,spring,weekend_spring,1990,191588,96.27537688442212,0.02461891880036562,48.991648412727585,96.10741177818744,-50.41872928822505
2026-03-21 23:00:00,2026-03-21,23,2026,3,Saturday,True,spring,weekend_spring,1990,191588,96.27537688442212,0.014148240811898577,28.15499921567817,57.77484105502474,-38.3325707231627
2026-03-22 00:00:00,2026-03-22,0,2026,3,Sunday,True,spring,weekend_spring,2321,228988,98.65919862128393,0.0,0.0,0.0,0.0
2026-03-22 01:00:00,2026-03-22,1,2026,3,Sunday,True,spring,weekend_spring,2321,228988,98.65919862128393,0.0,0.0,0.0,0.0
2026-03-22 02:00:00,2026-03-22,2,2026,3,Sunday,True,spring,weekend_spring,2321,228988,98.65919862128393,0.0,0.0,0.0,0.0
2026-03-22 03:00:00,2026-03-22,3,2026,3,Sunday,True,spring,weekend_spring,2321,228988,98.65919862128393,0.0,0.0,0.0,0.0
2026-03-22 04:00:00,2026-03-22,4,2026,3,Sunday,True,spring,weekend_spring,2321,228988,98.65919862128393,0.0,0.0,0.0,0.0
2026-03-22 05:00:00,2026-03-22,5,2026,3,Sunday,True,spring,weekend_spring,2321,228988,98.65919862128393,0.0,0.0,0.0,0.0
2026-03-22 06:00:00,2026-03-22,6,2026,3,Sunday,True,spring,weekend_spring,2321,228988,98.65919862128393,0.003124958554610079,7.253028805249993,7.253028805249993,7.253028805249993
2026-03-22 07:00:00,2026-03-22,7,2026,3,Sunday,True,spring,weekend_spring,2321,228988,98.65919862128393,0.006499133669432763,15.084489246753444,19.757760599887664,12.50473179463767
2026-03-22 08:00:00,2026-03-22,8,2026,3,Sunday,True,spring,weekend_spring,2321,228988,98.65919862128393,0.012268795332165587,28.47587396595633,38.195111730804044,18.43735113091638
2026-03-22 09:00:00,2026-03-22,9,2026,3,Sunday,True,spring,weekend_spring,2321,228988,98.65919862128393,0.021124621885501703,49.03024739624945,67.37782185565868,29.182710124854637
2026-03-22 10:00:00,2026-03-22,10,2026,3,Sunday,True,spring,weekend_spring,2321,228988,98.65919862128393,0.03336326631067533,77.43614110707743,109.02730898278239,41.649487127123706
2026-03-22 11:00:00,2026-03-22,11,2026,3,Sunday,True,spring,weekend_spring,2321,228988,98.65919862128393,0.048625833791660536,112.86056023044411,162.75421288918204,53.726903906399656
2026-03-22 12:00:00,2026-03-22,12,2026,3,Sunday,True,spring,weekend_spring,2321,228988,98.65919862128393,0.06577706802745244,152.6685748917171,225.38688846601906,62.632675576837016
2026-03-22 13:00:00,2026-03-22,13,2026,3,Sunday,True,spring,weekend_spring,2321,228988,98.65919862128393,0.08295549724696458,192.5397091102048,290.90712177632565,65.5202333103066
2026-03-22 14:00:00,2026-03-22,14,2026,3,Sunday,True,spring,weekend_spring,2321,228988,98.65919862128393,0.09777773351488335,226.94211948804426,350.9993004376382,60.09217866131257
2026-03-22 15:00:00,2026-03-22,15,2026,3,Sunday,True,spring,weekend_spring,2321,228988,98.65919862128393,0.10771311477531428,250.00213939350445,396.22548060722875,45.22618016959052
2026-03-22 16:00:00,2026-03-22,16,2026,3,Sunday,True,spring,weekend_spring,2321,228988,98.65919862128393,0.11066434795693914,256.85195160805574,417.9333243173791,21.70784371015037
2026-03-22 17:00:00,2026-03-22,17,2026,3,Sunday,True,spring,weekend_spring,2321,228988,98.65919862128393,0.10566484958563452,245.24811588825773,410.7429594462617,-7.190364871117424
2026-03-22 18:00:00,2026-03-22,18,2026,3,Sunday,True,spring,weekend_spring,2321,228988,98.65919862128393,0.09338839880563206,216.75447362787202,374.7727340215356,-35.970225424726095
2026-03-22 19:00:00,2026-03-22,19,2026,3,Sunday,True,spring,weekend_spring,2321,228988,98.65919862128393,0.07610988889619584,176.65105212807055,316.31028959526645,-58.462444426269144
2026-03-22 20:00:00,2026-03-22,20,2026,3,Sunday,True,spring,weekend_spring,2321,228988,98.65919862128393,0.05701444931278634,132.33053685497708,246.15033870294144,-70.15995089232501
2026-03-22 21:00:00,2026-03-22,21,2026,3,Sunday,True,spring,weekend_spring,2321,228988,98.65919862128393,0.03916088272188717,90.89240879750012,176.15561726312836,-69.99472143981308
2026-03-22 22:00:00,2026-03-22,22,2026,3,Sunday,True,spring,weekend_spring,2321,228988,98.65919862128393,0.02461891880036562,57.14051053564861,115.7043052834735,-60.45131197965486
2026-03-22 23:00:00,2026-03-22,23,2026,3,Sunday,True,spring,weekend_spring,2321,228988,98.65919862128393,0.014148240811898577,32.8380669244166,69.65483935973671,-46.04946592373679
2026-03-23 00:00:00,2026-03-23,0,2026,3,Monday,False,spring,weekday_spring,1687,70386,41.72258446947244,0.0,0.0,0.0,0.0
2026-03-23 01:00:00,2026-03-23,1,2026,3,Monday,False,spring,weekday_spring,1687,70386,41.72258446947244,0.0,0.0,0.0,0.0
2026-03-23 02:00:00,2026-03-23,2,2026,3,Monday,False,spring,weekday_spring,1687,70386,41.72258446947244,0.0,0.0,0.0,0.0
2026-03-23 03:00:00,2026-03-23,3,2026,3,Monday,False,spring,weekday_spring,1687,70386,41.72258446947244,0.0,0.0,0.0,0.0
2026-03-23 04:00:00,2026-03-23,4,2026,3,Monday,False,spring,weekday_spring,1687,70386,41.72258446947244,0.0,0.0,0.0,0.0
2026-03-23 05:00:00,2026-03-23,5,2026,3,Monday,False,spring,weekday_spring,1687,70386,41.72258446947244,0.0,0.0,0.0,0.0
2026-03-23 06:00:00,2026-03-23,6,2026,3,Monday,False,spring,weekday_spring,1687,70386,41.72258446947244,0.005507750505037101,9.291575101997589,6.461142117459023,6.461142117459023
2026-03-23 07:00:00,2026-03-23,7,2026,3,Monday,False,spring,weekday_spring,1687,70386,41.72258446947244,0.011601850447272223,19.57232170454824,13.610130759695044,7.148988642236022
2026-03-23 08:00:00,2026-03-23,8,2026,3,Monday,False,spring,weekday_spring,1687,70386,41.72258446947244,0.02174933161470366,36.691122434005074,25.514140917208863,11.904010157513818
2026-03-23 09:00:00,2026-03-23,9,2026,3,Monday,False,spring,weekday_spring,1687,70386,41.72258446947244,0.03652180730446161,61.61228892262674,42.843732148863914,17.32959123165505
2026-03-23 10:00:00,2026-03-23,10,2026,3,Monday,False,spring,weekday_spring,1687,70386,41.72258446947244,0.055348431965347666,93.37280472554151,64.92924553854934,22.085513389685424
2026-03-23 11:00:00,2026-03-23,11,2026,3,Monday,False,spring,weekday_spring,1687,70386,41.72258446947244,0.07629107737965758,128.70304753948233,89.49706287407629,24.567817335526954
2026-03-23 12:00:00,2026-03-23,12,2026,3,Monday,False,spring,weekday_spring,1687,70386,41.72258446947244,0.09629380937583702,162.44765641703705,112.9622677787944,23.465204904718107
2026-03-23 13:00:00,2026-03-23,13,2026,3,Monday,False,spring,weekday_spring,1687,70386,41.72258446947244,0.11178739576326405,188.58533665262644,131.13779396988505,18.175526191090654
2026-03-23 14:00:00,2026-03-23,14,2026,3,Monday,False,spring,weekday_spring,1687,70386,41.72258446947244,0.11949608654703643,201.58989800485045,140.18085912832842,9.043065158443369
2026-03-23 15:00:00,2026-03-23,15,2026,3,Monday,False,spring,weekday_spring,1687,70386,41.72258446947244,0.11737996209096578,198.01999604745927,137.69843352891195,-2.482425599416473
2026-03-23 16:00:00,2026-03-23,16,2026,3,Monday,False,spring,weekday_spring,1687,70386,41.72258446947244,0.10550492493239515,177.98680836095062,123.76782743819274,-13.930606090719209
2026-03-23 17:00:00,2026-03-23,17,2026,3,Monday,False,spring,weekday_spring,1687,70386,41.72258446947244,0.08633293318146966,145.6436582771393,101.27716391518204,-22.490663523010696
2026-03-23 18:00:00,2026-03-23,18,2026,3,Monday,False,spring,weekday_spring,1687,70386,41.72258446947244,0.06400269075008554,107.9725392953943,75.08155651892534,-26.195607396256705
2026-03-23 19:00:00,2026-03-23,19,2026,3,Monday,False,spring,weekday_spring,1687,70386,41.72258446947244,0.04281549515311782,72.22974032330976,50.22685736412251,-24.85469915480283
2026-03-23 20:00:00,2026-03-23,20,2026,3,Monday,False,spring,weekday_spring,1687,70386,41.72258446947244,0.02576850307230974,43.47146468298653,30.229030954126554,-19.997826409995955
2026-03-23 21:00:00,2026-03-23,21,2026,3,Monday,False,spring,weekday_spring,1687,70386,41.72258446947244,0.01392405600592833,23.489882482001093,16.334310100554525,-13.894720853572029
2026-03-23 22:00:00,2026-03-23,22,2026,3,Monday,False,spring,weekday_spring,1687,70386,41.72258446947244,0.006745970022307729,11.380451427633139,7.9136974331691965,-8.420612667385328
2026-03-23 23:00:00,2026-03-23,23,2026,3,Monday,False,spring,weekday_spring,1687,70386,41.72258446947244,0.002927923888803023,4.9394076004107,3.434747513954826,-4.4789499192143705
2026-03-24 00:00:00,2026-03-24,0,2026,3,Tuesday,False,spring,weekday_spring,1550,72562,46.814193548387095,0.0,0.0,0.0,0.0
2026-03-24 01:00:00,2026-03-24,1,2026,3,Tuesday,False,spring,weekday_spring,1550,72562,46.814193548387095,0.0,0.0,0.0,0.0
2026-03-24 02:00:00,2026-03-24,2,2026,3,Tuesday,False,spring,weekday_spring,1550,72562,46.814193548387095,0.0,0.0,0.0,0.0
2026-03-24 03:00:00,2026-03-24,3,2026,3,Tuesday,False,spring,weekday_spring,1550,72562,46.814193548387095,0.0,0.0,0.0,0.0
2026-03-24 04:00:00,2026-03-24,4,2026,3,Tuesday,False,spring,weekday_spring,1550,72562,46.814193548387095,0.0,0.0,0.0,0.0
2026-03-24 05:00:00,2026-03-24,5,2026,3,Tuesday,False,spring,weekday_spring,1550,72562,46.814193548387095,0.0,0.0,0.0,0.0
2026-03-24 06:00:00,2026-03-24,6,2026,3,Tuesday,False,spring,weekday_spring,1550,72562,46.814193548387095,0.005507750505037101,8.537013282807507,6.660889869108369,6.660889869108369
2026-03-24 07:00:00,2026-03-24,7,2026,3,Tuesday,False,spring,weekday_spring,1550,72562,46.814193548387095,0.011601850447272223,17.982868193271944,14.030891202582783,7.370001333474414
2026-03-24 08:00:00,2026-03-24,8,2026,3,Tuesday,False,spring,weekday_spring,1550,72562,46.814193548387095,0.02174933161470366,33.71146400279067,26.302916677102115,12.272025474519332
2026-03-24 09:00:00,2026-03-24,9,2026,3,Tuesday,False,spring,weekday_spring,1550,72562,46.814193548387095,0.03652180730446161,56.6088013219155,44.16825636043906,17.865339683336945
2026-03-24 10:00:00,2026-03-24,10,2026,3,Tuesday,False,spring,weekday_spring,1550,72562,46.814193548387095,0.055348431965347666,85.79006954628888,66.93654867115929,22.768292310720227
2026-03-24 11:00:00,2026-03-24,11,2026,3,Tuesday,False,spring,weekday_spring,1550,72562,46.814193548387095,0.07629107737965758,118.25116993846925,92.26388594704522,25.327337275885938
2026-03-24 12:00:00,2026-03-24,12,2026,3,Tuesday,False,spring,weekday_spring,1550,72562,46.814193548387095,0.09629380937583702,149.25540453254737,116.45452326549143,24.190637318446207
2026-03-24 13:00:00,2026-03-24,13,2026,3,Tuesday,False,spring,weekday_spring,1550,72562,46.814193548387095,0.11178739576326405,173.27046343305926,135.19195018956609,18.737426924074654
2026-03-24 14:00:00,2026-03-24,14,2026,3,Tuesday,False,spring,weekday_spring,1550,72562,46.814193548387095,0.11949608654703643,185.21893414790648,144.51458386710098,9.322633677534895
2026-03-24 15:00:00,2026-03-24,15,2026,3,Tuesday,False,spring,weekday_spring,1550,72562,46.814193548387095,0.11737996209096578,181.93894124099697,141.955413487411,-2.559170379689988
2026-03-24 16:00:00,2026-03-24,16,2026,3,Tuesday,False,spring,weekday_spring,1550,72562,46.814193548387095,0.10550492493239515,163.53263364521248,127.59413938240762,-14.361274105003375
2026-03-24 17:00:00,2026-03-24,17,2026,3,Tuesday,False,spring,weekday_spring,1550,72562,46.814193548387095,0.08633293318146966,133.81604643127798,104.40817162523004,-23.18596775717758
2026-03-24 18:00:00,2026-03-24,18,2026,3,Tuesday,False,spring,weekday_spring,1550,72562,46.814193548387095,0.06400269075008554,99.20417066263258,77.40272077012844,-27.0054508551016
2026-03-24 19:00:00,2026-03-24,19,2026,3,Tuesday,False,spring,weekday_spring,1550,72562,46.814193548387095,0.04281549515311782,66.36401748733262,51.77963265500892,-25.623088115119522
2026-03-24 20:00:00,2026-03-24,20,2026,3,Tuesday,False,spring,weekday_spring,1550,72562,46.814193548387095,0.02576850307230974,39.9411797620801,31.16356866554899,-20.616063989459928
2026-03-24 21:00:00,2026-03-24,21,2026,3,Tuesday,False,spring,weekday_spring,1550,72562,46.814193548387095,0.01392405600592833,21.58228680918891,16.839289198369524,-14.324279467179466
2026-03-24 22:00:00,2026-03-24,22,2026,3,Tuesday,False,spring,weekday_spring,1550,72562,46.814193548387095,0.006745970022307729,10.45625353457698,8.158351279311557,-8.680937919057968
2026-03-24 23:00:00,2026-03-24,23,2026,3,Tuesday,False,spring,weekday_spring,1550,72562,46.814193548387095,0.002927923888803023,4.538282027644686,3.5409335536554165,-4.61741772565614
2026-03-25 00:00:00,2026-03-25,0,2026,3,Wednesday,False,spring,weekday_spring,1742,91290,52.4052812858783,0.0,0.0,0.0,0.0
2026-03-25 01:00:00,2026-03-25,1,2026,3,Wednesday,False,spring,weekday_spring,1742,91290,52.4052812858783,0.0,0.0,0.0,0.0
2026-03-25 02:00:00,2026-03-25,2,2026,3,Wednesday,False,spring,weekday_spring,1742,91290,52.4052812858783,0.0,0.0,0.0,0.0
2026-03-25 03:00:00,2026-03-25,3,2026,3,Wednesday,False,spring,weekday_spring,1742,91290,52.4052812858783,0.0,0.0,0.0,0.0
2026-03-25 04:00:00,2026-03-25,4,2026,3,Wednesday,False,spring,weekday_spring,1742,91290,52.4052812858783,0.0,0.0,0.0,0.0
2026-03-25 05:00:00,2026-03-25,5,2026,3,Wednesday,False,spring,weekday_spring,1742,91290,52.4052812858783,0.0,0.0,0.0,0.0
2026-03-25 06:00:00,2026-03-25,6,2026,3,Wednesday,False,spring,weekday_spring,1742,91290,52.4052812858783,0.005507750505037101,9.59450137977463,8.38004239341395,8.38004239341395
2026-03-25 07:00:00,2026-03-25,7,2026,3,Wednesday,False,spring,weekday_spring,1742,91290,52.4052812858783,0.011601850447272223,20.21042347914821,17.652215455524686,9.272173062110737
2026-03-25 08:00:00,2026-03-25,8,2026,3,Wednesday,False,spring,weekday_spring,1742,91290,52.4052812858783,0.02174933161470366,37.88733567281378,33.09160805177162,15.439392596246936
2026-03-25 09:00:00,2026-03-25,9,2026,3,Wednesday,False,spring,weekday_spring,1742,91290,52.4052812858783,0.03652180730446161,63.62098832437213,55.56792981373834,22.476321761966716
2026-03-25 10:00:00,2026-03-25,10,2026,3,Wednesday,False,spring,weekday_spring,1742,91290,52.4052812858783,0.055348431965347666,96.41696848363563,84.21263923527647,28.64470942153813
2026-03-25 11:00:00,2026-03-25,11,2026,3,Wednesday,False,spring,weekday_spring,1742,91290,52.4052812858783,0.07629107737965758,132.89905679536352,116.07687423314903,31.864234997872558
2026-03-25 12:00:00,2026-03-25,12,2026,3,Wednesday,False,spring,weekday_spring,1742,91290,52.4052812858783,0.09629380937583702,167.7438159327081,146.51103096533603,30.434156732187006
2026-03-25 13:00:00,2026-03-25,13,2026,3,Wednesday,False,spring,weekday_spring,1742,91290,52.4052812858783,0.11178739576326405,194.73364341960598,170.08452265380626,23.573491688470227
2026-03-25 14:00:00,2026-03-25,14,2026,3,Wednesday,False,spring,weekday_spring,1742,91290,52.4052812858783,0.11949608654703643,208.16218276493746,181.8132956813159,11.728773027509646
2026-03-25 15:00:00,2026-03-25,15,2026,3,Wednesday,False,spring,weekday_spring,1742,91290,52.4052812858783,0.11737996209096578,204.47589396246238,178.59361232140444,-3.219683359911471
2026-03-25 16:00:00,2026-03-25,16,2026,3,Wednesday,False,spring,weekday_spring,1742,91290,52.4052812858783,0.10550492493239515,183.78957923223234,160.52574328463922,-18.067869036765217
2026-03-25 17:00:00,2026-03-25,17,2026,3,Wednesday,False,spring,weekday_spring,1742,91290,52.4052812858783,0.08633293318146966,150.39196960212016,131.3555578356061,-29.170185449033113
2026-03-25 18:00:00,2026-03-25,18,2026,3,Wednesday,False,spring,weekday_spring,1742,91290,52.4052812858783,0.06400269075008554,111.492687286649,97.38009397625514,-33.97546385935097
2026-03-25 19:00:00,2026-03-25,19,2026,3,Wednesday,False,spring,weekday_spring,1742,91290,52.4052812858783,0.04281549515311782,74.58459255673124,65.14377587546876,-32.23631810078638
2026-03-25 20:00:00,2026-03-25,20,2026,3,Wednesday,False,spring,weekday_spring,1742,91290,52.4052812858783,0.02576850307230974,44.88873235196357,39.206777424519274,-25.93699845094949
2026-03-25 21:00:00,2026-03-25,21,2026,3,Wednesday,False,spring,weekday_spring,1742,91290,52.4052812858783,0.01392405600592833,24.25570556232715,21.185451213019952,-18.02132621149932
2026-03-25 22:00:00,2026-03-25,22,2026,3,Wednesday,False,spring,weekday_spring,1742,91290,52.4052812858783,0.006745970022307729,11.751479778860064,10.26399338894121,-10.921457824078743
2026-03-25 23:00:00,2026-03-25,23,2026,3,Wednesday,False,spring,weekday_spring,1742,91290,52.4052812858783,0.002927923888803023,5.100443414294866,4.454836196813799,-5.80915719212741
2026-03-26 00:00:00,2026-03-26,0,2026,3,Thursday,False,spring,weekday_spring,1673,89320,53.38912133891213,0.0,0.0,0.0,0.0
2026-03-26 01:00:00,2026-03-26,1,2026,3,Thursday,False,spring,weekday_spring,1673,89320,53.38912133891213,0.0,0.0,0.0,0.0
2026-03-26 02:00:00,2026-03-26,2,2026,3,Thursday,False,spring,weekday_spring,1673,89320,53.38912133891213,0.0,0.0,0.0,0.0
2026-03-26 03:00:00,2026-03-26,3,2026,3,Thursday,False,spring,weekday_spring,1673,89320,53.38912133891213,0.0,0.0,0.0,0.0
2026-03-26 04:00:00,2026-03-26,4,2026,3,Thursday,False,spring,weekday_spring,1673,89320,53.38912133891213,0.0,0.0,0.0,0.0
2026-03-26 05:00:00,2026-03-26,5,2026,3,Thursday,False,spring,weekday_spring,1673,89320,53.38912133891213,0.0,0.0,0.0,0.0
2026-03-26 06:00:00,2026-03-26,6,2026,3,Thursday,False,spring,weekday_spring,1673,89320,53.38912133891213,0.005507750505037101,9.214466594927071,8.199204585165232,8.199204585165232
2026-03-26 07:00:00,2026-03-26,7,2026,3,Thursday,False,spring,weekday_spring,1673,89320,53.38912133891213,0.011601850447272223,19.409895798286428,17.271288032505915,9.072083447340683
2026-03-26 08:00:00,2026-03-26,8,2026,3,Thursday,False,spring,weekday_spring,1673,89320,53.38912133891213,0.02174933161470366,36.386631791399225,32.37750499708885,15.106216964582934
2026-03-26 09:00:00,2026-03-26,9,2026,3,Thursday,False,spring,weekday_spring,1673,89320,53.38912133891213,0.03652180730446161,61.100983620364275,54.36879714057518,21.991292143486334
2026-03-26 10:00:00,2026-03-26,10,2026,3,Thursday,False,spring,weekday_spring,1673,89320,53.38912133891213,0.055348431965347666,92.59792667802665,82.3953657190809,28.026568578505717
2026-03-26 11:00:00,2026-03-26,11,2026,3,Thursday,False,spring,weekday_spring,1673,89320,53.38912133891213,0.07629107737965758,127.63497245616713,113.57198385918359,31.17661814010269
2026-03-26 12:00:00,2026-03-26,12,2026,3,Thursday,False,spring,weekday_spring,1673,89320,53.38912133891213,0.09629380937583702,161.09954308577534,143.34938422416272,29.77740036497913
2026-03-26 13:00:00,2026-03-26,13,2026,3,Thursday,False,spring,weekday_spring,1673,89320,53.38912133891213,0.11178739576326405,187.02031311194074,166.41416982624574,23.06478560208302
2026-03-26 14:00:00,2026-03-26,14,2026,3,Thursday,False,spring,weekday_spring,1673,89320,53.38912133891213,0.11949608654703643,199.91695279319194,177.88984083968822,11.47567101344248
2026-03-26 15:00:00,2026-03-26,15,2026,3,Thursday,False,spring,weekday_spring,1673,89320,53.38912133891213,0.11737996209096578,196.37667657818574,174.73963689941772,-3.150203940270501
2026-03-26 16:00:00,2026-03-26,16,2026,3,Thursday,False,spring,weekday_spring,1673,89320,53.38912133891213,0.10550492493239515,176.50973941189707,157.06166491602556,-17.677971983392155
2026-03-26 17:00:00,2026-03-26,17,2026,3,Thursday,False,spring,weekday_spring,1673,89320,53.38912133891213,0.08633293318146966,144.43499721259874,128.5209598628145,-28.54070505321107
2026-03-26 18:00:00,2026-03-26,18,2026,3,Thursday,False,spring,weekday_spring,1673,89320,53.38912133891213,0.06400269075008554,107.0765016248931,95.27867229662733,-33.24228756618716
2026-03-26 19:00:00,2026-03-26,19,2026,3,Thursday,False,spring,weekday_spring,1673,89320,53.38912133891213,0.04281549515311782,71.63032339116612,63.73800045127473,-31.540671845352605
2026-03-26 20:00:00,2026-03-26,20,2026,3,Thursday,False,spring,weekday_spring,1673,89320,53.38912133891213,0.02576850307230974,43.11070563997419,38.3607115736451,-25.37728887762963
2026-03-26 21:00:00,2026-03-26,21,2026,3,Thursday,False,spring,weekday_spring,1673,89320,53.38912133891213,0.01392405600592833,23.294945697918095,20.728278040825305,-17.632433532819793
2026-03-26 22:00:00,2026-03-26,22,2026,3,Thursday,False,spring,weekday_spring,1673,89320,53.38912133891213,0.006745970022307729,11.28600784732083,10.042500706542105,-10.6857773342832
2026-03-26 23:00:00,2026-03-26,23,2026,3,Thursday,False,spring,weekday_spring,1673,89320,53.38912133891213,0.002927923888803023,4.898416665967458,4.358702695798101,-5.683798010744004
2026-03-27 00:00:00,2026-03-27,0,2026,3,Friday,False,spring,weekday_spring,1700,93715,55.12647058823529,0.0,0.0,0.0,0.0
2026-03-27 01:00:00,2026-03-27,1,2026,3,Friday,False,spring,weekday_spring,1700,93715,55.12647058823529,0.0,0.0,0.0,0.0
2026-03-27 02:00:00,2026-03-27,2,2026,3,Friday,False,spring,weekday_spring,1700,93715,55.12647058823529,0.0,0.0,0.0,0.0
2026-03-27 03:00:00,2026-03-27,3,2026,3,Friday,False,spring,weekday_spring,1700,93715,55.12647058823529,0.0,0.0,0.0,0.0
2026-03-27 04:00:00,2026-03-27,4,2026,3,Friday,False,spring,weekday_spring,1700,93715,55.12647058823529,0.0,0.0,0.0,0.0
2026-03-27 05:00:00,2026-03-27,5,2026,3,Friday,False,spring,weekday_spring,1700,93715,55.12647058823529,0.0,0.0,0.0,0.0
2026-03-27 06:00:00,2026-03-27,6,2026,3,Friday,False,spring,weekday_spring,1700,93715,55.12647058823529,0.005507750505037101,9.363175858563071,8.602647309659197,8.602647309659197
2026-03-27 07:00:00,2026-03-27,7,2026,3,Friday,False,spring,weekday_spring,1700,93715,55.12647058823529,0.011601850447272223,19.72314576036278,18.121123577768607,9.51847626810941
2026-03-27 08:00:00,2026-03-27,8,2026,3,Friday,False,spring,weekday_spring,1700,93715,55.12647058823529,0.02174933161470366,36.97386374499622,33.97064353786589,15.849519960097282
2026-03-27 09:00:00,2026-03-27,9,2026,3,Friday,False,spring,weekday_spring,1700,93715,55.12647058823529,0.03652180730446161,62.08707241758474,57.044019525627,23.07337598776111
2026-03-27 10:00:00,2026-03-27,10,2026,3,Friday,False,spring,weekday_spring,1700,93715,55.12647058823529,0.055348431965347666,94.09233434109103,86.44963836054261,29.405618834915607
2026-03-27 11:00:00,2026-03-27,11,2026,3,Friday,False,spring,weekday_spring,1700,93715,55.12647058823529,0.07629107737965758,129.69483154541788,119.1603052772435,32.71066691670089
2026-03-27 12:00:00,2026-03-27,12,2026,3,Friday,False,spring,weekday_spring,1700,93715,55.12647058823529,0.09629380937583702,163.69947593892294,150.40290576094276,31.242600483699263
2026-03-27 13:00:00,2026-03-27,13,2026,3,Friday,False,spring,weekday_spring,1700,93715,55.12647058823529,0.11178739576326405,190.03857279754888,174.60259656590483,24.199690804962074
2026-03-27 14:00:00,2026-03-27,14,2026,3,Friday,False,spring,weekday_spring,1700,93715,55.12647058823529,0.11949608654703643,203.14334712996194,186.64292917925863,12.040332613353797
2026-03-27 15:00:00,2026-03-27,15,2026,3,Friday,False,spring,weekday_spring,1700,93715,55.12647058823529,0.11737996209096578,199.54593555464183,183.33771912258095,-3.30521005667768
2026-03-27 16:00:00,2026-03-27,16,2026,3,Friday,False,spring,weekday_spring,1700,93715,55.12647058823529,0.10550492493239515,179.35837238507176,164.7899006673235,-18.547818455257442
2026-03-27 17:00:00,2026-03-27,17,2026,3,Friday,False,spring,weekday_spring,1700,93715,55.12647058823529,0.08633293318146966,146.76598640849843,134.84484721835716,-29.94505344896635
2026-03-27 18:00:00,2026-03-27,18,2026,3,Friday,False,spring,weekday_spring,1700,93715,55.12647058823529,0.06400269075008554,108.80457427514541,99.9668693940711,-34.87797782428606
2026-03-27 19:00:00,2026-03-27,19,2026,3,Friday,False,spring,weekday_spring,1700,93715,55.12647058823529,0.04281549515311782,72.78634176030029,66.8742354712406,-33.0926339228305
2026-03-27 20:00:00,2026-03-27,20,2026,3,Friday,False,spring,weekday_spring,1700,93715,55.12647058823529,0.02576850307230974,43.80645522292656,40.24825442369178,-26.625981047548812
2026-03-27 21:00:00,2026-03-27,21,2026,3,Friday,False,spring,weekday_spring,1700,93715,55.12647058823529,0.01392405600592833,23.67089521007816,21.748215143259557,-18.500039280432226
2026-03-27 22:00:00,2026-03-27,22,2026,3,Friday,False,spring,weekday_spring,1700,93715,55.12647058823529,0.006745970022307729,11.468149037923139,10.536643010676146,-11.211572132583411
2026-03-27 23:00:00,2026-03-27,23,2026,3,Friday,False,spring,weekday_spring,1700,93715,55.12647058823529,0.002927923888803023,4.977470610965139,4.573173120652921,-5.963469890023225
2026-03-28 00:00:00,2026-03-28,0,2026,3,Saturday,True,spring,weekend_spring,2312,204256,88.34602076124567,0.0,0.0,0.0,0.0
2026-03-28 01:00:00,2026-03-28,1,2026,3,Saturday,True,spring,weekend_spring,2312,204256,88.34602076124567,0.0,0.0,0.0,0.0
2026-03-28 02:00:00,2026-03-28,2,2026,3,Saturday,True,spring,weekend_spring,2312,204256,88.34602076124567,0.0,0.0,0.0,0.0
2026-03-28 03:00:00,2026-03-28,3,2026,3,Saturday,True,spring,weekend_spring,2312,204256,88.34602076124567,0.0,0.0,0.0,0.0
2026-03-28 04:00:00,2026-03-28,4,2026,3,Saturday,True,spring,weekend_spring,2312,204256,88.34602076124567,0.0,0.0,0.0,0.0
2026-03-28 05:00:00,2026-03-28,5,2026,3,Saturday,True,spring,weekend_spring,2312,204256,88.34602076124567,0.0,0.0,0.0,0.0
2026-03-28 06:00:00,2026-03-28,6,2026,3,Saturday,True,spring,weekend_spring,2312,204256,88.34602076124567,0.003124958554610079,7.224904178258503,7.224904178258503,7.224904178258503
2026-03-28 07:00:00,2026-03-28,7,2026,3,Saturday,True,spring,weekend_spring,2312,204256,88.34602076124567,0.006499133669432763,15.025997043728548,18.439285107643983,11.21438092938548
2026-03-28 08:00:00,2026-03-28,8,2026,3,Saturday,True,spring,weekend_spring,2312,204256,88.34602076124567,0.012268795332165587,28.365454807966838,35.46424187729926,17.024956769655276
2026-03-28 09:00:00,2026-03-28,9,2026,3,Saturday,True,spring,weekend_spring,2312,204256,88.34602076124567,0.021124621885501703,48.84012579927994,62.24092198076,26.77668010346074
2026-03-28 10:00:00,2026-03-28,10,2026,3,Saturday,True,spring,weekend_spring,2312,204256,88.34602076124567,0.03336326631067533,77.13587171028136,100.20959204175202,37.96867006099202
2026-03-28 11:00:00,2026-03-28,11,2026,3,Saturday,True,spring,weekend_spring,2312,204256,88.34602076124567,0.048625833791660536,112.42292772631916,148.8645114085928,48.65491936684077
2026-03-28 12:00:00,2026-03-28,12,2026,3,Saturday,True,spring,weekend_spring,2312,204256,88.34602076124567,0.06577706802745244,152.07658127947005,205.18895866897444,56.324447260381646
2026-03-28 13:00:00,2026-03-28,13,2026,3,Saturday,True,spring,weekend_spring,2312,204256,88.34602076124567,0.08295549724696458,191.7931096349821,263.6392084724341,58.450249803459684
2026-03-28 14:00:00,2026-03-28,14,2026,3,Saturday,True,spring,weekend_spring,2312,204256,88.34602076124567,0.09777773351488335,226.0621198864103,316.67164434602813,53.03243587359401
2026-03-28 15:00:00,2026-03-28,15,2026,3,Saturday,True,spring,weekend_spring,2312,204256,88.34602076124567,0.10771311477531428,249.03272136052664,355.83208042104985,39.16043607502172
2026-03-28 16:00:00,2026-03-28,16,2026,3,Saturday,True,spring,weekend_spring,2312,204256,88.34602076124567,0.11066434795693914,255.85597247644327,373.50741730835983,17.67533688730998
2026-03-28 17:00:00,2026-03-28,17,2026,3,Saturday,True,spring,weekend_spring,2312,204256,88.34602076124567,0.10566484958563452,244.29713224198701,365.172110703753,-8.335306604606842
2026-03-28 18:00:00,2026-03-28,18,2026,3,Saturday,True,spring,weekend_spring,2312,204256,88.34602076124567,0.09338839880563206,215.9139780386213,331.328171079357,-33.843939624396
2026-03-28 19:00:00,2026-03-28,19,2026,3,Saturday,True,spring,weekend_spring,2312,204256,88.34602076124567,0.07610988889619584,175.96606312800478,277.9710981967698,-53.357072882587204
2026-03-28 20:00:00,2026-03-28,20,2026,3,Saturday,True,spring,weekend_spring,2312,204256,88.34602076124567,0.05701444931278634,131.81740681116202,214.94970145618015,-63.02139674058964
2026-03-28 21:00:00,2026-03-28,21,2026,3,Saturday,True,spring,weekend_spring,2312,204256,88.34602076124567,0.03916088272188717,90.53996085300314,152.81494335571588,-62.13475810046427
2026-03-28 22:00:00,2026-03-28,22,2026,3,Saturday,True,spring,weekend_spring,2312,204256,88.34602076124567,0.02461891880036562,56.91894026644532,99.69306710080527,-53.12187625491062
2026-03-28 23:00:00,2026-03-28,23,2026,3,Saturday,True,spring,weekend_spring,2312,204256,88.34602076124567,0.014148240811898577,32.71073275710951,59.6011571321222,-40.09190996868307
2026-03-29 00:00:00,2026-03-29,0,2026,3,Sunday,True,spring,weekend_spring,2259,224074,99.1916777335104,0.0,0.0,0.0,0.0
2026-03-29 01:00:00,2026-03-29,1,2026,3,Sunday,True,spring,weekend_spring,2259,224074,99.1916777335104,0.0,0.0,0.0,0.0
2026-03-29 02:00:00,2026-03-29,2,2026,3,Sunday,True,spring,weekend_spring,2259,224074,99.1916777335104,0.0,0.0,0.0,0.0
2026-03-29 03:00:00,2026-03-29,3,2026,3,Sunday,True,spring,weekend_spring,2259,224074,99.1916777335104,0.0,0.0,0.0,0.0
2026-03-29 04:00:00,2026-03-29,4,2026,3,Sunday,True,spring,weekend_spring,2259,224074,99.1916777335104,0.0,0.0,0.0,0.0
2026-03-29 05:00:00,2026-03-29,5,2026,3,Sunday,True,spring,weekend_spring,2259,224074,99.1916777335104,0.0,0.0,0.0,0.0
2026-03-29 06:00:00,2026-03-29,6,2026,3,Sunday,True,spring,weekend_spring,2259,224074,99.1916777335104,0.003124958554610079,7.0592813748641685,7.0592813748641685,7.0592813748641685
2026-03-29 07:00:00,2026-03-29,7,2026,3,Sunday,True,spring,weekend_spring,2259,224074,99.1916777335104,0.006499133669432763,14.681542959248613,19.29262763714609,12.233346262281922
2026-03-29 08:00:00,2026-03-29,8,2026,3,Sunday,True,spring,weekend_spring,2259,224074,99.1916777335104,0.012268795332165587,27.715208655362062,37.30511366018807,18.01248602304198
2026-03-29 09:00:00,2026-03-29,9,2026,3,Sunday,True,spring,weekend_spring,2259,224074,99.1916777335104,0.021124621885501703,47.720520839348346,65.82394627164749,28.518832611459416
2026-03-29 10:00:00,2026-03-29,10,2026,3,Sunday,True,spring,weekend_spring,2259,224074,99.1916777335104,0.03336326631067533,75.36761859581557,106.53840649599903,40.71446022435154
2026-03-29 11:00:00,2026-03-29,11,2026,3,Sunday,True,spring,weekend_spring,2259,224074,99.1916777335104,0.048625833791660536,109.84575853536116,159.07548219451664,52.53707569851761
2026-03-29 12:00:00,2026-03-29,12,2026,3,Sunday,True,spring,weekend_spring,2259,224074,99.1916777335104,0.06577706802745244,148.59039667401507,220.34105615586296,61.26557396134632
2026-03-29 13:00:00,2026-03-29,13,2026,3,Sunday,True,spring,weekend_spring,2259,224074,99.1916777335104,0.08295549724696458,187.39646828089298,284.45491729326756,64.1138611374046
2026-03-29 14:00:00,2026-03-29,14,2026,3,Sunday,True,spring,weekend_spring,2259,224074,99.1916777335104,0.09777773351488335,220.87990001012147,343.2862665645008,58.83134927123325
2026-03-29 15:00:00,2026-03-29,15,2026,3,Sunday,True,spring,weekend_spring,2259,224074,99.1916777335104,0.10771311477531428,243.32392627743496,387.601490594213,44.31522402971217
2026-03-29 16:00:00,2026-03-29,16,2026,3,Sunday,True,spring,weekend_spring,2259,224074,99.1916777335104,0.11066434795693914,249.99076203472552,408.9286437600201,21.327153165807147
2026-03-29 17:00:00,2026-03-29,17,2026,3,Sunday,True,spring,weekend_spring,2259,224074,99.1916777335104,0.10566484958563452,238.69689521394838,401.9895182476092,-6.939125512410897
2026-03-29 18:00:00,2026-03-29,18,2026,3,Sunday,True,spring,weekend_spring,2259,224074,99.1916777335104,0.09338839880563206,210.96439290192282,366.87992278883223,-35.109595458776994
2026-03-29 19:00:00,2026-03-29,19,2026,3,Sunday,True,spring,weekend_spring,2259,224074,99.1916777335104,0.07610988889619584,171.9322390165064,309.73304734747023,-57.146875441362
2026-03-29 20:00:00,2026-03-29,20,2026,3,Sunday,True,spring,weekend_spring,2259,224074,99.1916777335104,0.05701444931278634,128.79564099758434,241.10085605651437,-68.63219129095586
2026-03-29 21:00:00,2026-03-29,21,2026,3,Sunday,True,spring,weekend_spring,2259,224074,99.1916777335104,0.03916088272188717,88.46443406874312,172.59305499304688,-68.5078010634675
2026-03-29 22:00:00,2026-03-29,22,2026,3,Sunday,True,spring,weekend_spring,2259,224074,99.1916777335104,0.02461891880036562,55.61413757002594,113.39863075168525,-59.19442424136163
2026-03-29 23:00:00,2026-03-29,23,2026,3,Sunday,True,spring,weekend_spring,2259,224074,99.1916777335104,0.014148240811898577,31.960875994078886,68.28773194527172,-45.11089880641353
2026-03-30 00:00:00,2026-03-30,0,2026,3,Monday,False,spring,weekday_spring,1521,72484,47.65548980933596,0.0,0.0,0.0,0.0
2026-03-30 01:00:00,2026-03-30,1,2026,3,Monday,False,spring,weekday_spring,1521,72484,47.65548980933596,0.0,0.0,0.0,0.0
2026-03-30 02:00:00,2026-03-30,2,2026,3,Monday,False,spring,weekday_spring,1521,72484,47.65548980933596,0.0,0.0,0.0,0.0
2026-03-30 03:00:00,2026-03-30,3,2026,3,Monday,False,spring,weekday_spring,1521,72484,47.65548980933596,0.0,0.0,0.0,0.0
2026-03-30 04:00:00,2026-03-30,4,2026,3,Monday,False,spring,weekday_spring,1521,72484,47.65548980933596,0.0,0.0,0.0,0.0
2026-03-30 05:00:00,2026-03-30,5,2026,3,Monday,False,spring,weekday_spring,1521,72484,47.65548980933596,0.0,0.0,0.0,0.0
2026-03-30 06:00:00,2026-03-30,6,2026,3,Monday,False,spring,weekday_spring,1521,72484,47.65548980933596,0.005507750505037101,8.37728851816143,6.653729793451819,6.653729793451819
2026-03-30 07:00:00,2026-03-30,7,2026,3,Monday,False,spring,weekday_spring,1521,72484,47.65548980933596,0.011601850447272223,17.64641453030105,14.015808797001329,7.36207900354951
2026-03-30 08:00:00,2026-03-30,8,2026,3,Monday,False,spring,weekday_spring,1521,72484,47.65548980933596,0.02174933161470366,33.080733385964265,26.274642546002998,12.258833749001669
2026-03-30 09:00:00,2026-03-30,9,2026,3,Monday,False,spring,weekday_spring,1521,72484,47.65548980933596,0.03652180730446161,55.54966891008611,44.120778010943255,17.846135464940257
2026-03-30 10:00:00,2026-03-30,10,2026,3,Monday,False,spring,weekday_spring,1521,72484,47.65548980933596,0.055348431965347666,84.1849650192938,66.86459570960433,22.743817698661076
2026-03-30 11:00:00,2026-03-30,11,2026,3,Monday,False,spring,weekday_spring,1521,72484,47.65548980933596,0.07629107737965758,116.03872869445918,92.16470754645165,25.30011183684732
2026-03-30 12:00:00,2026-03-30,12,2026,3,Monday,False,spring,weekday_spring,1521,72484,47.65548980933596,0.09629380937583702,146.46288406064812,116.32934131330285,24.164633766851196
2026-03-30 13:00:00,2026-03-30,13,2026,3,Monday,False,spring,weekday_spring,1521,72484,47.65548980933596,0.11178739576326405,170.0286289559246,135.04662657507382,18.717285261770968
2026-03-30 14:00:00,2026-03-30,14,2026,3,Monday,False,spring,weekday_spring,1521,72484,47.65548980933596,0.11949608654703643,181.75354763804242,144.3592389545898,9.312612379515997
2026-03-30 15:00:00,2026-03-30,15,2026,3,Monday,False,spring,weekday_spring,1521,72484,47.65548980933596,0.11737996209096578,178.53492234035895,141.8028195366927,-2.5564194178971036
2026-03-30 16:00:00,2026-03-30,16,2026,3,Monday,False,spring,weekday_spring,1521,72484,47.65548980933596,0.10550492493239515,160.47299082217302,127.45698297999549,-14.345836556697222
2026-03-30 17:00:00,2026-03-30,17,2026,3,Monday,False,spring,weekday_spring,1521,72484,47.65548980933596,0.08633293318146966,131.31239136901536,104.29593881209411,-23.16104416790138
2026-03-30 18:00:00,2026-03-30,18,2026,3,Monday,False,spring,weekday_spring,1521,72484,47.65548980933596,0.06400269075008554,97.3480926308801,77.31951727215333,-26.976421539940773
2026-03-30 19:00:00,2026-03-30,19,2026,3,Monday,False,spring,weekday_spring,1521,72484,47.65548980933596,0.04281549515311782,65.1223681278922,51.72397251130986,-25.595544760843474
2026-03-30 20:00:00,2026-03-30,20,2026,3,Monday,False,spring,weekday_spring,1521,72484,47.65548980933596,0.02576850307230974,39.19389317298312,31.130069611554983,-20.593902899754877
2026-03-30 21:00:00,2026-03-30,21,2026,3,Monday,False,spring,weekday_spring,1521,72484,47.65548980933596,0.01392405600592833,21.17848918501699,16.821187925561816,-14.308881685993168
2026-03-30 22:00:00,2026-03-30,22,2026,3,Monday,False,spring,weekday_spring,1521,72484,47.65548980933596,0.006745970022307729,10.260620403930055,8.149581518282556,-8.67160640727926
2026-03-30 23:00:00,2026-03-30,23,2026,3,Monday,False,spring,weekday_spring,1521,72484,47.65548980933596,0.002927923888803023,4.4533722348693985,3.537127252599972,-4.612454265682584
2026-03-31 00:00:00,2026-03-31,0,2026,3,Tuesday,False,spring,weekday_spring,1560,84009,53.85192307692308,0.0,0.0,0.0,0.0
2026-03-31 01:00:00,2026-03-31,1,2026,3,Tuesday,False,spring,weekday_spring,1560,84009,53.85192307692308,0.0,0.0,0.0,0.0
2026-03-31 02:00:00,2026-03-31,2,2026,3,Tuesday,False,spring,weekday_spring,1560,84009,53.85192307692308,0.0,0.0,0.0,0.0
2026-03-31 03:00:00,2026-03-31,3,2026,3,Tuesday,False,spring,weekday_spring,1560,84009,53.85192307692308,0.0,0.0,0.0,0.0
2026-03-31 04:00:00,2026-03-31,4,2026,3,Tuesday,False,spring,weekday_spring,1560,84009,53.85192307692308,0.0,0.0,0.0,0.0
2026-03-31 05:00:00,2026-03-31,5,2026,3,Tuesday,False,spring,weekday_spring,1560,84009,53.85192307692308,0.0,0.0,0.0,0.0
2026-03-31 06:00:00,2026-03-31,6,2026,3,Tuesday,False,spring,weekday_spring,1560,84009,53.85192307692308,0.005507750505037101,8.592090787857877,7.711676869627697,7.711676869627697
2026-03-31 07:00:00,2026-03-31,7,2026,3,Tuesday,False,spring,weekday_spring,1560,84009,53.85192307692308,0.011601850447272223,18.098886697744668,16.244330903748203,8.532654034120506
2026-03-31 08:00:00,2026-03-31,8,2026,3,Tuesday,False,spring,weekday_spring,1560,84009,53.85192307692308,0.02174933161470366,33.92895731893771,30.45232666032733,14.207995756579127
2026-03-31 09:00:00,2026-03-31,9,2026,3,Tuesday,False,spring,weekday_spring,1560,84009,53.85192307692308,0.03652180730446161,56.974019394960116,51.136008497341926,20.683681837014596
2026-03-31 10:00:00,2026-03-31,10,2026,3,Tuesday,False,spring,weekday_spring,1560,84009,53.85192307692308,0.055348431965347666,86.34355386594235,77.49610701628153,26.3600985189396
2026-03-31 11:00:00,2026-03-31,11,2026,3,Tuesday,False,spring,weekday_spring,1560,84009,53.85192307692308,0.07629107737965758,119.01408071226582,106.81895199312756,29.322844976846028
2026-03-31 12:00:00,2026-03-31,12,2026,3,Tuesday,False,spring,weekday_spring,1560,84009,53.85192307692308,0.09629380937583702,150.21834262630574,134.8257771975782,28.006825204450635
2026-03-31 13:00:00,2026-03-31,13,2026,3,Tuesday,False,spring,weekday_spring,1560,84009,53.85192307692308,0.11178739576326405,174.3883373906919,156.51912217793415,21.69334498035596
2026-03-31 14:00:00,2026-03-31,14,2026,3,Tuesday,False,spring,weekday_spring,1560,84009,53.85192307692308,0.11949608654703643,186.41389501337684,167.31244557883306,10.793323400898913
2026-03-31 15:00:00,2026-03-31,15,2026,3,Tuesday,False,spring,weekday_spring,1560,84009,53.85192307692308,0.11737996209096578,183.11274086190662,164.34955392166574,-2.9628916571673187
2026-03-31 16:00:00,2026-03-31,16,2026,3,Tuesday,False,spring,weekday_spring,1560,84009,53.85192307692308,0.10550492493239515,164.58768289453644,147.72272064409307,-16.626833277572672
2026-03-31 17:00:00,2026-03-31,17,2026,3,Tuesday,False,spring,weekday_spring,1560,84009,53.85192307692308,0.08633293318146966,134.67937576309268,120.87905639403475,-26.843664250058325
2026-03-31 18:00:00,2026-03-31,18,2026,3,Tuesday,False,spring,weekday_spring,1560,84009,53.85192307692308,0.06400269075008554,99.84419757013343,89.61336745373225,-31.265688940302496
2026-03-31 19:00:00,2026-03-31,19,2026,3,Tuesday,False,spring,weekday_spring,1560,84009,53.85192307692308,0.04281549515311782,66.7921724388638,59.948115538637914,-29.665251915094338
2026-03-31 20:00:00,2026-03-31,20,2026,3,Tuesday,False,spring,weekday_spring,1560,84009,53.85192307692308,0.02576850307230974,40.19886479280319,36.07976957669448,-23.868345961943433
2026-03-31 21:00:00,2026-03-31,21,2026,3,Tuesday,False,spring,weekday_spring,1560,84009,53.85192307692308,0.01392405600592833,21.721527369248193,19.49576701670055,-16.58400255999393
2026-03-31 22:00:00,2026-03-31,22,2026,3,Tuesday,False,spring,weekday_spring,1560,84009,53.85192307692308,0.006745970022307729,10.523713234800057,9.445369926734166,-10.050397089966385
2026-03-31 23:00:00,2026-03-31,23,2026,3,Tuesday,False,spring,weekday_spring,1560,84009,53.85192307692308,0.002927923888803023,4.567561266532716,4.099532632907553,-5.345837293826613
2026-04-01 00:00:00,2026-04-01,0,2026,4,Wednesday,False,spring,weekday_spring,1626,96044,59.067650676506766,0.0,0.0,0.0,0.0
2026-04-01 01:00:00,2026-04-01,1,2026,4,Wednesday,False,spring,weekday_spring,1626,96044,59.067650676506766,0.0,0.0,0.0,0.0
2026-04-01 02:00:00,2026-04-01,2,2026,4,Wednesday,False,spring,weekday_spring,1626,96044,59.067650676506766,0.0,0.0,0.0,0.0
2026-04-01 03:00:00,2026-04-01,3,2026,4,Wednesday,False,spring,weekday_spring,1626,96044,59.067650676506766,0.0,0.0,0.0,0.0
2026-04-01 04:00:00,2026-04-01,4,2026,4,Wednesday,False,spring,weekday_spring,1626,96044,59.067650676506766,0.0,0.0,0.0,0.0
2026-04-01 05:00:00,2026-04-01,5,2026,4,Wednesday,False,spring,weekday_spring,1626,96044,59.067650676506766,0.0,0.0,0.0,0.0
2026-04-01 06:00:00,2026-04-01,6,2026,4,Wednesday,False,spring,weekday_spring,1626,96044,59.067650676506766,0.005507750505037101,8.955602321190327,8.816439825096388,8.816439825096388
2026-04-01 07:00:00,2026-04-01,7,2026,4,Wednesday,False,spring,weekday_spring,1626,96044,59.067650676506766,0.011601850447272223,18.864608827264636,18.57146873929689,9.755028914200501
2026-04-01 08:00:00,2026-04-01,8,2026,4,Wednesday,False,spring,weekday_spring,1626,96044,59.067650676506766,0.02174933161470366,35.36441320550815,34.81488009337664,16.243411354079747
2026-04-01 09:00:00,2026-04-01,9,2026,4,Wednesday,False,spring,weekday_spring,1626,96044,59.067650676506766,0.03652180730446161,59.38445867705458,58.46167434582852,23.646794252451883
2026-04-01 10:00:00,2026-04-01,10,2026,4,Wednesday,False,spring,weekday_spring,1626,96044,59.067650676506766,0.055348431965347666,89.9965503756553,88.59807999466419,30.13640564883567
2026-04-01 11:00:00,2026-04-01,11,2026,4,Wednesday,False,spring,weekday_spring,1626,96044,59.067650676506766,0.07629107737965758,124.04929181932323,122.12167059753055,33.52359060286636
2026-04-01 12:00:00,2026-04-01,12,2026,4,Wednesday,False,spring,weekday_spring,1626,96044,59.067650676506766,0.09629380937583702,156.573734045111,154.14071046154817,32.019039864017614
2026-04-01 13:00:00,2026-04-01,13,2026,4,Wednesday,False,spring,weekday_spring,1626,96044,59.067650676506766,0.11178739576326405,181.76630551106734,178.9418106447822,24.80110018323404
2026-04-01 14:00:00,2026-04-01,14,2026,4,Wednesday,False,spring,weekday_spring,1626,96044,59.067650676506766,0.11949608654703643,194.30063672548124,191.2813689387261,12.339558293943895
2026-04-01 15:00:00,2026-04-01,15,2026,4,Wednesday,False,spring,weekday_spring,1626,96044,59.067650676506766,0.11737996209096578,190.85981835991035,187.89401798441193,-3.387350954314172
2026-04-01 16:00:00,2026-04-01,16,2026,4,Wednesday,False,spring,weekday_spring,1626,96044,59.067650676506766,0.10550492493239515,171.5510079400745,168.88525017011597,-19.008767814295965
2026-04-01 17:00:00,2026-04-01,17,2026,4,Wednesday,False,spring,weekday_spring,1626,96044,59.067650676506766,0.08633293318146966,140.37734935306966,138.19600390801787,-30.689246262098095
2026-04-01 18:00:00,2026-04-01,18,2026,4,Wednesday,False,spring,weekday_spring,1626,96044,59.067650676506766,0.06400269075008554,104.06837515963909,102.45124050668693,-35.74476340133094
2026-04-01 19:00:00,2026-04-01,19,2026,4,Wednesday,False,spring,weekday_spring,1626,96044,59.067650676506766,0.04281549515311782,69.61799511896957,68.53619027476746,-33.915050231919466
2026-04-01 20:00:00,2026-04-01,20,2026,4,Wednesday,False,spring,weekday_spring,1626,96044,59.067650676506766,0.02576850307230974,41.899585995575634,41.24850181794861,-27.287688456818856
2026-04-01 21:00:00,2026-04-01,21,2026,4,Wednesday,False,spring,weekday_spring,1626,96044,59.067650676506766,0.01392405600592833,22.640515065639462,22.288700583889675,-18.959801234058933
2026-04-01 22:00:00,2026-04-01,22,2026,4,Wednesday,False,spring,weekday_spring,1626,96044,59.067650676506766,0.006745970022307729,10.968947256272367,10.798499080375391,-11.490201503514283
2026-04-01 23:00:00,2026-04-01,23,2026,4,Wednesday,False,spring,weekday_spring,1626,96044,59.067650676506766,0.002927923888803023,4.760804243193716,4.68682536626996,-6.111673714105431
2026-04-02 00:00:00,2026-04-02,0,2026,4,Thursday,False,spring,weekday_spring,1829,109558,59.900492072170586,0.0,0.0,0.0,0.0
2026-04-02 01:00:00,2026-04-02,1,2026,4,Thursday,False,spring,weekday_spring,1829,109558,59.900492072170586,0.0,0.0,0.0,0.0
2026-04-02 02:00:00,2026-04-02,2,2026,4,Thursday,False,spring,weekday_spring,1829,109558,59.900492072170586,0.0,0.0,0.0,0.0
2026-04-02 03:00:00,2026-04-02,3,2026,4,Thursday,False,spring,weekday_spring,1829,109558,59.900492072170586,0.0,0.0,0.0,0.0
2026-04-02 04:00:00,2026-04-02,4,2026,4,Thursday,False,spring,weekday_spring,1829,109558,59.900492072170586,0.0,0.0,0.0,0.0
2026-04-02 05:00:00,2026-04-02,5,2026,4,Thursday,False,spring,weekday_spring,1829,109558,59.900492072170586,0.0,0.0,0.0,0.0
2026-04-02 06:00:00,2026-04-02,6,2026,4,Thursday,False,spring,weekday_spring,1829,109558,59.900492072170586,0.005507750505037101,10.073675673712858,10.056968830514245,10.056968830514245
2026-04-02 07:00:00,2026-04-02,7,2026,4,Thursday,False,spring,weekday_spring,1829,109558,59.900492072170586,0.011601850447272223,21.219784468060897,21.18459218837084,11.127623357856594
2026-04-02 08:00:00,2026-04-02,8,2026,4,Thursday,False,spring,weekday_spring,1829,109558,59.900492072170586,0.02174933161470366,39.77952752329299,39.71355455072839,18.52896236235755
2026-04-02 09:00:00,2026-04-02,9,2026,4,Thursday,False,spring,weekday_spring,1829,109558,59.900492072170586,0.03652180730446161,66.7983855598603,66.6876027443701,26.974048193641707
2026-04-02 10:00:00,2026-04-02,10,2026,4,Thursday,False,spring,weekday_spring,1829,109558,59.900492072170586,0.055348431965347666,101.23228206462088,101.06439182099265,34.37678907662256
2026-04-02 11:00:00,2026-04-02,11,2026,4,Thursday,False,spring,weekday_spring,1829,109558,59.900492072170586,0.07629107737965758,139.5363805273937,139.30496425934209,38.24057243834943
2026-04-02 12:00:00,2026-04-02,12,2026,4,Thursday,False,spring,weekday_spring,1829,109558,59.900492072170586,0.09629380937583702,176.1213773484059,175.82928612663252,36.52432186729044
2026-04-02 13:00:00,2026-04-02,13,2026,4,Thursday,False,spring,weekday_spring,1829,109558,59.900492072170586,0.11178739576326405,204.45914685100993,204.1200584171947,28.290772290562188
2026-04-02 14:00:00,2026-04-02,14,2026,4,Thursday,False,spring,weekday_spring,1829,109558,59.900492072170586,0.11949608654703643,218.55834229452964,218.19587083200364,14.075812414808922
2026-04-02 15:00:00,2026-04-02,15,2026,4,Thursday,False,spring,weekday_spring,1829,109558,59.900492072170586,0.11737996209096578,214.68795066437642,214.3318981127005,-3.863972719303149
2026-04-02 16:00:00,2026-04-02,16,2026,4,Thursday,False,spring,weekday_spring,1829,109558,59.900492072170586,0.10550492493239515,192.96850770135072,192.64847609572246,-21.683422016978028
2026-04-02 17:00:00,2026-04-02,17,2026,4,Thursday,False,spring,weekday_spring,1829,109558,59.900492072170586,0.08633293318146966,157.902934788908,157.64105822492422,-35.007417870798236
2026-04-02 18:00:00,2026-04-02,18,2026,4,Thursday,False,spring,weekday_spring,1829,109558,59.900492072170586,0.06400269075008554,117.06092138190644,116.86677988663119,-40.77427833829303
2026-04-02 19:00:00,2026-04-02,19,2026,4,Thursday,False,spring,weekday_spring,1829,109558,59.900492072170586,0.04281549515311782,78.30954063505249,78.17966696642137,-38.68711292020983
2026-04-02 20:00:00,2026-04-02,20,2026,4,Thursday,False,spring,weekday_spring,1829,109558,59.900492072170586,0.02576850307230974,47.130592119254516,47.05242765993518,-31.12723930648619
2026-04-02 21:00:00,2026-04-02,21,2026,4,Thursday,False,spring,weekday_spring,1829,109558,59.900492072170586,0.01392405600592833,25.467098434842914,25.424862131624934,-21.627565528310242
2026-04-02 22:00:00,2026-04-02,22,2026,4,Thursday,False,spring,weekday_spring,1829,109558,59.900492072170586,0.006745970022307729,12.338379170800836,12.317916395066504,-13.10694573655843
2026-04-02 23:00:00,2026-04-02,23,2026,4,Thursday,False,spring,weekday_spring,1829,109558,59.900492072170586,0.002927923888803023,5.3551727926207295,5.346291423491361,-6.971624971575143
