datetime,date,hour,year,month,day,day_of_week,is_weekend,season,daily_parking_count,daily_usage_minutes,avg_stay_minutes,hourly_share,estimated_entries,estimated_active_cars,estimated_active_cars_change,holiday_table_is_weekend,holiday_name,is_holiday,is_substitute_holiday,is_holiday_or_weekend,is_long_weekend,bus_boardings,bus_alightings,subway_boardings,subway_alightings,bike_rentals,bike_rental_minutes_sum,bike_rental_distance_m_sum,bike_returns,event_count,free_event_count,paid_event_count,evening_event_count,nearby_public_parking_sites,nearby_public_parking_capacity_sum,nearby_kickboard_zone_count,nearby_kickboard_stand_count,bus_feature_available,subway_feature_available,bike_feature_available,culture_feature_available,weather_code_label,temperature_2m,relative_humidity_2m,dew_point_2m,apparent_temperature,precipitation,rain,snowfall,snow_depth,weather_code,pressure_msl,surface_pressure,cloud_cover,cloud_cover_low,cloud_cover_mid,cloud_cover_high,wind_speed_10m,wind_direction_10m,wind_gusts_10m,shortwave_radiation,direct_radiation,diffuse_radiation,sunshine_duration,weather_feature_available,day_type,split,hour_sin,hour_cos,month_sin,month_cos,outlier_candidate,comparison_anchor,gap_from_anchor,outlier_class
2025-11-01 16:00:00,2025-11-01,16,2025,11,1,Saturday,True,fall,2109,159888,75.8122332859175,0.1113266708276356,234.78794877548364,297.3021083889446,1.533432353610806,True,,False,False,True,True,168293.0,169653.0,444738.0,458811.0,0.0,0.0,0.0,0.0,17.0,16.0,1.0,8.0,4,52.0,22,0,True,True,False,True,흐림,14.4,52,4.7,11.1,0.0,0.0,0.0,0.0,3,1012.3,1008.3,100,9,100,0,13.6,252,33.1,241.0,135.0,106.0,3600.0,1,offday,test,-0.8660254037844384,-0.5000000000000004,-0.5000000000000004,0.8660254037844384,True,296.9826727341259,0.3194356548186761,special_case
2024-08-11 20:00:00,2024-08-11,20,2024,8,11,Sunday,True,summer,2164,215957,99.7952865064695,0.0768858847850752,166.38105467490274,297.33926596758755,-45.157420745495926,True,,False,False,True,True,116023.0,119207.0,401679.0,277527.0,529.0,16733.0,1708791.01,566.0,0.0,0.0,0.0,0.0,4,52.0,22,0,True,True,True,False,부분적으로 흐림,28.9,80,25.1,35.0,0.0,0.0,0.0,0.0,2,1002.5,998.8,56,3,6,53,4.3,294,7.2,7.0,1.0,6.0,0.0,1,offday,valid,-0.8660254037844386,0.5000000000000001,-0.8660254037844384,-0.5000000000000004,True,297.3021083889446,0.03715757864296165,special_case
2023-03-19 18:00:00,2023-03-19,18,2023,3,19,Sunday,True,spring,2044,183113,89.58561643835617,0.093388398805632,190.8858871587119,297.3837279752466,-30.131976477790033,True,,False,False,True,True,229041.0,218162.0,694359.0,697258.0,542.0,14947.0,1889719.1,721.0,0.0,0.0,0.0,0.0,4,52.0,22,0,True,True,True,False,맑음,8.4,61,1.1,5.2,0.0,0.0,0.0,0.0,0,1019.4,1015.3,0,0,0,0,8.4,250,25.2,166.0,97.0,69.0,3600.0,1,offday,train,-1.0,-1.8369701987210297e-16,1.0,6.123233995736766e-17,True,297.33926596758755,0.04446200765903541,special_case
2022-07-09 14:00:00,2022-07-09,14,2022,7,9,Saturday,True,summer,2527,235514,93.199050257222,0.0809922881834863,204.6675122396699,297.39913013747145,58.03321925581648,True,,False,False,True,True,,,242820.0,328804.0,0.0,0.0,0.0,0.0,0.0,0.0,0.0,0.0,4,52.0,22,0,False,True,False,False,약한 이슬비,29.6,70,23.5,34.8,0.1,0.1,0.0,0.0,51,1002.0,998.3,100,100,1,13,7.3,279,19.8,624.0,276.0,348.0,3600.0,1,offday,train,-0.4999999999999998,-0.8660254037844388,-0.4999999999999998,-0.8660254037844388,True,297.3837279752466,0.01540216222485924,special_case
2024-06-23 21:00:00,2024-06-23,21,2024,6,23,Sunday,True,summer,2575,265375,103.05825242718448,0.0603261742431433,155.33989867609412,297.4186066018477,-69.17027431214092,True,,False,False,True,True,105508.0,104506.0,442923.0,242724.0,277.0,5634.0,710021.93,511.0,0.0,0.0,0.0,0.0,4,52.0,22,0,True,True,True,False,약한 비,21.6,96,21.0,25.0,2.3,2.3,0.0,0.0,61,1000.8,997.0,69,4,17,62,6.6,257,29.9,0.0,0.0,0.0,0.0,1,offday,valid,-0.7071067811865477,0.7071067811865474,1.2246467991473532e-16,-1.0,True,297.39913013747145,0.019476464376282365,special_case
2023-10-22 19:00:00,2023-10-22,19,2023,10,22,Sunday,True,fall,2336,238091,101.92251712328768,0.0671035658554383,156.7539298383039,297.45809950099505,-70.34432400693896,True,,False,False,True,True,158682.0,163534.0,451355.0,479665.0,0.0,0.0,0.0,0.0,0.0,0.0,0.0,0.0,4,52.0,22,0,True,True,False,False,흐림,13.5,89,11.6,12.9,0.0,0.0,0.0,0.0,3,1022.2,1018.2,100,0,0,100,7.9,180,13.7,0.0,0.0,0.0,0.0,1,offday,train,-0.9659258262890684,0.2588190451025203,-0.8660254037844386,0.5000000000000001,True,297.4186066018477,0.03949289914731935,special_case
2022-09-27 14:00:00,2022-09-27,14,2022,9,27,Tuesday,False,fall,2002,145156,72.50549450549451,0.1235811310401487,247.4094243423777,297.5325398887449,12.603452769647788,False,,False,False,False,False,,,237928.0,302473.0,0.0,0.0,0.0,0.0,0.0,0.0,0.0,0.0,4,52.0,22,0,False,True,False,False,맑음,25.1,44,11.9,26.3,0.0,0.0,0.0,0.0,0,1015.3,1011.5,0,0,0,0,4.2,70,14.8,734.0,607.0,127.0,3600.0,1,weekday,train,-0.4999999999999998,-0.8660254037844388,-1.0,-1.8369701987210297e-16,True,297.45809950099505,0.07444038774985984,special_case
2023-08-26 17:00:00,2023-08-26,17,2023,8,26,Saturday,True,summer,2138,171554,80.24041159962582,0.1047704649595659,223.99925408355207,297.5601496949852,12.043467870810844,True,,False,False,True,True,180545.0,173649.0,493091.0,488786.0,0.0,0.0,0.0,0.0,0.0,0.0,0.0,0.0,4,52.0,22,0,True,True,False,False,흐림,26.9,70,20.9,29.9,0.0,0.0,0.0,0.0,3,1008.5,1004.7,99,1,12,99,9.0,272,22.0,268.0,95.0,173.0,3600.0,1,offday,train,-0.9659258262890683,-0.25881904510252063,-0.8660254037844384,-0.5000000000000004,True,297.5325398887449,0.027609806240320722,special_case
2025-09-05 14:00:00,2025-09-05,14,2025,9,5,Friday,False,fall,2355,144591,61.39745222929936,0.1235811310401487,291.0335635995502,297.6222827744621,8.891618725883461,False,,False,False,False,False,130450.0,127036.0,290975.0,362837.0,0.0,0.0,0.0,0.0,15.0,15.0,0.0,8.0,4,52.0,22,0,True,True,False,True,약한 이슬비,31.0,57,21.5,35.8,0.1,0.1,0.0,0.0,51,1009.8,1006.1,26,20,13,0,6.6,164,18.7,728.0,577.0,151.0,3600.0,1,weekday,test,-0.4999999999999998,-0.8660254037844388,-1.0,-1.8369701987210297e-16,True,297.5601496949852,0.06213307947689373,special_case
2025-10-09 18:00:00,2025-10-09,18,2025,10,9,Thursday,False,fall,2317,274547,118.49244712990937,0.0537318129043256,124.49661049932251,297.7015046094751,-103.54466198268987,False,한글날,True,False,True,True,214109.0,206349.0,647618.0,648165.0,0.0,0.0,0.0,0.0,13.0,12.0,1.0,7.0,4,52.0,22,0,True,True,False,True,약한 이슬비,19.6,74,14.9,19.5,0.1,0.1,0.0,0.0,51,1018.9,1015.0,100,64,100,0,11.5,81,25.2,8.0,0.0,8.0,0.0,1,offday,test,-1.0,-1.8369701987210297e-16,-0.8660254037844386,0.5000000000000001,True,297.6222827744621,0.07922183501295876,special_case
2025-09-22 15:00:00,2025-09-22,15,2025,9,22,Monday,False,fall,2294,153069,66.7258064516129,0.1159356419712001,265.9563626819332,297.7352505289074,-16.649365186192767,False,,False,False,False,False,147067.0,148369.0,339515.0,383623.0,0.0,0.0,0.0,0.0,16.0,15.0,1.0,7.0,4,52.0,22,0,True,True,False,True,흐림,23.0,61,15.2,24.2,0.0,0.0,0.0,0.0,3,1020.0,1016.1,100,0,100,100,4.5,61,20.5,129.0,0.0,129.0,0.0,1,weekday,test,-0.7071067811865471,-0.7071067811865479,-1.0,-1.8369701987210297e-16,True,297.7015046094751,0.03374591943230598,special_case
2023-04-09 13:00:00,2023-04-09,13,2023,4,9,Sunday,True,spring,2855,227135,79.5569176882662,0.0829554972469645,236.83794464008383,298.04898786196395,65.00506814763116,True,,False,False,True,True,119997.0,113194.0,254833.0,374954.0,795.0,32663.0,3593769.68,615.0,0.0,0.0,0.0,0.0,4,52.0,22,0,True,True,True,False,맑음,15.2,39,1.3,12.4,0.0,0.0,0.0,0.0,0,1019.3,1015.3,0,0,0,0,16.8,227,34.2,849.0,671.0,178.0,3600.0,1,offday,train,-0.2588190451025208,-0.9659258262890683,0.8660254037844387,-0.49999999999999983,True,297.7352505289074,0.31373733305656515,special_case
2025-10-03 14:00:00,2025-10-03,14,2025,10,3,Friday,False,fall,1804,145777,80.80764966740577,0.1235811310401487,222.94036039642825,298.0909990073879,14.75442527436894,False,개천절,True,False,True,True,134540.0,131055.0,316720.0,400504.0,0.0,0.0,0.0,0.0,15.0,14.0,1.0,9.0,4,52.0,22,0,True,True,False,True,흐림,23.9,61,15.9,23.4,0.0,0.0,0.0,0.0,3,1015.2,1011.4,99,3,99,0,16.9,102,39.6,511.0,273.0,238.0,3600.0,1,offday,test,-0.4999999999999998,-0.8660254037844388,-0.8660254037844386,0.5000000000000001,True,298.04898786196395,0.0420111454239418,special_case
2023-10-28 18:00:00,2023-10-28,18,2023,10,28,Saturday,True,fall,2323,196979,84.79509255273354,0.0862061061335171,200.2567845481603,298.14112399992337,-45.59444567175717,True,,False,False,True,True,226264.0,209395.0,676099.0,661603.0,0.0,0.0,0.0,0.0,0.0,0.0,0.0,0.0,4,52.0,22,0,True,True,False,False,맑음,15.2,55,6.2,13.5,0.0,0.0,0.0,0.0,0,1018.4,1014.4,0,0,0,0,5.1,309,6.1,16.0,5.0,11.0,465.46,1,offday,train,-1.0,-1.8369701987210297e-16,-0.8660254037844386,0.5000000000000001,True,298.0909990073879,0.05012499253547276,special_case
2025-09-25 14:00:00,2025-09-25,14,2025,9,25,Thursday,False,fall,2269,145016,63.9118554429264,0.1235811310401487,280.4055863300974,298.1757082980458,9.861102252288504,False,,False,False,False,False,130450.0,127036.0,290975.0,362837.0,0.0,0.0,0.0,0.0,16.0,14.0,2.0,9.0,4,52.0,22,0,True,True,False,True,대체로 맑음,25.5,60,17.3,27.4,0.0,0.0,0.0,0.0,1,1017.5,1013.7,44,21,0,29,6.8,295,18.7,587.0,329.0,258.0,3600.0,1,weekday,test,-0.4999999999999998,-0.8660254037844388,-1.0,-1.8369701987210297e-16,True,298.14112399992337,0.03458429812241093,special_case
2025-08-02 15:00:00,2025-08-02,15,2025,8,2,Saturday,True,summer,2074,201646,97.22565091610414,0.0935275965658001,193.9762352774695,298.19441196904023,44.87732015093039,True,,False,False,True,True,142475.0,139526.0,342579.0,398731.0,0.0,0.0,0.0,0.0,19.0,18.0,1.0,12.0,4,52.0,22,0,True,True,False,True,맑음,35.7,39,19.8,39.3,0.0,0.0,0.0,0.0,0,1001.9,998.3,13,1,11,2,8.6,281,25.9,743.0,580.0,163.0,3600.0,1,offday,test,-0.7071067811865471,-0.7071067811865479,-0.8660254037844384,-0.5000000000000004,True,298.1757082980458,0.018703670994455024,special_case
2024-05-31 14:00:00,2024-05-31,14,2024,5,31,Friday,False,spring,2316,150483,64.97538860103627,0.1194960865470364,276.7529364429364,298.22170579927126,20.82887112092226,False,,False,False,False,False,125232.0,122594.0,306752.0,401290.0,479.0,14620.0,1545252.81,402.0,0.0,0.0,0.0,0.0,4,52.0,22,0,True,True,True,False,대체로 맑음,23.4,51,12.6,23.3,0.0,0.0,0.0,0.0,1,1009.1,1005.3,32,32,0,0,15.4,254,34.6,810.0,541.0,269.0,3600.0,1,weekday,valid,-0.4999999999999998,-0.8660254037844388,0.49999999999999994,-0.8660254037844387,True,298.19441196904023,0.027293830231030825,special_case
2025-11-16 17:00:00,2025-11-16,17,2025,11,16,Sunday,True,fall,1760,169624,96.37727272727273,0.1019646238147499,179.45773791395985,298.2507174651023,-17.703611313529564,True,,False,False,True,True,194722.0,190430.0,560656.0,551319.0,0.0,0.0,0.0,0.0,16.0,14.0,2.0,11.0,4,52.0,22,0,True,True,False,True,맑음,14.2,70,8.8,12.4,0.0,0.0,0.0,0.0,0,1023.8,1019.8,11,11,1,0,10.2,224,27.7,66.0,21.0,45.0,2660.91,1,offday,test,-0.9659258262890683,-0.25881904510252063,-0.5000000000000004,0.8660254037844384,True,298.22170579927126,0.029011665831035316,special_case
2023-08-06 18:00:00,2023-08-06,18,2023,8,6,Sunday,True,summer,1731,174592,100.86192952050838,0.1010593940343581,174.93381107347386,298.4442198654742,-3.149838683095254,True,,False,False,True,True,223546.0,212481.0,652294.0,644555.0,0.0,0.0,0.0,0.0,0.0,0.0,0.0,0.0,4,52.0,22,0,True,True,False,False,흐림,30.7,69,24.4,35.9,0.0,0.0,0.0,0.0,3,997.2,993.5,100,3,24,100,7.4,337,14.8,247.0,111.0,136.0,3600.0,1,offday,train,-1.0,-1.8369701987210297e-16,-0.8660254037844384,-0.5000000000000004,True,298.2507174651023,0.19350240037192634,special_case
2022-09-19 14:00:00,2022-09-19,14,2022,9,19,Monday,False,fall,2110,145438,68.92796208530805,0.1235811310401487,260.75618649471375,298.47064769708095,11.57100351704861,False,,False,False,False,False,,,237928.0,302473.0,0.0,0.0,0.0,0.0,0.0,0.0,0.0,0.0,4,52.0,22,0,False,True,False,False,맑음,26.4,55,16.6,26.4,0.0,0.0,0.0,0.0,0,1001.0,997.2,1,1,0,0,22.5,7,46.1,755.0,632.0,123.0,3600.0,1,weekday,train,-0.4999999999999998,-0.8660254037844388,-1.0,-1.8369701987210297e-16,True,298.4442198654742,0.026427831606724794,special_case
2023-10-29 19:00:00,2023-10-29,19,2023,10,29,Sunday,True,fall,2458,240441,97.81977217249796,0.0671035658554383,164.94056487266735,298.5039954106321,-71.36950337293581,True,,False,False,True,True,158682.0,163534.0,451355.0,479665.0,0.0,0.0,0.0,0.0,0.0,0.0,0.0,0.0,4,52.0,22,0,True,True,False,False,맑음,14.8,70,9.4,13.7,0.0,0.0,0.0,0.0,0,1021.5,1017.5,0,0,0,0,6.2,306,7.2,0.0,0.0,0.0,0.0,1,offday,train,-0.9659258262890684,0.2588190451025203,-0.8660254037844386,0.5000000000000001,True,298.47064769708095,0.033347713551165725,special_case
2022-06-05 13:00:00,2022-06-05,13,2022,6,5,Sunday,True,summer,2693,301765,112.05532862978092,0.0663205601576762,178.6012685046222,298.5337775528399,72.74511231281241,True,,False,False,True,True,,,217587.0,326187.0,0.0,0.0,0.0,0.0,0.0,0.0,0.0,0.0,4,52.0,22,0,False,True,False,False,흐림,27.0,41,12.6,25.1,0.0,0.0,0.0,0.0,3,1002.2,998.4,100,15,80,100,18.0,127,34.2,453.0,89.0,364.0,970.73,1,offday,train,-0.2588190451025208,-0.9659258262890683,1.2246467991473532e-16,-1.0,True,298.5039954106321,0.029782142207807283,special_case
2023-04-01 19:00:00,2023-04-01,19,2023,4,1,Saturday,True,spring,3008,225215,74.8720079787234,0.0761098888961958,228.9385457997571,298.5673794759229,-61.126874901640974,True,,False,False,True,True,156764.0,162060.0,435667.0,457838.0,807.0,27875.0,3130705.05,937.0,0.0,0.0,0.0,0.0,4,52.0,22,0,True,True,True,False,맑음,18.2,31,0.9,14.5,0.0,0.0,0.0,0.0,0,1014.8,1010.9,3,0,3,0,11.7,313,32.8,33.0,10.0,23.0,1389.27,1,offday,train,-0.9659258262890684,0.2588190451025203,0.8660254037844387,-0.49999999999999983,True,298.5337775528399,0.033601923082983376,special_case
2023-04-01 13:00:00,2023-04-01,13,2023,4,1,Saturday,True,spring,3008,225215,74.8720079787234,0.0829554972469645,249.53013571886945,298.5724213556708,64.460389484595,True,,False,False,True,True,119997.0,113194.0,254833.0,374954.0,810.0,32304.0,3429714.91,701.0,0.0,0.0,0.0,0.0,4,52.0,22,0,True,True,True,False,대체로 맑음,24.1,20,-0.3,23.1,0.0,0.0,0.0,0.0,1,1016.3,1012.5,45,0,0,45,3.7,101,18.7,800.0,602.0,198.0,3600.0,1,offday,train,-0.2588190451025208,-0.9659258262890683,0.8660254037844387,-0.49999999999999983,True,298.5673794759229,0.00504187974792103,special_case
2025-04-26 11:00:00,2025-04-26,11,2025,4,26,Saturday,True,spring,4412,415974,94.2824116047144,0.0486258337916605,214.53717868880628,298.6426367313877,98.1908464575269,True,,False,False,True,True,111797.0,102373.0,227200.0,319103.0,0.0,0.0,0.0,0.0,4.0,4.0,0.0,3.0,4,52.0,22,0,True,True,False,True,맑음,15.4,50,4.9,13.4,0.0,0.0,0.0,0.0,0,1018.8,1014.8,0,0,0,0,13.1,226,31.7,752.0,571.0,181.0,3600.0,1,offday,test,0.258819045102521,-0.9659258262890682,0.8660254037844387,-0.49999999999999983,True,298.5724213556708,0.07021537571688441,special_case
2024-09-08 20:00:00,2024-09-08,20,2024,9,8,Sunday,True,fall,4690,347237,74.03773987206823,0.0479786878750003,225.02004613375155,298.65167055415975,-110.65657679971878,True,,False,False,True,True,110418.0,111604.0,366747.0,265944.0,716.0,23450.0,3146750.2,732.0,0.0,0.0,0.0,0.0,4,52.0,22,0,True,True,True,False,맑음,23.9,88,21.6,27.8,0.0,0.0,0.0,0.0,0,1013.3,1009.5,4,0,4,0,5.2,304,11.2,0.0,0.0,0.0,0.0,1,offday,valid,-0.8660254037844386,0.5000000000000001,-1.0,-1.8369701987210297e-16,True,298.6426367313877,0.009033822772039457,special_case
2025-08-17 14:00:00,2025-08-17,14,2025,8,17,Sunday,True,summer,2157,241576,111.99629114510894,0.0809922881834863,174.70036561177997,298.6711780291856,59.66487828844939,True,,False,False,True,True,127692.0,124172.0,294888.0,387874.0,0.0,0.0,0.0,0.0,14.0,13.0,1.0,8.0,4,52.0,22,0,True,True,False,True,흐림,29.8,67,23.0,34.2,0.0,0.0,0.0,0.0,3,1014.1,1010.3,100,12,21,100,9.4,241,24.5,598.0,227.0,371.0,3600.0,1,offday,test,-0.4999999999999998,-0.8660254037844388,-0.8660254037844384,-0.5000000000000004,True,298.65167055415975,0.019507475025875465,special_case
2024-08-03 15:00:00,2024-08-03,15,2024,8,3,Saturday,True,summer,2193,200959,91.63657090743274,0.0935275965658001,205.1060192687997,298.75875196683467,44.455094927458845,True,,False,False,True,True,137185.0,133631.0,320545.0,380220.0,294.0,7095.0,798524.06,266.0,0.0,0.0,0.0,0.0,4,52.0,22,0,True,True,True,False,맑음,32.0,66,24.8,38.0,0.0,0.0,0.0,0.0,0,1006.7,1003.0,3,3,2,0,11.2,276,25.2,747.0,588.0,159.0,3600.0,1,offday,valid,-0.7071067811865471,-0.7071067811865479,-0.8660254037844384,-0.5000000000000004,True,298.6711780291856,0.08757393764904009,special_case
2023-09-03 21:00:00,2023-09-03,21,2023,9,3,Sunday,True,fall,3849,453195,117.7435697583788,0.0314479356316109,121.04310424607036,298.7681588070403,-134.47019464384334,True,,False,False,True,True,100885.0,98847.0,394756.0,219618.0,0.0,0.0,0.0,0.0,0.0,0.0,0.0,0.0,4,52.0,22,0,True,True,False,False,흐림,25.1,86,22.6,29.4,0.0,0.0,0.0,0.0,3,1011.9,1008.1,100,0,5,96,6.9,43,10.1,0.0,0.0,0.0,0.0,1,offday,train,-0.7071067811865477,0.7071067811865474,-1.0,-1.8369701987210297e-16,True,298.75875196683467,0.009406840205656408,special_case
2023-06-10 16:00:00,2023-06-10,16,2023,6,10,Saturday,True,summer,2041,180640,88.50563449289564,0.1019931999973653,208.16812119462267,298.8587139979269,29.43336729854161,True,,False,False,True,True,153885.0,155559.0,377288.0,391651.0,249.0,6896.0,831949.69,232.0,0.0,0.0,0.0,0.0,4,52.0,22,0,True,True,True,False,보통 비,21.6,78,17.7,21.9,3.8,3.8,0.0,0.0,63,1005.2,1001.4,100,37,32,100,17.4,248,28.1,279.0,25.0,254.0,0.0,1,offday,train,-0.8660254037844384,-0.5000000000000004,1.2246467991473532e-16,-1.0,True,298.7681588070403,0.09055519088656183,special_case
2025-04-11 14:00:00,2025-04-11,14,2025,4,11,Friday,False,spring,2517,150067,59.621374652363926,0.1194960865470364,300.7716498388907,298.8736536642353,19.280334997472835,False,,False,False,False,False,122185.0,120136.0,289418.0,358883.0,0.0,0.0,0.0,0.0,2.0,2.0,0.0,1.0,4,52.0,22,0,True,True,False,True,맑음,21.5,39,7.1,21.0,0.0,0.0,0.0,0.0,0,1010.3,1006.4,2,0,0,2,9.6,244,26.3,821.0,647.0,174.0,3600.0,1,weekday,test,-0.4999999999999998,-0.8660254037844388,0.8660254037844387,-0.49999999999999983,True,298.8587139979269,0.014939666308407595,special_case
2023-07-30 19:00:00,2023-07-30,19,2023,7,30,Sunday,True,summer,1699,187779,110.52324896998236,0.0912420622822565,155.02026381755394,299.6008858928084,-21.988890265969133,True,,False,False,True,True,158476.0,169537.0,441510.0,480912.0,0.0,0.0,0.0,0.0,0.0,0.0,0.0,0.0,4,52.0,22,0,True,True,False,False,흐림,29.1,83,26.0,36.2,0.0,0.0,0.0,0.0,3,1012.4,1008.6,97,9,9,97,2.3,342,13.0,115.0,51.0,64.0,3600.0,1,offday,train,-0.9659258262890684,0.2588190451025203,-0.4999999999999998,-0.8660254037844388,True,298.8736536642353,0.7272322285730866,special_case
2023-10-01 12:00:00,2023-10-01,12,2023,10,1,Sunday,True,fall,2918,266846,91.44825222755313,0.0738136969525007,215.38836770739712,299.60743407192695,80.97202358435882,True,,False,False,True,True,121558.0,116166.0,246525.0,380684.0,0.0,0.0,0.0,0.0,0.0,0.0,0.0,0.0,4,52.0,22,0,True,True,False,False,맑음,20.3,52,10.1,19.9,0.0,0.0,0.0,0.0,0,1016.1,1012.2,0,0,0,0,10.0,311,22.3,728.0,600.0,128.0,3600.0,1,offday,train,1.2246467991473532e-16,-1.0,-0.8660254037844386,0.5000000000000001,True,299.6008858928084,0.006548179118567532,special_case
2024-08-10 20:00:00,2024-08-10,20,2024,8,10,Saturday,True,summer,2401,219687,91.4981257809246,0.0768858847850752,184.60300936896556,299.60906677263586,-46.84343797766883,True,,False,False,True,True,116023.0,119207.0,401679.0,277527.0,572.0,19560.0,2057687.24,572.0,0.0,0.0,0.0,0.0,4,52.0,22,0,True,True,True,False,흐림,27.6,95,26.7,34.9,0.0,0.0,0.0,0.0,3,1002.4,998.7,92,10,2,91,4.5,104,6.1,7.0,1.0,6.0,0.0,1,offday,valid,-0.8660254037844386,0.5000000000000001,-0.8660254037844384,-0.5000000000000004,True,299.60743407192695,0.0016327007089103063,special_case
2025-06-07 21:00:00,2025-06-07,21,2025,6,7,Saturday,True,summer,2609,267631,102.5799156765044,0.0603261742431433,157.390988600361,299.7464857113408,-69.7849867095565,True,,False,False,True,True,103427.0,103912.0,430010.0,240734.0,0.0,0.0,0.0,0.0,11.0,10.0,1.0,3.0,4,52.0,22,0,True,True,False,True,흐림,20.8,82,17.7,22.5,0.0,0.0,0.0,0.0,3,1008.3,1004.4,100,100,0,100,7.2,238,18.4,0.0,0.0,0.0,0.0,1,offday,test,-0.7071067811865477,0.7071067811865474,1.2246467991473532e-16,-1.0,True,299.60906677263586,0.13741893870496824,special_case
2024-09-08 11:00:00,2024-09-08,11,2024,9,8,Sunday,True,fall,4690,347237,74.03773987206823,0.0550655360577097,258.25736411065867,299.8362615581348,95.83609788619674,True,,False,False,True,True,108403.0,100418.0,204482.0,304686.0,382.0,11213.0,1130457.59,337.0,0.0,0.0,0.0,0.0,4,52.0,22,0,True,True,True,False,흐림,27.6,69,21.5,32.4,0.0,0.0,0.0,0.0,3,1015.1,1011.3,91,91,0,0,4.9,144,15.1,677.0,544.0,133.0,3600.0,1,offday,valid,0.258819045102521,-0.9659258262890682,-1.0,-1.8369701987210297e-16,True,299.7464857113408,0.08977584679399797,special_case
2023-09-16 12:00:00,2023-09-16,12,2023,9,16,Saturday,True,fall,2539,274840,108.24734147302088,0.0738136969525007,187.41297656239936,299.83844601355673,82.66303068335881,True,,False,False,True,True,114019.0,106991.0,224885.0,326978.0,0.0,0.0,0.0,0.0,0.0,0.0,0.0,0.0,4,52.0,22,0,True,True,False,False,약한 이슬비,26.3,76,21.8,30.6,0.1,0.1,0.0,0.0,51,1012.8,1009.0,100,20,90,100,3.8,163,13.7,450.0,166.0,284.0,3600.0,1,offday,train,1.2246467991473532e-16,-1.0,-1.0,-1.8369701987210297e-16,True,299.8362615581348,0.00218445542191148,special_case
2022-03-20 16:00:00,2022-03-20,16,2022,3,20,Sunday,True,spring,2049,163686,79.88579795021963,0.1106643479569391,226.7512489637683,299.89922520768425,12.794194203107963,True,,False,False,True,True,,,275283.0,300149.0,0.0,0.0,0.0,0.0,0.0,0.0,0.0,0.0,4,52.0,22,0,False,True,False,False,맑음,7.3,54,-1.5,2.4,0.0,0.0,0.0,0.03,0,1018.4,1014.3,19,14,0,6,17.9,255,36.0,489.0,310.0,179.0,3600.0,1,offday,train,-0.8660254037844384,-0.5000000000000004,1.0,6.123233995736766e-17,True,299.83844601355673,0.06077919412751953,special_case
2022-09-17 11:00:00,2022-09-17,11,2022,9,17,Saturday,True,fall,6267,326802,52.14648157012925,0.0550655360577097,345.09571447366693,299.92545524552764,93.5359350117671,True,,False,False,True,True,,,174692.0,265622.0,0.0,0.0,0.0,0.0,0.0,0.0,0.0,0.0,4,52.0,22,0,False,True,False,False,약한 이슬비,25.1,83,22.0,28.8,0.2,0.2,0.0,0.0,51,1009.8,1006.0,99,94,0,78,9.0,233,18.0,286.0,61.0,225.0,766.43,1,offday,train,0.258819045102521,-0.9659258262890682,-1.0,-1.8369701987210297e-16,True,299.89922520768425,0.02623003784339062,special_case
2022-08-06 15:00:00,2022-08-06,15,2022,8,6,Saturday,True,summer,2176,202004,92.83272058823528,0.0935275965658001,203.51605012718113,299.9562674101977,44.746946657847786,True,,False,False,True,True,,,273883.0,323254.0,0.0,0.0,0.0,0.0,0.0,0.0,0.0,0.0,4,52.0,22,0,False,True,False,False,약한 이슬비,30.5,76,25.9,36.8,0.3,0.3,0.0,0.0,51,1004.7,1001.0,38,13,1,28,11.5,224,29.5,656.0,422.0,234.0,3600.0,1,offday,train,-0.7071067811865471,-0.7071067811865479,-0.8660254037844384,-0.5000000000000004,True,299.92545524552764,0.030812164670066977,special_case
2022-09-10 13:00:00,2022-09-10,13,2022,9,10,Saturday,True,fall,2769,203878,73.62874684001444,0.0915726254037753,253.5645997430541,299.99095466961194,60.96644114570657,True,추석,True,False,True,True,,,222483.0,326414.0,0.0,0.0,0.0,0.0,0.0,0.0,0.0,0.0,4,52.0,22,0,False,True,False,False,부분적으로 흐림,25.6,52,15.1,27.1,0.0,0.0,0.0,0.0,2,1018.1,1014.3,59,0,12,56,8.7,95,22.3,720.0,429.0,291.0,3600.0,1,offday,train,-0.2588190451025208,-0.9659258262890683,-1.0,-1.8369701987210297e-16,True,299.9562674101977,0.0346872594142269,special_case
2025-03-22 18:00:00,2025-03-22,18,2025,3,22,Saturday,True,spring,2345,186919,79.7095948827292,0.093388398805632,218.9957951992072,300.39118991584786,-32.639473999494555,True,,False,False,True,True,222198.0,212301.0,682177.0,682285.0,0.0,0.0,0.0,0.0,0.0,0.0,0.0,0.0,4,52.0,22,0,True,True,False,False,맑음,11.5,63,4.7,8.6,0.0,0.0,0.0,0.0,0,1008.6,1004.6,0,0,0,0,11.1,217,29.2,169.0,99.0,70.0,3600.0,1,offday,test,-1.0,-1.8369701987210297e-16,1.0,6.123233995736766e-17,True,299.99095466961194,0.40023524623592266,special_case
2024-11-02 13:00:00,2024-11-02,13,2024,11,2,Saturday,True,fall,2508,208239,83.02990430622009,0.0915726254037753,229.66414451266868,300.7208998839935,62.58730964116742,True,,False,False,True,True,131400.0,127665.0,282040.0,415237.0,0.0,0.0,0.0,0.0,0.0,0.0,0.0,0.0,4,52.0,22,0,True,True,False,False,맑음,21.5,58,12.9,20.9,0.0,0.0,0.0,0.0,0,1018.2,1014.3,0,0,0,0,11.1,31,25.6,565.0,438.0,127.0,3600.0,1,offday,valid,-0.2588190451025208,-0.9659258262890683,-0.5000000000000004,0.8660254037844384,True,300.39118991584786,0.32970996814566433,special_case
2024-07-07 18:00:00,2024-07-07,18,2024,7,7,Sunday,True,summer,1825,176143,96.51671232876711,0.1010593940343581,184.43339411270352,300.8036957177095,-3.6879499572388,True,,False,False,True,True,237457.0,228689.0,706071.0,700249.0,47.0,1005.0,177365.11,126.0,0.0,0.0,0.0,0.0,4,52.0,22,0,True,True,True,False,보통 비,23.9,98,23.5,28.1,3.6,3.6,0.0,0.0,63,1003.6,999.8,100,100,100,100,10.8,249,27.4,29.0,0.0,29.0,0.0,1,offday,valid,-1.0,-1.8369701987210297e-16,-0.4999999999999998,-0.8660254037844388,True,300.7208998839935,0.0827958337159771,special_case
2023-08-05 17:00:00,2023-08-05,17,2023,8,5,Saturday,True,summer,1987,173790,87.46351283341721,0.1047704649595659,208.1789138746576,300.9417292722614,13.217891800901214,True,,False,False,True,True,180545.0,173649.0,493091.0,488786.0,0.0,0.0,0.0,0.0,0.0,0.0,0.0,0.0,4,52.0,22,0,True,True,False,False,대체로 맑음,31.1,65,23.9,34.8,0.0,0.0,0.0,0.0,1,999.2,995.5,44,0,0,44,15.5,269,29.5,454.0,322.0,132.0,3600.0,1,offday,train,-0.9659258262890683,-0.25881904510252063,-0.8660254037844384,-0.5000000000000004,True,300.8036957177095,0.13803355455189603,special_case
2022-04-10 21:00:00,2022-04-10,21,2022,4,10,Sunday,True,spring,4027,392401,97.44251303700024,0.0391608827218871,157.70087472103964,300.9791360848936,-119.88347059198544,True,,False,False,True,True,,,332439.0,168313.0,0.0,0.0,0.0,0.0,0.0,0.0,0.0,0.0,4,52.0,22,0,False,True,False,False,흐림,11.8,81,8.6,10.7,0.0,0.0,0.0,0.0,3,1017.2,1013.2,94,0,0,95,4.9,197,13.3,0.0,0.0,0.0,0.0,1,offday,train,-0.7071067811865477,0.7071067811865474,0.8660254037844387,-0.49999999999999983,True,300.9417292722614,0.03740681263218448,special_case
2022-10-01 19:00:00,2022-10-01,19,2022,10,1,Saturday,True,fall,2838,247292,87.13601127554615,0.0671035658554383,190.43991989773392,301.0883306569743,-74.43959203697273,True,,False,False,True,True,,,420326.0,443625.0,0.0,0.0,0.0,0.0,0.0,0.0,0.0,0.0,4,52.0,22,0,False,True,False,False,흐림,18.5,88,16.6,19.9,0.0,0.0,0.0,0.0,3,1017.6,1013.7,100,0,0,100,6.8,267,9.7,1.0,0.0,1.0,0.0,1,offday,train,-0.9659258262890684,0.2588190451025203,-0.8660254037844386,0.5000000000000001,True,300.9791360848936,0.10919457208069616,special_case
2022-03-09 17:00:00,2022-03-09,17,2022,3,9,Wednesday,False,spring,2083,194007,93.1382621219395,0.0863329331814696,179.8314998170013,301.20964070547524,-53.59689531625537,False,대통령선거일,True,False,True,False,,,371860.0,363679.0,0.0,0.0,0.0,0.0,0.0,0.0,0.0,0.0,4,52.0,22,0,False,True,False,False,맑음,9.3,64,2.8,6.0,0.0,0.0,0.0,0.0,0,1022.0,1017.9,0,0,0,0,11.0,251,23.0,327.0,227.0,100.0,3600.0,1,offday,train,-0.9659258262890683,-0.25881904510252063,1.0,6.123233995736766e-17,True,301.0883306569743,0.12131004850095906,special_case
2022-07-03 16:00:00,2022-07-03,16,2022,7,3,Sunday,True,summer,2284,180885,79.19658493870404,0.1019931999973653,232.9524687939825,301.297759984441,28.495614838070765,True,,False,False,True,True,,,343182.0,372814.0,0.0,0.0,0.0,0.0,0.0,0.0,0.0,0.0,4,52.0,22,0,False,True,False,False,흐림,31.8,58,22.5,36.2,0.0,0.0,0.0,0.0,3,1007.0,1003.3,96,4,8,95,9.7,270,19.4,647.0,484.0,163.0,3600.0,1,offday,train,-0.8660254037844384,-0.5000000000000004,-0.4999999999999998,-0.8660254037844388,True,301.20964070547524,0.08811927896573479,special_case
2023-09-29 12:00:00,2023-09-29,12,2023,9,29,Friday,False,fall,2901,169834,58.543260944501895,0.1065118396644879,308.9908468666795,301.48886295964405,58.02083676194698,False,추석,True,False,True,True,114019.0,106991.0,224885.0,326978.0,0.0,0.0,0.0,0.0,0.0,0.0,0.0,0.0,4,52.0,22,0,True,True,False,False,흐림,22.1,58,13.4,23.0,0.0,0.0,0.0,0.0,3,1015.9,1012.0,80,0,3,80,1.1,180,9.7,520.0,234.0,286.0,3600.0,1,offday,train,1.2246467991473532e-16,-1.0,-1.0,-1.8369701987210297e-16,True,301.297759984441,0.19110297520307995,special_case
2023-05-29 12:00:00,2023-05-29,12,2023,5,29,Monday,False,spring,2377,199768,84.04206983592763,0.096293809375837,228.8903848863646,301.55509305457576,67.49366562386822,False,대체공휴일,True,True,True,True,118937.0,111204.0,240041.0,344089.0,559.0,17760.0,2012478.11,509.0,0.0,0.0,0.0,0.0,4,52.0,22,0,True,True,True,False,흐림,24.1,74,19.2,26.3,0.0,0.0,0.0,0.0,3,1010.6,1006.8,100,55,95,100,8.7,83,20.5,281.0,16.0,265.0,0.0,1,offday,train,1.2246467991473532e-16,-1.0,0.49999999999999994,-0.8660254037844387,True,301.48886295964405,0.06623009493171139,special_case
2023-08-06 17:00:00,2023-08-06,17,2023,8,6,Sunday,True,summer,1731,174592,100.86192952050838,0.1047704649595659,181.35767484500872,301.5940585485695,14.787263348260469,True,,False,False,True,True,180545.0,173649.0,493091.0,488786.0,0.0,0.0,0.0,0.0,0.0,0.0,0.0,0.0,4,52.0,22,0,True,True,False,False,흐림,31.2,66,24.0,36.5,0.0,0.0,0.0,0.0,3,996.9,993.2,92,2,11,90,5.9,349,16.9,294.0,115.0,179.0,3600.0,1,offday,train,-0.9659258262890683,-0.25881904510252063,-0.8660254037844384,-0.5000000000000004,True,301.55509305457576,0.03896549399371452,special_case
2023-08-15 12:00:00,2023-08-15,12,2023,8,15,Tuesday,False,summer,2294,273047,119.02659110723629,0.0751590877463387,172.41494729010097,301.66446194900425,78.93289958127065,False,광복절,True,False,True,False,115240.0,107491.0,220539.0,341896.0,0.0,0.0,0.0,0.0,0.0,0.0,0.0,0.0,4,52.0,22,0,True,True,False,False,흐림,30.0,68,23.5,37.4,0.0,0.0,0.0,0.0,3,1005.5,1001.8,99,4,4,99,1.1,90,13.0,797.0,596.0,201.0,3600.0,1,offday,train,1.2246467991473532e-16,-1.0,-0.8660254037844384,-0.5000000000000004,True,301.5940585485695,0.07040340043477045,special_case
2022-05-07 13:00:00,2022-05-07,13,2022,5,7,Saturday,True,spring,2686,233331,86.8693224125093,0.0829554972469645,222.8184656053469,301.938411882168,66.77162298413188,True,,False,False,True,True,,,232173.0,351954.0,0.0,0.0,0.0,0.0,0.0,0.0,0.0,0.0,4,52.0,22,0,False,True,False,False,대체로 맑음,23.3,18,-2.5,19.6,0.0,0.0,0.0,0.0,1,1016.5,1012.6,42,0,0,42,20.0,321,38.5,896.0,696.0,200.0,3600.0,1,offday,train,-0.2588190451025208,-0.9659258262890683,0.49999999999999994,-0.8660254037844387,True,301.66446194900425,0.27394993316374894,special_case
2023-05-28 20:00:00,2023-05-28,20,2023,5,28,Sunday,True,spring,3385,288986,85.3725258493353,0.0570144493127863,192.99391092378175,301.94014288609304,-89.37109802453847,True,,False,False,True,True,116767.0,115349.0,387992.0,275162.0,15.0,733.0,25008.22,16.0,0.0,0.0,0.0,0.0,4,52.0,22,0,True,True,True,False,약한 비,17.8,98,17.5,20.2,2.2,2.2,0.0,0.0,61,1011.2,1007.3,100,100,100,100,2.2,189,7.9,3.0,0.0,3.0,0.0,1,offday,train,-0.8660254037844386,0.5000000000000001,0.49999999999999994,-0.8660254037844387,True,301.938411882168,0.0017310039250446607,special_case
2022-09-02 12:00:00,2022-09-02,12,2022,9,2,Friday,False,fall,2765,171122,61.88860759493671,0.1065118396644879,294.5052366723091,301.99131150305186,58.67648832074218,False,,False,False,False,False,,,203808.0,301768.0,0.0,0.0,0.0,0.0,0.0,0.0,0.0,0.0,4,52.0,22,0,False,True,False,False,맑음,27.0,55,17.2,28.6,0.0,0.0,0.0,0.0,0,1016.3,1012.5,0,0,0,0,16.6,85,31.0,827.0,700.0,127.0,3600.0,1,weekday,train,1.2246467991473532e-16,-1.0,-1.0,-1.8369701987210297e-16,True,301.94014288609304,0.0511686169588188,special_case
2025-04-25 14:00:00,2025-04-25,14,2025,4,25,Friday,False,spring,2508,151718,60.493620414673046,0.1194960865470364,299.6961850599674,302.002731659216,19.653080818161698,False,,False,False,False,False,122185.0,120136.0,289418.0,358883.0,0.0,0.0,0.0,0.0,2.0,2.0,0.0,2.0,4,52.0,22,0,True,True,False,True,맑음,16.0,33,-0.3,12.8,0.0,0.0,0.0,0.0,0,1015.4,1011.5,1,0,1,0,18.0,268,41.8,864.0,676.0,188.0,3600.0,1,weekday,test,-0.4999999999999998,-0.8660254037844388,0.8660254037844387,-0.49999999999999983,True,301.99131150305186,0.011420156164149375,special_case
2024-11-09 14:00:00,2024-11-09,14,2024,11,9,Saturday,True,fall,2104,179016,85.08365019011407,0.1053558771818858,221.66876559068783,302.21604689584865,44.62071520688556,True,,False,False,True,True,130366.0,126846.0,301164.0,386387.0,0.0,0.0,0.0,0.0,0.0,0.0,0.0,0.0,4,52.0,22,0,True,True,False,False,맑음,17.2,50,6.6,15.9,0.0,0.0,0.0,0.0,0,1027.1,1023.1,10,0,0,10,3.1,10,14.4,500.0,383.0,117.0,3600.0,1,offday,valid,-0.4999999999999998,-0.8660254037844388,-0.5000000000000004,0.8660254037844384,True,302.002731659216,0.21331523663263852,special_case
2022-05-29 12:00:00,2022-05-29,12,2022,5,29,Sunday,True,spring,3060,308203,100.71993464052288,0.0657770680274524,201.2778281640045,302.2599076297091,84.1788050254099,True,,False,False,True,True,,,213834.0,325207.0,0.0,0.0,0.0,0.0,0.0,0.0,0.0,0.0,4,52.0,22,0,False,True,False,False,약한 이슬비,23.9,59,15.2,25.2,0.1,0.1,0.0,0.0,51,1005.7,1001.9,100,100,0,100,2.9,150,14.8,500.0,174.0,326.0,3600.0,1,offday,train,1.2246467991473532e-16,-1.0,0.49999999999999994,-0.8660254037844387,True,302.21604689584865,0.043860733860469736,special_case
2024-09-26 15:00:00,2024-09-26,15,2024,9,26,Thursday,False,fall,2476,156008,63.00807754442649,0.1159356419712001,287.0566495206916,302.39718725380874,-18.500899647890492,False,,False,False,False,False,138586.0,141284.0,321614.0,389738.0,461.0,13205.0,1465320.54,412.0,0.0,0.0,0.0,0.0,4,52.0,22,0,True,True,True,False,보통 이슬비,23.6,75,18.9,25.8,0.5,0.5,0.0,0.0,53,1012.4,1008.6,20,13,16,0,7.8,289,21.2,452.0,266.0,186.0,3600.0,1,weekday,valid,-0.7071067811865471,-0.7071067811865479,-1.0,-1.8369701987210297e-16,True,302.2599076297091,0.13727962409961947,special_case
2022-06-26 18:00:00,2022-06-26,18,2022,6,26,Sunday,True,summer,2045,177607,86.84938875305623,0.1010593940343581,206.6664608002623,302.54365945917715,-5.047618587390957,True,,False,False,True,True,,,610509.0,603790.0,0.0,0.0,0.0,0.0,0.0,0.0,0.0,0.0,4,52.0,22,0,False,True,False,False,흐림,27.6,77,23.1,30.6,0.0,0.0,0.0,0.0,3,1007.5,1003.7,99,10,1,99,17.6,215,43.6,250.0,91.0,159.0,3600.0,1,offday,train,-1.0,-1.8369701987210297e-16,1.2246467991473532e-16,-1.0,True,302.39718725380874,0.14647220536841132,special_case
2023-08-19 15:00:00,2023-08-19,15,2023,8,19,Saturday,True,summer,2195,203765,92.83143507972665,0.0935275965658001,205.29307446193133,302.571561927647,45.13696990217892,True,,False,False,True,True,127999.0,124144.0,299957.0,354817.0,0.0,0.0,0.0,0.0,0.0,0.0,0.0,0.0,4,52.0,22,0,True,True,False,False,맑음,30.6,64,23.1,35.2,0.0,0.0,0.0,0.0,0,1008.9,1005.2,1,1,1,0,12.3,255,24.8,697.0,540.0,157.0,3600.0,1,offday,train,-0.7071067811865471,-0.7071067811865479,-0.8660254037844384,-0.5000000000000004,True,302.54365945917715,0.027902468469847008,special_case
2025-04-27 11:00:00,2025-04-27,11,2025,4,27,Sunday,True,spring,3968,435330,109.7101814516129,0.0486258337916605,192.947308485309,302.62904648165414,100.7964113123076,True,,False,False,True,True,111797.0,102373.0,227200.0,319103.0,0.0,0.0,0.0,0.0,4.0,4.0,0.0,3.0,4,52.0,22,0,True,True,False,True,흐림,16.7,46,4.9,14.1,0.0,0.0,0.0,0.0,3,1016.3,1012.4,100,0,0,100,15.9,226,37.4,733.0,517.0,216.0,3600.0,1,offday,test,0.258819045102521,-0.9659258262890682,0.8660254037844387,-0.49999999999999983,True,302.571561927647,0.05748455400714647,special_case
2025-09-07 11:00:00,2025-09-07,11,2025,9,7,Sunday,True,fall,4363,360584,82.64588585835435,0.0550655360577097,240.2509338197876,302.6499098272064,97.87927786106548,True,,False,False,True,True,115669.0,107010.0,220695.0,322793.0,0.0,0.0,0.0,0.0,14.0,14.0,0.0,7.0,4,52.0,22,0,True,True,False,True,흐림,26.0,77,21.8,29.9,0.0,0.0,0.0,0.0,3,1008.7,1004.9,91,35,9,86,6.0,286,17.3,403.0,90.0,313.0,1832.24,1,offday,test,0.258819045102521,-0.9659258262890682,-1.0,-1.8369701987210297e-16,True,302.62904648165414,0.020863345552243118,special_case
2025-06-29 15:00:00,2025-06-29,15,2025,6,29,Sunday,True,summer,2109,204663,97.04267425320056,0.0935275965658001,197.2497011572725,302.70570998658087,45.54028885430586,True,,False,False,True,True,140061.0,140461.0,334487.0,385706.0,0.0,0.0,0.0,0.0,8.0,8.0,0.0,2.0,4,52.0,22,0,True,True,False,True,맑음,29.2,72,23.6,33.4,0.0,0.0,0.0,0.0,0,1007.4,1003.7,18,15,0,4,13.3,216,33.1,608.0,330.0,278.0,3600.0,1,offday,test,-0.7071067811865471,-0.7071067811865479,1.2246467991473532e-16,-1.0,True,302.6499098272064,0.05580015937448479,special_case
2022-09-12 18:00:00,2022-09-12,18,2022,9,12,Monday,False,fall,2888,288719,99.97195290858726,0.0537318129043256,155.17747566769248,302.70970003023206,-109.18217720279095,False,대체공휴일,True,True,True,True,,,611046.0,611210.0,0.0,0.0,0.0,0.0,0.0,0.0,0.0,0.0,4,52.0,22,0,False,True,False,False,흐림,24.5,76,20.0,27.5,0.0,0.0,0.0,0.0,3,1013.9,1010.1,100,1,3,100,5.6,285,11.2,80.0,1.0,79.0,0.0,1,offday,train,-1.0,-1.8369701987210297e-16,-1.0,-1.8369701987210297e-16,True,302.70570998658087,0.003990043651185715,special_case
2023-05-07 21:00:00,2023-05-07,21,2023,5,7,Sunday,True,spring,3406,382650,112.3458602466236,0.0391608827218871,133.3819665507477,302.8004026836923,-117.55134653070388,True,,False,False,True,True,106286.0,104975.0,416984.0,233164.0,468.0,11480.0,1650607.01,556.0,0.0,0.0,0.0,0.0,4,52.0,22,0,True,True,True,False,맑음,10.3,71,5.2,8.0,0.0,0.0,0.0,0.0,0,1013.5,1009.5,0,0,0,0,7.9,87,14.4,0.0,0.0,0.0,0.0,1,offday,train,-0.7071067811865477,0.7071067811865474,0.49999999999999994,-0.8660254037844387,True,302.70970003023206,0.09070265346025508,special_case
2022-09-10 18:00:00,2022-09-10,18,2022,9,10,Saturday,True,fall,2769,203878,73.62874684001444,0.0862061061335171,238.70470788370895,302.83705744239285,-49.52375096220493,True,추석,True,False,True,True,,,611046.0,611210.0,0.0,0.0,0.0,0.0,0.0,0.0,0.0,0.0,4,52.0,22,0,False,True,False,False,흐림,25.0,74,20.0,28.2,0.0,0.0,0.0,0.0,3,1015.8,1012.0,100,0,1,100,4.4,35,7.9,167.0,89.0,78.0,3600.0,1,offday,train,-1.0,-1.8369701987210297e-16,-1.0,-1.8369701987210297e-16,True,302.8004026836923,0.036654758700535695,special_case
2024-09-01 18:00:00,2024-09-01,18,2024,9,1,Sunday,True,fall,2183,198453,90.90838295923042,0.0862061061335171,188.18792968946792,302.85224740034494,-44.92893406647187,True,,False,False,True,True,209964.0,204962.0,616716.0,626970.0,755.0,26913.0,3180657.14,722.0,0.0,0.0,0.0,0.0,4,52.0,22,0,True,True,True,False,흐림,26.0,67,19.3,28.4,0.0,0.0,0.0,0.0,3,1006.7,1002.9,100,0,0,100,7.4,256,18.7,193.0,86.0,107.0,3600.0,1,offday,valid,-1.0,-1.8369701987210297e-16,-1.0,-1.8369701987210297e-16,True,302.83705744239285,0.015189957952088662,special_case
2025-09-22 13:00:00,2025-09-22,13,2025,9,22,Monday,False,fall,2294,153069,66.7258064516129,0.1201225009099709,275.56101708747326,302.9505366571963,36.49390680705045,False,,False,False,False,False,131791.0,126324.0,275145.0,387702.0,0.0,0.0,0.0,0.0,16.0,15.0,1.0,7.0,4,52.0,22,0,True,True,False,True,흐림,23.6,54,13.8,24.1,0.0,0.0,0.0,0.0,3,1021.0,1017.1,100,0,100,92,9.2,84,24.5,650.0,337.0,313.0,3600.0,1,weekday,test,-0.2588190451025208,-0.9659258262890683,-1.0,-1.8369701987210297e-16,True,302.85224740034494,0.09828925685138756,special_case
2023-06-06 20:00:00,2023-06-06,20,2023,6,6,Tuesday,False,summer,3191,334549,104.84142901911626,0.0460342792055867,146.89538494502742,303.004105630566,-108.531040876708,False,현충일,True,False,True,False,113291.0,111549.0,371016.0,267952.0,875.0,27417.0,3644520.31,955.0,0.0,0.0,0.0,0.0,4,52.0,22,0,True,True,True,False,대체로 맑음,17.0,94,16.0,17.9,0.0,0.0,0.0,0.0,1,1006.1,1002.2,33,33,0,0,8.3,236,21.2,19.0,3.0,16.0,0.0,1,offday,train,-0.8660254037844386,0.5000000000000001,1.2246467991473532e-16,-1.0,True,302.9505366571963,0.053568973369692685,special_case
2025-10-04 18:00:00,2025-10-04,18,2025,10,4,Saturday,True,fall,2077,197587,95.1309581126625,0.0862061061335171,179.0500824393151,303.0509608708294,-44.11578263040769,True,,False,False,True,True,214109.0,206349.0,647618.0,648165.0,0.0,0.0,0.0,0.0,15.0,14.0,1.0,9.0,4,52.0,22,0,True,True,False,True,흐림,22.6,86,20.2,26.4,0.0,0.0,0.0,0.0,3,1013.5,1009.6,99,95,98,13,0.9,270,7.2,37.0,8.0,29.0,89.95,1,offday,test,-1.0,-1.8369701987210297e-16,-0.8660254037844386,0.5000000000000001,True,303.004105630566,0.04685524026336907,special_case
2025-07-13 19:00:00,2025-07-13,19,2025,7,13,Sunday,True,summer,1930,191198,99.06632124352332,0.0912420622822565,176.0971802047552,303.0917833947974,-23.610905708536336,True,,False,False,True,True,169368.0,180236.0,471291.0,488582.0,0.0,0.0,0.0,0.0,11.0,10.0,1.0,5.0,4,52.0,22,0,True,True,False,True,흐림,26.5,69,20.4,30.2,0.0,0.0,0.0,0.0,3,999.6,995.8,100,0,0,100,3.0,194,10.1,53.0,0.0,53.0,0.0,1,offday,test,-0.9659258262890684,0.2588190451025203,-0.4999999999999998,-0.8660254037844388,True,303.0509608708294,0.040822523968017776,special_case
2024-03-10 16:00:00,2024-03-10,16,2024,3,10,Sunday,True,spring,1921,165709,86.26184279021344,0.1106643479569391,212.58621242528008,303.15319454694395,14.023153095359362,True,,False,False,True,True,152536.0,157578.0,416715.0,453586.0,628.0,22336.0,2417648.3,632.0,0.0,0.0,0.0,0.0,4,52.0,22,0,True,True,True,False,맑음,7.4,48,-3.0,2.6,0.0,0.0,0.0,0.0,0,1028.1,1024.0,0,0,0,0,15.2,248,32.4,510.0,394.0,116.0,3600.0,1,offday,valid,-0.8660254037844384,-0.5000000000000004,1.0,6.123233995736766e-17,True,303.0917833947974,0.061411152146547465,special_case
2022-07-24 18:00:00,2022-07-24,18,2022,7,24,Sunday,True,summer,1987,177842,89.50276799194766,0.1010593940343581,200.80501594626955,303.1692525605975,-4.660417484819334,True,,False,False,True,True,,,645306.0,625086.0,0.0,0.0,0.0,0.0,0.0,0.0,0.0,0.0,4,52.0,22,0,False,True,False,False,대체로 맑음,27.7,73,22.4,31.5,0.0,0.0,0.0,0.0,1,1002.0,998.3,44,37,21,0,8.9,302,15.8,267.0,150.0,117.0,3600.0,1,offday,train,-1.0,-1.8369701987210297e-16,-0.4999999999999998,-0.8660254037844388,True,303.15319454694395,0.016058013653548642,special_case
2023-10-13 14:00:00,2023-10-13,14,2023,10,13,Friday,False,fall,2197,147808,67.27719617660446,0.1235811310401487,271.5077448952067,303.5163873043503,11.22539792921367,False,,False,False,False,False,128103.0,125637.0,300223.0,395149.0,0.0,0.0,0.0,0.0,0.0,0.0,0.0,0.0,4,52.0,22,0,True,True,False,False,흐림,20.2,56,11.3,20.2,0.0,0.0,0.0,0.0,3,1017.4,1013.5,100,0,100,100,2.9,330,10.8,363.0,62.0,301.0,998.43,1,weekday,train,-0.4999999999999998,-0.8660254037844388,-0.8660254037844386,0.5000000000000001,True,303.1692525605975,0.34713474375280384,special_case
2022-06-11 21:00:00,2022-06-11,21,2022,6,11,Saturday,True,summer,2957,275073,93.02434900236726,0.0603261742431433,178.38449723697488,303.520119018924,-72.33246075803004,True,,False,False,True,True,,,370546.0,188709.0,0.0,0.0,0.0,0.0,0.0,0.0,0.0,0.0,4,52.0,22,0,False,True,False,False,맑음,22.9,67,16.4,23.0,0.0,0.0,0.0,0.0,0,1011.6,1007.8,18,0,12,0,14.4,89,15.1,0.0,0.0,0.0,0.0,1,offday,train,-0.7071067811865477,0.7071067811865474,1.2246467991473532e-16,-1.0,True,303.5163873043503,0.00373171457368926,special_case
2024-05-12 12:00:00,2024-05-12,12,2024,5,12,Sunday,True,spring,3001,311072,103.65611462845716,0.0657770680274524,197.39698115038476,303.5731100956019,84.79717878859205,True,,False,False,True,True,127195.0,117440.0,269436.0,392811.0,724.0,24888.0,2676758.36,620.0,0.0,0.0,0.0,0.0,4,52.0,22,0,True,True,True,False,맑음,19.9,41,6.1,18.6,0.0,0.0,0.0,0.0,0,1011.4,1007.5,0,0,0,0,14.3,317,29.9,873.0,679.0,194.0,3600.0,1,offday,valid,1.2246467991473532e-16,-1.0,0.49999999999999994,-0.8660254037844387,True,303.520119018924,0.052991076677926685,special_case
2025-05-11 20:00:00,2025-05-11,20,2025,5,11,Sunday,True,spring,2729,280458,102.7695126419934,0.0570144493127863,155.5924321745939,303.6489990443637,-85.7233399499508,True,,False,False,True,True,116266.0,117735.0,435630.0,301038.0,0.0,0.0,0.0,0.0,8.0,7.0,1.0,5.0,4,52.0,22,0,True,True,False,True,맑음,12.7,87,10.6,11.9,0.0,0.0,0.0,0.0,0,1005.8,1001.8,0,0,0,0,6.9,223,13.7,7.0,1.0,6.0,0.0,1,offday,test,-0.8660254037844386,0.5000000000000001,0.49999999999999994,-0.8660254037844387,True,303.5731100956019,0.075888948761758,special_case
2023-08-27 19:00:00,2023-08-27,19,2023,8,27,Sunday,True,summer,1999,192125,96.11055527763882,0.0912420622822565,182.3928825022309,303.9757551417332,-24.089573751386524,True,,False,False,True,True,156728.0,165670.0,426227.0,446782.0,0.0,0.0,0.0,0.0,0.0,0.0,0.0,0.0,4,52.0,22,0,True,True,False,False,흐림,24.7,88,22.6,29.3,0.0,0.0,0.0,0.0,3,1008.2,1004.4,100,0,100,100,5.0,21,12.6,24.0,0.0,24.0,0.0,1,offday,train,-0.9659258262890684,0.2588190451025203,-0.8660254037844384,-0.5000000000000004,True,303.6489990443637,0.3267560973695254,special_case
2022-08-27 22:00:00,2022-08-27,22,2022,8,27,Saturday,True,summer,4495,375388,83.5123470522803,0.0439929755599608,197.7484251420242,304.0109701988464,-102.58710621016678,True,,False,False,True,True,,,342747.0,165091.0,0.0,0.0,0.0,0.0,0.0,0.0,0.0,0.0,4,52.0,22,0,False,True,False,False,맑음,17.2,82,14.2,17.7,0.0,0.0,0.0,0.0,0,1013.4,1009.5,0,0,0,0,6.5,326,14.8,0.0,0.0,0.0,0.0,1,offday,train,-0.5000000000000004,0.8660254037844384,-0.8660254037844384,-0.5000000000000004,True,303.9757551417332,0.035215057113191506,special_case
2022-04-02 18:00:00,2022-04-02,18,2022,4,2,Saturday,True,spring,2878,192753,66.97463516330785,0.093388398805632,268.77181176260905,304.1219871914831,-37.00420752496706,True,,False,False,True,True,,,587875.0,562370.0,0.0,0.0,0.0,0.0,0.0,0.0,0.0,0.0,4,52.0,22,0,False,True,False,False,맑음,8.6,67,2.8,5.4,0.0,0.0,0.0,0.0,0,1026.3,1022.2,0,0,0,0,10.4,268,24.8,194.0,110.0,84.0,3600.0,1,offday,train,-1.0,-1.8369701987210297e-16,0.8660254037844387,-0.49999999999999983,True,304.0109701988464,0.11101699263667797,special_case
2023-04-09 19:00:00,2023-04-09,19,2023,4,9,Sunday,True,spring,2855,227135,79.5569176882662,0.0761098888961958,217.29373279863913,304.1994202538469,-60.754406279797706,True,,False,False,True,True,156764.0,162060.0,435667.0,457838.0,531.0,14529.0,1939929.34,708.0,0.0,0.0,0.0,0.0,4,52.0,22,0,True,True,True,False,맑음,10.1,65,3.8,6.8,0.0,0.0,0.0,0.0,0,1017.0,1013.0,0,0,0,0,12.8,218,28.1,47.0,16.0,31.0,2944.66,1,offday,train,-0.9659258262890684,0.2588190451025203,0.8660254037844387,-0.49999999999999983,True,304.1219871914831,0.07743306236380931,special_case
2023-08-20 20:00:00,2023-08-20,20,2023,8,20,Sunday,True,summer,2028,219332,108.15187376725838,0.0768858847850752,155.9245743441325,304.42407211058116,-45.09236263522075,True,,False,False,True,True,111702.0,112849.0,374265.0,262990.0,0.0,0.0,0.0,0.0,0.0,0.0,0.0,0.0,4,52.0,22,0,True,True,False,False,맑음,25.2,93,24.0,30.4,0.0,0.0,0.0,0.0,0,1010.5,1006.7,1,0,1,0,6.7,286,9.7,2.0,0.0,2.0,0.0,1,offday,train,-0.8660254037844386,0.5000000000000001,-0.8660254037844384,-0.5000000000000004,True,304.1994202538469,0.22465185673428323,special_case
2022-10-08 19:00:00,2022-10-08,19,2022,10,8,Saturday,True,fall,3141,253689,80.76695319961796,0.0671035658554383,210.77230035193173,304.4912686349849,-77.13295151059782,True,,False,False,True,True,,,420326.0,443625.0,0.0,0.0,0.0,0.0,0.0,0.0,0.0,0.0,4,52.0,22,0,False,True,False,False,흐림,13.5,65,7.1,11.5,0.0,0.0,0.0,0.0,3,1023.2,1019.2,100,13,3,100,8.3,92,13.3,0.0,0.0,0.0,0.0,1,offday,train,-0.9659258262890684,0.2588190451025203,-0.8660254037844386,0.5000000000000001,True,304.42407211058116,0.06719652440375512,special_case
2024-07-07 17:00:00,2024-07-07,17,2024,7,7,Sunday,True,summer,1825,176143,96.51671232876711,0.1047704649595659,191.20609855120793,304.4916456749483,14.47139538084616,True,,False,False,True,True,190159.0,186188.0,538213.0,531929.0,322.0,6826.0,809011.59,524.0,0.0,0.0,0.0,0.0,4,52.0,22,0,True,True,True,False,약한 비,25.5,89,23.5,29.0,1.5,1.5,0.0,0.0,61,1003.7,999.9,100,100,91,100,15.6,230,32.8,118.0,4.0,114.0,0.0,1,offday,valid,-0.9659258262890683,-0.25881904510252063,-0.4999999999999998,-0.8660254037844388,True,304.4912686349849,0.0003770399633822308,special_case
2024-08-17 20:00:00,2024-08-17,20,2024,8,17,Saturday,True,summer,2234,221744,99.25872873769023,0.0768858847850752,171.763066609858,305.1346304499085,-46.42202159514176,True,,False,False,True,True,116023.0,119207.0,401679.0,277527.0,447.0,15540.0,2114743.21,390.0,0.0,0.0,0.0,0.0,4,52.0,22,0,True,True,True,False,맑음,26.8,92,25.4,33.2,0.0,0.0,0.0,0.0,0,1009.6,1005.8,14,2,4,10,3.5,156,9.7,3.0,0.0,3.0,0.0,1,offday,valid,-0.8660254037844386,0.5000000000000001,-0.8660254037844384,-0.5000000000000004,True,304.4916456749483,0.6429847749602118,special_case
2022-06-06 19:00:00,2022-06-06,19,2022,6,6,Monday,False,summer,2874,255140,88.77522616562283,0.0654594220459456,188.1303789600478,305.2567591412029,-78.23643804976638,False,현충일,True,False,True,True,,,375685.0,420065.0,0.0,0.0,0.0,0.0,0.0,0.0,0.0,0.0,4,52.0,22,0,False,True,False,False,맑음,18.6,57,9.9,15.6,0.0,0.0,0.0,0.0,0,1002.8,998.9,2,1,1,0,21.0,83,37.4,117.0,42.0,75.0,3461.82,1,offday,train,-0.9659258262890684,0.2588190451025203,1.2246467991473532e-16,-1.0,True,305.1346304499085,0.12212869129439241,special_case
2024-10-11 15:00:00,2024-10-11,15,2024,10,11,Friday,False,fall,2526,157635,62.40498812351544,0.1159356419712001,292.85343161925164,305.3660211370667,-18.96231908748348,False,,False,False,False,False,151361.0,152876.0,372698.0,420149.0,525.0,15544.0,1673166.29,466.0,0.0,0.0,0.0,0.0,4,52.0,22,0,True,True,True,False,대체로 맑음,21.6,53,11.6,21.1,0.0,0.0,0.0,0.0,1,1017.7,1013.8,38,38,4,0,7.4,263,16.9,403.0,236.0,167.0,3600.0,1,weekday,valid,-0.7071067811865471,-0.7071067811865479,-0.8660254037844386,0.5000000000000001,True,305.2567591412029,0.10926199586378971,special_case
2024-03-23 14:00:00,2024-03-23,14,2024,3,23,Saturday,True,spring,2364,195639,82.75761421319797,0.0977777335148833,231.14656202918425,305.528608635675,50.44280509703552,True,,False,False,True,True,117722.0,116668.0,296005.0,401026.0,788.0,33948.0,3819119.12,635.0,0.0,0.0,0.0,0.0,4,52.0,22,0,True,True,True,False,맑음,16.2,43,3.7,14.6,0.0,0.0,0.0,0.0,0,1016.4,1012.4,0,0,0,0,10.1,325,24.5,773.0,616.0,157.0,3600.0,1,offday,valid,-0.4999999999999998,-0.8660254037844388,1.0,6.123233995736766e-17,True,305.3660211370667,0.16258749860833177,special_case
2023-05-29 17:00:00,2023-05-29,17,2023,5,29,Monday,False,spring,2377,199768,84.04206983592763,0.0863329331814696,205.2133821723534,305.7033063396286,-56.88240145091646,False,대체공휴일,True,True,True,True,179956.0,175771.0,500796.0,501279.0,917.0,31444.0,3727352.72,889.0,0.0,0.0,0.0,0.0,4,52.0,22,0,True,True,True,False,맑음,27.6,61,19.4,30.1,0.0,0.0,0.0,0.0,0,1009.3,1005.5,15,2,14,0,6.9,81,18.0,413.0,251.0,162.0,3600.0,1,offday,train,-0.9659258262890683,-0.25881904510252063,0.49999999999999994,-0.8660254037844387,True,305.528608635675,0.17469770395359774,special_case
2024-06-15 12:00:00,2024-06-15,12,2024,6,15,Saturday,True,summer,4097,398638,97.29997559189653,0.0513318154074477,210.30644772431347,305.74843318276925,86.74760092632027,True,,False,False,True,True,117789.0,111354.0,243753.0,356376.0,337.0,8619.0,887920.0,292.0,0.0,0.0,0.0,0.0,4,52.0,22,0,True,True,True,False,약한 이슬비,22.8,82,19.5,25.3,0.3,0.3,0.0,0.0,51,1005.0,1001.2,100,26,30,100,8.0,275,22.0,243.0,2.0,241.0,0.0,1,offday,valid,1.2246467991473532e-16,-1.0,1.2246467991473532e-16,-1.0,True,305.7033063396286,0.045126843140621986,special_case
2025-07-26 19:00:00,2025-07-26,19,2025,7,26,Saturday,True,summer,2431,195981,80.61744138214726,0.0912420622822565,221.80945340816575,306.2294182147668,-26.965976586731188,True,,False,False,True,True,169368.0,180236.0,471291.0,488582.0,0.0,0.0,0.0,0.0,20.0,18.0,2.0,12.0,4,52.0,22,0,True,True,False,True,부분적으로 흐림,32.5,68,25.7,38.9,0.0,0.0,0.0,0.0,2,1005.5,1001.8,64,1,0,64,5.1,252,12.2,118.0,29.0,89.0,1953.59,1,offday,test,-0.9659258262890684,0.2588190451025203,-0.4999999999999998,-0.8660254037844388,True,305.74843318276925,0.48098503199753395,special_case
2025-08-24 20:00:00,2025-08-24,20,2025,8,24,Sunday,True,summer,2101,221339,105.34935744883389,0.0768858847850752,161.537243933443,306.4281181366284,-45.75208812171939,True,,False,False,True,True,116131.0,118380.0,411222.0,280760.0,0.0,0.0,0.0,0.0,13.0,13.0,0.0,7.0,4,52.0,22,0,True,True,False,True,맑음,28.6,82,25.1,34.7,0.0,0.0,0.0,0.0,0,1011.1,1007.3,0,0,0,0,4.9,321,12.6,1.0,0.0,1.0,0.0,1,offday,test,-0.8660254037844386,0.5000000000000001,-0.8660254037844384,-0.5000000000000004,True,306.2294182147668,0.1986999218616461,special_case
2024-05-04 19:00:00,2024-05-04,19,2024,5,4,Saturday,True,spring,4896,241877,49.40298202614379,0.0761098888961958,372.6340160357748,306.820526609086,-69.65456902274508,True,,False,False,True,True,157446.0,164058.0,460814.0,477492.0,948.0,34779.0,4278235.74,988.0,0.0,0.0,0.0,0.0,4,52.0,22,0,True,True,True,False,흐림,20.2,41,6.4,18.6,0.0,0.0,0.0,0.0,3,1015.0,1011.1,81,0,0,81,5.0,249,25.2,87.0,32.0,55.0,3600.0,1,offday,valid,-0.9659258262890684,0.2588190451025203,0.49999999999999994,-0.8660254037844387,True,306.4281181366284,0.39240847245758914,special_case
2024-04-21 13:00:00,2024-04-21,13,2024,4,21,Sunday,True,spring,2292,244049,106.47862129144852,0.0829554972469645,190.1339996900428,306.9200876883175,69.82469030286637,True,,False,False,True,True,124599.0,120970.0,274597.0,401986.0,789.0,29221.0,3125559.42,703.0,0.0,0.0,0.0,0.0,4,52.0,22,0,True,True,True,False,흐림,21.0,51,10.6,18.1,0.0,0.0,0.0,0.0,3,1010.8,1006.9,100,98,97,100,21.0,83,39.2,483.0,112.0,371.0,1933.69,1,offday,valid,-0.2588190451025208,-0.9659258262890683,0.8660254037844387,-0.49999999999999983,True,306.820526609086,0.09956107923147783,special_case
2022-07-02 16:00:00,2022-07-02,16,2022,7,2,Saturday,True,summer,2603,182839,70.24164425662697,0.1019931999973653,265.488299593142,307.0441695406031,27.60561216843263,True,,False,False,True,True,,,343182.0,372814.0,0.0,0.0,0.0,0.0,0.0,0.0,0.0,0.0,4,52.0,22,0,False,True,False,False,맑음,31.5,59,22.5,36.4,0.0,0.0,0.0,0.0,0,1011.1,1007.4,8,3,8,0,6.1,270,14.4,635.0,461.0,174.0,3600.0,1,offday,train,-0.8660254037844384,-0.5000000000000004,-0.4999999999999998,-0.8660254037844388,True,306.9200876883175,0.12408185228559887,special_case
2023-07-30 16:00:00,2023-07-30,16,2023,7,30,Sunday,True,summer,1699,187779,110.52324896998236,0.1019931999973653,173.28644679552372,307.09170282238574,32.31669916738656,True,,False,False,True,True,148692.0,149074.0,372391.0,417185.0,0.0,0.0,0.0,0.0,0.0,0.0,0.0,0.0,4,52.0,22,0,True,True,False,False,흐림,31.6,62,23.5,36.3,0.0,0.0,0.0,0.0,3,1011.7,1008.0,100,12,21,100,7.7,281,16.6,513.0,338.0,175.0,3600.0,1,offday,train,-0.8660254037844384,-0.5000000000000004,-0.4999999999999998,-0.8660254037844388,True,307.0441695406031,0.04753328178264837,special_case
2024-10-06 15:00:00,2024-10-06,15,2024,10,6,Sunday,True,fall,1878,167278,89.07241746538871,0.1124759978651691,211.22992399078757,307.10026036373097,25.91388631956056,True,,False,False,True,True,151361.0,152876.0,372698.0,420149.0,364.0,10987.0,1224968.81,336.0,0.0,0.0,0.0,0.0,4,52.0,22,0,True,True,True,False,약한 이슬비,16.8,74,12.1,16.8,0.1,0.1,0.0,0.0,51,1020.0,1016.0,100,0,100,1,4.0,302,9.7,116.0,3.0,113.0,0.0,1,offday,valid,-0.7071067811865471,-0.7071067811865479,-0.8660254037844386,0.5000000000000001,True,307.09170282238574,0.008557541345226127,special_case
2024-05-03 16:00:00,2024-05-03,16,2024,5,3,Friday,False,spring,2328,171110,73.5008591065292,0.1055049249323951,245.6154652426159,307.10300205126674,-28.753583032724123,False,,False,False,False,False,161705.0,163357.0,435204.0,452888.0,723.0,20976.0,2540042.13,642.0,0.0,0.0,0.0,0.0,4,52.0,22,0,True,True,True,False,대체로 맑음,27.3,23,4.2,25.0,0.0,0.0,0.0,0.0,1,1015.7,1011.9,41,0,0,41,9.5,245,20.9,633.0,472.0,161.0,3600.0,1,weekday,valid,-0.8660254037844384,-0.5000000000000004,0.49999999999999994,-0.8660254037844387,True,307.10026036373097,0.0027416875357744175,special_case
2022-07-03 18:00:00,2022-07-03,18,2022,7,3,Sunday,True,summer,2284,180885,79.19658493870404,0.1010593940343581,230.8196559744739,307.3806732436768,-6.446599622046676,True,,False,False,True,True,,,645306.0,625086.0,0.0,0.0,0.0,0.0,0.0,0.0,0.0,0.0,4,52.0,22,0,False,True,False,False,흐림,29.9,65,22.6,34.0,0.0,0.0,0.0,0.0,3,1006.6,1002.9,100,1,4,100,8.0,260,18.4,294.0,168.0,126.0,3600.0,1,offday,train,-1.0,-1.8369701987210297e-16,-0.4999999999999998,-0.8660254037844388,True,307.10300205126674,0.2776711924100823,special_case
2023-03-26 13:00:00,2023-03-26,13,2023,3,26,Sunday,True,spring,2982,233665,78.35848423876593,0.0829554972469645,247.37329279044835,307.3893859431631,66.8751479032257,True,,False,False,True,True,121347.0,113931.0,253070.0,376569.0,752.0,28240.0,3162422.27,647.0,0.0,0.0,0.0,0.0,4,52.0,22,0,True,True,True,False,맑음,13.1,15,-12.9,7.9,0.0,0.0,0.0,0.0,0,1017.8,1013.8,0,0,0,0,21.4,316,41.4,842.0,689.0,153.0,3600.0,1,offday,train,-0.2588190451025208,-0.9659258262890683,1.0,6.123233995736766e-17,True,307.3806732436768,0.008712699486295605,special_case
2022-06-26 17:00:00,2022-06-26,17,2022,6,26,Sunday,True,summer,2045,177607,86.84938875305623,0.1047704649595659,214.25560084231245,307.5912780465681,13.426521641316183,True,,False,False,True,True,,,435526.0,441346.0,0.0,0.0,0.0,0.0,0.0,0.0,0.0,0.0,4,52.0,22,0,False,True,False,False,약한 이슬비,28.5,73,23.3,30.5,0.1,0.1,0.0,0.0,51,1007.7,1003.9,100,30,15,100,25.4,201,52.2,409.0,207.0,202.0,3600.0,1,offday,train,-0.9659258262890683,-0.25881904510252063,1.2246467991473532e-16,-1.0,True,307.3893859431631,0.20189210340498676,special_case
2025-09-26 13:00:00,2025-09-26,13,2025,9,26,Friday,False,fall,2774,153697,55.40627253064167,0.1201225009099709,333.2198175242593,307.7078003726633,34.86529669078334,False,,False,False,False,False,131791.0,126324.0,275145.0,387702.0,0.0,0.0,0.0,0.0,18.0,16.0,2.0,10.0,4,52.0,22,0,True,True,False,True,맑음,23.9,69,18.0,27.5,0.0,0.0,0.0,0.0,0,1019.4,1015.5,4,4,0,0,3.9,307,15.1,743.0,584.0,159.0,3600.0,1,weekday,test,-0.2588190451025208,-0.9659258262890683,-1.0,-1.8369701987210297e-16,True,307.5912780465681,0.11652232609520752,special_case
2023-07-29 16:00:00,2023-07-29,16,2023,7,29,Saturday,True,summer,1962,186754,95.1855249745158,0.1019931999973653,200.1106583948308,307.72039341688827,31.032221913808485,True,,False,False,True,True,148692.0,149074.0,372391.0,417185.0,0.0,0.0,0.0,0.0,0.0,0.0,0.0,0.0,4,52.0,22,0,True,True,False,False,대체로 맑음,31.0,65,23.7,35.5,0.0,0.0,0.0,0.0,1,1013.8,1010.0,27,1,4,24,11.9,270,26.3,616.0,437.0,179.0,3600.0,1,offday,train,-0.8660254037844384,-0.5000000000000004,-0.4999999999999998,-0.8660254037844388,True,307.7078003726633,0.012593044224956884,special_case
2022-08-21 15:00:00,2022-08-21,15,2022,8,21,Sunday,True,summer,2551,204301,80.08663269306155,0.0935275965658001,238.58889883935615,307.7576628195232,44.50747194612478,True,,False,False,True,True,,,273883.0,323254.0,0.0,0.0,0.0,0.0,0.0,0.0,0.0,0.0,4,52.0,22,0,False,True,False,False,약한 이슬비,29.1,72,23.6,35.6,0.1,0.1,0.0,0.0,51,1004.7,1001.0,27,4,23,2,1.1,198,12.6,651.0,443.0,208.0,3600.0,1,offday,train,-0.7071067811865471,-0.7071067811865479,-0.8660254037844384,-0.5000000000000004,True,307.72039341688827,0.03726940263493361,special_case
2022-07-24 17:00:00,2022-07-24,17,2022,7,24,Sunday,True,summer,1987,177842,89.50276799194766,0.1047704649595659,208.1789138746576,307.82967004541683,13.78960221931294,True,,False,False,True,True,,,467738.0,460501.0,0.0,0.0,0.0,0.0,0.0,0.0,0.0,0.0,4,52.0,22,0,False,True,False,False,약한 이슬비,28.7,67,22.0,32.8,0.1,0.1,0.0,0.0,51,1001.7,998.0,40,38,8,0,5.4,307,13.0,447.0,285.0,162.0,3600.0,1,offday,train,-0.9659258262890683,-0.25881904510252063,-0.4999999999999998,-0.8660254037844388,True,307.7576628195232,0.0720072258936284,special_case
2023-11-04 15:00:00,2023-11-04,15,2023,11,4,Saturday,True,fall,2094,166818,79.6647564469914,0.1124759978651691,235.5247395296641,307.8304780395923,24.36897840611232,True,,False,False,True,True,133072.0,132765.0,318656.0,373369.0,0.0,0.0,0.0,0.0,0.0,0.0,0.0,0.0,4,52.0,22,0,True,True,False,False,흐림,20.4,65,13.6,20.2,0.0,0.0,0.0,0.0,3,1020.2,1016.3,100,34,7,100,9.1,81,20.9,311.0,143.0,168.0,3600.0,1,offday,train,-0.7071067811865471,-0.7071067811865479,-0.5000000000000004,0.8660254037844384,True,307.82967004541683,0.0008079941754886022,special_case
2025-06-14 19:00:00,2025-06-14,19,2025,6,14,Saturday,True,summer,2350,196471,83.60468085106383,0.0912420622822565,214.41884636330295,307.8499404713009,-26.501676538975403,True,,False,False,True,True,148375.0,157485.0,429973.0,444465.0,0.0,0.0,0.0,0.0,12.0,12.0,0.0,3.0,4,52.0,22,0,True,True,False,True,맑음,25.9,64,18.5,26.9,0.0,0.0,0.0,0.0,0,999.0,995.2,0,0,0,0,14.2,221,31.7,141.0,62.0,79.0,3600.0,1,offday,test,-0.9659258262890684,0.2588190451025203,1.2246467991473532e-16,-1.0,True,307.8304780395923,0.019462431708575423,special_case
2023-06-10 18:00:00,2023-06-10,18,2023,6,10,Saturday,True,summer,2041,180640,88.50563449289564,0.1010593940343581,206.26222322412488,307.854650746584,-4.881274500002121,True,,False,False,True,True,218649.0,207430.0,640457.0,629108.0,602.0,18920.0,2308183.72,508.0,0.0,0.0,0.0,0.0,4,52.0,22,0,True,True,True,False,흐림,21.4,83,18.4,23.4,0.0,0.0,0.0,0.0,3,1003.9,1000.1,100,0,56,100,7.3,99,18.0,229.0,63.0,166.0,2568.42,1,offday,train,-1.0,-1.8369701987210297e-16,1.2246467991473532e-16,-1.0,True,307.8499404713009,0.004710275283116516,special_case
2022-07-17 14:00:00,2022-07-17,14,2022,7,17,Sunday,True,summer,2422,246742,101.87530966143684,0.0809922881834863,196.16332198040385,308.2693861856012,60.871399779473165,True,,False,False,True,True,,,242820.0,328804.0,0.0,0.0,0.0,0.0,0.0,0.0,0.0,0.0,4,52.0,22,0,False,True,False,False,흐림,26.0,79,22.0,29.4,0.0,0.0,0.0,0.0,3,1000.1,996.3,99,19,1,99,10.8,249,24.1,415.0,65.0,350.0,276.77,1,offday,train,-0.4999999999999998,-0.8660254037844388,-0.4999999999999998,-0.8660254037844388,True,307.854650746584,0.4147354390171927,special_case
2024-10-05 12:00:00,2024-10-05,12,2024,10,5,Saturday,True,fall,3224,270065,83.76705955334988,0.0738136969525007,237.97535897486236,308.2986373152292,82.37536557696941,True,,False,False,True,True,130567.0,126480.0,266914.0,391643.0,674.0,20543.0,2144956.27,602.0,0.0,0.0,0.0,0.0,4,52.0,22,0,True,True,True,False,흐림,20.0,56,10.9,20.5,0.0,0.0,0.0,0.0,3,1024.7,1020.8,100,0,0,100,3.3,54,13.3,648.0,428.0,220.0,3600.0,1,offday,valid,1.2246467991473532e-16,-1.0,-0.8660254037844386,0.5000000000000001,True,308.2693861856012,0.029251129627994032,special_case
2023-07-08 14:00:00,2023-07-08,14,2023,7,8,Saturday,True,summer,2528,245536,97.126582278481,0.0809922881834863,204.74850452785336,308.49154609716777,60.53652223720522,True,,False,False,True,True,120440.0,114479.0,265385.0,357273.0,0.0,0.0,0.0,0.0,0.0,0.0,0.0,0.0,4,52.0,22,0,True,True,False,False,약한 이슬비,27.6,74,22.5,31.2,0.1,0.1,0.0,0.0,51,1001.6,997.9,87,87,0,0,10.7,130,23.4,527.0,121.0,406.0,2043.29,1,offday,train,-0.4999999999999998,-0.8660254037844388,-0.4999999999999998,-0.8660254037844388,True,308.2986373152292,0.19290878193856997,special_case
2023-10-21 14:00:00,2023-10-21,14,2023,10,21,Saturday,True,fall,2192,182448,83.23357664233576,0.1053558771818858,230.9400827826938,308.66692722541836,45.28666636706009,True,,False,False,True,True,128103.0,125637.0,300223.0,395149.0,0.0,0.0,0.0,0.0,0.0,0.0,0.0,0.0,4,52.0,22,0,True,True,False,False,맑음,15.8,43,3.2,11.8,0.0,0.0,0.0,0.0,0,1019.1,1015.1,6,6,0,0,17.6,305,36.4,591.0,450.0,141.0,3600.0,1,offday,train,-0.4999999999999998,-0.8660254037844388,-0.8660254037844386,0.5000000000000001,True,308.49154609716777,0.17538112825059216,special_case
2022-07-30 15:00:00,2022-07-30,15,2022,7,30,Saturday,True,summer,2277,207552,91.15151515151516,0.0935275965658001,212.96233738032697,308.7114204708445,45.887814058641254,True,,False,False,True,True,,,281479.0,334587.0,0.0,0.0,0.0,0.0,0.0,0.0,0.0,0.0,4,52.0,22,0,False,True,False,False,부분적으로 흐림,31.4,68,24.9,37.6,0.0,0.0,0.0,0.0,2,1008.5,1004.8,62,2,4,60,2.9,187,29.2,547.0,296.0,251.0,3600.0,1,offday,train,-0.7071067811865471,-0.7071067811865479,-0.4999999999999998,-0.8660254037844388,True,308.66692722541836,0.04449324542611066,special_case
2022-04-02 14:00:00,2022-04-02,14,2022,4,2,Saturday,True,spring,2878,192753,66.97463516330785,0.0977777335148833,281.40431705583427,309.15707865980625,48.40543947445798,True,,False,False,True,True,,,217213.0,285529.0,0.0,0.0,0.0,0.0,0.0,0.0,0.0,0.0,4,52.0,22,0,False,True,False,False,맑음,11.4,37,-2.8,8.1,0.0,0.0,0.0,0.0,0,1027.3,1023.2,18,0,0,18,14.7,253,31.0,810.0,641.0,169.0,3600.0,1,offday,train,-0.4999999999999998,-0.8660254037844388,0.8660254037844387,-0.49999999999999983,True,308.7114204708445,0.44565818896177234,special_case
2023-04-08 18:00:00,2023-04-08,18,2023,4,8,Saturday,True,spring,2775,194960,70.25585585585586,0.093388398805632,259.15280668562895,309.2731670057483,-36.43857964196229,True,,False,False,True,True,217630.0,205218.0,656393.0,636217.0,767.0,24021.0,3018627.75,825.0,0.0,0.0,0.0,0.0,4,52.0,22,0,True,True,True,False,맑음,9.6,62,2.6,5.3,0.0,0.0,0.0,0.0,0,1018.2,1014.1,0,0,0,0,17.5,251,37.1,206.0,115.0,91.0,3600.0,1,offday,train,-1.0,-1.8369701987210297e-16,0.8660254037844387,-0.49999999999999983,True,309.15707865980625,0.11608834594204609,special_case
2024-09-07 18:00:00,2024-09-07,18,2024,9,7,Saturday,True,fall,4533,215429,47.524597396867414,0.0862061061335171,390.7722791032333,309.52158730395774,-56.58069509250487,True,,False,False,True,True,209964.0,204962.0,616716.0,626970.0,922.0,32992.0,3745651.68,815.0,0.0,0.0,0.0,0.0,4,52.0,22,0,True,True,True,False,맑음,26.7,73,21.5,30.2,0.0,0.0,0.0,0.0,0,1013.0,1009.2,1,1,0,0,8.1,257,16.6,188.0,119.0,69.0,3600.0,1,offday,valid,-1.0,-1.8369701987210297e-16,-1.0,-1.8369701987210297e-16,True,309.2731670057483,0.248420298209453,special_case
2022-07-02 18:00:00,2022-07-02,18,2022,7,2,Saturday,True,summer,2603,182839,70.24164425662697,0.1010593940343581,263.0576026714341,309.60886642738524,-8.425932507861035,True,,False,False,True,True,,,645306.0,625086.0,0.0,0.0,0.0,0.0,0.0,0.0,0.0,0.0,4,52.0,22,0,False,True,False,False,맑음,30.1,69,23.8,35.0,0.0,0.0,0.0,0.0,0,1010.1,1006.4,8,0,0,8,7.2,273,15.1,318.0,200.0,118.0,3600.0,1,offday,train,-1.0,-1.8369701987210297e-16,-0.4999999999999998,-0.8660254037844388,True,309.52158730395774,0.08727912342749278,special_case
2024-07-14 20:00:00,2024-07-14,20,2024,7,14,Sunday,True,summer,2185,224403,102.70160183066362,0.0768858847850752,167.99565825538932,309.8816272074124,-46.634689572446746,True,,False,False,True,True,118026.0,119254.0,410612.0,282803.0,517.0,15614.0,2081407.77,573.0,0.0,0.0,0.0,0.0,4,52.0,22,0,True,True,True,False,대체로 맑음,25.5,82,22.2,29.0,0.0,0.0,0.0,0.0,1,1009.5,1005.7,25,2,24,0,9.9,46,20.9,20.0,4.0,16.0,0.0,1,offday,valid,-0.8660254037844386,0.5000000000000001,-0.4999999999999998,-0.8660254037844388,True,309.60886642738524,0.27276078002716986,special_case
2025-08-31 19:00:00,2025-08-31,19,2025,8,31,Sunday,True,summer,1996,195625,98.00851703406812,0.0912420622822565,182.11915631538412,309.9003384556604,-24.28773410620954,True,,False,False,True,True,159464.0,167448.0,458192.0,454471.0,0.0,0.0,0.0,0.0,14.0,13.0,1.0,7.0,4,52.0,22,0,True,True,False,True,약한 이슬비,26.4,88,24.2,31.8,0.2,0.2,0.0,0.0,51,1007.6,1003.8,17,5,8,6,5.9,218,24.1,46.0,18.0,28.0,3499.39,1,offday,test,-0.9659258262890684,0.2588190451025203,-0.8660254037844384,-0.5000000000000004,True,309.8816272074124,0.018711248247996082,special_case
2025-10-12 18:00:00,2025-10-12,18,2025,10,12,Sunday,True,fall,1965,200707,102.1409669211196,0.0862061061335171,169.3949985523612,310.11807528949447,-43.88620436022285,True,,False,False,True,True,214109.0,206349.0,647618.0,648165.0,0.0,0.0,0.0,0.0,14.0,13.0,1.0,7.0,4,52.0,22,0,True,True,False,True,흐림,19.1,77,14.9,19.1,0.0,0.0,0.0,0.0,3,1014.4,1010.5,100,100,100,2,11.7,88,24.5,4.0,0.0,4.0,0.0,1,offday,test,-1.0,-1.8369701987210297e-16,-0.8660254037844386,0.5000000000000001,True,309.9003384556604,0.21773683383406706,special_case
2025-08-30 15:00:00,2025-08-30,15,2025,8,30,Saturday,True,summer,2228,209123,93.8613105924596,0.0935275965658001,208.37948514860273,310.21783843904865,46.37665336664833,True,,False,False,True,True,142475.0,139526.0,342579.0,398731.0,0.0,0.0,0.0,0.0,13.0,13.0,0.0,6.0,4,52.0,22,0,True,True,False,True,맑음,31.1,60,22.5,36.1,0.0,0.0,0.0,0.0,0,1013.1,1009.4,2,2,1,0,8.5,245,22.7,717.0,584.0,133.0,3600.0,1,offday,test,-0.7071067811865471,-0.7071067811865479,-0.8660254037844384,-0.5000000000000004,True,310.11807528949447,0.0997631495541782,special_case
2023-03-18 15:00:00,2023-03-18,15,2023,3,18,Saturday,True,spring,2281,176491,77.37439719421306,0.1077131147753142,245.69361480249188,310.2774374179642,32.45293874727446,True,,False,False,True,True,132098.0,133816.0,312164.0,365470.0,747.0,30003.0,3262344.66,698.0,0.0,0.0,0.0,0.0,4,52.0,22,0,True,True,True,False,맑음,12.9,28,-5.1,8.6,0.0,0.0,0.0,0.0,0,1018.3,1014.3,0,0,0,0,15.1,295,32.0,676.0,541.0,135.0,3600.0,1,offday,train,-0.7071067811865471,-0.7071067811865479,1.0,6.123233995736766e-17,True,310.21783843904865,0.05959897891557375,special_case
2023-11-04 16:00:00,2023-11-04,16,2023,11,4,Saturday,True,fall,2094,166818,79.6647564469914,0.1113266708276356,233.1180487130691,310.3103260479346,2.4798480083422874,True,,False,False,True,True,155619.0,157010.0,390527.0,413982.0,0.0,0.0,0.0,0.0,0.0,0.0,0.0,0.0,4,52.0,22,0,True,True,False,False,흐림,20.0,68,13.9,20.3,0.0,0.0,0.0,0.0,3,1020.5,1016.6,100,23,12,100,7.3,57,18.0,197.0,66.0,131.0,3600.0,1,offday,train,-0.8660254037844384,-0.5000000000000004,-0.5000000000000004,0.8660254037844384,True,310.2774374179642,0.032888629970386773,special_case
2022-08-07 16:00:00,2022-08-07,16,2022,8,7,Sunday,True,summer,2100,187700,89.38095238095238,0.1019931999973653,214.18571999446723,310.3632651296317,30.668242659432963,True,,False,False,True,True,,,329289.0,353510.0,0.0,0.0,0.0,0.0,0.0,0.0,0.0,0.0,4,52.0,22,0,False,True,False,False,흐림,29.5,81,26.0,34.6,0.0,0.0,0.0,0.0,3,1005.8,1002.1,100,13,18,100,16.1,219,31.0,414.0,155.0,259.0,3600.0,1,offday,train,-0.8660254037844384,-0.5000000000000004,-0.8660254037844384,-0.5000000000000004,True,310.3103260479346,0.052939081697104484,special_case
2025-11-16 15:00:00,2025-11-16,15,2025,11,16,Sunday,True,fall,1760,169624,96.37727272727273,0.1124759978651691,197.9577562426976,310.37950092091523,27.23906093327423,True,,False,False,True,True,149604.0,149477.0,365051.0,409125.0,0.0,0.0,0.0,0.0,16.0,14.0,2.0,11.0,4,52.0,22,0,True,True,False,True,맑음,15.4,60,7.7,12.9,0.0,0.0,0.0,0.0,0,1023.9,1019.9,0,0,0,0,12.9,235,30.2,381.0,277.0,104.0,3600.0,1,offday,test,-0.7071067811865471,-0.7071067811865479,-0.5000000000000004,0.8660254037844384,True,310.3632651296317,0.016235791283520484,special_case
2024-09-26 13:00:00,2024-09-26,13,2024,9,26,Thursday,False,fall,2476,156008,63.00807754442649,0.1201225009099709,297.423312253088,310.64498195010646,36.24447710181243,False,,False,False,False,False,124352.0,120608.0,258882.0,380199.0,379.0,9979.0,1062656.25,380.0,0.0,0.0,0.0,0.0,4,52.0,22,0,True,True,True,False,부분적으로 흐림,25.5,67,19.0,29.2,0.0,0.0,0.0,0.0,2,1013.1,1009.3,53,51,7,0,2.9,227,14.0,663.0,512.0,151.0,3600.0,1,weekday,valid,-0.2588190451025208,-0.9659258262890683,-1.0,-1.8369701987210297e-16,True,310.37950092091523,0.2654810291912213,special_case
2025-07-27 19:00:00,2025-07-27,19,2025,7,27,Sunday,True,summer,2209,197311,89.32141240380263,0.0912420622822565,201.5537155815048,310.6490157648283,-25.692648755336226,True,,False,False,True,True,169368.0,180236.0,471291.0,488582.0,0.0,0.0,0.0,0.0,19.0,17.0,2.0,12.0,4,52.0,22,0,True,True,False,True,맑음,32.0,67,25.2,37.6,0.0,0.0,0.0,0.0,0,1003.4,999.7,9,0,9,0,9.1,277,22.3,129.0,64.0,65.0,3600.0,1,offday,test,-0.9659258262890684,0.2588190451025203,-0.4999999999999998,-0.8660254037844388,True,310.64498195010646,0.004033814721822182,special_case
2023-08-13 20:00:00,2023-08-13,20,2023,8,13,Sunday,True,summer,2121,224316,105.75954738330977,0.0768858847850752,163.0749616291445,310.6681215769228,-46.32996831372111,True,,False,False,True,True,111702.0,112849.0,374265.0,262990.0,0.0,0.0,0.0,0.0,0.0,0.0,0.0,0.0,4,52.0,22,0,True,True,False,False,대체로 맑음,25.9,93,24.6,31.7,0.0,0.0,0.0,0.0,1,1004.2,1000.4,37,7,29,4,5.1,278,8.3,6.0,1.0,5.0,0.0,1,offday,train,-0.8660254037844386,0.5000000000000001,-0.8660254037844384,-0.5000000000000004,True,310.6490157648283,0.019105812094494468,special_case
2023-04-08 14:00:00,2023-04-08,14,2023,4,8,Saturday,True,spring,2775,194960,70.25585585585586,0.0977777335148833,271.3332105038013,310.6817680312782,49.28000723659653,True,,False,False,True,True,115768.0,111751.0,264100.0,346494.0,790.0,28580.0,3318547.25,674.0,0.0,0.0,0.0,0.0,4,52.0,22,0,True,True,True,False,맑음,12.9,39,-0.8,9.1,0.0,0.0,0.0,0.0,0,1018.6,1014.6,4,2,4,0,19.8,254,38.2,829.0,649.0,180.0,3600.0,1,offday,train,-0.4999999999999998,-0.8660254037844388,0.8660254037844387,-0.49999999999999983,True,310.6681215769228,0.013646454355409787,special_case
2024-05-03 13:00:00,2024-05-03,13,2024,5,3,Friday,False,spring,2328,171110,73.5008591065292,0.111787395763264,260.2410573368787,310.682964481588,46.54716688726211,False,,False,False,False,False,129171.0,124826.0,291672.0,434999.0,459.0,12347.0,1346158.32,497.0,0.0,0.0,0.0,0.0,4,52.0,22,0,True,True,True,False,맑음,25.8,24,3.8,25.3,0.0,0.0,0.0,0.0,0,1018.1,1014.3,0,0,0,0,7.7,307,22.7,898.0,708.0,190.0,3600.0,1,weekday,valid,-0.2588190451025208,-0.9659258262890683,0.49999999999999994,-0.8660254037844387,True,310.6817680312782,0.0011964503098056412,special_case
2023-04-30 20:00:00,2023-04-30,20,2023,4,30,Sunday,True,spring,4249,308886,72.69616380324783,0.0570144493127863,242.25439513002917,310.6847962365989,-96.67163104948104,True,,False,False,True,True,111154.0,111680.0,370753.0,274652.0,143.0,4483.0,499171.42,165.0,0.0,0.0,0.0,0.0,4,52.0,22,0,True,True,True,False,약한 이슬비,11.3,84,8.8,9.1,0.1,0.1,0.0,0.0,51,1009.3,1005.3,100,0,100,99,12.9,198,31.3,1.0,0.0,1.0,0.0,1,offday,train,-0.8660254037844386,0.5000000000000001,0.8660254037844387,-0.49999999999999983,True,310.682964481588,0.0018317550109259173,special_case
2025-10-25 13:00:00,2025-10-25,13,2025,10,25,Saturday,True,fall,2385,218198,91.48763102725368,0.0915726254037753,218.4007115880043,310.7883951503193,65.82086747090693,True,,False,False,True,True,133452.0,129282.0,289919.0,426437.0,0.0,0.0,0.0,0.0,19.0,18.0,1.0,7.0,4,52.0,22,0,True,True,False,True,부분적으로 흐림,16.9,62,9.4,15.4,0.0,0.0,0.0,0.0,2,1021.8,1017.8,66,25,0,55,8.9,324,23.4,549.0,370.0,179.0,3600.0,1,offday,test,-0.2588190451025208,-0.9659258262890683,-0.8660254037844386,0.5000000000000001,True,310.6847962365989,0.10359891372036145,special_case
2022-10-29 14:00:00,2022-10-29,14,2022,10,29,Saturday,True,fall,2363,182318,77.15531104528142,0.1053558771818858,248.95593778079623,310.8254559244337,44.56834797763787,True,,False,False,True,True,,,276284.0,355207.0,0.0,0.0,0.0,0.0,0.0,0.0,0.0,0.0,4,52.0,22,0,False,True,False,False,맑음,18.5,50,7.9,16.8,0.0,0.0,0.0,0.0,0,1025.8,1021.8,16,14,0,2,7.6,82,20.2,520.0,371.0,149.0,3600.0,1,offday,train,-0.4999999999999998,-0.8660254037844388,-0.8660254037844386,0.5000000000000001,True,310.7883951503193,0.03706077411442266,special_case
2025-09-06 20:00:00,2025-09-06,20,2025,9,6,Saturday,True,fall,3931,345164,87.8056474179598,0.0479786878750003,188.60422203662628,310.8490247410067,-109.97962971702054,True,,False,False,True,True,121342.0,124092.0,393938.0,283739.0,0.0,0.0,0.0,0.0,15.0,14.0,1.0,7.0,4,52.0,22,0,True,True,False,True,약한 비,24.7,96,24.1,28.5,1.5,1.5,0.0,0.0,61,1006.4,1002.6,100,100,48,76,16.1,234,33.5,0.0,0.0,0.0,0.0,1,offday,test,-0.8660254037844386,0.5000000000000001,-1.0,-1.8369701987210297e-16,True,310.8254559244337,0.023568816573003915,special_case
2025-08-23 21:00:00,2025-08-23,21,2025,8,23,Saturday,True,summer,2560,275770,107.72265625,0.0603261742431433,154.43500606244697,310.9874817989909,-71.62442906785634,True,,False,False,True,True,108142.0,106655.0,453618.0,236599.0,0.0,0.0,0.0,0.0,15.0,15.0,0.0,9.0,4,52.0,22,0,True,True,False,True,맑음,27.5,90,25.7,34.3,0.0,0.0,0.0,0.0,0,1011.4,1007.6,0,0,0,0,3.1,310,10.1,0.0,0.0,0.0,0.0,1,offday,test,-0.7071067811865477,0.7071067811865474,-0.8660254037844384,-0.5000000000000004,True,310.8490247410067,0.13845705798422614,special_case
2022-04-23 12:00:00,2022-04-23,12,2022,4,23,Saturday,True,spring,3263,314876,96.49892736745326,0.0657770680274524,214.6305729735773,311.1496113277707,86.25965625664588,True,,False,False,True,True,,,187587.0,271232.0,0.0,0.0,0.0,0.0,0.0,0.0,0.0,0.0,4,52.0,22,0,False,True,False,False,흐림,20.0,42,6.7,19.1,0.0,0.0,0.0,0.0,3,1013.9,1010.0,100,0,0,100,9.5,99,23.0,779.0,495.0,284.0,3600.0,1,offday,train,1.2246467991473532e-16,-1.0,0.8660254037844387,-0.49999999999999983,True,310.9874817989909,0.16212952877975795,special_case
2023-07-01 14:00:00,2023-07-01,14,2023,7,1,Saturday,True,summer,2589,247330,95.53109308613364,0.0809922881834863,209.68903410704604,311.3695062554567,60.965347685047504,True,,False,False,True,True,120440.0,114479.0,265385.0,357273.0,0.0,0.0,0.0,0.0,0.0,0.0,0.0,0.0,4,52.0,22,0,True,True,False,False,대체로 맑음,31.0,63,23.1,37.0,0.0,0.0,0.0,0.0,1,1005.7,1002.0,21,21,1,0,6.8,270,17.6,789.0,564.0,225.0,3600.0,1,offday,train,-0.4999999999999998,-0.8660254037844388,-0.4999999999999998,-0.8660254037844388,True,311.1496113277707,0.21989492768602759,special_case
2024-10-06 16:00:00,2024-10-06,16,2024,10,6,Sunday,True,fall,1878,167278,89.07241746538871,0.1113266708276356,209.0714878142998,311.4208966716748,4.3206363079438574,True,,False,False,True,True,174451.0,175854.0,448421.0,473981.0,487.0,15342.0,1524070.09,449.0,0.0,0.0,0.0,0.0,4,52.0,22,0,True,True,True,False,흐림,16.5,76,12.4,16.9,0.0,0.0,0.0,0.0,3,1020.2,1016.2,100,0,100,10,2.8,305,9.4,82.0,0.0,82.0,0.0,1,offday,valid,-0.8660254037844384,-0.5000000000000004,-0.8660254037844386,0.5000000000000001,True,311.3695062554567,0.05139041621811202,special_case
2023-04-22 20:00:00,2023-04-22,20,2023,4,22,Saturday,True,spring,2993,291040,97.24022719679252,0.0570144493127863,170.64424679316951,312.031050399336,-89.250362581574,True,,False,False,True,True,111154.0,111680.0,370753.0,274652.0,691.0,22562.0,2738152.32,749.0,0.0,0.0,0.0,0.0,4,52.0,22,0,True,True,True,False,흐림,12.4,48,1.6,9.3,0.0,0.0,0.0,0.0,3,1021.7,1017.7,100,0,0,100,7.9,60,13.7,1.0,0.0,1.0,0.0,1,offday,train,-0.8660254037844386,0.5000000000000001,0.8660254037844387,-0.49999999999999983,True,311.4208966716748,0.6101537276611566,special_case
2024-05-18 12:00:00,2024-05-18,12,2024,5,18,Saturday,True,spring,3302,315232,95.46698970321016,0.0657770680274524,217.19587862664795,312.10702274346374,86.42387216047052,True,,False,False,True,True,127195.0,117440.0,269436.0,392811.0,615.0,19536.0,2276870.45,601.0,0.0,0.0,0.0,0.0,4,52.0,22,0,True,True,True,False,대체로 맑음,22.6,60,14.4,22.9,0.0,0.0,0.0,0.0,1,1017.4,1013.5,30,30,0,0,10.5,221,24.5,612.0,255.0,357.0,3600.0,1,offday,valid,1.2246467991473532e-16,-1.0,0.49999999999999994,-0.8660254037844387,True,312.031050399336,0.07597234412776288,special_case
2023-03-26 19:00:00,2023-03-26,19,2023,3,26,Sunday,True,spring,2982,233665,78.35848423876593,0.0761098888961958,226.959688688456,312.1688202320281,-62.72575484912602,True,,False,False,True,True,164562.0,174411.0,451659.0,496053.0,372.0,9638.0,1305979.67,469.0,0.0,0.0,0.0,0.0,4,52.0,22,0,True,True,True,False,맑음,7.3,27,-10.2,1.9,0.0,0.0,0.0,0.0,0,1017.5,1013.4,0,0,0,0,15.1,308,34.2,30.0,11.0,19.0,1835.83,1,offday,train,-0.9659258262890684,0.2588190451025203,1.0,6.123233995736766e-17,True,312.10702274346374,0.061797488564366176,special_case
2025-05-25 20:00:00,2025-05-25,20,2025,5,25,Sunday,True,spring,4303,310877,72.24657215895887,0.0570144493127863,245.33317539291963,312.1792223123002,-97.34310380570378,True,,False,False,True,True,116266.0,117735.0,435630.0,301038.0,0.0,0.0,0.0,0.0,10.0,9.0,1.0,6.0,4,52.0,22,0,True,True,False,True,맑음,15.9,73,11.2,15.7,0.0,0.0,0.0,0.0,0,1014.9,1011.0,2,0,2,0,4.3,246,13.7,15.0,3.0,12.0,0.0,1,offday,test,-0.8660254037844386,0.5000000000000001,0.49999999999999994,-0.8660254037844387,True,312.1688202320281,0.0104020802721152,special_case
2024-11-09 17:00:00,2024-11-09,17,2024,11,9,Saturday,True,fall,2104,179016,85.08365019011407,0.1019646238147499,214.53356850623385,312.4565081662222,-20.70869497732599,True,,False,False,True,True,195517.0,188589.0,559854.0,542098.0,0.0,0.0,0.0,0.0,0.0,0.0,0.0,0.0,4,52.0,22,0,True,True,False,False,흐림,15.1,67,9.1,14.4,0.0,0.0,0.0,0.0,3,1026.1,1022.1,96,0,0,96,3.6,297,4.3,95.0,34.0,61.0,3600.0,1,offday,valid,-0.9659258262890683,-0.25881904510252063,-0.5000000000000004,0.8660254037844384,True,312.1792223123002,0.2772858539219669,special_case
2025-07-06 14:00:00,2025-07-06,14,2025,7,6,Sunday,True,summer,2222,253203,113.95274527452746,0.0809922881834863,179.96486434370658,312.47665956675166,62.548841121543944,True,,False,False,True,True,129895.0,127431.0,290689.0,378212.0,0.0,0.0,0.0,0.0,11.0,10.0,1.0,5.0,4,52.0,22,0,True,True,False,True,흐림,31.3,64,23.5,37.0,0.0,0.0,0.0,0.0,3,1004.1,1000.4,100,9,0,100,9.1,231,24.1,751.0,444.0,307.0,3600.0,1,offday,test,-0.4999999999999998,-0.8660254037844388,-0.4999999999999998,-0.8660254037844388,True,312.4565081662222,0.020151400529471175,special_case
2023-10-14 18:00:00,2023-10-14,18,2023,10,14,Saturday,True,fall,3352,215087,64.1667661097852,0.0862061061335171,288.96286775954945,312.69853277322636,-55.00187977797515,True,,False,False,True,True,226264.0,209395.0,676099.0,661603.0,0.0,0.0,0.0,0.0,0.0,0.0,0.0,0.0,4,52.0,22,0,True,True,False,False,맑음,15.9,82,12.9,16.5,0.0,0.0,0.0,0.0,0,1008.9,1005.0,6,6,0,0,1.9,112,6.5,41.0,15.0,26.0,2858.76,1,offday,train,-1.0,-1.8369701987210297e-16,-0.8660254037844386,0.5000000000000001,True,312.47665956675166,0.22187320647469733,special_case
2023-06-10 17:00:00,2023-06-10,17,2023,6,10,Saturday,True,summer,2041,180640,88.50563449289564,0.1047704649595659,213.8365189824742,312.73592524658613,13.87721124865925,True,,False,False,True,True,179698.0,173173.0,491849.0,481958.0,413.0,12395.0,1542328.47,321.0,0.0,0.0,0.0,0.0,4,52.0,22,0,True,True,True,False,약한 이슬비,20.5,84,17.6,22.4,0.3,0.3,0.0,0.0,51,1004.1,1000.3,100,0,16,100,6.1,90,32.8,151.0,5.0,146.0,0.0,1,offday,train,-0.9659258262890683,-0.25881904510252063,1.2246467991473532e-16,-1.0,True,312.69853277322636,0.03739247335977325,special_case
2025-11-09 14:00:00,2025-11-09,14,2025,11,9,Sunday,True,fall,1942,187417,96.50720906282184,0.1053558771818858,204.6011134872223,312.8048538747467,47.75132079325749,True,,False,False,True,True,134435.0,129996.0,313948.0,393089.0,0.0,0.0,0.0,0.0,19.0,18.0,1.0,11.0,4,52.0,22,0,True,True,False,True,대체로 맑음,15.6,46,4.0,11.7,0.0,0.0,0.0,0.0,1,1015.8,1011.8,48,36,27,0,16.6,285,35.6,467.0,333.0,134.0,3600.0,1,offday,test,-0.4999999999999998,-0.8660254037844388,-0.5000000000000004,0.8660254037844384,True,312.73592524658613,0.06892862816056322,special_case
2024-03-31 19:00:00,2024-03-31,19,2024,3,31,Sunday,True,spring,2464,228389,92.6903409090909,0.0761098888961958,187.53476624022656,312.90713516347415,-59.05517898149111,True,,False,False,True,True,161357.0,168743.0,478804.0,500595.0,506.0,15956.0,1968868.18,624.0,0.0,0.0,0.0,0.0,4,52.0,22,0,True,True,True,False,대체로 맑음,8.9,56,0.4,5.3,0.0,0.0,0.0,0.0,1,1011.0,1007.0,23,0,23,0,10.2,315,11.9,34.0,10.0,24.0,1395.57,1,offday,valid,-0.9659258262890684,0.2588190451025203,1.0,6.123233995736766e-17,True,312.8048538747467,0.10228128872745401,special_case
2025-06-01 21:00:00,2025-06-01,21,2025,6,1,Sunday,True,summer,2685,278968,103.89869646182495,0.0603261742431433,161.9757778428399,313.015535640294,-72.66505495904988,True,,False,False,True,True,103427.0,103912.0,430010.0,240734.0,0.0,0.0,0.0,0.0,7.0,7.0,0.0,2.0,4,52.0,22,0,True,True,False,True,흐림,20.7,58,12.2,20.7,0.0,0.0,0.0,0.0,3,1009.1,1005.2,100,0,0,100,5.0,285,14.0,0.0,0.0,0.0,0.0,1,offday,test,-0.7071067811865477,0.7071067811865474,1.2246467991473532e-16,-1.0,True,312.90713516347415,0.10840047681983833,special_case
2023-10-02 18:00:00,2023-10-02,18,2023,10,2,Monday,False,fall,3014,299070,99.2269409422694,0.0537318129043256,161.9476840936375,313.0468350424767,-113.11107712383716,False,임시공휴일,True,False,True,True,226264.0,209395.0,676099.0,661603.0,0.0,0.0,0.0,0.0,0.0,0.0,0.0,0.0,4,52.0,22,0,True,True,False,False,흐림,18.0,64,11.2,17.3,0.0,0.0,0.0,0.0,3,1018.1,1014.2,100,0,0,100,7.1,294,13.0,79.0,31.0,48.0,3600.0,1,offday,train,-1.0,-1.8369701987210297e-16,-0.8660254037844386,0.5000000000000001,True,313.015535640294,0.03129940218269667,special_case
2023-10-08 13:00:00,2023-10-08,13,2023,10,8,Sunday,True,fall,2403,219881,91.50270495214316,0.0915726254037753,220.04901884527223,313.17853006195986,66.32894720002253,True,,False,False,True,True,128155.0,126336.0,273010.0,420242.0,0.0,0.0,0.0,0.0,0.0,0.0,0.0,0.0,4,52.0,22,0,True,True,False,False,흐림,19.7,58,11.3,18.6,0.0,0.0,0.0,0.0,3,1023.2,1019.3,100,2,100,0,10.2,98,23.8,367.0,87.0,280.0,1802.31,1,offday,train,-0.2588190451025208,-0.9659258262890683,-0.8660254037844386,0.5000000000000001,True,313.0468350424767,0.13169501948317475,special_case
2025-08-03 19:00:00,2025-08-03,19,2025,8,3,Sunday,True,summer,1813,196512,108.39051296194154,0.0912420622822565,165.4218589177312,313.1909048747696,-23.225150373399003,True,,False,False,True,True,159464.0,167448.0,458192.0,454471.0,0.0,0.0,0.0,0.0,19.0,18.0,1.0,12.0,4,52.0,22,0,True,True,False,True,흐림,30.5,62,22.2,33.8,0.0,0.0,0.0,0.0,3,1000.0,996.3,100,0,87,100,11.9,180,26.3,53.0,6.0,47.0,0.0,1,offday,test,-0.9659258262890684,0.2588190451025203,-0.8660254037844384,-0.5000000000000004,True,313.17853006195986,0.012374812809753166,special_case
2022-06-18 14:00:00,2022-06-18,14,2022,6,18,Saturday,True,summer,2527,249817,98.85912148793037,0.0809922881834863,204.6675122396699,313.2088463363922,61.60628619185846,True,,False,False,True,True,,,231925.0,303651.0,0.0,0.0,0.0,0.0,0.0,0.0,0.0,0.0,4,52.0,22,0,False,True,False,False,흐림,27.5,58,18.5,29.0,0.0,0.0,0.0,0.0,3,1006.3,1002.5,100,42,0,100,15.9,219,32.0,689.0,314.0,375.0,3600.0,1,offday,train,-0.4999999999999998,-0.8660254037844388,1.2246467991473532e-16,-1.0,True,313.1909048747696,0.017941461622569932,special_case
2024-08-18 19:00:00,2024-08-18,19,2024,8,18,Sunday,True,summer,2099,198294,94.47070033349212,0.0912420622822565,191.51708873045655,313.38461199648896,-25.081759776369267,True,,False,False,True,True,161795.0,170925.0,449767.0,462135.0,534.0,17198.0,2137724.5,458.0,0.0,0.0,0.0,0.0,4,52.0,22,0,True,True,True,False,흐림,26.5,92,25.1,32.0,0.0,0.0,0.0,0.0,3,1008.8,1005.0,99,11,7,99,9.0,67,14.8,40.0,2.0,38.0,0.0,1,offday,valid,-0.9659258262890684,0.2588190451025203,-0.8660254037844384,-0.5000000000000004,True,313.2088463363922,0.17576566009677208,special_case
2025-03-15 14:00:00,2025-03-15,14,2025,3,15,Saturday,True,spring,2328,202009,86.77362542955326,0.0977777335148833,227.62656362264843,313.80211675441603,52.35140461209778,True,,False,False,True,True,128057.0,123831.0,306602.0,397393.0,0.0,0.0,0.0,0.0,0.0,0.0,0.0,0.0,4,52.0,22,0,True,True,False,False,대체로 맑음,14.4,40,0.8,12.0,0.0,0.0,0.0,0.0,1,1021.9,1017.9,28,4,18,9,9.6,127,32.8,721.0,545.0,176.0,3600.0,1,offday,test,-0.4999999999999998,-0.8660254037844388,1.0,6.123233995736766e-17,True,313.38461199648896,0.41750475792707675,special_case
2022-07-03 17:00:00,2022-07-03,17,2022,7,3,Sunday,True,summer,2284,180885,79.19658493870404,0.1047704649595659,239.29574196764872,313.8272728657235,12.529512881282528,True,,False,False,True,True,,,467738.0,460501.0,0.0,0.0,0.0,0.0,0.0,0.0,0.0,0.0,4,52.0,22,0,False,True,False,False,흐림,31.0,60,22.4,34.6,0.0,0.0,0.0,0.0,3,1006.8,1003.1,99,2,7,99,10.1,270,19.4,454.0,310.0,144.0,3600.0,1,offday,train,-0.9659258262890683,-0.25881904510252063,-0.4999999999999998,-0.8660254037844388,True,313.80211675441603,0.0251561113074672,special_case
2025-08-15 18:00:00,2025-08-15,18,2025,8,15,Friday,False,summer,2125,206666,97.25458823529412,0.0849768175437643,180.5757372804991,313.8941756451633,-46.64058890636829,False,광복절,True,False,True,True,222817.0,219460.0,654017.0,657481.0,0.0,0.0,0.0,0.0,14.0,13.0,1.0,8.0,4,52.0,22,0,True,True,False,True,맑음,28.3,81,24.6,33.6,0.0,0.0,0.0,0.0,0,1013.8,1010.0,7,4,1,3,8.6,241,23.4,266.0,176.0,90.0,3600.0,1,offday,test,-1.0,-1.8369701987210297e-16,-0.8660254037844384,-0.5000000000000004,True,313.8272728657235,0.06690277943977208,special_case
2025-07-05 14:00:00,2025-07-05,14,2025,7,5,Saturday,True,summer,2437,251741,103.29954862535904,0.0809922881834863,197.37820630315613,314.01507010979213,62.11545677871345,True,,False,False,True,True,129895.0,127431.0,290689.0,378212.0,0.0,0.0,0.0,0.0,12.0,11.0,1.0,6.0,4,52.0,22,0,True,True,False,True,부분적으로 흐림,30.5,64,23.0,35.5,0.0,0.0,0.0,0.0,2,1005.4,1001.7,68,5,0,66,13.0,225,32.0,816.0,588.0,228.0,3600.0,1,offday,test,-0.4999999999999998,-0.8660254037844388,-0.4999999999999998,-0.8660254037844388,True,313.8941756451633,0.12089446462886144,special_case
2023-03-18 17:00:00,2023-03-18,17,2023,3,18,Saturday,True,spring,2281,176491,77.37439719421306,0.1056648495856345,241.02152190483233,314.1171681361899,-9.454517081262908,True,,False,False,True,True,184059.0,181754.0,518496.0,519201.0,721.0,23672.0,2798490.26,851.0,0.0,0.0,0.0,0.0,4,52.0,22,0,True,True,True,False,맑음,10.3,45,-1.0,5.6,0.0,0.0,0.0,0.0,0,1018.4,1014.4,0,0,0,0,16.8,260,32.0,350.0,247.0,103.0,3600.0,1,offday,train,-0.9659258262890683,-0.25881904510252063,1.0,6.123233995736766e-17,True,314.01507010979213,0.10209802639775489,special_case
2022-11-06 15:00:00,2022-11-06,15,2022,11,6,Sunday,True,fall,2122,170295,80.2521206409048,0.1124759978651691,238.67406746988885,314.13521450141457,24.981150175998664,True,,False,False,True,True,,,289923.0,328103.0,0.0,0.0,0.0,0.0,0.0,0.0,0.0,0.0,4,52.0,22,0,False,True,False,False,맑음,13.9,44,2.0,11.1,0.0,0.0,0.0,0.0,0,1023.8,1019.8,6,0,0,6,6.9,261,18.4,427.0,318.0,109.0,3600.0,1,offday,train,-0.7071067811865471,-0.7071067811865479,-0.5000000000000004,0.8660254037844384,True,314.1171681361899,0.018046365224677174,special_case
2024-10-11 13:00:00,2024-10-11,13,2024,10,11,Friday,False,fall,2526,157635,62.40498812351544,0.1201225009099709,303.42943729858655,314.21376106461594,36.45594855761112,False,,False,False,False,False,137374.0,134469.0,296007.0,431650.0,493.0,14274.0,1400410.26,460.0,0.0,0.0,0.0,0.0,4,52.0,22,0,True,True,True,False,맑음,21.5,56,12.4,22.5,0.0,0.0,0.0,0.0,0,1018.7,1014.8,0,0,0,0,3.6,237,14.0,677.0,543.0,134.0,3600.0,1,weekday,valid,-0.2588190451025208,-0.9659258262890683,-0.8660254037844386,0.5000000000000001,True,314.13521450141457,0.0785465632013711,special_case
2024-11-02 18:00:00,2024-11-02,18,2024,11,2,Saturday,True,fall,2508,208239,83.02990430622009,0.0862061061335171,216.204914182861,314.36115929813,-48.53473690148621,True,,False,False,True,True,230499.0,219253.0,692890.0,699222.0,0.0,0.0,0.0,0.0,0.0,0.0,0.0,0.0,4,52.0,22,0,True,True,False,False,대체로 맑음,15.6,86,13.2,15.3,0.0,0.0,0.0,0.0,1,1019.6,1015.6,26,26,0,0,8.9,62,10.4,9.0,2.0,7.0,0.0,1,offday,valid,-1.0,-1.8369701987210297e-16,-0.5000000000000004,0.8660254037844384,True,314.21376106461594,0.14739823351408177,special_case
2024-10-19 13:00:00,2024-10-19,13,2024,10,19,Saturday,True,fall,2506,219359,87.53351955307262,0.0915726254037753,229.48099926186111,314.3655205289544,66.06394725855569,True,,False,False,True,True,137374.0,134469.0,296007.0,431650.0,637.0,19666.0,2112145.79,586.0,0.0,0.0,0.0,0.0,4,52.0,22,0,True,True,True,False,약한 이슬비,20.5,67,14.3,20.1,0.4,0.4,0.0,0.0,51,1018.2,1014.3,78,38,75,0,12.6,52,26.6,396.0,171.0,225.0,3600.0,1,offday,valid,-0.2588190451025208,-0.9659258262890683,-0.8660254037844386,0.5000000000000001,True,314.36115929813,0.004361230824372342,special_case
2025-07-13 16:00:00,2025-07-13,16,2025,7,13,Sunday,True,summer,1930,191198,99.06632124352332,0.1019931999973653,196.8468759949151,314.3767714260518,32.090900979749165,True,,False,False,True,True,159909.0,160265.0,413035.0,434100.0,0.0,0.0,0.0,0.0,11.0,10.0,1.0,5.0,4,52.0,22,0,True,True,False,True,흐림,27.2,69,21.0,30.7,0.0,0.0,0.0,0.0,3,1001.0,997.3,100,1,98,100,6.3,207,20.2,183.0,4.0,179.0,0.0,1,offday,test,-0.8660254037844384,-0.5000000000000004,-0.4999999999999998,-0.8660254037844388,True,314.3655205289544,0.011250897097397683,special_case
2025-09-22 14:00:00,2025-09-22,14,2025,9,22,Monday,False,fall,2294,153069,66.7258064516129,0.1235811310401487,283.49511460610114,314.38461571510015,11.43407905790383,False,,False,False,False,False,130450.0,127036.0,290975.0,362837.0,0.0,0.0,0.0,0.0,16.0,15.0,1.0,7.0,4,52.0,22,0,True,True,False,True,흐림,23.9,53,13.8,23.8,0.0,0.0,0.0,0.0,3,1020.4,1016.5,100,0,100,100,8.8,85,23.4,418.0,116.0,302.0,2771.37,1,weekday,test,-0.4999999999999998,-0.8660254037844388,-1.0,-1.8369701987210297e-16,True,314.3767714260518,0.007844289048364317,special_case
2024-07-13 15:00:00,2024-07-13,15,2024,7,13,Saturday,True,summer,2318,211380,91.190681622088,0.0935275965658001,216.7969688395247,314.39267610062575,46.73627710130461,True,,False,False,True,True,137479.0,136548.0,325294.0,385923.0,412.0,12334.0,1261379.08,380.0,0.0,0.0,0.0,0.0,4,52.0,22,0,True,True,True,False,대체로 맑음,30.7,66,23.5,36.6,0.0,0.0,0.0,0.0,1,1004.6,1000.9,25,9,18,1,6.2,159,21.6,701.0,494.0,207.0,3600.0,1,offday,valid,-0.7071067811865471,-0.7071067811865479,-0.4999999999999998,-0.8660254037844388,True,314.38461571510015,0.008060385525595848,special_case
2025-09-20 21:00:00,2025-09-20,21,2025,9,20,Saturday,True,fall,3574,456305,127.6734750979295,0.0314479356316109,112.39492194737738,314.54267397238516,-136.16467520539766,True,,False,False,True,True,118719.0,112215.0,457839.0,243338.0,0.0,0.0,0.0,0.0,17.0,16.0,1.0,8.0,4,52.0,22,0,True,True,False,True,맑음,18.0,85,15.6,18.7,0.0,0.0,0.0,0.0,0,1012.8,1008.9,14,7,0,7,8.7,8,18.7,0.0,0.0,0.0,0.0,1,offday,test,-0.7071067811865477,0.7071067811865474,-1.0,-1.8369701987210297e-16,True,314.39267610062575,0.14999787175941037,special_case
2024-06-29 15:00:00,2024-06-29,15,2024,6,29,Saturday,True,summer,2152,213045,98.9986059479554,0.0935275965658001,201.27138780960192,314.55935090625337,47.498063214841125,True,,False,False,True,True,135633.0,134648.0,323366.0,377916.0,533.0,17185.0,1849321.64,523.0,0.0,0.0,0.0,0.0,4,52.0,22,0,True,True,True,False,흐림,33.5,37,16.8,33.9,0.0,0.0,0.0,0.0,3,1001.3,997.6,100,47,100,85,17.3,138,34.6,670.0,379.0,291.0,3600.0,1,offday,valid,-0.7071067811865471,-0.7071067811865479,1.2246467991473532e-16,-1.0,True,314.54267397238516,0.016676933868211563,special_case
2024-10-01 12:00:00,2024-10-01,12,2024,10,1,Tuesday,False,fall,2312,186400,80.62283737024221,0.1065118396644879,246.25537330429609,314.60773790211624,65.64914290502773,False,임시공휴일,True,False,True,False,130567.0,126480.0,266914.0,391643.0,468.0,14275.0,1427785.18,418.0,0.0,0.0,0.0,0.0,4,52.0,22,0,True,True,True,False,약한 이슬비,16.9,87,14.6,16.3,0.3,0.3,0.0,0.0,51,1012.4,1008.5,100,3,100,100,14.5,301,26.6,143.0,3.0,140.0,0.0,1,offday,valid,1.2246467991473532e-16,-1.0,-0.8660254037844386,0.5000000000000001,True,314.55935090625337,0.04838699586287021,special_case
2025-05-31 20:00:00,2025-05-31,20,2025,5,31,Saturday,True,spring,2982,292972,98.2468142186452,0.0570144493127863,170.01708785072887,314.69183865721095,-89.78674437424411,True,,False,False,True,True,116266.0,117735.0,435630.0,301038.0,0.0,0.0,0.0,0.0,7.0,7.0,0.0,2.0,4,52.0,22,0,True,True,False,True,흐림,20.8,59,12.6,20.5,0.0,0.0,0.0,0.0,3,1010.1,1006.2,100,0,0,100,7.2,252,18.7,18.0,2.0,16.0,0.0,1,offday,test,-0.8660254037844386,0.5000000000000001,0.49999999999999994,-0.8660254037844387,True,314.60773790211624,0.08410075509470971,special_case
2022-06-04 13:00:00,2022-06-04,13,2022,6,4,Saturday,True,summer,3062,314357,102.66394513389942,0.0663205601576762,203.07355520280476,314.837461359184,76.0705286163635,True,,False,False,True,True,,,217587.0,326187.0,0.0,0.0,0.0,0.0,0.0,0.0,0.0,0.0,4,52.0,22,0,False,True,False,False,흐림,29.6,40,14.6,31.7,0.0,0.0,0.0,0.0,3,1009.7,1005.9,100,5,1,100,6.1,230,21.2,774.0,446.0,328.0,3600.0,1,offday,train,-0.2588190451025208,-0.9659258262890683,1.2246467991473532e-16,-1.0,True,314.69183865721095,0.14562270197302496,special_case
2024-06-06 12:00:00,2024-06-06,12,2024,6,6,Thursday,False,summer,2869,276505,96.37678633670268,0.0751590877463387,215.63142274424573,315.25053842789896,80.52991189312536,False,현충일,True,False,True,False,117789.0,111354.0,243753.0,356376.0,566.0,19102.0,2005765.63,498.0,0.0,0.0,0.0,0.0,4,52.0,22,0,True,True,True,False,흐림,27.4,42,13.4,29.9,0.0,0.0,0.0,0.0,3,1017.4,1013.6,97,0,4,97,1.9,202,18.7,796.0,514.0,282.0,3600.0,1,offday,valid,1.2246467991473532e-16,-1.0,1.2246467991473532e-16,-1.0,True,314.837461359184,0.4130770687149834,special_case
2023-03-25 14:00:00,2023-03-25,14,2023,3,25,Saturday,True,spring,2492,201343,80.79574638844302,0.0977777335148833,243.6621119190893,315.3121574829134,51.77430840369988,True,,False,False,True,True,119986.0,114041.0,266347.0,344525.0,845.0,32536.0,3504762.62,751.0,0.0,0.0,0.0,0.0,4,52.0,22,0,True,True,True,False,흐림,17.2,39,3.2,14.4,0.0,0.0,0.0,0.0,3,1017.7,1013.8,99,95,41,86,9.2,231,22.3,560.0,260.0,300.0,3600.0,1,offday,train,-0.4999999999999998,-0.8660254037844388,1.0,6.123233995736766e-17,True,315.25053842789896,0.06161905501443243,special_case
2022-05-06 15:00:00,2022-05-06,15,2022,5,6,Friday,False,spring,2203,160681,72.93735814798002,0.1173799620909657,258.5880564863976,315.35068919768236,-1.000065576252041,False,,False,False,False,False,,,285323.0,338698.0,0.0,0.0,0.0,0.0,0.0,0.0,0.0,0.0,4,52.0,22,0,False,True,False,False,부분적으로 흐림,23.5,49,12.1,22.1,0.0,0.0,0.0,0.0,2,1015.6,1011.7,67,1,13,67,16.2,258,32.4,606.0,327.0,279.0,3600.0,1,weekday,train,-0.7071067811865471,-0.7071067811865479,0.49999999999999994,-0.8660254037844387,True,315.3121574829134,0.038531714768964775,special_case
2024-03-23 18:00:00,2024-03-23,18,2024,3,23,Saturday,True,spring,2364,195639,82.75761421319797,0.093388398805632,220.77017477651415,315.5145621574734,-33.504329858556105,True,,False,False,True,True,221746.0,211929.0,707570.0,699700.0,863.0,29113.0,3372075.11,976.0,0.0,0.0,0.0,0.0,4,52.0,22,0,True,True,True,False,부분적으로 흐림,14.4,56,5.8,12.4,0.0,0.0,0.0,0.0,2,1015.9,1011.9,50,0,0,50,6.5,360,17.6,171.0,97.0,74.0,3600.0,1,offday,valid,-1.0,-1.8369701987210297e-16,1.0,6.123233995736766e-17,True,315.35068919768236,0.16387295979103556,special_case
2022-05-28 11:00:00,2022-05-28,11,2022,5,28,Saturday,True,spring,6869,389759,56.74173824428592,0.0486258337916605,334.01085231491624,315.87260588006365,99.14538398035523,True,,False,False,True,True,,,179817.0,291051.0,0.0,0.0,0.0,0.0,0.0,0.0,0.0,0.0,4,52.0,22,0,False,True,False,False,흐림,24.1,52,13.6,24.4,0.0,0.0,0.0,0.0,3,1005.7,1001.9,100,0,2,100,13.6,202,28.8,744.0,493.0,251.0,3600.0,1,offday,train,0.258819045102521,-0.9659258262890682,0.49999999999999994,-0.8660254037844387,True,315.5145621574734,0.35804372259025286,special_case
2025-11-16 16:00:00,2025-11-16,16,2025,11,16,Sunday,True,fall,1760,169624,96.37727272727273,0.1113266708276356,195.9349406566388,315.95432877863186,5.5748278577166275,True,,False,False,True,True,168293.0,169653.0,444738.0,458811.0,0.0,0.0,0.0,0.0,16.0,14.0,2.0,11.0,4,52.0,22,0,True,True,False,True,부분적으로 흐림,15.1,62,7.8,12.6,0.0,0.0,0.0,0.0,2,1023.7,1019.7,56,56,0,0,13.1,241,28.1,242.0,157.0,85.0,3600.0,1,offday,test,-0.8660254037844384,-0.5000000000000004,-0.5000000000000004,0.8660254037844384,True,315.87260588006365,0.08172289856821635,special_case
2023-10-15 20:00:00,2023-10-15,20,2023,10,15,Sunday,True,fall,3994,350827,87.83850776164246,0.0479786878750003,191.62687937275132,315.97761565222834,-111.78399841884846,True,,False,False,True,True,112499.0,111369.0,387644.0,282420.0,0.0,0.0,0.0,0.0,0.0,0.0,0.0,0.0,4,52.0,22,0,True,True,False,False,맑음,15.6,86,13.2,15.0,0.0,0.0,0.0,0.0,0,1011.4,1007.5,1,1,0,0,11.2,266,20.5,0.0,0.0,0.0,0.0,1,offday,train,-0.8660254037844386,0.5000000000000001,-0.8660254037844386,0.5000000000000001,True,315.95432877863186,0.023286873596475743,special_case
2023-07-02 20:00:00,2023-07-02,20,2023,7,2,Sunday,True,summer,2178,228384,104.8595041322314,0.0768858847850752,167.4574570618938,316.03603128232044,-47.25429761398311,True,,False,False,True,True,113284.0,114156.0,386335.0,268966.0,0.0,0.0,0.0,0.0,0.0,0.0,0.0,0.0,4,52.0,22,0,True,True,False,False,흐림,24.5,90,22.7,29.0,0.0,0.0,0.0,0.0,3,1007.8,1004.0,95,3,47,95,5.8,300,19.4,20.0,2.0,18.0,0.0,1,offday,train,-0.8660254037844386,0.5000000000000001,-0.4999999999999998,-0.8660254037844388,True,315.97761565222834,0.05841563009209949,special_case
2025-05-17 15:00:00,2025-05-17,15,2025,5,17,Saturday,True,spring,2229,180371,80.9201435621355,0.1077131147753142,240.09253283417553,316.083757693051,33.665559819655925,True,,False,False,True,True,145162.0,145607.0,361252.0,431423.0,0.0,0.0,0.0,0.0,8.0,6.0,2.0,4.0,4,52.0,22,0,True,True,False,True,흐림,20.4,76,16.0,19.8,0.0,0.0,0.0,0.0,3,1004.4,1000.6,100,3,100,7,18.1,232,40.0,351.0,44.0,307.0,0.0,1,offday,test,-0.7071067811865471,-0.7071067811865479,0.49999999999999994,-0.8660254037844387,True,316.03603128232044,0.047726410730547286,special_case
2022-10-29 17:00:00,2022-10-29,17,2022,10,29,Saturday,True,fall,2363,182318,77.15531104528142,0.1019646238147499,240.94240607425405,316.1584157744323,-22.89904074890785,True,,False,False,True,True,,,504403.0,483441.0,0.0,0.0,0.0,0.0,0.0,0.0,0.0,0.0,4,52.0,22,0,False,True,False,False,흐림,15.9,58,7.6,14.2,0.0,0.0,0.0,0.0,3,1025.0,1021.0,100,0,0,100,7.1,75,17.6,124.0,50.0,74.0,3600.0,1,offday,train,-0.9659258262890683,-0.25881904510252063,-0.8660254037844386,0.5000000000000001,True,316.083757693051,0.07465808138130114,special_case
2022-05-06 14:00:00,2022-05-06,14,2022,5,6,Friday,False,spring,2203,160681,72.93735814798002,0.1194960865470364,263.24987866312125,316.3507547739344,24.341957557118175,False,,False,False,False,False,,,246708.0,328829.0,0.0,0.0,0.0,0.0,0.0,0.0,0.0,0.0,4,52.0,22,0,False,True,False,False,흐림,24.0,48,12.3,23.1,0.0,0.0,0.0,0.0,3,1015.9,1012.1,90,27,0,86,15.8,249,32.4,690.0,434.0,256.0,3600.0,1,weekday,train,-0.4999999999999998,-0.8660254037844388,0.49999999999999994,-0.8660254037844387,True,316.1584157744323,0.19233899950211253,special_case
2023-08-27 16:00:00,2023-08-27,16,2023,8,27,Sunday,True,summer,1999,192125,96.11055527763882,0.1019931999973653,203.88440679473337,316.4058994297714,32.003761852654236,True,,False,False,True,True,148198.0,149097.0,361345.0,391659.0,0.0,0.0,0.0,0.0,0.0,0.0,0.0,0.0,4,52.0,22,0,True,True,False,False,흐림,26.8,74,21.8,30.5,0.0,0.0,0.0,0.0,3,1008.2,1004.4,100,0,100,100,7.7,11,14.0,172.0,5.0,167.0,0.0,1,offday,train,-0.8660254037844384,-0.5000000000000004,-0.8660254037844384,-0.5000000000000004,True,316.3507547739344,0.05514465583701167,special_case
2025-04-26 21:00:00,2025-04-26,21,2025,4,26,Saturday,True,spring,4412,415974,94.2824116047144,0.0391608827218871,172.7778145689662,316.5055398415693,-126.90762944486414,True,,False,False,True,True,106760.0,106061.0,430964.0,250276.0,0.0,0.0,0.0,0.0,4.0,4.0,0.0,3.0,4,52.0,22,0,True,True,False,True,맑음,11.4,76,7.3,9.3,0.0,0.0,0.0,0.0,0,1017.9,1013.9,0,0,0,0,9.6,193,20.9,0.0,0.0,0.0,0.0,1,offday,test,-0.7071067811865477,0.7071067811865474,0.8660254037844387,-0.49999999999999983,True,316.4058994297714,0.09964041179790684,special_case
2025-09-26 14:00:00,2025-09-26,14,2025,9,26,Friday,False,fall,2774,153697,55.40627253064167,0.1235811310401487,342.8140575053725,316.5674849579622,8.859684585298908,False,,False,False,False,False,130450.0,127036.0,290975.0,362837.0,0.0,0.0,0.0,0.0,18.0,16.0,2.0,10.0,4,52.0,22,0,True,True,False,True,맑음,24.4,68,18.2,27.7,0.0,0.0,0.0,0.0,0,1018.8,1014.9,1,1,0,0,5.0,305,17.3,716.0,576.0,140.0,3600.0,1,weekday,test,-0.4999999999999998,-0.8660254037844388,-1.0,-1.8369701987210297e-16,True,316.5055398415693,0.061945116392905675,special_case
2024-04-06 13:00:00,2024-04-06,13,2024,4,6,Saturday,True,spring,2690,246652,91.6921933085502,0.0829554972469645,223.1502875943347,316.61073098560763,70.5795916183165,True,,False,False,True,True,124599.0,120970.0,274597.0,401986.0,934.0,36638.0,3805799.6,795.0,0.0,0.0,0.0,0.0,4,52.0,22,0,True,True,True,False,흐림,16.1,38,1.7,13.4,0.0,0.0,0.0,0.0,3,1019.4,1015.4,100,0,98,100,5.6,243,16.6,525.0,142.0,383.0,3182.39,1,offday,valid,-0.2588190451025208,-0.9659258262890683,0.8660254037844387,-0.49999999999999983,True,316.5674849579622,0.04324602764540941,special_case
2022-05-07 19:00:00,2022-05-07,19,2022,5,7,Saturday,True,spring,2686,233331,86.8693224125093,0.0761098888961958,204.431161575182,316.7633970785365,-61.17680643747167,True,,False,False,True,True,,,408102.0,429243.0,0.0,0.0,0.0,0.0,0.0,0.0,0.0,0.0,4,52.0,22,0,False,True,False,False,흐림,18.3,28,-0.6,14.4,0.0,0.0,0.0,0.0,3,1016.9,1013.0,100,0,0,100,11.3,297,28.1,74.0,7.0,67.0,0.0,1,offday,train,-0.9659258262890684,0.2588190451025203,0.49999999999999994,-0.8660254037844387,True,316.61073098560763,0.15266609292888234,special_case
2022-11-06 16:00:00,2022-11-06,16,2022,11,6,Sunday,True,fall,2122,170295,80.2521206409048,0.1113266708276356,236.23519549624288,316.79612896717026,2.6609144657556953,True,,False,False,True,True,,,362752.0,369760.0,0.0,0.0,0.0,0.0,0.0,0.0,0.0,0.0,4,52.0,22,0,False,True,False,False,부분적으로 흐림,13.3,48,2.4,10.6,0.0,0.0,0.0,0.0,2,1023.5,1019.5,58,1,0,58,6.9,261,16.6,278.0,186.0,92.0,3600.0,1,offday,train,-0.8660254037844384,-0.5000000000000004,-0.5000000000000004,0.8660254037844384,True,316.7633970785365,0.032731888633747985,special_case
2023-04-16 12:00:00,2023-04-16,12,2023,4,16,Sunday,True,spring,3321,320677,96.5603733815116,0.0657770680274524,218.44564291916956,316.845690610537,87.84483482771128,True,,False,False,True,True,113227.0,107312.0,235098.0,335669.0,424.0,12449.0,1432950.3,428.0,0.0,0.0,0.0,0.0,4,52.0,22,0,True,True,True,False,흐림,12.4,64,5.8,10.0,0.0,0.0,0.0,0.0,3,1005.5,1001.5,100,2,100,100,9.0,247,19.1,291.0,8.0,283.0,0.0,1,offday,train,1.2246467991473532e-16,-1.0,0.8660254037844387,-0.49999999999999983,True,316.79612896717026,0.049561643366757835,special_case
2025-10-18 11:00:00,2025-10-18,11,2025,10,18,Saturday,True,fall,3839,397366,103.50768429278456,0.0550655360577097,211.39659292554768,316.8806964700917,104.729659240478,True,,False,False,True,True,115105.0,107090.0,225556.0,348326.0,0.0,0.0,0.0,0.0,20.0,17.0,3.0,12.0,4,52.0,22,0,True,True,False,True,흐림,15.1,83,12.2,14.0,0.0,0.0,0.0,0.0,3,1020.7,1016.7,100,94,3,98,12.0,315,30.6,166.0,0.0,166.0,0.0,1,offday,test,0.258819045102521,-0.9659258262890682,-0.8660254037844386,0.5000000000000001,True,316.845690610537,0.035005859554701146,special_case
2024-08-03 19:00:00,2024-08-03,19,2024,8,3,Saturday,True,summer,2193,200959,91.63657090743274,0.0912420622822565,200.09384258498864,316.95050423015084,-25.82058169435857,True,,False,False,True,True,161795.0,170925.0,449767.0,462135.0,475.0,14435.0,1750847.58,460.0,0.0,0.0,0.0,0.0,4,52.0,22,0,True,True,True,False,맑음,28.9,79,24.9,34.5,0.0,0.0,0.0,0.0,0,1006.4,1002.7,2,1,1,0,7.3,250,14.8,123.0,64.0,59.0,3600.0,1,offday,valid,-0.9659258262890684,0.2588190451025203,-0.8660254037844384,-0.5000000000000004,True,316.8806964700917,0.06980776005912048,special_case
2023-06-24 21:00:00,2023-06-24,21,2023,6,24,Saturday,True,summer,2812,283710,100.89260312944523,0.0603261742431433,169.6372019717191,316.98900016231573,-74.0795202172605,True,,False,False,True,True,103298.0,103596.0,407365.0,227984.0,691.0,23037.0,2974598.86,759.0,0.0,0.0,0.0,0.0,4,52.0,22,0,True,True,True,False,맑음,23.2,84,20.4,26.3,0.0,0.0,0.0,0.0,0,1014.5,1010.6,2,0,7,0,6.4,344,9.0,0.0,0.0,0.0,0.0,1,offday,train,-0.7071067811865477,0.7071067811865474,1.2246467991473532e-16,-1.0,True,316.95050423015084,0.03849593216489211,special_case
2022-06-01 20:00:00,2022-06-01,20,2022,6,1,Wednesday,False,summer,3020,344335,114.0182119205298,0.0460342792055867,139.0235232008721,317.0022367919612,-111.7301032868279,False,전국동시지방선거,True,False,True,False,,,325125.0,223799.0,0.0,0.0,0.0,0.0,0.0,0.0,0.0,0.0,4,52.0,22,0,False,True,False,False,맑음,17.4,73,12.4,17.3,0.0,0.0,0.0,0.0,0,1004.1,1000.2,0,0,0,0,5.7,235,14.8,20.0,4.0,16.0,0.0,1,offday,train,-0.8660254037844386,0.5000000000000001,1.2246467991473532e-16,-1.0,True,316.98900016231573,0.013236629645462017,special_case
2022-05-08 15:00:00,2022-05-08,15,2022,5,8,Sunday,True,spring,2071,181899,87.83148237566392,0.1077131147753142,223.0738606996759,317.0040404007486,34.81515586112869,True,부처님오신날,True,False,True,True,,,285323.0,338698.0,0.0,0.0,0.0,0.0,0.0,0.0,0.0,0.0,4,52.0,22,0,False,True,False,False,흐림,18.1,35,2.5,15.1,0.0,0.0,0.0,0.0,3,1018.6,1014.7,100,9,100,100,9.0,53,17.6,197.0,3.0,194.0,0.0,1,offday,train,-0.7071067811865471,-0.7071067811865479,0.49999999999999994,-0.8660254037844387,True,317.0022367919612,0.001803608787383837,special_case
2024-03-16 14:00:00,2024-03-16,14,2024,3,16,Saturday,True,spring,2414,203456,84.28169014084507,0.0977777335148833,236.0354487049284,317.0774391487297,52.5630584696047,True,,False,False,True,True,117722.0,116668.0,296005.0,401026.0,798.0,32176.0,3689011.67,727.0,0.0,0.0,0.0,0.0,4,52.0,22,0,True,True,True,False,흐림,15.4,40,2.0,14.2,0.0,0.0,0.0,0.0,3,1020.6,1016.6,99,0,0,99,2.5,188,15.5,703.0,477.0,226.0,3600.0,1,offday,valid,-0.4999999999999998,-0.8660254037844388,1.0,6.123233995736766e-17,True,317.0040404007486,0.07339874798111623,special_case
2023-06-11 15:00:00,2023-06-11,15,2023,6,11,Sunday,True,summer,2376,212929,89.61658249158249,0.0935275965658001,222.2215694403411,317.2106748934036,46.99113987384817,True,,False,False,True,True,130894.0,129443.0,304228.0,351124.0,682.0,23160.0,2740425.58,603.0,0.0,0.0,0.0,0.0,4,52.0,22,0,True,True,True,False,보통 이슬비,22.1,73,17.1,24.2,0.5,0.5,0.0,0.0,53,1005.2,1001.4,54,44,14,6,9.4,310,23.0,699.0,475.0,224.0,3600.0,1,offday,train,-0.7071067811865471,-0.7071067811865479,1.2246467991473532e-16,-1.0,True,317.0774391487297,0.13323574467392518,special_case
2022-08-14 19:00:00,2022-08-14,19,2022,8,14,Sunday,True,summer,4129,208604,50.52167595059336,0.0912420622822565,376.7384751634374,317.2243193387975,-34.13224454692306,True,,False,False,True,True,,,397037.0,405336.0,0.0,0.0,0.0,0.0,0.0,0.0,0.0,0.0,4,52.0,22,0,False,True,False,False,약한 이슬비,27.0,91,25.4,33.2,0.2,0.2,0.0,0.0,51,1004.9,1001.1,100,23,19,100,4.8,222,18.7,48.0,3.0,45.0,0.0,1,offday,train,-0.9659258262890684,0.2588190451025203,-0.8660254037844384,-0.5000000000000004,True,317.2106748934036,0.013644445393879323,special_case
2022-10-30 13:00:00,2022-10-30,13,2022,10,30,Sunday,True,fall,2522,221968,88.01268834258525,0.0915726254037753,230.94616126832153,317.859328973326,66.86335206903456,True,,False,False,True,True,,,257977.0,384947.0,0.0,0.0,0.0,0.0,0.0,0.0,0.0,0.0,4,52.0,22,0,False,True,False,False,대체로 맑음,18.6,55,9.5,17.5,0.0,0.0,0.0,0.0,1,1025.2,1021.2,29,29,0,0,8.2,105,24.5,585.0,457.0,128.0,3600.0,1,offday,train,-0.2588190451025208,-0.9659258262890683,-0.8660254037844386,0.5000000000000001,True,317.2243193387975,0.635009634528501,special_case
2023-04-29 20:00:00,2023-04-29,20,2023,4,29,Saturday,True,spring,4145,313019,75.51724969843184,0.0570144493127863,236.32489240149937,317.913424800073,-97.67287172098288,True,,False,False,True,True,111154.0,111680.0,370753.0,274652.0,253.0,5450.0,713968.32,274.0,0.0,0.0,0.0,0.0,4,52.0,22,0,True,True,True,False,흐림,9.7,76,5.8,5.3,0.0,0.0,0.0,0.0,3,1006.3,1002.3,100,100,0,0,22.8,265,43.6,1.0,0.0,1.0,0.0,1,offday,train,-0.8660254037844386,0.5000000000000001,0.8660254037844387,-0.49999999999999983,True,317.859328973326,0.05409582674701596,special_case
2023-10-21 17:00:00,2023-10-21,17,2023,10,21,Saturday,True,fall,2192,182448,83.23357664233576,0.1019646238147499,223.50645540193185,318.000533600429,-21.497155841703943,True,,False,False,True,True,192091.0,182164.0,545967.0,518680.0,0.0,0.0,0.0,0.0,0.0,0.0,0.0,0.0,4,52.0,22,0,True,True,False,False,맑음,12.6,46,1.2,9.0,0.0,0.0,0.0,0.0,0,1020.3,1016.3,0,0,0,0,11.5,316,29.5,174.0,103.0,71.0,3600.0,1,offday,train,-0.9659258262890683,-0.25881904510252063,-0.8660254037844386,0.5000000000000001,True,317.913424800073,0.08710880035596347,special_case
2022-07-02 17:00:00,2022-07-02,17,2022,7,2,Saturday,True,summer,2603,182839,70.24164425662697,0.1047704649595659,272.71752028975027,318.0347989352463,10.99062939464318,True,,False,False,True,True,,,467738.0,460501.0,0.0,0.0,0.0,0.0,0.0,0.0,0.0,0.0,4,52.0,22,0,False,True,False,False,맑음,30.9,63,23.1,35.4,0.0,0.0,0.0,0.0,0,1010.6,1006.9,12,2,4,7,7.3,259,15.8,471.0,326.0,145.0,3600.0,1,offday,train,-0.9659258262890683,-0.25881904510252063,-0.4999999999999998,-0.8660254037844388,True,318.000533600429,0.03426533481729166,special_case
2023-09-14 13:00:00,2023-09-14,13,2023,9,14,Thursday,False,fall,2023,163654,80.8966880869995,0.1201225009099709,243.00781934087115,318.05251117381385,41.97654566912672,False,,False,False,False,False,118241.0,112923.0,246366.0,358598.0,0.0,0.0,0.0,0.0,0.0,0.0,0.0,0.0,4,52.0,22,0,True,True,False,False,흐림,25.9,67,19.2,27.1,0.0,0.0,0.0,0.0,3,1013.6,1009.8,89,6,2,88,17.0,86,34.2,580.0,316.0,264.0,3600.0,1,weekday,train,-0.2588190451025208,-0.9659258262890683,-1.0,-1.8369701987210297e-16,True,318.0347989352463,0.017712238567582972,special_case
2022-03-27 14:00:00,2022-03-27,14,2022,3,27,Sunday,True,spring,2770,200490,72.37906137184116,0.0977777335148833,270.84432183622687,318.2533885128671,50.875066761086146,True,,False,False,True,True,,,194340.0,258217.0,0.0,0.0,0.0,0.0,0.0,0.0,0.0,0.0,4,52.0,22,0,False,True,False,False,대체로 맑음,12.3,45,0.9,7.8,0.0,0.0,0.0,0.0,1,1014.4,1010.4,36,35,32,0,22.6,307,41.8,709.0,461.0,248.0,3600.0,1,offday,train,-0.4999999999999998,-0.8660254037844388,1.0,6.123233995736766e-17,True,318.05251117381385,0.20087733905324967,special_case
2024-06-09 21:00:00,2024-06-09,21,2024,6,9,Sunday,True,summer,2737,283801,103.69053708439898,0.0603261742431433,165.11273890348335,318.34758871155134,-73.93602877477485,True,,False,False,True,True,105508.0,104506.0,442923.0,242724.0,652.0,18760.0,2657995.43,767.0,0.0,0.0,0.0,0.0,4,52.0,22,0,True,True,True,False,맑음,18.9,87,16.6,20.6,0.0,0.0,0.0,0.0,0,1008.0,1004.1,12,1,11,0,4.6,252,11.5,0.0,0.0,0.0,0.0,1,offday,valid,-0.7071067811865477,0.7071067811865474,1.2246467991473532e-16,-1.0,True,318.2533885128671,0.09420019868423424,special_case
2024-05-25 20:00:00,2024-05-25,20,2024,5,25,Saturday,True,spring,3100,297748,96.04774193548388,0.0570144493127863,176.74479286963765,318.4969239425059,-91.37651146456408,True,,False,False,True,True,117506.0,117325.0,413868.0,299982.0,804.0,25952.0,3337738.22,836.0,0.0,0.0,0.0,0.0,4,52.0,22,0,True,True,True,False,흐림,18.2,85,15.6,19.6,0.0,0.0,0.0,0.0,3,1013.6,1009.7,93,2,7,92,3.6,270,15.8,12.0,0.0,12.0,0.0,1,offday,valid,-0.8660254037844386,0.5000000000000001,0.49999999999999994,-0.8660254037844387,True,318.34758871155134,0.14933523095453438,special_case
2022-08-28 12:00:00,2022-08-28,12,2022,8,28,Sunday,True,summer,4557,408972,89.74588545095457,0.0513318154074477,233.91908281173943,318.5776440601827,89.73692534913533,True,,False,False,True,True,,,199190.0,319504.0,0.0,0.0,0.0,0.0,0.0,0.0,0.0,0.0,4,52.0,22,0,False,True,False,False,흐림,24.1,56,14.9,26.0,0.0,0.0,0.0,0.0,3,1015.9,1012.1,91,0,0,91,9.9,100,22.7,843.0,703.0,140.0,3600.0,1,offday,train,1.2246467991473532e-16,-1.0,-0.8660254037844384,-0.5000000000000004,True,318.4969239425059,0.08072011767683307,special_case
2024-08-11 15:00:00,2024-08-11,15,2024,8,11,Sunday,True,summer,2164,215957,99.7952865064695,0.0935275965658001,202.3937189683915,318.64060032667965,48.18449404597186,True,,False,False,True,True,137185.0,133631.0,320545.0,380220.0,315.0,7808.0,801749.56,295.0,0.0,0.0,0.0,0.0,4,52.0,22,0,True,True,True,False,대체로 맑음,32.5,60,23.9,37.8,0.0,0.0,0.0,0.0,1,1002.0,998.3,28,17,15,4,11.7,214,24.1,713.0,556.0,157.0,3600.0,1,offday,valid,-0.7071067811865471,-0.7071067811865479,-0.8660254037844384,-0.5000000000000004,True,318.5776440601827,0.06295626649693986,special_case
2023-03-19 15:00:00,2023-03-19,15,2023,3,19,Sunday,True,spring,2044,183113,89.58561643835617,0.1077131147753142,220.1656066007424,318.7141545815014,35.247004193485,True,,False,False,True,True,132098.0,133816.0,312164.0,365470.0,820.0,32072.0,3608040.37,834.0,0.0,0.0,0.0,0.0,4,52.0,22,0,True,True,True,False,흐림,12.4,39,-1.2,8.7,0.0,0.0,0.0,0.0,3,1019.8,1015.8,97,0,0,97,13.4,250,29.2,668.0,504.0,164.0,3600.0,1,offday,train,-0.7071067811865471,-0.7071067811865479,1.0,6.123233995736766e-17,True,318.64060032667965,0.07355425482177225,special_case
2023-07-29 18:00:00,2023-07-29,18,2023,7,29,Saturday,True,summer,1962,186754,95.1855249745158,0.1010593940343581,198.2785310954106,318.8239357290552,-4.085692665248587,True,,False,False,True,True,225223.0,216799.0,664503.0,674596.0,0.0,0.0,0.0,0.0,0.0,0.0,0.0,0.0,4,52.0,22,0,True,True,False,False,맑음,29.5,68,22.9,33.7,0.0,0.0,0.0,0.0,0,1013.8,1010.0,12,0,4,9,8.4,295,19.8,303.0,200.0,103.0,3600.0,1,offday,train,-1.0,-1.8369701987210297e-16,-0.4999999999999998,-0.8660254037844388,True,318.7141545815014,0.10978114755380375,special_case
2022-08-06 19:00:00,2022-08-06,19,2022,8,6,Saturday,True,summer,2176,202004,92.83272058823528,0.0912420622822565,198.5427275261903,318.87751664936826,-25.781409745582152,True,,False,False,True,True,,,397037.0,405336.0,0.0,0.0,0.0,0.0,0.0,0.0,0.0,0.0,4,52.0,22,0,False,True,False,False,흐림,28.2,88,26.1,34.7,0.0,0.0,0.0,0.0,3,1005.0,1001.2,100,2,0,100,7.3,259,17.6,84.0,17.0,67.0,715.49,1,offday,train,-0.9659258262890684,0.2588190451025203,-0.8660254037844384,-0.5000000000000004,True,318.8239357290552,0.053580920313038405,special_case
2022-08-21 19:00:00,2022-08-21,19,2022,8,21,Sunday,True,summer,2551,204301,80.08663269306155,0.0912420622822565,232.75850088203657,319.06490771061226,-28.21332972092057,True,,False,False,True,True,,,397037.0,405336.0,0.0,0.0,0.0,0.0,0.0,0.0,0.0,0.0,4,52.0,22,0,False,True,False,False,흐림,26.8,86,24.2,32.3,0.0,0.0,0.0,0.0,3,1004.6,1000.8,98,8,17,98,5.4,307,13.7,72.0,24.0,48.0,3104.11,1,offday,train,-0.9659258262890684,0.2588190451025203,-0.8660254037844384,-0.5000000000000004,True,318.87751664936826,0.18739106124399996,special_case
2022-03-27 18:00:00,2022-03-27,18,2022,3,27,Sunday,True,spring,2770,200490,72.37906137184116,0.093388398805632,258.6858646916008,319.07332622979095,-36.86298197980739,True,,False,False,True,True,,,540147.0,500324.0,0.0,0.0,0.0,0.0,0.0,0.0,0.0,0.0,4,52.0,22,0,False,True,False,False,맑음,7.5,35,-6.8,1.7,0.0,0.0,0.0,0.0,0,1016.8,1012.7,0,0,0,0,19.5,309,44.6,189.0,111.0,78.0,3600.0,1,offday,train,-1.0,-1.8369701987210297e-16,1.0,6.123233995736766e-17,True,319.06490771061226,0.008418519178690076,special_case
2025-10-26 14:00:00,2025-10-26,14,2025,10,26,Sunday,True,fall,1908,191835,100.54245283018868,0.1053558771818858,201.0190136630382,319.07902096485566,49.194142898440646,True,,False,False,True,True,134540.0,131055.0,316720.0,400504.0,0.0,0.0,0.0,0.0,16.0,15.0,1.0,7.0,4,52.0,22,0,True,True,False,True,흐림,14.5,70,9.0,13.0,0.0,0.0,0.0,0.0,3,1017.5,1013.5,100,75,100,82,8.2,256,19.8,263.0,40.0,223.0,200.18,1,offday,test,-0.4999999999999998,-0.8660254037844388,-0.8660254037844386,0.5000000000000001,True,319.07332622979095,0.0056947350647078565,special_case
2025-07-12 20:00:00,2025-07-12,20,2025,7,12,Saturday,True,summer,2444,233011,95.3400163666121,0.0768858847850752,187.9091024147238,319.25357177107014,-49.21871048245731,True,,False,False,True,True,120491.0,123830.0,421166.0,289079.0,0.0,0.0,0.0,0.0,11.0,10.0,1.0,5.0,4,52.0,22,0,True,True,False,True,맑음,31.8,46,18.8,33.2,0.0,0.0,0.0,0.0,0,1005.9,1002.2,5,0,0,5,12.1,320,27.7,29.0,8.0,21.0,1060.86,1,offday,test,-0.8660254037844386,0.5000000000000001,-0.4999999999999998,-0.8660254037844388,True,319.07902096485566,0.1745508062144836,special_case
2025-08-02 19:00:00,2025-08-02,19,2025,8,2,Saturday,True,summer,2074,201646,97.22565091610414,0.0912420622822565,189.23603717340015,319.27589677034433,-25.13642841805188,True,,False,False,True,True,159464.0,167448.0,458192.0,454471.0,0.0,0.0,0.0,0.0,19.0,18.0,1.0,12.0,4,52.0,22,0,True,True,False,True,대체로 맑음,31.8,53,21.0,34.8,0.0,0.0,0.0,0.0,1,1001.6,997.9,33,0,1,33,9.2,272,25.9,126.0,65.0,61.0,3600.0,1,offday,test,-0.9659258262890684,0.2588190451025203,-0.8660254037844384,-0.5000000000000004,True,319.25357177107014,0.02232499927418985,special_case
2025-06-22 13:00:00,2025-06-22,13,2025,6,22,Sunday,True,summer,2907,322514,110.9439284485724,0.0663205601576762,192.79386837836492,319.49276622754104,77.77955223334129,True,,False,False,True,True,126242.0,120332.0,275513.0,398781.0,0.0,0.0,0.0,0.0,12.0,12.0,0.0,3.0,4,52.0,22,0,True,True,False,True,맑음,25.4,63,18.0,28.6,0.0,0.0,0.0,0.0,0,1006.7,1002.9,0,0,0,0,11.5,229,29.5,897.0,702.0,195.0,3600.0,1,offday,test,-0.2588190451025208,-0.9659258262890683,1.2246467991473532e-16,-1.0,True,319.27589677034433,0.21686945719670803,special_case
2022-05-22 11:00:00,2022-05-22,11,2022,5,22,Sunday,True,spring,6410,399059,62.25569422776911,0.0486258337916605,311.69159460454404,319.7315857309783,100.78236688217493,True,,False,False,True,True,,,179817.0,291051.0,0.0,0.0,0.0,0.0,0.0,0.0,0.0,0.0,4,52.0,22,0,False,True,False,False,대체로 맑음,22.0,56,12.6,21.2,0.0,0.0,0.0,0.0,1,1008.2,1004.4,41,24,23,0,13.9,233,31.3,626.0,310.0,316.0,3600.0,1,offday,train,0.258819045102521,-0.9659258262890682,0.49999999999999994,-0.8660254037844387,True,319.49276622754104,0.23881950343724156,special_case
2025-09-07 20:00:00,2025-09-07,20,2025,9,7,Sunday,True,fall,4363,360584,82.64588585835435,0.0479786878750003,209.33101519862643,319.83269387830524,-114.8986324559059,True,,False,False,True,True,121342.0,124092.0,393938.0,283739.0,0.0,0.0,0.0,0.0,14.0,14.0,0.0,7.0,4,52.0,22,0,True,True,False,True,맑음,23.0,87,20.7,26.5,0.0,0.0,0.0,0.0,0,1009.1,1005.3,0,0,0,0,4.8,259,11.5,0.0,0.0,0.0,0.0,1,offday,test,-0.8660254037844386,0.5000000000000001,-1.0,-1.8369701987210297e-16,True,319.7315857309783,0.10110814732695417,special_case
2022-10-16 14:00:00,2022-10-16,14,2022,10,16,Sunday,True,fall,2229,189458,84.99685957828623,0.1053558771818858,234.83825023842357,319.87564260921624,47.21440113754363,True,,False,False,True,True,,,276284.0,355207.0,0.0,0.0,0.0,0.0,0.0,0.0,0.0,0.0,4,52.0,22,0,False,True,False,False,흐림,16.8,84,14.1,17.0,0.0,0.0,0.0,0.0,3,1018.2,1014.3,100,0,100,89,7.6,341,15.5,65.0,0.0,65.0,0.0,1,offday,train,-0.4999999999999998,-0.8660254037844388,-0.8660254037844386,0.5000000000000001,True,319.83269387830524,0.04294873091100726,special_case
2022-08-07 18:00:00,2022-08-07,18,2022,8,7,Sunday,True,summer,2100,187700,89.38095238095238,0.1010593940343581,212.224727472152,319.9636889389057,-4.937294806806904,True,,False,False,True,True,,,630644.0,594851.0,0.0,0.0,0.0,0.0,0.0,0.0,0.0,0.0,4,52.0,22,0,False,True,False,False,흐림,28.2,88,26.1,34.9,0.0,0.0,0.0,0.0,3,1005.6,1001.8,100,27,96,100,5.8,173,15.8,50.0,1.0,49.0,0.0,1,offday,train,-1.0,-1.8369701987210297e-16,-0.8660254037844384,-0.5000000000000004,True,319.87564260921624,0.0880463296894618,special_case
2022-09-24 11:00:00,2022-09-24,11,2022,9,24,Saturday,True,fall,4584,382094,83.35383944153578,0.0550655360577097,252.42041728854144,320.0296231658158,103.59110163803508,True,,False,False,True,True,,,174692.0,265622.0,0.0,0.0,0.0,0.0,0.0,0.0,0.0,0.0,4,52.0,22,0,False,True,False,False,맑음,19.1,62,11.7,19.5,0.0,0.0,0.0,0.0,0,1018.7,1014.8,0,0,0,0,6.0,327,16.9,667.0,545.0,122.0,3600.0,1,offday,train,0.258819045102521,-0.9659258262890682,-1.0,-1.8369701987210297e-16,True,319.9636889389057,0.06593422691008755,special_case
2025-04-06 15:00:00,2025-04-06,15,2025,4,6,Sunday,True,spring,2417,181728,75.18742242449318,0.1077131147753142,260.3425984119346,320.1630157763403,33.082060655174246,True,,False,False,True,True,138174.0,140551.0,335455.0,381149.0,0.0,0.0,0.0,0.0,1.0,1.0,0.0,0.0,4,52.0,22,0,True,True,False,True,맑음,13.0,50,3.0,9.9,0.0,0.0,0.0,0.0,0,1014.6,1010.6,2,0,2,0,16.2,239,38.2,727.0,565.0,162.0,3600.0,1,offday,test,-0.7071067811865471,-0.7071067811865479,0.8660254037844387,-0.49999999999999983,True,320.0296231658158,0.13339261052448137,special_case
2022-07-16 15:00:00,2022-07-16,15,2022,7,16,Saturday,True,summer,2359,215464,91.3370072064434,0.0935275965658001,220.63160029872256,320.4194988266566,47.64733951687805,True,,False,False,True,True,,,281479.0,334587.0,0.0,0.0,0.0,0.0,0.0,0.0,0.0,0.0,4,52.0,22,0,False,True,False,False,보통 이슬비,26.8,70,20.8,30.2,0.9,0.9,0.0,0.0,53,997.9,994.2,62,30,49,7,11.9,265,24.5,716.0,486.0,230.0,3600.0,1,offday,train,-0.7071067811865471,-0.7071067811865479,-0.4999999999999998,-0.8660254037844388,True,320.1630157763403,0.25648305031631935,special_case
2024-04-27 20:00:00,2024-04-27,20,2024,4,27,Saturday,True,spring,3026,298158,98.53205551883674,0.0570144493127863,172.52572362049148,320.4300707124688,-91.36012848640456,True,,False,False,True,True,115564.0,116509.0,393102.0,295432.0,699.0,24949.0,3092659.98,790.0,0.0,0.0,0.0,0.0,4,52.0,22,0,True,True,True,False,대체로 맑음,13.8,76,9.6,12.7,0.0,0.0,0.0,0.0,1,1012.1,1008.1,36,1,0,36,6.8,238,16.2,2.0,0.0,2.0,0.0,1,offday,valid,-0.8660254037844386,0.5000000000000001,0.8660254037844387,-0.49999999999999983,True,320.4194988266566,0.0105718858122259,special_case
2024-10-27 13:00:00,2024-10-27,13,2024,10,27,Sunday,True,fall,2344,226831,96.77090443686006,0.0915726254037753,214.6462339464495,320.68083984699933,68.5589738845033,True,,False,False,True,True,137374.0,134469.0,296007.0,431650.0,569.0,16966.0,1844208.82,538.0,0.0,0.0,0.0,0.0,4,52.0,22,0,True,True,True,False,흐림,17.5,78,13.6,17.8,0.0,0.0,0.0,0.0,3,1013.8,1009.9,100,23,85,100,5.6,268,13.7,199.0,7.0,192.0,0.0,1,offday,valid,-0.2588190451025208,-0.9659258262890683,-0.8660254037844386,0.5000000000000001,True,320.4300707124688,0.25076913453051475,special_case
2023-09-28 13:00:00,2023-09-28,13,2023,9,28,Thursday,False,fall,1925,165890,86.17662337662338,0.1201225009099709,231.235814251694,320.68800759658643,43.41539132457467,False,추석,True,False,True,True,118241.0,112923.0,246366.0,358598.0,0.0,0.0,0.0,0.0,0.0,0.0,0.0,0.0,4,52.0,22,0,True,True,False,False,약한 이슬비,24.7,70,18.9,26.3,0.1,0.1,0.0,0.0,51,1014.0,1010.2,13,12,5,0,14.8,269,28.8,629.0,448.0,181.0,3600.0,1,offday,train,-0.2588190451025208,-0.9659258262890683,-1.0,-1.8369701987210297e-16,True,320.68083984699933,0.007167749587097205,special_case
2023-10-07 19:00:00,2023-10-07,19,2023,10,7,Saturday,True,fall,2886,261707,90.68156618156618,0.0671035658554383,193.66089105879496,320.88242572220406,-78.38608899453743,True,,False,False,True,True,158682.0,163534.0,451355.0,479665.0,0.0,0.0,0.0,0.0,0.0,0.0,0.0,0.0,4,52.0,22,0,True,True,False,False,흐림,15.9,74,11.4,15.4,0.0,0.0,0.0,0.0,3,1022.0,1018.0,100,15,42,100,6.3,66,9.7,0.0,0.0,0.0,0.0,1,offday,train,-0.9659258262890684,0.2588190451025203,-0.8660254037844386,0.5000000000000001,True,320.68800759658643,0.19441812561763072,special_case
2024-09-26 14:00:00,2024-09-26,14,2024,9,26,Thursday,False,fall,2476,156008,63.00807754442649,0.1235811310401487,305.9868804554082,320.89808690169923,10.253104951592777,False,,False,False,False,False,123791.0,120526.0,276892.0,362326.0,357.0,11222.0,1182161.33,352.0,0.0,0.0,0.0,0.0,4,52.0,22,0,True,True,True,False,흐림,25.6,65,18.7,28.4,0.0,0.0,0.0,0.0,3,1012.3,1008.5,93,88,37,0,6.3,246,16.6,615.0,423.0,192.0,3600.0,1,weekday,valid,-0.4999999999999998,-0.8660254037844388,-1.0,-1.8369701987210297e-16,True,320.88242572220406,0.015661179495168653,special_case
2024-09-22 12:00:00,2024-09-22,12,2024,9,22,Sunday,True,fall,4411,260877,59.14237134436636,0.0738136969525007,325.59221725748074,320.9382636646256,81.51606616250655,True,,False,False,True,True,118989.0,114781.0,234418.0,344657.0,727.0,28270.0,3011179.22,553.0,0.0,0.0,0.0,0.0,4,52.0,22,0,True,True,True,False,대체로 맑음,23.7,62,15.9,24.6,0.0,0.0,0.0,0.0,1,1013.6,1009.8,20,10,11,0,12.3,69,25.6,670.0,453.0,217.0,3600.0,1,offday,valid,1.2246467991473532e-16,-1.0,-1.0,-1.8369701987210297e-16,True,320.89808690169923,0.04017676292636452,special_case
2024-10-01 16:00:00,2024-10-01,16,2024,10,1,Tuesday,False,fall,2312,186400,80.62283737024221,0.0989812433119339,228.84463453719135,320.97482469030507,-45.274185013681176,False,임시공휴일,True,False,True,False,174451.0,175854.0,448421.0,473981.0,890.0,33967.0,3592795.28,866.0,0.0,0.0,0.0,0.0,4,52.0,22,0,True,True,True,False,흐림,19.0,59,10.9,17.1,0.0,0.0,0.0,0.0,3,1011.1,1007.2,84,1,0,84,15.0,294,27.7,383.0,195.0,188.0,3600.0,1,offday,valid,-0.8660254037844384,-0.5000000000000004,-0.8660254037844386,0.5000000000000001,True,320.9382636646256,0.03656102567947528,special_case
2023-10-09 11:00:00,2023-10-09,11,2023,10,9,Monday,False,fall,2470,251608,101.8655870445344,0.0860138816247737,212.45428761319116,321.09883724365864,93.4845258022856,False,한글날,True,False,True,True,110958.0,104476.0,213989.0,339913.0,0.0,0.0,0.0,0.0,0.0,0.0,0.0,0.0,4,52.0,22,0,True,True,False,False,약한 이슬비,17.0,70,11.5,16.7,0.1,0.1,0.0,0.0,51,1021.5,1017.5,93,10,80,67,5.5,101,14.4,274.0,87.0,187.0,2329.4,1,offday,train,0.258819045102521,-0.9659258262890682,-0.8660254037844386,0.5000000000000001,True,320.97482469030507,0.12401255335356609,special_case
2022-06-19 20:00:00,2022-06-19,20,2022,6,19,Sunday,True,summer,2245,232355,103.4988864142539,0.0768858847850752,172.60881134249382,321.1128712120566,-48.20814401869677,True,,False,False,True,True,,,325125.0,223799.0,0.0,0.0,0.0,0.0,0.0,0.0,0.0,0.0,4,52.0,22,0,False,True,False,False,대체로 맑음,23.0,84,20.1,26.0,0.0,0.0,0.0,0.0,1,1006.5,1002.7,42,10,35,0,6.1,242,16.2,19.0,2.0,17.0,0.0,1,offday,train,-0.8660254037844386,0.5000000000000001,1.2246467991473532e-16,-1.0,True,321.09883724365864,0.014033968397939134,special_case
2024-04-28 12:00:00,2024-04-28,12,2024,4,28,Sunday,True,spring,3102,330803,106.6418439716312,0.0657770680274524,204.04046502115747,321.2959901958045,90.00702944694956,True,,False,False,True,True,118947.0,113763.0,254785.0,361161.0,648.0,22263.0,2457100.24,577.0,0.0,0.0,0.0,0.0,4,52.0,22,0,True,True,True,False,흐림,23.6,41,9.4,24.3,0.0,0.0,0.0,0.0,3,1014.0,1010.2,100,0,0,100,5.0,120,17.6,790.0,504.0,286.0,3600.0,1,offday,valid,1.2246467991473532e-16,-1.0,0.8660254037844387,-0.49999999999999983,True,321.1128712120566,0.18311898374793145,special_case
2023-08-20 15:00:00,2023-08-20,15,2023,8,20,Sunday,True,summer,2028,219332,108.15187376725838,0.0935275965658001,189.6739658354427,321.4916145970061,49.300331818939185,True,,False,False,True,True,127999.0,124144.0,299957.0,354817.0,0.0,0.0,0.0,0.0,0.0,0.0,0.0,0.0,4,52.0,22,0,True,True,False,False,부분적으로 흐림,30.2,67,23.5,34.6,0.0,0.0,0.0,0.0,2,1010.5,1006.8,62,15,49,12,9.9,251,20.2,496.0,174.0,322.0,3600.0,1,offday,train,-0.7071067811865471,-0.7071067811865479,-0.8660254037844384,-0.5000000000000004,True,321.2959901958045,0.19562440120159863,special_case
2025-05-17 17:00:00,2025-05-17,17,2025,5,17,Saturday,True,spring,2229,180371,80.9201435621355,0.1056648495856345,235.52694972637937,321.53343655271317,-8.850232628098865,True,,False,False,True,True,185585.0,182734.0,545424.0,554442.0,0.0,0.0,0.0,0.0,8.0,6.0,2.0,4.0,4,52.0,22,0,True,True,False,True,약한 이슬비,17.5,87,15.4,16.4,0.4,0.4,0.0,0.0,51,1003.8,999.9,100,100,90,0,19.9,226,42.1,153.0,17.0,136.0,0.0,1,offday,test,-0.9659258262890683,-0.25881904510252063,0.49999999999999994,-0.8660254037844387,True,321.4916145970061,0.04182195570706426,special_case
2022-07-10 20:00:00,2022-07-10,20,2022,7,10,Sunday,True,summer,2215,232374,104.90925507900675,0.0768858847850752,170.30223479894158,321.5724498566948,-48.07508746806582,True,,False,False,True,True,,,351810.0,233751.0,0.0,0.0,0.0,0.0,0.0,0.0,0.0,0.0,4,52.0,22,0,False,True,False,False,흐림,26.5,82,23.2,31.5,0.0,0.0,0.0,0.0,3,1004.3,1000.5,100,10,31,100,4.6,315,9.7,18.0,1.0,17.0,0.0,1,offday,train,-0.8660254037844386,0.5000000000000001,-0.4999999999999998,-0.8660254037844388,True,321.53343655271317,0.039013303981619174,special_case
2023-07-30 18:00:00,2023-07-30,18,2023,7,30,Sunday,True,summer,1699,187779,110.52324896998236,0.1010593940343581,171.6999104643744,321.5897761587775,-2.3318153837558953,True,,False,False,True,True,225223.0,216799.0,664503.0,674596.0,0.0,0.0,0.0,0.0,0.0,0.0,0.0,0.0,4,52.0,22,0,True,True,False,False,부분적으로 흐림,30.1,73,24.8,35.6,0.0,0.0,0.0,0.0,2,1011.8,1008.0,70,6,19,62,7.2,323,15.1,257.0,140.0,117.0,3600.0,1,offday,train,-1.0,-1.8369701987210297e-16,-0.4999999999999998,-0.8660254037844388,True,321.5724498566948,0.017326302082722123,special_case
2023-09-14 15:00:00,2023-09-14,15,2023,9,14,Thursday,False,fall,2023,163654,80.8966880869995,0.1159356419712001,234.5378037077379,321.60894926759204,-13.029988884430622,False,,False,False,False,False,129581.0,129207.0,302627.0,354386.0,0.0,0.0,0.0,0.0,0.0,0.0,0.0,0.0,4,52.0,22,0,True,True,False,False,흐림,26.6,61,18.6,27.3,0.0,0.0,0.0,0.0,3,1012.8,1009.0,100,21,98,83,17.3,89,31.0,486.0,260.0,226.0,3600.0,1,weekday,train,-0.7071067811865471,-0.7071067811865479,-1.0,-1.8369701987210297e-16,True,321.5897761587775,0.019173108814527495,special_case
2023-08-19 19:00:00,2023-08-19,19,2023,8,19,Saturday,True,summer,2195,203765,92.83143507972665,0.0912420622822565,200.2763267095532,321.65708056098674,-26.006348632947947,True,,False,False,True,True,156728.0,165670.0,426227.0,446782.0,0.0,0.0,0.0,0.0,0.0,0.0,0.0,0.0,4,52.0,22,0,True,True,False,False,맑음,26.8,81,23.3,31.6,0.0,0.0,0.0,0.0,0,1009.3,1005.5,1,0,0,1,6.3,257,15.8,88.0,43.0,45.0,3600.0,1,offday,train,-0.9659258262890684,0.2588190451025203,-0.8660254037844384,-0.5000000000000004,True,321.60894926759204,0.04813129339470379,special_case
2025-08-03 16:00:00,2025-08-03,16,2025,8,3,Sunday,True,summer,1813,196512,108.39051296194154,0.1019931999973653,184.91367159522335,321.6697232937364,33.67726693804707,True,,False,False,True,True,158565.0,159279.0,412716.0,443693.0,0.0,0.0,0.0,0.0,19.0,18.0,1.0,12.0,4,52.0,22,0,True,True,False,True,흐림,33.0,51,21.4,35.9,0.0,0.0,0.0,0.0,3,999.8,996.1,100,9,100,100,11.2,162,25.9,245.0,27.0,218.0,0.0,1,offday,test,-0.8660254037844384,-0.5000000000000004,-0.8660254037844384,-0.5000000000000004,True,321.65708056098674,0.01264273274966854,special_case
2025-08-31 16:00:00,2025-08-31,16,2025,8,31,Sunday,True,summer,1996,195625,98.00851703406812,0.1019931999973653,203.57842719474124,321.836279085815,32.74719728980813,True,,False,False,True,True,158565.0,159279.0,412716.0,443693.0,0.0,0.0,0.0,0.0,14.0,13.0,1.0,7.0,4,52.0,22,0,True,True,False,True,대체로 맑음,29.9,70,23.8,34.3,0.0,0.0,0.0,0.0,1,1008.0,1004.3,37,21,17,7,10.5,209,28.8,557.0,423.0,134.0,3600.0,1,offday,test,-0.8660254037844384,-0.5000000000000004,-0.8660254037844384,-0.5000000000000004,True,321.6697232937364,0.16655579207861138,special_case
2022-07-09 20:00:00,2022-07-09,20,2022,7,9,Saturday,True,summer,2527,235514,93.199050257222,0.0768858847850752,194.29063085188503,321.86832373701225,-50.00498103555742,True,,False,False,True,True,,,351810.0,233751.0,0.0,0.0,0.0,0.0,0.0,0.0,0.0,0.0,4,52.0,22,0,False,True,False,False,맑음,24.4,91,22.8,28.7,0.0,0.0,0.0,0.0,0,1002.9,999.1,15,12,5,0,7.1,240,18.0,28.0,6.0,22.0,391.14,1,offday,train,-0.8660254037844386,0.5000000000000001,-0.4999999999999998,-0.8660254037844388,True,321.836279085815,0.032044651197224994,special_case
2023-03-11 15:00:00,2023-03-11,15,2023,3,11,Saturday,True,spring,2330,183705,78.84334763948497,0.1077131147753142,250.9715574264823,322.5204139259981,33.995609725853626,True,,False,False,True,True,132098.0,133816.0,312164.0,365470.0,977.0,41296.0,4387989.78,791.0,0.0,0.0,0.0,0.0,4,52.0,22,0,True,True,True,False,흐림,18.5,39,4.4,15.2,0.0,0.0,0.0,0.0,3,1021.0,1017.1,100,0,10,100,14.7,245,29.9,601.0,407.0,194.0,3600.0,1,offday,train,-0.7071067811865471,-0.7071067811865479,1.0,6.123233995736766e-17,True,321.86832373701225,0.6520901889858806,special_case
2023-09-02 11:00:00,2023-09-02,11,2023,9,2,Saturday,True,fall,3905,404509,103.58745198463508,0.0550655360577097,215.03091830535652,322.52522326514304,106.60253367271568,True,,False,False,True,True,102184.0,95020.0,197610.0,287652.0,0.0,0.0,0.0,0.0,0.0,0.0,0.0,0.0,4,52.0,22,0,True,True,False,False,대체로 맑음,26.0,64,18.6,29.4,0.0,0.0,0.0,0.0,1,1013.0,1009.2,24,0,0,24,4.5,76,14.4,681.0,478.0,203.0,3600.0,1,offday,train,0.258819045102521,-0.9659258262890682,-1.0,-1.8369701987210297e-16,True,322.5204139259981,0.004809339144912883,special_case
2025-09-28 20:00:00,2025-09-28,20,2025,9,28,Sunday,True,fall,4023,357249,88.80164056674124,0.0479786878750003,193.01826132112632,322.605312522856,-113.82925477331396,True,,False,False,True,True,121342.0,124092.0,393938.0,283739.0,0.0,0.0,0.0,0.0,15.0,14.0,1.0,9.0,4,52.0,22,0,True,True,False,True,흐림,19.3,85,16.6,20.5,0.0,0.0,0.0,0.0,3,1011.0,1007.1,100,0,0,100,7.6,315,18.4,0.0,0.0,0.0,0.0,1,offday,test,-0.8660254037844386,0.5000000000000001,-1.0,-1.8369701987210297e-16,True,322.52522326514304,0.08008925771298436,special_case
2024-11-10 14:00:00,2024-11-10,14,2024,11,10,Sunday,True,fall,2253,191212,84.8699511762095,0.1053558771818858,237.36679129078885,322.8834137345279,47.63813757244657,True,,False,False,True,True,130366.0,126846.0,301164.0,386387.0,0.0,0.0,0.0,0.0,0.0,0.0,0.0,0.0,4,52.0,22,0,True,True,False,False,맑음,17.5,60,9.6,17.2,0.0,0.0,0.0,0.0,0,1021.6,1017.6,0,0,0,0,1.5,346,13.0,486.0,366.0,120.0,3600.0,1,offday,valid,-0.4999999999999998,-0.8660254037844388,-0.5000000000000004,0.8660254037844384,True,322.605312522856,0.2781012116718671,special_case
2023-07-29 17:00:00,2023-07-29,17,2023,7,29,Saturday,True,summer,1962,186754,95.1855249745158,0.1047704649595659,205.55965225066848,322.9096283943038,15.189234977415538,True,,False,False,True,True,181065.0,175578.0,500982.0,517822.0,0.0,0.0,0.0,0.0,0.0,0.0,0.0,0.0,4,52.0,22,0,True,True,False,False,대체로 맑음,30.3,65,23.0,34.3,0.0,0.0,0.0,0.0,1,1013.8,1010.0,21,0,2,19,10.6,288,23.8,465.0,329.0,136.0,3600.0,1,offday,train,-0.9659258262890683,-0.25881904510252063,-0.4999999999999998,-0.8660254037844388,True,322.8834137345279,0.02621465977591697,special_case
2025-04-06 17:00:00,2025-04-06,17,2025,4,6,Sunday,True,spring,2417,181728,75.18742242449318,0.1056648495856345,255.39194144847863,323.096389528534,-10.278223102925152,True,,False,False,True,True,185734.0,180827.0,531110.0,520394.0,0.0,0.0,0.0,0.0,1.0,1.0,0.0,0.0,4,52.0,22,0,True,True,False,True,맑음,11.1,59,3.3,7.4,0.0,0.0,0.0,0.0,0,1014.5,1010.5,0,0,0,0,14.5,229,36.7,389.0,265.0,124.0,3600.0,1,offday,test,-0.9659258262890683,-0.25881904510252063,0.8660254037844387,-0.49999999999999983,True,322.9096283943038,0.1867611342302098,special_case
2023-04-30 12:00:00,2023-04-30,12,2023,4,30,Sunday,True,spring,4249,308886,72.69616380324783,0.0657770680274524,279.4867620486454,323.20624921072744,86.59816869003362,True,,False,False,True,True,113227.0,107312.0,235098.0,335669.0,606.0,20744.0,2263746.68,505.0,0.0,0.0,0.0,0.0,4,52.0,22,0,True,True,True,False,부분적으로 흐림,14.2,46,2.8,10.6,0.0,0.0,0.0,0.0,2,1011.4,1007.4,79,0,77,8,13.7,225,35.3,461.0,83.0,378.0,988.82,1,offday,train,1.2246467991473532e-16,-1.0,0.8660254037844387,-0.49999999999999983,True,323.096389528534,0.10985968219341657,special_case
2024-08-15 13:00:00,2024-08-15,13,2024,8,15,Thursday,False,summer,2148,229335,106.76675977653632,0.0919203898842977,197.4449974714716,323.28010013077915,65.95146099115988,False,광복절,True,False,True,False,125403.0,121513.0,256045.0,394469.0,271.0,5706.0,524731.84,293.0,0.0,0.0,0.0,0.0,4,52.0,22,0,True,True,True,False,약한 이슬비,31.8,65,24.5,39.1,0.1,0.1,0.0,0.0,51,1008.1,1004.4,28,12,4,16,3.0,166,16.2,760.0,556.0,204.0,3600.0,1,offday,valid,-0.2588190451025208,-0.9659258262890683,-0.8660254037844384,-0.5000000000000004,True,323.20624921072744,0.07385092005171146,special_case
2025-08-10 14:00:00,2025-08-10,14,2025,8,10,Sunday,True,summer,2598,258098,99.3448806774442,0.0809922881834863,210.4179647006974,323.40388167065333,63.652474592368776,True,,False,False,True,True,127692.0,124172.0,294888.0,387874.0,0.0,0.0,0.0,0.0,14.0,13.0,1.0,8.0,4,52.0,22,0,True,True,False,True,대체로 맑음,29.9,59,21.1,34.9,0.0,0.0,0.0,0.0,1,1001.5,997.8,38,38,0,0,7.2,309,20.5,819.0,639.0,180.0,3600.0,1,offday,test,-0.4999999999999998,-0.8660254037844388,-0.8660254037844384,-0.5000000000000004,True,323.28010013077915,0.12378153987418727,special_case
2023-03-18 16:00:00,2023-03-18,16,2023,3,18,Saturday,True,spring,2281,176491,77.37439719421306,0.1106643479569391,252.42537768977817,323.5716852174528,13.294247799488572,True,,False,False,True,True,157768.0,160886.0,394615.0,414692.0,791.0,28800.0,3425669.9,786.0,0.0,0.0,0.0,0.0,4,52.0,22,0,True,True,True,False,맑음,11.9,33,-3.8,7.0,0.0,0.0,0.0,0.0,0,1018.2,1014.2,0,0,0,0,15.9,274,31.3,531.0,408.0,123.0,3600.0,1,offday,train,-0.8660254037844384,-0.5000000000000004,1.0,6.123233995736766e-17,True,323.40388167065333,0.16780354679946186,special_case
2025-09-18 12:00:00,2025-09-18,12,2025,9,18,Thursday,False,fall,2450,190691,77.8330612244898,0.1065118396644879,260.9540071779954,323.58788221246186,66.95037329643475,False,,False,False,False,False,126915.0,121371.0,254165.0,356827.0,0.0,0.0,0.0,0.0,20.0,19.0,1.0,10.0,4,52.0,22,0,True,True,False,True,맑음,24.0,64,16.8,24.7,0.0,0.0,0.0,0.0,0,1016.3,1012.5,18,7,12,0,15.3,91,35.3,659.0,463.0,196.0,3600.0,1,weekday,test,1.2246467991473532e-16,-1.0,-1.0,-1.8369701987210297e-16,True,323.5716852174528,0.016196995009067905,special_case
2023-05-14 12:00:00,2023-05-14,12,2023,5,14,Sunday,True,spring,3229,331034,102.51904614431712,0.0657770680274524,212.39415266064393,323.661406403848,90.30565100961178,True,,False,False,True,True,118937.0,111204.0,240041.0,344089.0,666.0,24574.0,2795865.67,550.0,0.0,0.0,0.0,0.0,4,52.0,22,0,True,True,True,False,대체로 맑음,20.9,43,7.7,19.9,0.0,0.0,0.0,0.0,1,1010.5,1006.6,31,8,31,0,11.1,245,24.5,771.0,521.0,250.0,3600.0,1,offday,train,1.2246467991473532e-16,-1.0,0.49999999999999994,-0.8660254037844387,True,323.58788221246186,0.07352419138612731,special_case
2023-07-30 17:00:00,2023-07-30,17,2023,7,30,Sunday,True,summer,1699,187779,110.52324896998236,0.1047704649595659,178.00501996630263,323.9215915425334,16.829888720147665,True,,False,False,True,True,181065.0,175578.0,500982.0,517822.0,0.0,0.0,0.0,0.0,0.0,0.0,0.0,0.0,4,52.0,22,0,True,True,False,False,부분적으로 흐림,30.5,69,24.2,35.8,0.0,0.0,0.0,0.0,2,1011.6,1007.9,66,0,22,56,6.6,347,16.6,291.0,121.0,170.0,3600.0,1,offday,train,-0.9659258262890683,-0.25881904510252063,-0.4999999999999998,-0.8660254037844388,True,323.661406403848,0.26018513868541504,special_case
2023-03-25 18:00:00,2023-03-25,18,2023,3,25,Saturday,True,spring,2492,201343,80.79574638844302,0.093388398805632,232.7238898236351,323.98838149157405,-34.911065412034816,True,,False,False,True,True,229041.0,218162.0,694359.0,697258.0,696.0,21356.0,2630427.51,802.0,0.0,0.0,0.0,0.0,4,52.0,22,0,True,True,True,False,흐림,13.1,47,2.0,9.7,0.0,0.0,0.0,0.0,3,1016.8,1012.8,95,13,6,94,11.4,246,24.1,141.0,56.0,85.0,3600.0,1,offday,train,-1.0,-1.8369701987210297e-16,1.0,6.123233995736766e-17,True,323.9215915425334,0.06678994904063984,special_case
2025-06-29 19:00:00,2025-06-29,19,2025,6,29,Sunday,True,summer,2109,204663,97.04267425320056,0.0912420622822565,192.42950935327912,324.0138933557151,-25.53675256334907,True,,False,False,True,True,148375.0,157485.0,429973.0,444465.0,0.0,0.0,0.0,0.0,8.0,8.0,0.0,2.0,4,52.0,22,0,True,True,False,True,맑음,25.9,87,23.5,30.7,0.0,0.0,0.0,0.0,0,1007.3,1003.5,4,4,0,0,6.7,270,19.4,144.0,64.0,80.0,3600.0,1,offday,test,-0.9659258262890684,0.2588190451025203,1.2246467991473532e-16,-1.0,True,323.98838149157405,0.025511864141037677,special_case
2023-10-14 13:00:00,2023-10-14,13,2023,10,14,Saturday,True,fall,3352,215087,64.1667661097852,0.0915726254037753,306.9514403534551,324.1340387757147,63.89218755563172,True,,False,False,True,True,128155.0,126336.0,273010.0,420242.0,0.0,0.0,0.0,0.0,0.0,0.0,0.0,0.0,4,52.0,22,0,True,True,False,False,약한 이슬비,17.0,80,13.6,17.8,0.3,0.3,0.0,0.0,51,1010.6,1006.7,97,12,96,74,2.2,171,18.7,461.0,183.0,278.0,3600.0,1,offday,train,-0.2588190451025208,-0.9659258262890683,-0.8660254037844386,0.5000000000000001,True,324.0138933557151,0.12014541999963058,special_case
2024-10-11 14:00:00,2024-10-11,14,2024,10,11,Friday,False,fall,2526,157635,62.40498812351544,0.1235811310401487,312.1659370074156,324.3283402245502,10.114579159934236,False,,False,False,False,False,137145.0,135034.0,317937.0,400793.0,456.0,12812.0,1293334.52,467.0,0.0,0.0,0.0,0.0,4,52.0,22,0,True,True,True,False,흐림,22.0,52,11.6,22.0,0.0,0.0,0.0,0.0,3,1017.9,1014.0,81,81,1,0,6.5,265,16.6,631.0,499.0,132.0,3600.0,1,weekday,valid,-0.4999999999999998,-0.8660254037844388,-0.8660254037844386,0.5000000000000001,True,324.1340387757147,0.19430144883546063,special_case
2023-06-25 21:00:00,2023-06-25,21,2023,6,25,Sunday,True,summer,2562,286263,111.73419203747072,0.0603261742431433,154.55565841093326,324.4004221954036,-74.13949230857793,True,,False,False,True,True,103298.0,103596.0,407365.0,227984.0,668.0,16896.0,2301749.94,691.0,0.0,0.0,0.0,0.0,4,52.0,22,0,True,True,True,False,흐림,25.6,77,21.4,28.9,0.0,0.0,0.0,0.0,3,1009.7,1005.9,100,5,79,100,9.0,196,17.3,0.0,0.0,0.0,0.0,1,offday,train,-0.7071067811865477,0.7071067811865474,1.2246467991473532e-16,-1.0,True,324.3283402245502,0.07208197085344636,special_case
2022-05-14 13:00:00,2022-05-14,13,2022,5,14,Saturday,True,spring,2936,249959,85.1358991825613,0.0829554972469645,243.557339917088,324.46203730638734,71.53160044460773,True,,False,False,True,True,,,232173.0,351954.0,0.0,0.0,0.0,0.0,0.0,0.0,0.0,0.0,4,52.0,22,0,False,True,False,False,흐림,19.5,31,2.0,15.0,0.0,0.0,0.0,0.0,3,1011.8,1007.9,100,0,40,100,24.1,271,45.4,740.0,346.0,394.0,3600.0,1,offday,train,-0.2588190451025208,-0.9659258262890683,0.49999999999999994,-0.8660254037844387,True,324.4004221954036,0.0616151109837233,special_case
2025-10-19 12:00:00,2025-10-19,12,2025,10,19,Sunday,True,fall,2856,295270,103.38585434173667,0.0738136969525007,210.8119184963421,324.5314280448556,89.00976213387929,True,,False,False,True,True,127375.0,121081.0,263189.0,392489.0,0.0,0.0,0.0,0.0,19.0,17.0,2.0,11.0,4,52.0,22,0,True,True,False,True,약한 이슬비,17.3,77,13.1,16.9,0.1,0.1,0.0,0.0,51,1024.0,1020.0,41,41,0,0,9.7,292,23.4,262.0,62.0,200.0,1038.34,1,offday,test,1.2246467991473532e-16,-1.0,-0.8660254037844386,0.5000000000000001,True,324.46203730638734,0.0693907384682575,special_case
2024-10-03 18:00:00,2024-10-03,18,2024,10,3,Thursday,False,fall,3120,309997,99.35801282051284,0.0537318129043256,167.64325626149602,324.57907998698545,-117.24109962387512,False,개천절,True,False,True,False,233692.0,220077.0,692280.0,672491.0,972.0,32614.0,3798477.65,1142.0,0.0,0.0,0.0,0.0,4,52.0,22,0,True,True,True,False,부분적으로 흐림,16.9,77,12.7,16.9,0.0,0.0,0.0,0.0,2,1022.0,1018.0,72,10,71,20,5.2,90,7.9,43.0,10.0,33.0,486.51,1,offday,valid,-1.0,-1.8369701987210297e-16,-0.8660254037844386,0.5000000000000001,True,324.5314280448556,0.04765194212984625,special_case
2025-05-05 13:00:00,2025-05-05,13,2025,5,5,Monday,False,spring,2012,182910,90.90954274353876,0.111787395763264,224.91624027568727,324.72477369374235,51.90592752554318,False,부처님오신날 / 어린이날,True,False,True,True,131842.0,124440.0,292232.0,438367.0,0.0,0.0,0.0,0.0,7.0,5.0,2.0,3.0,4,52.0,22,0,True,True,False,True,흐림,13.0,66,6.8,11.4,0.0,0.0,0.0,0.0,3,1013.6,1009.6,100,0,100,100,5.2,27,12.6,141.0,9.0,132.0,0.0,1,offday,test,-0.2588190451025208,-0.9659258262890683,0.49999999999999994,-0.8660254037844387,True,324.57907998698545,0.14569370675690152,special_case
2023-04-29 12:00:00,2023-04-29,12,2023,4,29,Saturday,True,spring,4145,313019,75.51724969843184,0.0657770680274524,272.64594697379033,324.7720303678872,87.45308387084887,True,,False,False,True,True,113227.0,107312.0,235098.0,335669.0,18.0,606.0,54930.18,14.0,0.0,0.0,0.0,0.0,4,52.0,22,0,True,True,True,False,보통 이슬비,12.5,97,12.1,10.1,0.7,0.7,0.0,0.0,53,1006.0,1002.0,100,100,100,100,21.2,235,36.4,91.0,0.0,91.0,0.0,1,offday,train,1.2246467991473532e-16,-1.0,0.8660254037844387,-0.49999999999999983,True,324.72477369374235,0.04725667414487589,special_case
2022-08-07 17:00:00,2022-08-07,17,2022,8,7,Sunday,True,summer,2100,187700,89.38095238095238,0.1047704649595659,220.01797641508855,324.9009837457126,14.537718616080896,True,,False,False,True,True,,,452968.0,432382.0,0.0,0.0,0.0,0.0,0.0,0.0,0.0,0.0,4,52.0,22,0,False,True,False,False,흐림,28.5,87,26.0,34.5,0.0,0.0,0.0,0.0,3,1005.4,1001.7,100,14,43,100,9.7,243,28.8,98.0,0.0,98.0,0.0,1,offday,train,-0.9659258262890683,-0.25881904510252063,-0.8660254037844384,-0.5000000000000004,True,324.7720303678872,0.12895337782538263,special_case
2023-09-24 12:00:00,2023-09-24,12,2023,9,24,Sunday,True,fall,2753,297833,108.18488921176898,0.0738136969525007,203.20910771023452,324.95258362129067,89.58108734824066,True,,False,False,True,True,114019.0,106991.0,224885.0,326978.0,0.0,0.0,0.0,0.0,0.0,0.0,0.0,0.0,4,52.0,22,0,True,True,False,False,흐림,23.2,50,12.3,23.3,0.0,0.0,0.0,0.0,3,1021.3,1017.4,98,0,0,98,12.2,88,28.1,744.0,608.0,136.0,3600.0,1,offday,train,1.2246467991473532e-16,-1.0,-1.0,-1.8369701987210297e-16,True,324.9009837457126,0.05159987557806289,special_case
2022-09-09 12:00:00,2022-09-09,12,2022,9,9,Friday,False,fall,2510,190848,76.03505976095617,0.1065118396644879,267.34471755786467,325.04282935176286,66.86184000979597,False,추석,True,False,True,True,,,203808.0,301768.0,0.0,0.0,0.0,0.0,0.0,0.0,0.0,0.0,4,52.0,22,0,False,True,False,False,흐림,25.9,64,18.5,29.4,0.0,0.0,0.0,0.0,3,1018.5,1014.7,100,0,0,100,6.6,81,17.6,765.0,565.0,200.0,3600.0,1,offday,train,1.2246467991473532e-16,-1.0,-1.0,-1.8369701987210297e-16,True,324.95258362129067,0.09024573047219064,special_case
2025-08-24 15:00:00,2025-08-24,15,2025,8,24,Sunday,True,summer,2101,221339,105.34935744883389,0.0935275965658001,196.50148038474612,325.11588414865264,49.63514248742729,True,,False,False,True,True,142475.0,139526.0,342579.0,398731.0,0.0,0.0,0.0,0.0,13.0,13.0,0.0,7.0,4,52.0,22,0,True,True,False,True,맑음,33.8,51,22.1,38.4,0.0,0.0,0.0,0.0,0,1010.5,1006.8,2,2,1,0,9.4,234,26.3,722.0,593.0,129.0,3600.0,1,offday,test,-0.7071067811865471,-0.7071067811865479,-0.8660254037844384,-0.5000000000000004,True,325.04282935176286,0.07305479688977812,special_case
2022-05-08 17:00:00,2022-05-08,17,2022,5,8,Sunday,True,spring,2071,181899,87.83148237566392,0.1056648495856345,218.8319034918491,325.14160935668264,-7.518858971043926,True,부처님오신날,True,False,True,True,,,472300.0,452585.0,0.0,0.0,0.0,0.0,0.0,0.0,0.0,0.0,4,52.0,22,0,False,True,False,False,흐림,17.0,39,2.8,13.1,0.0,0.0,0.0,0.0,3,1017.7,1013.8,100,26,100,100,15.8,27,27.7,135.0,2.0,133.0,0.0,1,offday,train,-0.9659258262890683,-0.25881904510252063,0.49999999999999994,-0.8660254037844387,True,325.11588414865264,0.025725208029996338,special_case
2022-08-14 15:00:00,2022-08-14,15,2022,8,14,Sunday,True,summer,4129,208604,50.52167595059336,0.0935275965658001,386.1754462201888,325.17051256686955,43.581924496403246,True,,False,False,True,True,,,273883.0,323254.0,0.0,0.0,0.0,0.0,0.0,0.0,0.0,0.0,4,52.0,22,0,False,True,False,False,흐림,29.9,73,24.6,34.2,0.0,0.0,0.0,0.0,3,1004.9,1001.2,100,7,0,100,14.7,234,27.4,527.0,203.0,324.0,3600.0,1,offday,train,-0.7071067811865471,-0.7071067811865479,-0.8660254037844384,-0.5000000000000004,True,325.14160935668264,0.02890321018691111,special_case
2022-04-30 14:00:00,2022-04-30,14,2022,4,30,Saturday,True,spring,2571,207659,80.76973940101128,0.0977777335148833,251.3865528667651,325.2155628249428,53.39648514303133,True,,False,False,True,True,,,217213.0,285529.0,0.0,0.0,0.0,0.0,0.0,0.0,0.0,0.0,4,52.0,22,0,False,True,False,False,흐림,16.5,53,6.9,13.6,0.0,0.0,0.0,0.0,3,1016.8,1012.9,100,17,100,23,19.6,253,37.4,701.0,382.0,319.0,3600.0,1,offday,train,-0.4999999999999998,-0.8660254037844388,0.8660254037844387,-0.49999999999999983,True,325.17051256686955,0.04505025807327456,special_case
2023-06-18 22:00:00,2023-06-18,22,2023,6,18,Sunday,True,summer,3819,385582,100.96412673474732,0.0439929755599608,168.00917366349063,325.30162951258785,-105.55372304775553,True,,False,False,True,True,92433.0,99964.0,380817.0,202824.0,463.0,11183.0,1570239.58,621.0,0.0,0.0,0.0,0.0,4,52.0,22,0,True,True,True,False,맑음,21.4,88,19.3,24.4,0.0,0.0,0.0,0.0,0,1007.2,1003.4,0,0,0,0,3.3,257,5.4,0.0,0.0,0.0,0.0,1,offday,train,-0.5000000000000004,0.8660254037844384,1.2246467991473532e-16,-1.0,True,325.2155628249428,0.08606668764502956,special_case
2025-03-23 13:00:00,2025-03-23,13,2025,3,23,Sunday,True,spring,2724,254202,93.31938325991187,0.0829554972469645,225.9707745007315,325.4717453058588,72.73871322243349,True,,False,False,True,True,128545.0,123079.0,286466.0,434709.0,0.0,0.0,0.0,0.0,0.0,0.0,0.0,0.0,4,52.0,22,0,True,True,False,False,맑음,19.4,44,6.7,18.8,0.0,0.0,0.0,0.0,0,1010.2,1006.3,0,0,0,0,7.9,179,22.0,796.0,648.0,148.0,3600.0,1,offday,test,-0.2588190451025208,-0.9659258262890683,1.0,6.123233995736766e-17,True,325.30162951258785,0.17011579327095205,special_case
2024-06-16 13:00:00,2024-06-16,13,2024,6,16,Sunday,True,summer,3487,319548,91.63980498996273,0.0663205601576762,231.2597932698172,325.6487354410321,77.74970112462907,True,,False,False,True,True,122281.0,117640.0,264558.0,388976.0,465.0,13708.0,1522494.08,442.0,0.0,0.0,0.0,0.0,4,52.0,22,0,True,True,True,False,맑음,29.0,32,10.5,29.0,0.0,0.0,0.0,0.0,0,1006.1,1002.4,13,0,13,0,12.7,315,28.8,847.0,642.0,205.0,3600.0,1,offday,valid,-0.2588190451025208,-0.9659258262890683,1.2246467991473532e-16,-1.0,True,325.4717453058588,0.1769901351732983,special_case
2025-05-25 12:00:00,2025-05-25,12,2025,5,25,Sunday,True,spring,4303,310877,72.24657215895887,0.0657770680274524,283.0387237221278,325.7459831107801,87.2066195590372,True,,False,False,True,True,126039.0,119058.0,269610.0,399733.0,0.0,0.0,0.0,0.0,10.0,9.0,1.0,6.0,4,52.0,22,0,True,True,False,True,맑음,20.5,52,10.4,21.5,0.0,0.0,0.0,0.0,0,1014.8,1010.9,0,0,0,0,7.7,258,23.8,876.0,677.0,199.0,3600.0,1,offday,test,1.2246467991473532e-16,-1.0,0.49999999999999994,-0.8660254037844387,True,325.6487354410321,0.09724766974801469,special_case
2023-05-27 12:00:00,2023-05-27,12,2023,5,27,Saturday,True,spring,3432,329453,95.99446386946389,0.0657770680274524,225.74689747021677,325.86181623330344,90.28688170771358,True,부처님오신날,True,False,True,True,118937.0,111204.0,240041.0,344089.0,13.0,371.0,73938.92,16.0,0.0,0.0,0.0,0.0,4,52.0,22,0,True,True,True,False,보통 비,18.8,91,17.4,20.5,4.4,4.4,0.0,0.0,63,1019.4,1015.5,100,95,100,100,6.4,106,11.9,61.0,0.0,61.0,0.0,1,offday,train,1.2246467991473532e-16,-1.0,0.49999999999999994,-0.8660254037844387,True,325.7459831107801,0.11583312252332689,special_case
2025-07-26 16:00:00,2025-07-26,16,2025,7,26,Saturday,True,summer,2431,195981,80.61744138214726,0.1019931999973653,247.94546919359516,326.0737469848363,31.05125179930087,True,,False,False,True,True,159909.0,160265.0,413035.0,434100.0,0.0,0.0,0.0,0.0,20.0,18.0,2.0,12.0,4,52.0,22,0,True,True,False,True,흐림,36.6,42,21.6,41.4,0.0,0.0,0.0,0.0,3,1005.6,1001.9,94,4,12,93,2.6,74,11.5,617.0,459.0,158.0,3600.0,1,offday,test,-0.8660254037844384,-0.5000000000000004,-0.4999999999999998,-0.8660254037844388,True,325.86181623330344,0.21193075153286145,special_case
2025-06-14 16:00:00,2025-06-14,16,2025,6,14,Saturday,True,summer,2350,196471,83.60468085106383,0.1019931999973653,239.68401999380856,326.15184181216694,31.48326958543379,True,,False,False,True,True,154793.0,157040.0,397001.0,425028.0,0.0,0.0,0.0,0.0,12.0,12.0,0.0,3.0,4,52.0,22,0,True,True,False,True,대체로 맑음,32.3,39,16.6,33.5,0.0,0.0,0.0,0.0,1,998.4,994.7,46,1,46,0,7.5,20,23.8,538.0,298.0,240.0,3600.0,1,offday,test,-0.8660254037844384,-0.5000000000000004,1.2246467991473532e-16,-1.0,True,326.0737469848363,0.07809482733063078,special_case
2022-09-09 16:00:00,2022-09-09,16,2022,9,9,Friday,False,fall,2510,190848,76.03505976095617,0.0989812433119339,248.4429207129543,326.2125493472354,-47.68413470220878,False,추석,True,False,True,True,,,342287.0,362512.0,0.0,0.0,0.0,0.0,0.0,0.0,0.0,0.0,4,52.0,22,0,False,True,False,False,부분적으로 흐림,28.0,49,16.3,29.3,0.0,0.0,0.0,0.0,2,1016.3,1012.5,73,0,0,73,6.7,74,16.9,565.0,459.0,106.0,3600.0,1,offday,train,-0.8660254037844384,-0.5000000000000004,-1.0,-1.8369701987210297e-16,True,326.15184181216694,0.060707535068445395,special_case
2023-09-23 19:00:00,2023-09-23,19,2023,9,23,Saturday,True,fall,2796,264230,94.50286123032905,0.0671035658554383,187.6215701318055,326.2266211101455,-78.74777262931718,True,,False,False,True,True,150472.0,156667.0,405066.0,444026.0,0.0,0.0,0.0,0.0,0.0,0.0,0.0,0.0,4,52.0,22,0,True,True,False,False,대체로 맑음,21.0,62,13.4,19.7,0.0,0.0,0.0,0.0,1,1019.9,1016.0,37,0,0,37,16.2,78,27.4,8.0,2.0,6.0,0.0,1,offday,train,-0.9659258262890684,0.2588190451025203,-1.0,-1.8369701987210297e-16,True,326.2125493472354,0.014071762910134566,special_case
2025-07-27 16:00:00,2025-07-27,16,2025,7,27,Sunday,True,summer,2209,197311,89.32141240380263,0.1019931999973653,225.3029787941801,326.2675780802374,32.232592300841645,True,,False,False,True,True,159909.0,160265.0,413035.0,434100.0,0.0,0.0,0.0,0.0,19.0,17.0,2.0,12.0,4,52.0,22,0,True,True,False,True,약한 이슬비,36.2,44,22.0,40.5,0.1,0.1,0.0,0.0,51,1003.7,1000.0,23,2,22,0,6.8,259,20.2,617.0,466.0,151.0,3600.0,1,offday,test,-0.8660254037844384,-0.5000000000000004,-0.4999999999999998,-0.8660254037844388,True,326.2266211101455,0.040956970091883704,special_case
2022-04-24 12:00:00,2022-04-24,12,2022,4,24,Sunday,True,spring,3199,335005,104.72178805876835,0.0657770680274524,210.42084061982035,326.36508914321894,91.25911859808411,True,,False,False,True,True,,,187587.0,271232.0,0.0,0.0,0.0,0.0,0.0,0.0,0.0,0.0,4,52.0,22,0,False,True,False,False,대체로 맑음,20.0,61,12.4,19.6,0.0,0.0,0.0,0.0,1,1011.5,1007.6,38,38,0,0,9.7,222,24.1,597.0,194.0,403.0,3600.0,1,offday,train,1.2246467991473532e-16,-1.0,0.8660254037844387,-0.49999999999999983,True,326.2675780802374,0.097511062981539,special_case
2024-10-05 19:00:00,2024-10-05,19,2024,10,5,Saturday,True,fall,3224,270065,83.76705955334988,0.0671035658554383,216.3418963179331,326.43427769261234,-81.71153014526715,True,,False,False,True,True,164915.0,170671.0,476306.0,482174.0,978.0,49471.0,4336537.6,893.0,0.0,0.0,0.0,0.0,4,52.0,22,0,True,True,True,False,흐림,14.4,80,10.9,13.4,0.0,0.0,0.0,0.0,3,1022.2,1018.2,95,0,0,95,9.3,345,12.6,0.0,0.0,0.0,0.0,1,offday,valid,-0.9659258262890684,0.2588190451025203,-0.8660254037844386,0.5000000000000001,True,326.36508914321894,0.06918854939340235,special_case
2022-06-25 15:00:00,2022-06-25,15,2022,6,25,Saturday,True,summer,2533,218309,86.18594551914725,0.0935275965658001,236.90540210117177,326.4410268165461,47.97128693613348,True,,False,False,True,True,,,265436.0,314411.0,0.0,0.0,0.0,0.0,0.0,0.0,0.0,0.0,4,52.0,22,0,False,True,False,False,대체로 맑음,28.0,76,23.4,31.7,0.0,0.0,0.0,0.0,1,1003.2,999.5,40,40,0,0,18.6,223,34.9,690.0,426.0,264.0,3600.0,1,offday,train,-0.7071067811865471,-0.7071067811865479,1.2246467991473532e-16,-1.0,True,326.43427769261234,0.006749123933786905,special_case
2024-08-10 15:00:00,2024-08-10,15,2024,8,10,Saturday,True,summer,2401,219687,91.4981257809246,0.0935275965658001,224.55975935448615,326.64648899536144,48.59025501606777,True,,False,False,True,True,137185.0,133631.0,320545.0,380220.0,321.0,7216.0,584801.73,314.0,0.0,0.0,0.0,0.0,4,52.0,22,0,True,True,True,False,흐림,32.0,66,25.0,38.0,0.0,0.0,0.0,0.0,3,1002.4,998.7,88,43,11,77,7.4,219,22.7,611.0,399.0,212.0,3600.0,1,offday,valid,-0.7071067811865471,-0.7071067811865479,-0.8660254037844384,-0.5000000000000004,True,326.4410268165461,0.20546217881530993,special_case
2025-07-13 18:00:00,2025-07-13,18,2025,7,13,Sunday,True,summer,1930,191198,99.06632124352332,0.1010593940343581,195.04463048631112,326.70268910333374,-3.6723631586511942,True,,False,False,True,True,239169.0,231250.0,702804.0,702349.0,0.0,0.0,0.0,0.0,11.0,10.0,1.0,5.0,4,52.0,22,0,True,True,False,True,흐림,26.6,69,20.4,30.2,0.0,0.0,0.0,0.0,3,999.7,995.9,100,0,0,100,3.5,204,11.9,75.0,0.0,75.0,0.0,1,offday,test,-1.0,-1.8369701987210297e-16,-0.4999999999999998,-0.8660254037844388,True,326.64648899536144,0.056200107972301794,special_case
2024-08-18 16:00:00,2024-08-18,16,2024,8,18,Sunday,True,summer,2099,198294,94.47070033349212,0.1019931999973653,214.08372679446987,326.86865549316826,32.88562998108762,True,,False,False,True,True,156726.0,156151.0,394300.0,429929.0,366.0,9898.0,1049737.68,328.0,0.0,0.0,0.0,0.0,4,52.0,22,0,True,True,True,False,보통 비,28.5,83,25.2,34.2,4.7,4.7,0.0,0.0,63,1008.8,1005.0,84,12,26,76,7.6,205,22.7,439.0,253.0,186.0,3600.0,1,offday,valid,-0.8660254037844384,-0.5000000000000004,-0.8660254037844384,-0.5000000000000004,True,326.70268910333374,0.16596638983452294,special_case
2025-09-18 16:00:00,2025-09-18,16,2025,9,18,Thursday,False,fall,2450,190691,77.8330612244898,0.0989812433119339,242.50404611423824,326.9264483369667,-47.10559443039267,False,,False,False,False,False,169351.0,172630.0,412088.0,438157.0,0.0,0.0,0.0,0.0,20.0,19.0,1.0,10.0,4,52.0,22,0,True,True,False,True,맑음,25.2,56,15.8,25.6,0.0,0.0,0.0,0.0,0,1015.2,1011.4,12,8,7,0,11.0,95,26.3,479.0,358.0,121.0,3600.0,1,weekday,test,-0.8660254037844384,-0.5000000000000004,-1.0,-1.8369701987210297e-16,True,326.86865549316826,0.0577928437984383,special_case
2023-09-28 15:00:00,2023-09-28,15,2023,9,28,Thursday,False,fall,1925,165890,86.17662337662338,0.1159356419712001,223.17611079456032,326.9636640131119,-11.812893586731605,False,추석,True,False,True,True,129581.0,129207.0,302627.0,354386.0,0.0,0.0,0.0,0.0,0.0,0.0,0.0,0.0,4,52.0,22,0,True,True,False,False,대체로 맑음,24.5,69,18.6,25.8,0.0,0.0,0.0,0.0,1,1012.9,1009.1,29,25,15,0,13.6,259,28.1,540.0,396.0,144.0,3600.0,1,offday,train,-0.7071067811865471,-0.7071067811865479,-1.0,-1.8369701987210297e-16,True,326.9264483369667,0.03721567614519472,special_case
2022-04-17 12:00:00,2022-04-17,12,2022,4,17,Sunday,True,spring,3440,330896,96.1906976744186,0.0657770680274524,226.27311401443637,327.1684774098792,90.6690557896697,True,,False,False,True,True,,,187587.0,271232.0,0.0,0.0,0.0,0.0,0.0,0.0,0.0,0.0,4,52.0,22,0,False,True,False,False,맑음,17.2,41,3.7,15.8,0.0,0.0,0.0,0.0,0,1019.4,1015.5,0,0,0,0,10.7,230,24.8,837.0,653.0,184.0,3600.0,1,offday,train,1.2246467991473532e-16,-1.0,0.8660254037844387,-0.49999999999999983,True,326.9636640131119,0.2048133967672925,special_case
2025-03-15 18:00:00,2025-03-15,18,2025,3,15,Saturday,True,spring,2328,202009,86.77362542955326,0.093388398805632,217.40819241951144,327.17459924989504,-33.77313964892983,True,,False,False,True,True,222198.0,212301.0,682177.0,682285.0,0.0,0.0,0.0,0.0,0.0,0.0,0.0,0.0,4,52.0,22,0,True,True,False,False,흐림,12.4,50,2.2,9.7,0.0,0.0,0.0,0.0,3,1019.3,1015.3,100,19,100,100,6.1,133,13.3,45.0,2.0,43.0,0.0,1,offday,test,-1.0,-1.8369701987210297e-16,1.0,6.123233995736766e-17,True,327.1684774098792,0.006121840015850921,special_case
2023-03-11 17:00:00,2023-03-11,17,2023,3,11,Saturday,True,spring,2330,183705,78.84334763948497,0.1056648495856345,246.1990995345284,327.1777361520186,-9.489266324485754,True,,False,False,True,True,184059.0,181754.0,518496.0,519201.0,933.0,31447.0,3711004.69,1042.0,0.0,0.0,0.0,0.0,4,52.0,22,0,True,True,True,False,흐림,13.4,59,5.6,10.8,0.0,0.0,0.0,0.0,3,1021.3,1017.3,100,0,0,100,10.6,242,25.6,204.0,28.0,176.0,345.97,1,offday,train,-0.9659258262890683,-0.25881904510252063,1.0,6.123233995736766e-17,True,327.17459924989504,0.003136902123571872,special_case
2022-07-30 19:00:00,2022-07-30,19,2022,7,30,Saturday,True,summer,2277,207552,91.15151515151516,0.0912420622822565,207.75817581669824,327.2305914441164,-26.741292447315914,True,,False,False,True,True,,,401728.0,435098.0,0.0,0.0,0.0,0.0,0.0,0.0,0.0,0.0,4,52.0,22,0,False,True,False,False,약한 이슬비,28.6,82,25.2,34.5,0.2,0.2,0.0,0.0,51,1007.8,1004.0,100,2,71,100,7.2,127,13.7,104.0,48.0,56.0,3600.0,1,offday,train,-0.9659258262890684,0.2588190451025203,-0.4999999999999998,-0.8660254037844388,True,327.1777361520186,0.05285529209777451,special_case
2025-09-13 20:00:00,2025-09-13,20,2025,9,13,Saturday,True,fall,3830,358122,93.50443864229766,0.0479786878750003,183.7583745612513,327.27277085627725,-114.10288555780464,True,,False,False,True,True,121342.0,124092.0,393938.0,283739.0,0.0,0.0,0.0,0.0,17.0,17.0,0.0,8.0,4,52.0,22,0,True,True,False,True,흐림,23.5,83,20.4,26.7,0.0,0.0,0.0,0.0,3,1008.6,1004.8,100,8,0,100,5.9,76,10.8,0.0,0.0,0.0,0.0,1,offday,test,-0.8660254037844386,0.5000000000000001,-1.0,-1.8369701987210297e-16,True,327.2305914441164,0.04217941216086274,special_case
2025-06-08 14:00:00,2025-06-08,14,2025,6,8,Sunday,True,summer,2482,263165,106.02941176470588,0.0809922881834863,201.022859271413,327.3027325249751,64.95504802655813,True,,False,False,True,True,124546.0,121399.0,291512.0,373818.0,0.0,0.0,0.0,0.0,10.0,10.0,0.0,3.0,4,52.0,22,0,True,True,False,True,대체로 맑음,30.5,39,14.9,31.9,0.0,0.0,0.0,0.0,1,1006.5,1002.8,41,8,0,36,8.9,249,26.6,731.0,381.0,350.0,3600.0,1,offday,test,-0.4999999999999998,-0.8660254037844388,1.2246467991473532e-16,-1.0,True,327.27277085627725,0.029961668697865207,special_case
2024-10-26 20:00:00,2024-10-26,20,2024,10,26,Saturday,True,fall,3356,350067,104.31078665077472,0.0479786878750003,161.0164765085011,327.3293093029122,-111.52778145455432,True,,False,False,True,True,124372.0,119180.0,443607.0,299680.0,566.0,16300.0,1989286.28,596.0,0.0,0.0,0.0,0.0,4,52.0,22,0,True,True,True,False,흐림,14.6,89,12.8,14.5,0.0,0.0,0.0,0.0,3,1019.2,1015.2,82,3,0,81,7.4,83,11.5,0.0,0.0,0.0,0.0,1,offday,valid,-0.8660254037844386,0.5000000000000001,-0.8660254037844386,0.5000000000000001,True,327.3027325249751,0.026576777937066254,special_case
2024-08-17 15:00:00,2024-08-17,15,2024,8,17,Saturday,True,summer,2234,221744,99.25872873769023,0.0935275965658001,208.9406507279975,327.32977810873894,49.4500328390165,True,,False,False,True,True,137185.0,133631.0,320545.0,380220.0,343.0,9286.0,999968.3,318.0,0.0,0.0,0.0,0.0,4,52.0,22,0,True,True,True,False,보통 이슬비,29.0,79,25.0,34.4,0.7,0.7,0.0,0.0,53,1009.8,1006.0,70,24,62,5,8.4,335,24.1,420.0,164.0,256.0,3600.0,1,offday,valid,-0.7071067811865471,-0.7071067811865479,-0.8660254037844384,-0.5000000000000004,True,327.3293093029122,0.0004688058267561246,special_case
2023-03-19 17:00:00,2023-03-19,17,2023,3,19,Sunday,True,spring,2044,183113,89.58561643835617,0.1056648495856345,215.97895255303695,327.5157044530366,-7.244475934406637,True,,False,False,True,True,184059.0,181754.0,518496.0,519201.0,768.0,26170.0,3209300.02,854.0,0.0,0.0,0.0,0.0,4,52.0,22,0,True,True,True,False,맑음,10.4,48,-0.2,6.3,0.0,0.0,0.0,0.0,0,1019.7,1015.7,0,0,0,0,13.1,249,28.4,363.0,260.0,103.0,3600.0,1,offday,train,-0.9659258262890683,-0.25881904510252063,1.0,6.123233995736766e-17,True,327.32977810873894,0.18592634429768395,special_case
2023-10-01 19:00:00,2023-10-01,19,2023,10,1,Sunday,True,fall,2918,266846,91.44825222755313,0.0671035658554383,195.808205166169,327.6546974236412,-79.84281475703415,True,,False,False,True,True,158682.0,163534.0,451355.0,479665.0,0.0,0.0,0.0,0.0,0.0,0.0,0.0,0.0,4,52.0,22,0,True,True,False,False,맑음,15.8,74,11.2,14.8,0.0,0.0,0.0,0.0,0,1015.4,1011.4,0,0,0,0,9.3,286,13.3,2.0,0.0,2.0,0.0,1,offday,train,-0.9659258262890684,0.2588190451025203,-0.8660254037844386,0.5000000000000001,True,327.5157044530366,0.13899297060459048,special_case
2023-05-13 13:00:00,2023-05-13,13,2023,5,13,Saturday,True,spring,2846,254340,89.3675333801827,0.0829554972469645,236.0913451648612,327.71880092710245,72.78147884918968,True,,False,False,True,True,122764.0,116539.0,259824.0,381217.0,781.0,27433.0,2967428.25,680.0,0.0,0.0,0.0,0.0,4,52.0,22,0,True,True,True,False,대체로 맑음,21.8,49,10.6,22.9,0.0,0.0,0.0,0.0,1,1013.2,1009.3,36,0,34,12,7.4,284,19.8,888.0,686.0,202.0,3600.0,1,offday,train,-0.2588190451025208,-0.9659258262890683,0.49999999999999994,-0.8660254037844387,True,327.6546974236412,0.06410350346124005,special_case
2023-05-21 13:00:00,2023-05-21,13,2023,5,21,Sunday,True,spring,2560,258878,101.12421875,0.0829554972469645,212.36607295222933,327.7807090821316,74.07090609987938,True,,False,False,True,True,122764.0,116539.0,259824.0,381217.0,716.0,26580.0,2937318.87,631.0,0.0,0.0,0.0,0.0,4,52.0,22,0,True,True,True,False,흐림,20.0,60,12.0,19.4,0.0,0.0,0.0,0.0,3,1009.8,1005.9,100,35,0,100,18.9,235,37.8,850.0,581.0,269.0,3600.0,1,offday,train,-0.2588190451025208,-0.9659258262890683,0.49999999999999994,-0.8660254037844387,True,327.71880092710245,0.06190815502912983,special_case
2025-03-22 15:00:00,2025-03-22,15,2025,3,22,Saturday,True,spring,2345,186919,79.7095948827292,0.1077131147753142,252.587254148112,327.9070719035185,34.716284690159455,True,,False,False,True,True,143499.0,144189.0,358188.0,418226.0,0.0,0.0,0.0,0.0,0.0,0.0,0.0,0.0,4,52.0,22,0,True,True,False,False,맑음,16.1,46,4.4,13.4,0.0,0.0,0.0,0.0,0,1008.7,1004.8,0,0,0,0,14.8,226,35.6,683.0,545.0,138.0,3600.0,1,offday,test,-0.7071067811865471,-0.7071067811865479,1.0,6.123233995736766e-17,True,327.7807090821316,0.12636282138691968,special_case
2022-06-12 13:00:00,2022-06-12,13,2022,6,12,Sunday,True,summer,2988,331115,110.81492637215528,0.0663205601576762,198.16583375113672,328.0652702909672,79.85774985170309,True,,False,False,True,True,,,217587.0,326187.0,0.0,0.0,0.0,0.0,0.0,0.0,0.0,0.0,4,52.0,22,0,False,True,False,False,흐림,29.2,37,13.1,31.9,0.0,0.0,0.0,0.0,3,1011.3,1007.5,100,1,27,100,2.6,106,19.4,851.0,603.0,248.0,3600.0,1,offday,train,-0.2588190451025208,-0.9659258262890683,1.2246467991473532e-16,-1.0,True,327.9070719035185,0.1581983874486923,special_case
2023-08-27 18:00:00,2023-08-27,18,2023,8,27,Sunday,True,summer,1999,192125,96.11055527763882,0.1010593940343581,202.01772867468185,328.0653288931197,-4.077149591216312,True,,False,False,True,True,223546.0,212481.0,652294.0,644555.0,0.0,0.0,0.0,0.0,0.0,0.0,0.0,0.0,4,52.0,22,0,True,True,False,False,흐림,25.5,85,22.9,29.8,0.0,0.0,0.0,0.0,3,1007.9,1004.1,100,0,33,100,7.6,3,12.2,46.0,0.0,46.0,0.0,1,offday,train,-1.0,-1.8369701987210297e-16,-0.8660254037844384,-0.5000000000000004,True,328.0652702909672,5.860215253505885e-05,special_case
2025-09-19 12:00:00,2025-09-19,12,2025,9,19,Friday,False,fall,2223,197116,88.67116509221772,0.1065118396644879,236.77581957415663,328.1454988947663,69.97306841161361,False,,False,False,False,False,126915.0,121371.0,254165.0,356827.0,0.0,0.0,0.0,0.0,19.0,18.0,1.0,9.0,4,52.0,22,0,True,True,False,True,약한 이슬비,20.5,79,16.7,21.2,0.1,0.1,0.0,0.0,51,1018.2,1014.3,100,4,100,100,11.1,107,24.5,197.0,2.0,195.0,0.0,1,weekday,test,1.2246467991473532e-16,-1.0,-1.0,-1.8369701987210297e-16,True,328.0653288931197,0.08017000164659294,special_case
2023-09-29 15:00:00,2023-09-29,15,2023,9,29,Friday,False,fall,2901,169834,58.543260944501895,0.1159356419712001,336.3292973584517,328.16356364228017,-21.641066508930063,False,추석,True,False,True,True,129581.0,129207.0,302627.0,354386.0,0.0,0.0,0.0,0.0,0.0,0.0,0.0,0.0,4,52.0,22,0,True,True,False,False,흐림,23.8,50,12.8,23.9,0.0,0.0,0.0,0.0,3,1013.6,1009.8,100,0,5,100,6.1,267,15.1,581.0,416.0,165.0,3600.0,1,offday,train,-0.7071067811865471,-0.7071067811865479,-1.0,-1.8369701987210297e-16,True,328.1454988947663,0.018064747513847124,special_case
2024-10-13 20:00:00,2024-10-13,20,2024,10,13,Sunday,True,fall,3900,360223,92.3648717948718,0.0479786878750003,187.11688271250128,328.2837725953511,-114.77335648237391,True,,False,False,True,True,124372.0,119180.0,443607.0,299680.0,587.0,18663.0,2528880.22,619.0,0.0,0.0,0.0,0.0,4,52.0,22,0,True,True,True,False,흐림,17.0,80,13.4,17.1,0.0,0.0,0.0,0.0,3,1022.7,1018.7,100,0,94,100,6.8,108,9.7,0.0,0.0,0.0,0.0,1,offday,valid,-0.8660254037844386,0.5000000000000001,-0.8660254037844386,0.5000000000000001,True,328.16356364228017,0.1202089530709145,special_case
2025-09-14 20:00:00,2025-09-14,20,2025,9,14,Sunday,True,fall,3695,356876,96.58349120433016,0.0479786878750003,177.28125169812623,328.46111199937167,-113.70317388154471,True,,False,False,True,True,121342.0,124092.0,393938.0,283739.0,0.0,0.0,0.0,0.0,17.0,17.0,0.0,8.0,4,52.0,22,0,True,True,False,True,맑음,22.6,90,20.9,26.4,0.0,0.0,0.0,0.0,0,1013.1,1009.2,0,0,0,0,3.7,281,8.6,0.0,0.0,0.0,0.0,1,offday,test,-0.8660254037844386,0.5000000000000001,-1.0,-1.8369701987210297e-16,True,328.2837725953511,0.1773394040205858,special_case
2024-03-16 18:00:00,2024-03-16,18,2024,3,16,Saturday,True,spring,2414,203456,84.28169014084507,0.093388398805632,225.4395947167958,328.667108438655,-34.51952879179913,True,,False,False,True,True,221746.0,211929.0,707570.0,699700.0,718.0,22136.0,2732697.53,732.0,0.0,0.0,0.0,0.0,4,52.0,22,0,True,True,True,False,흐림,12.3,42,-0.4,8.8,0.0,0.0,0.0,0.0,3,1018.3,1014.3,100,0,100,0,9.0,265,21.6,149.0,77.0,72.0,3600.0,1,offday,valid,-1.0,-1.8369701987210297e-16,1.0,6.123233995736766e-17,True,328.46111199937167,0.20599643928335354,special_case
2024-09-07 13:00:00,2024-09-07,13,2024,9,7,Saturday,True,fall,4533,215429,47.524597396867414,0.0915726254037753,415.09871095531383,328.78998530183213,63.7631366221608,True,,False,False,True,True,124352.0,120608.0,258882.0,380199.0,465.0,11621.0,1243613.78,473.0,0.0,0.0,0.0,0.0,4,52.0,22,0,True,True,True,False,대체로 맑음,28.7,63,21.0,33.8,0.0,0.0,0.0,0.0,1,1013.8,1010.0,20,20,0,0,3.5,246,13.3,732.0,519.0,213.0,3600.0,1,offday,valid,-0.2588190451025208,-0.9659258262890683,-1.0,-1.8369701987210297e-16,True,328.667108438655,0.12287686317711177,special_case
2024-11-09 15:00:00,2024-11-09,15,2024,11,9,Saturday,True,fall,2104,179016,85.08365019011407,0.1124759978651691,236.64949950831576,329.32052907750256,27.104482181653907,True,,False,False,True,True,144782.0,145895.0,349968.0,401272.0,0.0,0.0,0.0,0.0,0.0,0.0,0.0,0.0,4,52.0,22,0,True,True,False,False,흐림,17.2,49,6.4,15.6,0.0,0.0,0.0,0.0,3,1026.3,1022.3,99,0,0,99,4.5,16,11.9,400.0,292.0,108.0,3600.0,1,offday,valid,-0.7071067811865471,-0.7071067811865479,-0.5000000000000004,0.8660254037844384,True,328.78998530183213,0.5305437756704237,special_case
2023-08-13 15:00:00,2023-08-13,15,2023,8,13,Sunday,True,summer,2121,224316,105.75954738330977,0.0935275965658001,198.3720323160621,329.38515768166957,50.320376333437935,True,,False,False,True,True,127999.0,124144.0,299957.0,354817.0,0.0,0.0,0.0,0.0,0.0,0.0,0.0,0.0,4,52.0,22,0,True,True,False,False,흐림,30.0,65,22.6,34.3,0.0,0.0,0.0,0.0,3,1004.1,1000.4,100,19,99,100,6.5,183,15.1,435.0,92.0,343.0,1528.02,1,offday,train,-0.7071067811865471,-0.7071067811865479,-0.8660254037844384,-0.5000000000000004,True,329.32052907750256,0.06462860416701233,special_case
2025-11-09 17:00:00,2025-11-09,17,2025,11,9,Sunday,True,fall,1942,187417,96.50720906282184,0.1019646238147499,198.01529944824432,329.56074914269243,-19.53915928202423,True,,False,False,True,True,194722.0,190430.0,560656.0,551319.0,0.0,0.0,0.0,0.0,19.0,18.0,1.0,11.0,4,52.0,22,0,True,True,False,True,맑음,13.4,62,6.2,10.3,0.0,0.0,0.0,0.0,0,1015.7,1011.7,2,1,2,0,14.8,261,32.4,91.0,41.0,50.0,3600.0,1,offday,test,-0.9659258262890683,-0.25881904510252063,-0.5000000000000004,0.8660254037844384,True,329.38515768166957,0.1755914610228615,special_case
2024-10-12 19:00:00,2024-10-12,19,2024,10,12,Saturday,True,fall,4146,284640,68.65412445730824,0.0671035658554383,278.21138403664725,329.76263550449045,-88.62272556629199,True,,False,False,True,True,164915.0,170671.0,476306.0,482174.0,737.0,23880.0,2841236.03,831.0,0.0,0.0,0.0,0.0,4,52.0,22,0,True,True,True,False,맑음,17.6,67,11.5,17.5,0.0,0.0,0.0,0.0,0,1023.7,1019.7,0,0,0,0,3.7,346,6.8,0.0,0.0,0.0,0.0,1,offday,valid,-0.9659258262890684,0.2588190451025203,-0.8660254037844386,0.5000000000000001,True,329.56074914269243,0.20188636179801733,special_case
2024-05-01 11:00:00,2024-05-01,11,2024,5,1,Wednesday,False,spring,2654,297262,112.00527505651846,0.0762910773796575,202.4765193656112,329.7982073109648,98.88992074532544,False,,False,False,False,False,117501.0,104744.0,235739.0,348778.0,669.0,21717.0,2289406.49,599.0,0.0,0.0,0.0,0.0,4,52.0,22,0,True,True,True,False,흐림,18.8,34,2.7,16.2,0.0,0.0,0.0,0.0,3,1013.0,1009.1,95,15,35,92,9.4,88,25.2,638.0,366.0,272.0,3600.0,1,weekday,valid,0.258819045102521,-0.9659258262890682,0.49999999999999994,-0.8660254037844387,True,329.76263550449045,0.03557180647436553,special_case
2025-10-04 14:00:00,2025-10-04,14,2025,10,4,Saturday,True,fall,2077,197587,95.1309581126625,0.1053558771818858,218.82415690677692,330.18715287073155,50.22474281487138,True,,False,False,True,True,134540.0,131055.0,316720.0,400504.0,0.0,0.0,0.0,0.0,15.0,14.0,1.0,9.0,4,52.0,22,0,True,True,False,True,부분적으로 흐림,23.2,74,18.2,25.3,0.0,0.0,0.0,0.0,2,1013.4,1009.6,73,73,0,0,6.5,95,16.6,266.0,19.0,247.0,0.0,1,offday,test,-0.4999999999999998,-0.8660254037844388,-0.8660254037844386,0.5000000000000001,True,329.7982073109648,0.3889455597667393,special_case
2024-07-14 15:00:00,2024-07-14,15,2024,7,14,Sunday,True,summer,2185,224403,102.70160183066362,0.0935275965658001,204.35779849627332,330.30485623600373,50.20491948189169,True,,False,False,True,True,137479.0,136548.0,325294.0,385923.0,395.0,11412.0,1234771.72,389.0,0.0,0.0,0.0,0.0,4,52.0,22,0,True,True,True,False,대체로 맑음,30.6,60,22.0,34.8,0.0,0.0,0.0,0.0,1,1008.5,1004.8,28,10,15,10,11.2,111,25.2,702.0,481.0,221.0,3600.0,1,offday,valid,-0.7071067811865471,-0.7071067811865479,-0.4999999999999998,-0.8660254037844388,True,330.18715287073155,0.11770336527217751,special_case
2025-08-30 19:00:00,2025-08-30,19,2025,8,30,Saturday,True,summer,2228,209123,93.8613105924596,0.0912420622822565,203.2873147648677,330.3577125004356,-26.539253873856524,True,,False,False,True,True,159464.0,167448.0,458192.0,454471.0,0.0,0.0,0.0,0.0,13.0,13.0,0.0,6.0,4,52.0,22,0,True,True,False,True,맑음,27.5,84,24.5,33.5,0.0,0.0,0.0,0.0,0,1012.4,1008.6,1,0,1,0,3.1,220,11.9,55.0,25.0,30.0,3600.0,1,offday,test,-0.9659258262890684,0.2588190451025203,-0.8660254037844384,-0.5000000000000004,True,330.30485623600373,0.05285626443185265,special_case
2025-07-13 17:00:00,2025-07-13,17,2025,7,13,Sunday,True,summer,1930,191198,99.06632124352332,0.1047704649595659,202.20699737196236,330.37505226198493,15.998280835933144,True,,False,False,True,True,194675.0,190093.0,545836.0,535281.0,0.0,0.0,0.0,0.0,11.0,10.0,1.0,5.0,4,52.0,22,0,True,True,False,True,흐림,26.7,69,20.5,30.1,0.0,0.0,0.0,0.0,3,999.8,996.0,100,0,29,100,4.6,193,16.6,81.0,0.0,81.0,0.0,1,offday,test,-0.9659258262890683,-0.25881904510252063,-0.4999999999999998,-0.8660254037844388,True,330.3577125004356,0.01733976154935135,special_case
2025-05-17 16:00:00,2025-05-17,16,2025,5,17,Saturday,True,spring,2229,180371,80.9201435621355,0.1106643479569391,246.67083159601736,330.38366918081203,14.299911487761053,True,,False,False,True,True,160972.0,163661.0,434271.0,467528.0,0.0,0.0,0.0,0.0,8.0,6.0,2.0,4.0,4,52.0,22,0,True,True,False,True,흐림,19.4,80,15.8,19.0,0.0,0.0,0.0,0.0,3,1003.8,999.9,100,100,99,0,15.8,222,39.6,256.0,18.0,238.0,0.0,1,offday,test,-0.8660254037844384,-0.5000000000000004,0.49999999999999994,-0.8660254037844387,True,330.37505226198493,0.008616918827101472,special_case
2022-09-11 13:00:00,2022-09-11,13,2022,9,11,Sunday,True,fall,2753,229018,83.18852161278605,0.0915726254037753,252.09943773659364,330.6347508374893,68.83774827972024,True,추석,True,False,True,True,,,222483.0,326414.0,0.0,0.0,0.0,0.0,0.0,0.0,0.0,0.0,4,52.0,22,0,False,True,False,False,흐림,23.6,67,17.1,25.6,0.0,0.0,0.0,0.0,3,1015.5,1011.7,100,0,100,100,4.0,95,16.2,166.0,0.0,166.0,0.0,1,offday,train,-0.2588190451025208,-0.9659258262890683,-1.0,-1.8369701987210297e-16,True,330.38366918081203,0.251081656677286,special_case
2022-10-16 17:00:00,2022-10-16,17,2022,10,16,Sunday,True,fall,2229,189458,84.99685957828623,0.1019646238147499,227.2791464830775,330.6608039026477,-21.935306189677135,True,,False,False,True,True,,,504403.0,483441.0,0.0,0.0,0.0,0.0,0.0,0.0,0.0,0.0,4,52.0,22,0,False,True,False,False,맑음,16.4,73,11.6,16.6,0.0,0.0,0.0,0.0,0,1017.5,1013.5,13,0,13,0,2.2,279,10.1,178.0,92.0,86.0,3600.0,1,offday,train,-0.9659258262890683,-0.25881904510252063,-0.8660254037844386,0.5000000000000001,True,330.6347508374893,0.02605306515835082,special_case
2024-09-29 18:00:00,2024-09-29,18,2024,9,29,Sunday,True,fall,3998,230363,57.61955977988995,0.0862061061335171,344.6520123218016,330.9782871205902,-60.50299014336366,True,,False,False,True,True,209964.0,204962.0,616716.0,626970.0,1232.0,41895.0,4948490.65,1197.0,0.0,0.0,0.0,0.0,4,52.0,22,0,True,True,True,False,맑음,23.9,68,17.7,25.4,0.0,0.0,0.0,0.0,0,1018.6,1014.7,14,10,5,0,8.2,36,13.7,80.0,36.0,44.0,3600.0,1,offday,valid,-1.0,-1.8369701987210297e-16,-1.0,-1.8369701987210297e-16,True,330.6608039026477,0.317483217942538,special_case
2024-06-23 14:00:00,2024-06-23,14,2024,6,23,Sunday,True,summer,2575,265375,103.05825242718448,0.0809922881834863,208.5551420724772,331.11001053051655,65.47765090282064,True,,False,False,True,True,120402.0,116099.0,282830.0,361605.0,495.0,16638.0,1859843.95,461.0,0.0,0.0,0.0,0.0,4,52.0,22,0,True,True,True,False,맑음,28.5,63,20.9,31.8,0.0,0.0,0.0,0.0,0,998.1,994.4,10,8,2,0,16.1,241,33.1,818.0,568.0,250.0,3600.0,1,offday,valid,-0.4999999999999998,-0.8660254037844388,1.2246467991473532e-16,-1.0,True,330.9782871205902,0.13172340992633735,special_case
2024-10-09 10:00:00,2024-10-09,10,2024,10,9,Wednesday,False,fall,3382,372716,110.20579538734476,0.0630383817289576,213.19580700733465,331.27126458601003,119.9692500327414,False,한글날,True,False,True,False,123410.0,114950.0,224680.0,341541.0,534.0,18092.0,1874364.94,454.0,0.0,0.0,0.0,0.0,4,52.0,22,0,True,True,True,False,맑음,18.3,71,13.0,17.8,0.0,0.0,0.0,0.0,0,1018.7,1014.8,4,0,0,4,10.1,85,22.0,449.0,331.0,118.0,3600.0,1,offday,valid,0.49999999999999994,-0.8660254037844387,-0.8660254037844386,0.5000000000000001,True,331.11001053051655,0.1612540554934867,special_case
2022-09-02 15:00:00,2022-09-02,15,2022,9,2,Friday,False,fall,2765,171122,61.88860759493671,0.1159356419712001,320.56205005036844,331.317727821896,-20.838761166646236,False,,False,False,False,False,,,278702.0,322443.0,0.0,0.0,0.0,0.0,0.0,0.0,0.0,0.0,4,52.0,22,0,False,True,False,False,부분적으로 흐림,28.1,52,17.2,28.9,0.0,0.0,0.0,0.0,2,1014.5,1010.7,53,0,31,32,12.5,108,28.8,484.0,226.0,258.0,3600.0,1,weekday,train,-0.7071067811865471,-0.7071067811865479,-1.0,-1.8369701987210297e-16,True,331.27126458601003,0.046463235885994436,special_case
2024-08-03 16:00:00,2024-08-03,16,2024,8,3,Saturday,True,summer,2193,200959,91.63657090743274,0.1019931999973653,223.6710875942222,331.81860629653295,33.05985432969828,True,,False,False,True,True,156726.0,156151.0,394300.0,429929.0,355.0,7789.0,820275.32,337.0,0.0,0.0,0.0,0.0,4,52.0,22,0,True,True,True,False,맑음,31.9,66,24.9,37.6,0.0,0.0,0.0,0.0,0,1006.3,1002.6,2,2,1,0,10.1,272,23.0,639.0,503.0,136.0,3600.0,1,offday,valid,-0.8660254037844384,-0.5000000000000004,-0.8660254037844384,-0.5000000000000004,True,331.317727821896,0.5008784746369201,special_case
2025-08-02 16:00:00,2025-08-02,16,2025,8,2,Saturday,True,summer,2074,201646,97.22565091610414,0.1019931999973653,211.53389679453576,331.88209046885515,33.68767849981492,True,,False,False,True,True,158565.0,159279.0,412716.0,443693.0,0.0,0.0,0.0,0.0,19.0,18.0,1.0,12.0,4,52.0,22,0,True,True,False,True,맑음,35.5,38,19.1,38.1,0.0,0.0,0.0,0.0,0,1001.4,997.8,9,0,6,3,8.6,268,25.9,621.0,478.0,143.0,3600.0,1,offday,test,-0.8660254037844384,-0.5000000000000004,-0.8660254037844384,-0.5000000000000004,True,331.81860629653295,0.06348417232220527,special_case
2023-08-27 17:00:00,2023-08-27,17,2023,8,27,Sunday,True,summer,1999,192125,96.11055527763882,0.1047704649595659,209.4361594541724,332.14247848433604,15.73657905456463,True,,False,False,True,True,180545.0,173649.0,493091.0,488786.0,0.0,0.0,0.0,0.0,0.0,0.0,0.0,0.0,4,52.0,22,0,True,True,False,False,흐림,26.0,82,22.7,30.4,0.0,0.0,0.0,0.0,3,1008.0,1004.2,100,0,99,100,6.6,9,13.3,71.0,0.0,71.0,0.0,1,offday,train,-0.9659258262890683,-0.25881904510252063,-0.8660254037844384,-0.5000000000000004,True,331.88209046885515,0.26038801548088486,special_case
2022-05-29 20:00:00,2022-05-29,20,2022,5,29,Sunday,True,spring,3060,308203,100.71993464052288,0.0570144493127863,174.4642148971262,332.5228896660044,-94.3146146293244,True,,False,False,True,True,,,352619.0,240426.0,0.0,0.0,0.0,0.0,0.0,0.0,0.0,0.0,4,52.0,22,0,False,True,False,False,부분적으로 흐림,19.9,72,14.7,20.4,0.0,0.0,0.0,0.0,2,1003.2,999.3,59,0,0,59,6.8,295,14.8,17.0,3.0,14.0,0.0,1,offday,train,-0.8660254037844386,0.5000000000000001,0.49999999999999994,-0.8660254037844387,True,332.14247848433604,0.3804111816683644,special_case
2024-05-19 12:00:00,2024-05-19,12,2024,5,19,Sunday,True,spring,3297,340677,103.32939035486808,0.0657770680274524,216.86699328651068,332.6426722527649,92.88702931925764,True,,False,False,True,True,127195.0,117440.0,269436.0,392811.0,697.0,26476.0,2918256.24,674.0,0.0,0.0,0.0,0.0,4,52.0,22,0,True,True,True,False,맑음,23.9,52,13.6,26.5,0.0,0.0,0.0,0.0,0,1015.7,1011.9,4,0,4,0,3.6,217,15.1,849.0,651.0,198.0,3600.0,1,offday,valid,1.2246467991473532e-16,-1.0,0.49999999999999994,-0.8660254037844387,True,332.5228896660044,0.11978258676049336,special_case
2023-10-28 14:00:00,2023-10-28,14,2023,10,28,Saturday,True,fall,2323,196979,84.79509255273354,0.1053558771818858,244.74170269352084,332.6498968707218,49.066769211633414,True,,False,False,True,True,128103.0,125637.0,300223.0,395149.0,0.0,0.0,0.0,0.0,0.0,0.0,0.0,0.0,4,52.0,22,0,True,True,False,False,맑음,17.9,47,6.5,16.7,0.0,0.0,0.0,0.0,0,1018.0,1014.1,0,0,0,0,2.6,286,11.5,562.0,440.0,122.0,3600.0,1,offday,train,-0.4999999999999998,-0.8660254037844388,-0.8660254037844386,0.5000000000000001,True,332.6426722527649,0.007224617956921975,special_case
2022-05-08 16:00:00,2022-05-08,16,2022,5,8,Sunday,True,spring,2071,181899,87.83148237566392,0.1106643479569391,229.18586461882097,332.66046832772656,15.656427926977983,True,부처님오신날,True,False,True,True,,,354655.0,373146.0,0.0,0.0,0.0,0.0,0.0,0.0,0.0,0.0,4,52.0,22,0,False,True,False,False,흐림,17.6,37,2.5,14.2,0.0,0.0,0.0,0.0,3,1018.4,1014.5,100,20,100,100,11.9,29,21.6,147.0,0.0,147.0,0.0,1,offday,train,-0.8660254037844384,-0.5000000000000004,0.49999999999999994,-0.8660254037844387,True,332.6498968707218,0.010571457004743934,special_case
2023-05-20 13:00:00,2023-05-20,13,2023,5,20,Saturday,True,spring,2871,258545,90.05398815743644,0.0829554972469645,238.1652325960353,332.75813784184754,73.98417438980778,True,,False,False,True,True,122764.0,116539.0,259824.0,381217.0,629.0,19769.0,2176721.45,604.0,0.0,0.0,0.0,0.0,4,52.0,22,0,True,True,True,False,부분적으로 흐림,24.3,58,15.4,24.3,0.0,0.0,0.0,0.0,2,1010.7,1006.9,51,0,0,51,20.0,244,38.5,761.0,455.0,306.0,3600.0,1,offday,train,-0.2588190451025208,-0.9659258262890683,0.49999999999999994,-0.8660254037844387,True,332.66046832772656,0.09766951412098024,special_case
2024-09-01 14:00:00,2024-09-01,14,2024,9,1,Sunday,True,fall,2183,198453,90.90838295923042,0.1053558771818858,229.9918798880568,332.9698757858725,50.0596416214961,True,,False,False,True,True,123791.0,120526.0,276892.0,362326.0,395.0,11221.0,1234825.77,372.0,0.0,0.0,0.0,0.0,4,52.0,22,0,True,True,True,False,대체로 맑음,28.4,56,18.8,31.2,0.0,0.0,0.0,0.0,1,1007.3,1003.5,41,0,0,40,12.8,230,26.6,806.0,646.0,160.0,3600.0,1,offday,valid,-0.4999999999999998,-0.8660254037844388,-1.0,-1.8369701987210297e-16,True,332.75813784184754,0.2117379440249465,special_case
2025-03-22 17:00:00,2025-03-22,17,2025,3,22,Saturday,True,spring,2345,186919,79.7095948827292,0.1056648495856345,247.78407227831295,333.0306639153424,-9.45043957368398,True,,False,False,True,True,187761.0,184245.0,547784.0,544089.0,0.0,0.0,0.0,0.0,0.0,0.0,0.0,0.0,4,52.0,22,0,True,True,False,False,맑음,13.4,55,4.4,10.0,0.0,0.0,0.0,0.0,0,1008.2,1004.2,0,0,0,0,13.6,220,33.5,363.0,259.0,104.0,3600.0,1,offday,test,-0.9659258262890683,-0.25881904510252063,1.0,6.123233995736766e-17,True,332.9698757858725,0.060788129469926844,special_case
2022-04-16 13:00:00,2022-04-16,13,2022,4,16,Saturday,True,spring,3208,253615,79.05704488778055,0.0829554972469645,266.1212351682624,333.1425860659008,72.5840793529473,True,,False,False,True,True,,,206340.0,299990.0,0.0,0.0,0.0,0.0,0.0,0.0,0.0,0.0,4,52.0,22,0,False,True,False,False,맑음,16.8,36,1.5,14.4,0.0,0.0,0.0,0.0,0,1018.1,1014.2,0,0,0,0,14.8,267,31.3,861.0,666.0,195.0,3600.0,1,offday,train,-0.2588190451025208,-0.9659258262890683,0.8660254037844387,-0.49999999999999983,True,333.0306639153424,0.11192215055837096,special_case
2024-11-09 16:00:00,2024-11-09,16,2024,11,9,Saturday,True,fall,2104,179016,85.08365019011407,0.1113266708276356,234.23131542134544,333.1652031435482,3.844674066045627,True,,False,False,True,True,168730.0,167255.0,438997.0,452770.0,0.0,0.0,0.0,0.0,0.0,0.0,0.0,0.0,4,52.0,22,0,True,True,False,False,흐림,16.5,57,8.1,15.8,0.0,0.0,0.0,0.0,3,1026.1,1022.1,99,0,0,99,1.6,6,11.5,243.0,134.0,109.0,3600.0,1,offday,valid,-0.8660254037844384,-0.5000000000000004,-0.5000000000000004,0.8660254037844384,True,333.1425860659008,0.0226170776473964,special_case
2025-07-26 18:00:00,2025-07-26,18,2025,7,26,Saturday,True,summer,2431,195981,80.61744138214726,0.1010593940343581,245.67538689752453,333.19539480149797,-6.701625133006075,True,,False,False,True,True,239169.0,231250.0,702804.0,702349.0,0.0,0.0,0.0,0.0,20.0,18.0,2.0,12.0,4,52.0,22,0,True,True,False,True,흐림,34.6,51,23.0,39.5,0.0,0.0,0.0,0.0,3,1005.2,1001.5,100,43,17,100,4.3,242,10.8,277.0,132.0,145.0,3600.0,1,offday,test,-1.0,-1.8369701987210297e-16,-0.4999999999999998,-0.8660254037844388,True,333.1652031435482,0.030191657949785622,special_case
2025-10-25 18:00:00,2025-10-25,18,2025,10,25,Saturday,True,fall,2385,218198,91.48763102725368,0.0862061061335171,205.6015631284384,333.2238851157732,-49.30191477930168,True,,False,False,True,True,214109.0,206349.0,647618.0,648165.0,0.0,0.0,0.0,0.0,19.0,18.0,1.0,7.0,4,52.0,22,0,True,True,False,True,흐림,13.2,62,6.1,11.2,0.0,0.0,0.0,0.0,3,1020.6,1016.6,91,0,30,88,7.0,337,15.5,18.0,4.0,14.0,66.48,1,offday,test,-1.0,-1.8369701987210297e-16,-0.8660254037844386,0.5000000000000001,True,333.19539480149797,0.02849031427524551,special_case
2024-07-13 19:00:00,2024-07-13,19,2024,7,13,Saturday,True,summer,2318,211380,91.190681622088,0.0912420622822565,211.49910037027075,333.27567018167224,-27.228415466246815,True,,False,False,True,True,166302.0,176288.0,462994.0,484594.0,607.0,18920.0,2351135.36,566.0,0.0,0.0,0.0,0.0,4,52.0,22,0,True,True,True,False,대체로 맑음,26.5,85,23.7,31.1,0.0,0.0,0.0,0.0,1,1006.4,1002.6,36,16,14,15,8.8,325,19.4,133.0,57.0,76.0,3600.0,1,offday,valid,-0.9659258262890684,0.2588190451025203,-0.4999999999999998,-0.8660254037844388,True,333.2238851157732,0.05178506589902554,special_case
2024-10-19 18:00:00,2024-10-19,18,2024,10,19,Saturday,True,fall,2506,219359,87.53351955307262,0.0862061061335171,216.03250197059396,333.2901199471594,-50.257043339871075,True,,False,False,True,True,233692.0,220077.0,692280.0,672491.0,652.0,18280.0,2108017.9,786.0,0.0,0.0,0.0,0.0,4,52.0,22,0,True,True,True,False,흐림,15.5,60,7.8,11.9,0.0,0.0,0.0,0.0,3,1023.7,1019.7,100,100,31,30,20.6,74,35.3,19.0,4.0,15.0,0.0,1,offday,valid,-1.0,-1.8369701987210297e-16,-0.8660254037844386,0.5000000000000001,True,333.27567018167224,0.01444976548714294,special_case
2022-08-06 16:00:00,2022-08-06,16,2022,8,6,Saturday,True,summer,2176,202004,92.83272058823528,0.1019931999973653,221.937203194267,333.3036300117174,33.347362601519706,True,,False,False,True,True,,,329289.0,353510.0,0.0,0.0,0.0,0.0,0.0,0.0,0.0,0.0,4,52.0,22,0,False,True,False,False,대체로 맑음,30.1,78,26.0,35.8,0.0,0.0,0.0,0.0,1,1004.5,1000.8,22,13,3,7,12.0,231,24.1,551.0,348.0,203.0,3600.0,1,offday,train,-0.8660254037844384,-0.5000000000000004,-0.8660254037844384,-0.5000000000000004,True,333.2901199471594,0.013510064558033719,special_case
2025-04-06 16:00:00,2025-04-06,16,2025,4,6,Sunday,True,spring,2417,181728,75.18742242449318,0.1106643479569391,267.4757290119219,333.3746126314592,13.211596855118898,True,,False,False,True,True,157584.0,162114.0,405239.0,426517.0,0.0,0.0,0.0,0.0,1.0,1.0,0.0,0.0,4,52.0,22,0,True,True,False,True,맑음,12.2,54,3.2,8.5,0.0,0.0,0.0,0.0,0,1014.5,1010.5,2,0,2,0,16.0,239,38.2,576.0,426.0,150.0,3600.0,1,offday,test,-0.8660254037844384,-0.5000000000000004,0.8660254037844387,-0.49999999999999983,True,333.3036300117174,0.07098261974175557,special_case
2025-10-12 14:00:00,2025-10-12,14,2025,10,12,Sunday,True,fall,1965,200707,102.1409669211196,0.1053558771818858,207.0242986624057,333.4052051925795,51.59348288173203,True,,False,False,True,True,134540.0,131055.0,316720.0,400504.0,0.0,0.0,0.0,0.0,14.0,13.0,1.0,7.0,4,52.0,22,0,True,True,False,True,부분적으로 흐림,22.0,71,16.4,22.6,0.0,0.0,0.0,0.0,2,1013.5,1009.6,75,63,46,0,10.9,81,27.7,311.0,73.0,238.0,1484.53,1,offday,test,-0.4999999999999998,-0.8660254037844388,-0.8660254037844386,0.5000000000000001,True,333.3746126314592,0.030592561120329265,special_case
2024-04-07 12:00:00,2024-04-07,12,2024,4,7,Sunday,True,spring,3221,343484,106.63893200869296,0.0657770680274524,211.8679361164243,333.61405704173114,93.45752442787771,True,,False,False,True,True,118947.0,113763.0,254785.0,361161.0,753.0,30601.0,3212160.53,578.0,0.0,0.0,0.0,0.0,4,52.0,22,0,True,True,True,False,맑음,18.1,27,-0.9,16.8,0.0,0.0,0.0,0.0,0,1018.7,1014.8,2,0,0,2,4.6,219,17.6,800.0,631.0,169.0,3600.0,1,offday,valid,1.2246467991473532e-16,-1.0,0.8660254037844387,-0.49999999999999983,True,333.4052051925795,0.20885184915164245,special_case
2024-11-10 17:00:00,2024-11-10,17,2024,11,10,Sunday,True,fall,2253,191212,84.8699511762095,0.1019646238147499,229.72629745463155,333.69056445153296,-22.1660101294828,True,,False,False,True,True,195517.0,188589.0,559854.0,542098.0,0.0,0.0,0.0,0.0,0.0,0.0,0.0,0.0,4,52.0,22,0,True,True,False,False,맑음,13.9,80,10.4,12.9,0.0,0.0,0.0,0.0,0,1020.9,1016.9,0,0,0,0,8.0,312,9.0,98.0,47.0,51.0,3600.0,1,offday,valid,-0.9659258262890683,-0.25881904510252063,-0.5000000000000004,0.8660254037844384,True,333.61405704173114,0.07650740980182036,special_case
2024-11-03 13:00:00,2024-11-03,13,2024,11,3,Sunday,True,fall,2554,234502,91.8175411119812,0.0915726254037753,233.87648528124237,333.84729597714426,70.74818744176395,True,,False,False,True,True,131400.0,127665.0,282040.0,415237.0,0.0,0.0,0.0,0.0,0.0,0.0,0.0,0.0,4,52.0,22,0,True,True,False,False,맑음,20.8,57,11.9,19.9,0.0,0.0,0.0,0.0,0,1021.6,1017.7,0,0,0,0,10.8,178,22.7,566.0,442.0,124.0,3600.0,1,offday,valid,-0.2588190451025208,-0.9659258262890683,-0.5000000000000004,0.8660254037844384,True,333.69056445153296,0.156731525611292,special_case
2025-09-21 21:00:00,2025-09-21,21,2025,9,21,Sunday,True,fall,4673,514104,110.01583565161566,0.0314479356316109,146.95620320651776,333.85238395479405,-151.74725491835687,True,,False,False,True,True,118719.0,112215.0,457839.0,243338.0,0.0,0.0,0.0,0.0,17.0,16.0,1.0,8.0,4,52.0,22,0,True,True,False,True,흐림,19.5,70,13.9,19.3,0.0,0.0,0.0,0.0,3,1019.6,1015.7,100,0,0,100,10.0,83,19.1,0.0,0.0,0.0,0.0,1,offday,test,-0.7071067811865477,0.7071067811865474,-1.0,-1.8369701987210297e-16,True,333.84729597714426,0.005087977649793629,special_case
2024-06-15 22:00:00,2024-06-15,22,2024,6,15,Saturday,True,summer,4097,398638,97.29997559189653,0.0439929755599608,180.23922086915977,333.8879757939711,-109.09414576494754,True,,False,False,True,True,97658.0,100907.0,420825.0,213897.0,560.0,16393.0,2055584.55,688.0,0.0,0.0,0.0,0.0,4,52.0,22,0,True,True,True,False,맑음,21.1,85,18.5,23.1,0.0,0.0,0.0,0.0,0,1004.1,1000.3,9,0,9,0,8.1,249,14.8,0.0,0.0,0.0,0.0,1,offday,valid,-0.5000000000000004,0.8660254037844384,1.2246467991473532e-16,-1.0,True,333.85238395479405,0.03559183917707287,special_case
2025-05-05 16:00:00,2025-05-05,16,2025,5,5,Monday,False,spring,2012,182910,90.90954274353876,0.1055049249323951,212.27590896397905,333.9402396712651,-26.08593776176133,False,부처님오신날 / 어린이날,True,False,True,True,160972.0,163661.0,434271.0,467528.0,0.0,0.0,0.0,0.0,7.0,5.0,2.0,3.0,4,52.0,22,0,True,True,False,True,흐림,13.8,46,2.2,10.6,0.0,0.0,0.0,0.0,3,1010.2,1006.2,100,0,100,100,9.8,58,22.0,229.0,11.0,218.0,0.0,1,offday,test,-0.8660254037844384,-0.5000000000000004,0.49999999999999994,-0.8660254037844387,True,333.8879757939711,0.0522638772939672,special_case
2025-08-16 21:00:00,2025-08-16,21,2025,8,16,Saturday,True,summer,2622,294606,112.35926773455378,0.0603261742431433,158.17522886552186,334.0978218422524,-76.26793077224602,True,,False,False,True,True,108142.0,106655.0,453618.0,236599.0,0.0,0.0,0.0,0.0,14.0,13.0,1.0,8.0,4,52.0,22,0,True,True,False,True,흐림,25.5,93,24.3,31.2,0.0,0.0,0.0,0.0,3,1013.5,1009.7,91,9,0,90,4.7,227,11.5,0.0,0.0,0.0,0.0,1,offday,test,-0.7071067811865477,0.7071067811865474,-0.8660254037844384,-0.5000000000000004,True,333.9402396712651,0.1575821709873253,special_case
2025-06-07 14:00:00,2025-06-07,14,2025,6,7,Saturday,True,summer,2609,267631,102.5799156765044,0.0809922881834863,211.30887987071577,334.1025023453227,66.030449136799,True,,False,False,True,True,124546.0,121399.0,291512.0,373818.0,0.0,0.0,0.0,0.0,11.0,10.0,1.0,3.0,4,52.0,22,0,True,True,False,True,약한 이슬비,27.0,51,16.0,26.3,0.2,0.2,0.0,0.0,51,1007.5,1003.7,100,29,40,99,18.4,230,43.2,543.0,237.0,306.0,3600.0,1,offday,test,-0.4999999999999998,-0.8660254037844388,1.2246467991473532e-16,-1.0,True,334.0978218422524,0.0046805030702898875,special_case
2022-04-30 18:00:00,2022-04-30,18,2022,4,30,Saturday,True,spring,2571,207659,80.76973940101128,0.093388398805632,240.10157332928003,334.14152837966833,-36.012225180874566,True,,False,False,True,True,,,587875.0,562370.0,0.0,0.0,0.0,0.0,0.0,0.0,0.0,0.0,4,52.0,22,0,False,True,False,False,흐림,12.0,72,7.1,9.1,0.0,0.0,0.0,0.0,3,1015.2,1011.2,100,1,80,100,14.9,262,26.6,80.0,0.0,80.0,0.0,1,offday,train,-1.0,-1.8369701987210297e-16,0.8660254037844387,-0.49999999999999983,True,334.1025023453227,0.039026034345624794,special_case
2025-08-31 18:00:00,2025-08-31,18,2025,8,31,Sunday,True,summer,1996,195625,98.00851703406812,0.1010593940343581,201.71455049257875,334.18807256186994,-3.8956774607590887,True,,False,False,True,True,222817.0,219460.0,654017.0,657481.0,0.0,0.0,0.0,0.0,14.0,13.0,1.0,7.0,4,52.0,22,0,True,True,False,True,보통 이슬비,28.1,80,24.4,32.9,0.7,0.7,0.0,0.0,53,1007.6,1003.8,46,10,11,33,10.7,189,26.6,204.0,126.0,78.0,3600.0,1,offday,test,-1.0,-1.8369701987210297e-16,-0.8660254037844384,-0.5000000000000004,True,334.14152837966833,0.0465441822016146,special_case
2025-06-14 18:00:00,2025-06-14,18,2025,6,14,Saturday,True,summer,2350,196471,83.60468085106383,0.1010593940343581,237.4895759807415,334.3516170102763,-6.153388928934646,True,,False,False,True,True,207660.0,202811.0,622823.0,627356.0,0.0,0.0,0.0,0.0,12.0,12.0,0.0,3.0,4,52.0,22,0,True,True,False,True,맑음,30.2,46,17.4,31.6,0.0,0.0,0.0,0.0,0,998.1,994.4,4,4,0,0,9.0,237,20.5,296.0,167.0,129.0,3600.0,1,offday,test,-1.0,-1.8369701987210297e-16,1.2246467991473532e-16,-1.0,True,334.18807256186994,0.1635444484063555,special_case
2023-10-22 13:00:00,2023-10-22,13,2023,10,22,Sunday,True,fall,2336,238091,101.92251712328768,0.0915726254037753,213.91365294321932,334.3911388808085,72.08529260530725,True,,False,False,True,True,128155.0,126336.0,273010.0,420242.0,0.0,0.0,0.0,0.0,0.0,0.0,0.0,0.0,4,52.0,22,0,True,True,False,False,흐림,15.9,53,6.4,14.6,0.0,0.0,0.0,0.0,3,1022.8,1018.8,100,0,0,100,6.8,205,18.0,635.0,503.0,132.0,3600.0,1,offday,train,-0.2588190451025208,-0.9659258262890683,-0.8660254037844386,0.5000000000000001,True,334.3516170102763,0.03952187053221223,special_case
2024-05-04 13:00:00,2024-05-04,13,2024,5,4,Saturday,True,spring,4896,241877,49.40298202614379,0.0829554972469645,406.15011452113856,334.4171134600675,69.25111540546561,True,,False,False,True,True,129171.0,124826.0,291672.0,434999.0,745.0,23048.0,2444346.31,717.0,0.0,0.0,0.0,0.0,4,52.0,22,0,True,True,True,False,맑음,26.4,28,6.2,26.1,0.0,0.0,0.0,0.0,0,1016.1,1012.3,4,0,0,4,9.0,233,24.8,897.0,708.0,189.0,3600.0,1,offday,valid,-0.2588190451025208,-0.9659258262890683,0.49999999999999994,-0.8660254037844387,True,334.3911388808085,0.025974579259013808,special_case
2023-05-01 12:00:00,2023-05-01,12,2023,5,1,Monday,False,spring,2500,223690,89.476,0.096293809375837,240.73452343959255,334.4326816413753,75.72788900012358,False,,False,False,False,False,118937.0,111204.0,240041.0,344089.0,714.0,22928.0,2608678.43,631.0,0.0,0.0,0.0,0.0,4,52.0,22,0,True,True,True,False,맑음,16.8,44,4.3,14.3,0.0,0.0,0.0,0.0,0,1018.7,1014.7,16,7,15,0,14.1,266,29.5,729.0,423.0,306.0,3600.0,1,weekday,train,1.2246467991473532e-16,-1.0,0.49999999999999994,-0.8660254037844387,True,334.4171134600675,0.015568181307799023,special_case
2024-04-13 12:00:00,2024-04-13,12,2024,4,13,Saturday,True,spring,3291,343106,104.25584928593132,0.0657770680274524,216.47233087834596,334.5083006853491,93.49357692558397,True,,False,False,True,True,118947.0,113763.0,254785.0,361161.0,732.0,22358.0,2522588.24,644.0,0.0,0.0,0.0,0.0,4,52.0,22,0,True,True,True,False,맑음,23.9,29,5.0,24.2,0.0,0.0,0.0,0.0,0,1018.2,1014.3,0,0,0,0,1.5,284,14.4,811.0,638.0,173.0,3600.0,1,offday,valid,1.2246467991473532e-16,-1.0,0.8660254037844387,-0.49999999999999983,True,334.4326816413753,0.07561904397380204,special_case
2023-09-14 14:00:00,2023-09-14,14,2023,9,14,Thursday,False,fall,2023,163654,80.8966880869995,0.1235811310401487,250.00462809422083,334.63893815202266,16.586426978208806,False,,False,False,False,False,114872.0,111185.0,261221.0,333016.0,0.0,0.0,0.0,0.0,0.0,0.0,0.0,0.0,4,52.0,22,0,True,True,False,False,흐림,26.6,62,18.9,27.9,0.0,0.0,0.0,0.0,3,1013.2,1009.4,100,8,21,100,16.2,86,32.0,618.0,353.0,265.0,3600.0,1,weekday,train,-0.4999999999999998,-0.8660254037844388,-1.0,-1.8369701987210297e-16,True,334.5083006853491,0.1306374666735337,special_case
2022-05-15 12:00:00,2022-05-15,12,2022,5,15,Sunday,True,spring,3542,338077,95.44805194805195,0.0657770680274524,232.98237495323653,334.73760517622856,92.68837475000925,True,,False,False,True,True,,,213834.0,325207.0,0.0,0.0,0.0,0.0,0.0,0.0,0.0,0.0,4,52.0,22,0,False,True,False,False,대체로 맑음,20.1,23,-1.6,17.7,0.0,0.0,0.0,0.0,1,1015.0,1011.1,28,0,0,28,13.2,313,30.2,887.0,676.0,211.0,3600.0,1,offday,train,1.2246467991473532e-16,-1.0,0.49999999999999994,-0.8660254037844387,True,334.63893815202266,0.0986670242058949,special_case
2023-03-19 16:00:00,2023-03-19,16,2023,3,19,Sunday,True,spring,2044,183113,89.58561643835617,0.1106643479569391,226.1979272239836,334.76018038744326,16.046025805941838,True,,False,False,True,True,157768.0,160886.0,394615.0,414692.0,848.0,31706.0,3562522.0,837.0,0.0,0.0,0.0,0.0,4,52.0,22,0,True,True,True,False,맑음,11.6,41,-1.3,7.3,0.0,0.0,0.0,0.0,0,1019.8,1015.8,0,0,0,0,14.2,249,29.5,523.0,364.0,159.0,3600.0,1,offday,train,-0.8660254037844384,-0.5000000000000004,1.0,6.123233995736766e-17,True,334.73760517622856,0.02257521121470063,special_case
2023-09-10 11:00:00,2023-09-10,11,2023,9,10,Sunday,True,fall,3847,425511,110.60852612425266,0.0550655360577097,211.83711721400937,334.79285825546896,111.29404383177092,True,,False,False,True,True,102184.0,95020.0,197610.0,287652.0,0.0,0.0,0.0,0.0,0.0,0.0,0.0,0.0,4,52.0,22,0,True,True,False,False,흐림,26.5,71,20.9,30.5,0.0,0.0,0.0,0.0,3,1011.6,1007.8,100,6,91,100,3.1,225,12.2,580.0,330.0,250.0,3600.0,1,offday,train,0.258819045102521,-0.9659258262890682,-1.0,-1.8369701987210297e-16,True,334.76018038744326,0.03267786802570072,special_case
2025-10-08 18:00:00,2025-10-08,18,2025,10,8,Wednesday,False,fall,3158,318894,100.97973400886636,0.0537318129043256,169.6850651518604,335.0774826507446,-120.57254176251077,False,대체공휴일,True,True,True,True,214109.0,206349.0,647618.0,648165.0,0.0,0.0,0.0,0.0,13.0,12.0,1.0,7.0,4,52.0,22,0,True,True,False,True,맑음,21.9,68,15.7,22.8,0.0,0.0,0.0,0.0,0,1016.1,1012.2,4,0,4,0,6.6,334,16.6,57.0,24.0,33.0,3600.0,1,offday,test,-1.0,-1.8369701987210297e-16,-0.8660254037844386,0.5000000000000001,True,334.79285825546896,0.28462439527567085,special_case
2022-05-21 11:00:00,2022-05-21,11,2022,5,21,Saturday,True,spring,7059,413591,58.59059356849412,0.0486258337916605,343.24976073533173,335.1867870621112,105.20767578380256,True,,False,False,True,True,,,179817.0,291051.0,0.0,0.0,0.0,0.0,0.0,0.0,0.0,0.0,4,52.0,22,0,False,True,False,False,부분적으로 흐림,21.6,56,12.4,20.7,0.0,0.0,0.0,0.0,2,1011.2,1007.3,72,65,20,0,12.1,243,27.0,564.0,264.0,300.0,3600.0,1,offday,train,0.258819045102521,-0.9659258262890682,0.49999999999999994,-0.8660254037844387,True,335.0774826507446,0.10930441136656555,special_case
2023-06-11 19:00:00,2023-06-11,19,2023,6,11,Sunday,True,summer,2376,212929,89.61658249158249,0.0912420622822565,216.7911399826416,335.3152816293707,-27.67838607525914,True,,False,False,True,True,154191.0,161742.0,411173.0,450584.0,889.0,29830.0,3598648.64,827.0,0.0,0.0,0.0,0.0,4,52.0,22,0,True,True,True,False,약한 이슬비,22.8,83,19.8,26.1,0.4,0.4,0.0,0.0,51,1004.8,1001.0,31,14,18,2,2.9,353,9.0,134.0,55.0,79.0,3600.0,1,offday,train,-0.9659258262890684,0.2588190451025203,1.2246467991473532e-16,-1.0,True,335.1867870621112,0.12849456725950859,special_case
2023-07-02 15:00:00,2023-07-02,15,2023,7,2,Sunday,True,summer,2178,228384,104.8595041322314,0.0935275965658001,203.70310532031272,335.59094739830186,51.193343573908635,True,,False,False,True,True,130983.0,128264.0,308704.0,371026.0,0.0,0.0,0.0,0.0,0.0,0.0,0.0,0.0,4,52.0,22,0,True,True,False,False,흐림,28.6,69,22.5,33.7,0.0,0.0,0.0,0.0,3,1007.8,1004.0,100,6,0,100,3.7,29,16.6,622.0,283.0,339.0,3600.0,1,offday,train,-0.7071067811865471,-0.7071067811865479,-0.4999999999999998,-0.8660254037844388,True,335.3152816293707,0.27566576893116235,special_case
2024-06-06 19:00:00,2024-06-06,19,2024,6,6,Thursday,False,summer,2869,276505,96.37678633670268,0.0654594220459456,187.80308184981808,335.6131745657341,-83.93979062516064,False,현충일,True,False,True,False,149204.0,159733.0,424734.0,459943.0,876.0,30336.0,3691874.77,885.0,0.0,0.0,0.0,0.0,4,52.0,22,0,True,True,True,False,맑음,25.0,48,13.4,24.9,0.0,0.0,0.0,0.0,0,1014.1,1010.3,12,0,12,0,8.7,275,24.5,110.0,40.0,70.0,3203.38,1,offday,valid,-0.9659258262890684,0.2588190451025203,1.2246467991473532e-16,-1.0,True,335.59094739830186,0.022227167432220085,special_case
2023-10-08 18:00:00,2023-10-08,18,2023,10,8,Sunday,True,fall,2403,219881,91.50270495214316,0.0862061061335171,207.1532730388417,335.8003394955147,-49.679656670043414,True,,False,False,True,True,226264.0,209395.0,676099.0,661603.0,0.0,0.0,0.0,0.0,0.0,0.0,0.0,0.0,4,52.0,22,0,True,True,False,False,대체로 맑음,16.6,75,12.2,16.2,0.0,0.0,0.0,0.0,1,1022.3,1018.3,39,0,39,0,7.6,85,16.9,52.0,18.0,34.0,3140.45,1,offday,train,-1.0,-1.8369701987210297e-16,-0.8660254037844386,0.5000000000000001,True,335.6131745657341,0.1871649297806357,special_case
2024-05-03 15:00:00,2024-05-03,15,2024,5,3,Friday,False,spring,2328,171110,73.5008591065292,0.1173799620909657,273.2605517477683,335.85658508399086,-0.8882685448330676,False,,False,False,False,False,139083.0,140387.0,352075.0,417775.0,623.0,18405.0,2125911.13,559.0,0.0,0.0,0.0,0.0,4,52.0,22,0,True,True,True,False,맑음,27.5,22,3.8,26.9,0.0,0.0,0.0,0.0,0,1016.3,1012.5,0,0,0,0,4.2,301,20.5,776.0,599.0,177.0,3600.0,1,weekday,valid,-0.7071067811865471,-0.7071067811865479,0.49999999999999994,-0.8660254037844387,True,335.8003394955147,0.0562455884761448,special_case
2023-10-21 15:00:00,2023-10-21,15,2023,10,21,Saturday,True,fall,2192,182448,83.23357664233576,0.1124759978651691,246.54738732045067,335.97345587243535,27.30652864701699,True,,False,False,True,True,143101.0,142544.0,352489.0,399129.0,0.0,0.0,0.0,0.0,0.0,0.0,0.0,0.0,4,52.0,22,0,True,True,False,False,맑음,15.2,43,2.9,11.1,0.0,0.0,0.0,0.0,0,1019.2,1015.2,0,0,0,0,17.4,310,33.8,495.0,372.0,123.0,3600.0,1,offday,train,-0.7071067811865471,-0.7071067811865479,-0.8660254037844386,0.5000000000000001,True,335.85658508399086,0.11687078844448706,special_case
2023-08-19 16:00:00,2023-08-19,16,2023,8,19,Saturday,True,summer,2195,203765,92.83143507972665,0.1019931999973653,223.87507399421693,336.20951143612336,33.63794950847637,True,,False,False,True,True,148198.0,149097.0,361345.0,391659.0,0.0,0.0,0.0,0.0,0.0,0.0,0.0,0.0,4,52.0,22,0,True,True,False,False,맑음,30.0,64,22.6,33.8,0.0,0.0,0.0,0.0,0,1008.7,1005.0,1,0,1,0,12.5,252,24.5,612.0,488.0,124.0,3600.0,1,offday,train,-0.8660254037844384,-0.5000000000000004,-0.8660254037844384,-0.5000000000000004,True,335.97345587243535,0.23605556368801217,special_case
2025-07-27 18:00:00,2025-07-27,18,2025,7,27,Sunday,True,summer,2209,197311,89.32141240380263,0.1010593940343581,223.24020142189704,336.3416645201645,-5.199651859339269,True,,False,False,True,True,239169.0,231250.0,702804.0,702349.0,0.0,0.0,0.0,0.0,19.0,17.0,2.0,12.0,4,52.0,22,0,True,True,False,True,맑음,33.8,58,24.5,38.9,0.0,0.0,0.0,0.0,0,1003.1,999.4,18,0,18,0,9.6,275,22.3,280.0,175.0,105.0,3600.0,1,offday,test,-1.0,-1.8369701987210297e-16,-0.4999999999999998,-0.8660254037844388,True,336.20951143612336,0.13215308404113557,special_case
2025-08-17 20:00:00,2025-08-17,20,2025,8,17,Sunday,True,summer,2157,241576,111.99629114510894,0.0768858847850752,165.84285348140722,336.39859910355335,-49.31748586123183,True,,False,False,True,True,116131.0,118380.0,411222.0,280760.0,0.0,0.0,0.0,0.0,14.0,13.0,1.0,8.0,4,52.0,22,0,True,True,False,True,흐림,26.7,88,24.5,32.5,0.0,0.0,0.0,0.0,3,1014.4,1010.6,100,1,84,99,4.5,203,9.7,2.0,0.0,2.0,0.0,1,offday,test,-0.8660254037844386,0.5000000000000001,-0.8660254037844384,-0.5000000000000004,True,336.3416645201645,0.056934583388851934,special_case
2025-08-03 18:00:00,2025-08-03,18,2025,8,3,Sunday,True,summer,1813,196512,108.39051296194154,0.1010593940343581,183.22068138429125,336.4160552481686,-2.667254759672119,True,,False,False,True,True,222817.0,219460.0,654017.0,657481.0,0.0,0.0,0.0,0.0,19.0,18.0,1.0,12.0,4,52.0,22,0,True,True,False,True,흐림,31.4,61,23.0,35.1,0.0,0.0,0.0,0.0,3,999.6,995.9,100,0,95,100,11.9,176,29.9,128.0,6.0,122.0,0.0,1,offday,test,-1.0,-1.8369701987210297e-16,-0.8660254037844384,-0.5000000000000004,True,336.39859910355335,0.017456144615266567,special_case
2023-03-11 16:00:00,2023-03-11,16,2023,3,11,Saturday,True,spring,2330,183705,78.84334763948497,0.1106643479569391,257.8479307396682,336.66700247650436,14.146588550506236,True,,False,False,True,True,157768.0,160886.0,394615.0,414692.0,1022.0,41622.0,4608083.9,1008.0,0.0,0.0,0.0,0.0,4,52.0,22,0,True,True,True,False,흐림,15.9,49,5.2,12.8,0.0,0.0,0.0,0.0,3,1021.3,1017.3,100,0,12,100,13.1,254,29.2,381.0,125.0,256.0,3600.0,1,offday,train,-0.8660254037844384,-0.5000000000000004,1.0,6.123233995736766e-17,True,336.4160552481686,0.2509472283357468,special_case
2024-05-03 14:00:00,2024-05-03,14,2024,5,3,Friday,False,spring,2328,171110,73.5008591065292,0.1194960865470364,278.1868894815008,336.74485362882393,26.061889147235945,False,,False,False,False,False,125232.0,122594.0,306752.0,401290.0,483.0,12575.0,1499478.05,451.0,0.0,0.0,0.0,0.0,4,52.0,22,0,True,True,True,False,맑음,26.8,23,3.9,26.4,0.0,0.0,0.0,0.0,0,1017.2,1013.4,0,0,0,0,6.4,317,22.3,866.0,680.0,186.0,3600.0,1,weekday,valid,-0.4999999999999998,-0.8660254037844388,0.49999999999999994,-0.8660254037844387,True,336.66700247650436,0.07785115231956752,special_case
2022-08-28 22:00:00,2022-08-28,22,2022,8,28,Sunday,True,summer,4557,408972,89.74588545095457,0.0439929755599608,200.47598962674175,336.7648824768512,-111.842084455595,True,,False,False,True,True,,,342747.0,165091.0,0.0,0.0,0.0,0.0,0.0,0.0,0.0,0.0,4,52.0,22,0,False,True,False,False,흐림,20.0,85,17.4,21.8,0.0,0.0,0.0,0.0,3,1015.1,1011.2,100,0,0,100,5.5,32,8.6,0.0,0.0,0.0,0.0,1,offday,train,-0.5000000000000004,0.8660254037844384,-0.8660254037844384,-0.5000000000000004,True,336.74485362882393,0.020028848027266122,special_case
2024-05-18 20:00:00,2024-05-18,20,2024,5,18,Saturday,True,spring,3302,315232,95.46698970321016,0.0570144493127863,188.26171163082049,336.8180667710086,-96.7784890463164,True,,False,False,True,True,117506.0,117325.0,413868.0,299982.0,784.0,27868.0,3430668.49,920.0,0.0,0.0,0.0,0.0,4,52.0,22,0,True,True,True,False,맑음,16.0,91,14.6,16.5,0.0,0.0,0.0,0.0,0,1016.5,1012.5,0,0,0,0,7.6,273,13.7,11.0,1.0,10.0,0.0,1,offday,valid,-0.8660254037844386,0.5000000000000001,0.49999999999999994,-0.8660254037844387,True,336.7648824768512,0.05318429415740411,special_case
2025-06-29 16:00:00,2025-06-29,16,2025,6,29,Sunday,True,summer,2109,204663,97.04267425320056,0.1019931999973653,215.10365879444353,336.88126590294365,34.17555591636278,True,,False,False,True,True,154793.0,157040.0,397001.0,425028.0,0.0,0.0,0.0,0.0,8.0,8.0,0.0,2.0,4,52.0,22,0,True,True,False,True,맑음,29.0,73,23.6,33.4,0.0,0.0,0.0,0.0,0,1007.1,1003.4,3,3,0,0,11.6,224,30.2,575.0,389.0,186.0,3600.0,1,offday,test,-0.8660254037844384,-0.5000000000000004,1.2246467991473532e-16,-1.0,True,336.8180667710086,0.06319913193505045,special_case
2022-10-29 15:00:00,2022-10-29,15,2022,10,29,Saturday,True,fall,2363,182318,77.15531104528142,0.1124759978651691,265.78078295539456,336.96272544204936,26.137269517615664,True,,False,False,True,True,,,328205.0,367696.0,0.0,0.0,0.0,0.0,0.0,0.0,0.0,0.0,4,52.0,22,0,False,True,False,False,흐림,18.4,50,7.7,16.5,0.0,0.0,0.0,0.0,3,1025.4,1021.4,99,21,0,99,8.9,76,18.4,410.0,277.0,133.0,3600.0,1,offday,train,-0.7071067811865471,-0.7071067811865479,-0.8660254037844386,0.5000000000000001,True,336.88126590294365,0.08145953910570825,special_case
2025-04-20 12:00:00,2025-04-20,12,2025,4,20,Sunday,True,spring,3755,336440,89.59786950732357,0.0657770680274524,246.9928904430839,337.06414323650307,92.67424705267683,True,,False,False,True,True,119821.0,115406.0,254261.0,351039.0,0.0,0.0,0.0,0.0,2.0,2.0,0.0,1.0,4,52.0,22,0,True,True,False,True,맑음,18.5,60,10.7,19.8,0.0,0.0,0.0,0.0,0,1013.7,1009.8,7,7,0,0,3.5,69,15.8,793.0,559.0,234.0,3600.0,1,offday,test,1.2246467991473532e-16,-1.0,0.8660254037844387,-0.49999999999999983,True,336.96272544204936,0.10141779445370958,special_case
2023-07-08 20:00:00,2023-07-08,20,2023,7,8,Saturday,True,summer,2528,245536,97.126582278481,0.0768858847850752,194.3675167366701,337.09443336272795,-51.649341528295224,True,,False,False,True,True,113284.0,114156.0,386335.0,268966.0,0.0,0.0,0.0,0.0,0.0,0.0,0.0,0.0,4,52.0,22,0,True,True,False,False,약한 이슬비,24.1,91,22.5,27.6,0.1,0.1,0.0,0.0,51,1002.8,999.0,94,91,5,38,12.2,251,23.0,22.0,4.0,18.0,0.0,1,offday,train,-0.8660254037844386,0.5000000000000001,-0.4999999999999998,-0.8660254037844388,True,337.06414323650307,0.030290126224883807,special_case
2022-04-23 20:00:00,2022-04-23,20,2022,4,23,Saturday,True,spring,3263,314876,96.49892736745326,0.0570144493127863,186.03814810762185,337.1112035739775,-96.60510963023546,True,,False,False,True,True,,,302873.0,211185.0,0.0,0.0,0.0,0.0,0.0,0.0,0.0,0.0,4,52.0,22,0,False,True,False,False,맑음,16.4,64,9.6,14.9,0.0,0.0,0.0,0.0,0,1009.8,1005.9,2,0,0,2,9.4,288,14.0,1.0,0.0,1.0,0.0,1,offday,train,-0.8660254037844386,0.5000000000000001,0.8660254037844387,-0.49999999999999983,True,337.09443336272795,0.01677021124953626,special_case
2024-05-12 20:00:00,2024-05-12,20,2024,5,12,Sunday,True,spring,3001,311072,103.65611462845716,0.0570144493127863,171.1003623876718,337.28884178881196,-95.0336165273962,True,,False,False,True,True,117506.0,117325.0,413868.0,299982.0,666.0,20410.0,2703552.09,841.0,0.0,0.0,0.0,0.0,4,52.0,22,0,True,True,True,False,맑음,16.0,57,7.5,13.4,0.0,0.0,0.0,0.0,0,1010.2,1006.3,0,0,0,0,13.3,308,22.3,8.0,1.0,7.0,0.0,1,offday,valid,-0.8660254037844386,0.5000000000000001,0.49999999999999994,-0.8660254037844387,True,337.1112035739775,0.17763821483447373,special_case
2024-04-06 19:00:00,2024-04-06,19,2024,4,6,Saturday,True,spring,2690,246652,91.6921933085502,0.0761098888961958,204.7356011307668,337.42806404706255,-63.92239135466298,True,,False,False,True,True,160119.0,165308.0,454878.0,486517.0,702.0,24384.0,2842912.85,899.0,0.0,0.0,0.0,0.0,4,52.0,22,0,True,True,True,False,맑음,9.9,49,-0.2,6.5,0.0,0.0,0.0,0.0,0,1017.2,1013.2,0,0,0,0,8.3,268,11.9,43.0,15.0,28.0,2703.64,1,offday,valid,-0.9659258262890684,0.2588190451025203,0.8660254037844387,-0.49999999999999983,True,337.28884178881196,0.13922225825058376,special_case
2022-10-30 18:00:00,2022-10-30,18,2022,10,30,Sunday,True,fall,2522,221968,88.01268834258525,0.0862061061335171,217.41179966873025,337.4717453898044,-50.766479881508246,True,,False,False,True,True,,,655605.0,631425.0,0.0,0.0,0.0,0.0,0.0,0.0,0.0,0.0,4,52.0,22,0,False,True,False,False,흐림,13.2,71,8.1,11.6,0.0,0.0,0.0,0.0,3,1024.4,1020.4,80,16,1,76,8.0,82,11.5,13.0,3.0,10.0,0.0,1,offday,train,-1.0,-1.8369701987210297e-16,-0.8660254037844386,0.5000000000000001,True,337.42806404706255,0.04368134274187696,special_case
2024-06-29 19:00:00,2024-06-29,19,2024,6,29,Saturday,True,summer,2152,213045,98.9986059479554,0.0912420622822565,196.35291803141615,337.7097454369746,-26.317758387157028,True,,False,False,True,True,149204.0,159733.0,424734.0,459943.0,41.0,1001.0,154037.08000000002,98.0,0.0,0.0,0.0,0.0,4,52.0,22,0,True,True,True,False,보통 비,24.1,93,23.0,26.9,2.7,2.7,0.0,0.0,63,999.7,995.9,100,10,100,100,18.4,149,32.0,41.0,1.0,40.0,0.0,1,offday,valid,-0.9659258262890684,0.2588190451025203,1.2246467991473532e-16,-1.0,True,337.4717453898044,0.23800004717014644,special_case
2025-09-27 10:00:00,2025-09-27,10,2025,9,27,Saturday,True,fall,5508,653955,118.72821350762528,0.0378925808716765,208.7123354411943,337.85254173350205,131.2513071237919,True,,False,False,True,True,121550.0,113807.0,206448.0,315696.0,0.0,0.0,0.0,0.0,17.0,15.0,2.0,9.0,4,52.0,22,0,True,True,False,True,부분적으로 흐림,22.9,76,18.5,24.9,0.0,0.0,0.0,0.0,2,1019.5,1015.6,58,0,0,58,7.4,96,19.4,491.0,374.0,117.0,3600.0,1,offday,test,0.49999999999999994,-0.8660254037844387,-1.0,-1.8369701987210297e-16,True,337.7097454369746,0.14279629652747872,special_case
2023-04-23 12:00:00,2023-04-23,12,2023,4,23,Sunday,True,spring,3301,347232,105.18994244168434,0.0657770680274524,217.13010155862048,338.0236495314469,94.56201948357446,True,,False,False,True,True,113227.0,107312.0,235098.0,335669.0,572.0,20323.0,2077840.37,508.0,0.0,0.0,0.0,0.0,4,52.0,22,0,True,True,True,False,흐림,19.6,26,-0.4,17.0,0.0,0.0,0.0,0.0,3,1024.3,1020.4,100,0,96,98,10.1,86,23.4,723.0,414.0,309.0,3600.0,1,offday,train,1.2246467991473532e-16,-1.0,0.8660254037844387,-0.49999999999999983,True,337.85254173350205,0.17110779794484188,special_case
2025-10-26 17:00:00,2025-10-26,17,2025,10,26,Sunday,True,fall,1908,191835,100.54245283018868,0.1019646238147499,194.5485022385428,338.0764126030721,-19.34455558372605,True,,False,False,True,True,189815.0,184775.0,540270.0,529223.0,0.0,0.0,0.0,0.0,16.0,15.0,1.0,7.0,4,52.0,22,0,True,True,False,True,흐림,13.6,82,10.6,13.3,0.0,0.0,0.0,0.0,3,1017.6,1013.6,93,2,93,0,3.5,291,13.0,25.0,0.0,25.0,0.0,1,offday,test,-0.9659258262890683,-0.25881904510252063,-0.8660254037844386,0.5000000000000001,True,338.0236495314469,0.052763071625179236,special_case
2025-08-31 17:00:00,2025-08-31,17,2025,8,31,Sunday,True,summer,1996,195625,98.00851703406812,0.1047704649595659,209.1218480592937,338.08375002262903,16.24747093681401,True,,False,False,True,True,189367.0,185561.0,528242.0,527555.0,0.0,0.0,0.0,0.0,14.0,13.0,1.0,7.0,4,52.0,22,0,True,True,False,True,약한 이슬비,29.0,74,23.8,33.6,0.2,0.2,0.0,0.0,51,1007.6,1003.8,26,1,4,22,9.7,214,31.3,367.0,253.0,114.0,3600.0,1,offday,test,-0.9659258262890683,-0.25881904510252063,-0.8660254037844384,-0.5000000000000004,True,338.0764126030721,0.007337419556961322,special_case
2023-10-03 11:00:00,2023-10-03,11,2023,10,3,Tuesday,False,fall,2469,267960,108.52976913730257,0.0860138816247737,212.3682737315664,338.2559220442947,99.29180999090975,False,개천절,True,False,True,True,110958.0,104476.0,213989.0,339913.0,0.0,0.0,0.0,0.0,0.0,0.0,0.0,0.0,4,52.0,22,0,True,True,False,False,흐림,17.1,72,12.0,16.4,0.0,0.0,0.0,0.0,3,1019.4,1015.5,100,0,98,100,9.1,99,21.6,125.0,5.0,120.0,0.0,1,offday,train,0.258819045102521,-0.9659258262890682,-0.8660254037844386,0.5000000000000001,True,338.08375002262903,0.17217202166568768,special_case
2022-05-14 19:00:00,2022-05-14,19,2022,5,14,Saturday,True,spring,2936,249959,85.1358991825613,0.0761098888961958,223.458633799231,338.3248078568449,-65.82953494599474,True,,False,False,True,True,,,408102.0,429243.0,0.0,0.0,0.0,0.0,0.0,0.0,0.0,0.0,4,52.0,22,0,False,True,False,False,흐림,15.6,40,2.0,11.6,0.0,0.0,0.0,0.0,3,1013.2,1009.3,100,0,0,100,15.6,289,38.5,95.0,18.0,77.0,1011.11,1,offday,train,-0.9659258262890684,0.2588190451025203,0.49999999999999994,-0.8660254037844387,True,338.2559220442947,0.06888581255020654,special_case
2024-08-18 18:00:00,2024-08-18,18,2024,8,18,Sunday,True,summer,2099,198294,94.47070033349212,0.1010593940343581,212.12366807811765,338.4663717728582,-4.440434054093657,True,,False,False,True,True,228181.0,224001.0,658834.0,669015.0,523.0,15267.0,1880537.54,526.0,0.0,0.0,0.0,0.0,4,52.0,22,0,True,True,True,False,보통 비,27.1,87,24.8,33.1,3.6,3.6,0.0,0.0,63,1008.7,1004.9,100,1,18,99,4.0,85,15.5,173.0,67.0,106.0,3600.0,1,offday,valid,-1.0,-1.8369701987210297e-16,-0.8660254037844384,-0.5000000000000004,True,338.3248078568449,0.14156391601329688,special_case
2024-10-20 12:00:00,2024-10-20,12,2024,10,20,Sunday,True,fall,3071,306369,99.76196678606316,0.0738136969525007,226.68186334112977,338.7484890489777,92.52514185475864,True,,False,False,True,True,130567.0,126480.0,266914.0,391643.0,609.0,20290.0,2293638.52,514.0,0.0,0.0,0.0,0.0,4,52.0,22,0,True,True,True,False,맑음,15.4,51,5.4,11.9,0.0,0.0,0.0,0.0,0,1032.4,1028.4,0,0,0,0,19.1,79,37.1,629.0,496.0,133.0,3600.0,1,offday,valid,1.2246467991473532e-16,-1.0,-0.8660254037844386,0.5000000000000001,True,338.4663717728582,0.282117276119493,special_case
2023-09-28 14:00:00,2023-09-28,14,2023,9,28,Thursday,False,fall,1925,165890,86.17662337662338,0.1235811310401487,237.89367725228624,338.7765575998435,18.08855000325707,False,추석,True,False,True,True,114872.0,111185.0,261221.0,333016.0,0.0,0.0,0.0,0.0,0.0,0.0,0.0,0.0,4,52.0,22,0,True,True,False,False,맑음,24.8,68,18.5,26.2,0.0,0.0,0.0,0.0,0,1013.4,1009.6,16,14,8,0,14.4,266,29.5,615.0,449.0,166.0,3600.0,1,offday,train,-0.4999999999999998,-0.8660254037844388,-1.0,-1.8369701987210297e-16,True,338.7484890489777,0.028068550865782527,special_case
2023-07-01 20:00:00,2023-07-01,20,2023,7,1,Saturday,True,summer,2589,247330,95.53109308613364,0.0768858847850752,199.0575557085597,338.9468441976394,-52.219749338132885,True,,False,False,True,True,113284.0,114156.0,386335.0,268966.0,0.0,0.0,0.0,0.0,0.0,0.0,0.0,0.0,4,52.0,22,0,True,True,False,False,맑음,24.5,92,23.0,28.4,0.0,0.0,0.0,0.0,0,1006.6,1002.8,10,7,0,4,10.4,250,17.3,31.0,8.0,23.0,1011.8,1,offday,train,-0.8660254037844386,0.5000000000000001,-0.4999999999999998,-0.8660254037844388,True,338.7765575998435,0.1702865977958936,special_case
2024-10-12 12:00:00,2024-10-12,12,2024,10,12,Saturday,True,fall,4146,284640,68.65412445730824,0.0738136969525007,306.03158756506804,338.9607781275784,87.99930227105128,True,,False,False,True,True,130567.0,126480.0,266914.0,391643.0,680.0,21065.0,2070356.83,610.0,0.0,0.0,0.0,0.0,4,52.0,22,0,True,True,True,False,맑음,19.5,55,10.4,20.0,0.0,0.0,0.0,0.0,0,1024.4,1020.5,0,0,0,0,2.8,288,13.3,665.0,535.0,130.0,3600.0,1,offday,valid,1.2246467991473532e-16,-1.0,-0.8660254037844386,0.5000000000000001,True,338.9468441976394,0.013933929939014433,special_case
2022-10-29 16:00:00,2022-10-29,16,2022,10,29,Saturday,True,fall,2363,182318,77.15531104528142,0.1113266708276356,263.0649231657031,339.05745652334014,2.0947310812907745,True,,False,False,True,True,,,398333.0,402531.0,0.0,0.0,0.0,0.0,0.0,0.0,0.0,0.0,4,52.0,22,0,False,True,False,False,흐림,17.9,50,7.2,15.6,0.0,0.0,0.0,0.0,3,1025.1,1021.1,99,9,0,99,10.1,73,18.4,276.0,159.0,117.0,3600.0,1,offday,train,-0.8660254037844384,-0.5000000000000004,-0.8660254037844386,0.5000000000000001,True,338.9607781275784,0.0966783957617281,special_case
2025-08-03 17:00:00,2025-08-03,17,2025,8,3,Sunday,True,summer,1813,196512,108.39051296194154,0.1047704649595659,189.94885297169313,339.08331000784074,17.413586714104326,True,,False,False,True,True,189367.0,185561.0,528242.0,527555.0,0.0,0.0,0.0,0.0,19.0,18.0,1.0,12.0,4,52.0,22,0,True,True,False,True,흐림,32.3,55,22.0,35.3,0.0,0.0,0.0,0.0,3,999.7,996.0,100,5,98,100,13.4,176,29.9,205.0,13.0,192.0,0.0,1,offday,test,-0.9659258262890683,-0.25881904510252063,-0.8660254037844384,-0.5000000000000004,True,339.05745652334014,0.025853484500601098,special_case
2023-04-02 12:00:00,2023-04-02,12,2023,4,2,Sunday,True,spring,3509,344368,98.13850099743516,0.0657770680274524,230.8117317083306,339.27003311950307,94.22632894748192,True,,False,False,True,True,113227.0,107312.0,235098.0,335669.0,790.0,31873.0,3409775.26,621.0,0.0,0.0,0.0,0.0,4,52.0,22,0,True,True,True,False,맑음,22.2,14,-6.9,18.5,0.0,0.0,0.0,0.0,0,1020.2,1016.3,0,0,0,0,14.0,102,32.8,786.0,625.0,161.0,3600.0,1,offday,train,1.2246467991473532e-16,-1.0,0.8660254037844387,-0.49999999999999983,True,339.08331000784074,0.18672311166233158,special_case
2022-04-16 19:00:00,2022-04-16,19,2022,4,16,Saturday,True,spring,3208,253615,79.05704488778055,0.0761098888961958,244.16052357899625,339.3155195953682,-67.93814009672889,True,,False,False,True,True,,,363830.0,388931.0,0.0,0.0,0.0,0.0,0.0,0.0,0.0,0.0,4,52.0,22,0,False,True,False,False,맑음,9.7,71,4.7,6.8,0.0,0.0,0.0,0.0,0,1016.7,1012.7,0,0,0,0,10.8,240,25.9,59.0,20.0,39.0,3361.81,1,offday,train,-0.9659258262890684,0.2588190451025203,0.8660254037844387,-0.49999999999999983,True,339.27003311950307,0.045486475865118337,special_case
2025-05-18 12:00:00,2025-05-18,12,2025,5,18,Sunday,True,spring,3378,347214,102.78685612788632,0.0657770680274524,222.1949357967343,339.3297068174654,94.70286805345036,True,,False,False,True,True,126039.0,119058.0,269610.0,399733.0,0.0,0.0,0.0,0.0,7.0,6.0,1.0,4.0,4,52.0,22,0,True,True,False,True,맑음,18.2,50,7.7,18.4,0.0,0.0,0.0,0.0,0,1012.6,1008.7,0,0,0,0,7.2,297,22.3,851.0,601.0,250.0,3600.0,1,offday,test,1.2246467991473532e-16,-1.0,0.49999999999999994,-0.8660254037844387,True,339.3155195953682,0.014187222097234553,special_case
2023-10-29 13:00:00,2023-10-29,13,2023,10,29,Sunday,True,fall,2458,240441,97.81977217249796,0.0915726254037753,225.08551324247992,339.4487646158369,72.69890921557754,True,,False,False,True,True,128155.0,126336.0,273010.0,420242.0,0.0,0.0,0.0,0.0,0.0,0.0,0.0,0.0,4,52.0,22,0,True,True,False,False,맑음,18.1,55,9.1,17.4,0.0,0.0,0.0,0.0,0,1021.8,1017.9,0,0,0,0,5.7,125,18.7,599.0,473.0,126.0,3600.0,1,offday,train,-0.2588190451025208,-0.9659258262890683,-0.8660254037844386,0.5000000000000001,True,339.3297068174654,0.11905779837150021,special_case
2023-10-21 16:00:00,2023-10-21,16,2023,10,21,Saturday,True,fall,2192,182448,83.23357664233576,0.1113266708276356,244.0280624541774,339.4976894421329,3.5242335696975715,True,,False,False,True,True,167258.0,165845.0,428915.0,434112.0,0.0,0.0,0.0,0.0,0.0,0.0,0.0,0.0,4,52.0,22,0,True,True,False,False,맑음,14.2,40,0.7,9.8,0.0,0.0,0.0,0.0,0,1019.6,1015.6,0,0,0,0,16.5,314,32.4,348.0,245.0,103.0,3600.0,1,offday,train,-0.8660254037844384,-0.5000000000000004,-0.8660254037844386,0.5000000000000001,True,339.4487646158369,0.04892482629600181,special_case
2024-09-27 16:00:00,2024-09-27,16,2024,9,27,Friday,False,fall,2915,201302,69.05728987993139,0.0989812433119339,288.53032425428756,339.5458712430147,-52.786342131733875,False,,False,False,False,False,157557.0,162508.0,383752.0,422775.0,694.0,20585.0,2345055.78,588.0,0.0,0.0,0.0,0.0,4,52.0,22,0,True,True,True,False,맑음,26.3,54,16.2,27.6,0.0,0.0,0.0,0.0,0,1013.1,1009.3,12,12,1,0,6.1,358,15.5,437.0,315.0,122.0,3600.0,1,weekday,valid,-0.8660254037844384,-0.5000000000000004,-1.0,-1.8369701987210297e-16,True,339.4976894421329,0.04818180088176405,special_case
2022-09-24 20:00:00,2022-09-24,20,2022,9,24,Saturday,True,fall,4584,382094,83.35383944153578,0.0479786878750003,219.93430521900152,339.6627242038031,-121.75182977781856,True,,False,False,True,True,,,322656.0,233140.0,0.0,0.0,0.0,0.0,0.0,0.0,0.0,0.0,4,52.0,22,0,False,True,False,False,흐림,15.6,86,13.3,15.1,0.0,0.0,0.0,0.0,3,1016.6,1012.6,100,0,0,100,10.2,280,13.0,0.0,0.0,0.0,0.0,1,offday,train,-0.8660254037844386,0.5000000000000001,-1.0,-1.8369701987210297e-16,True,339.5458712430147,0.11685296078843521,special_case
2022-08-13 20:00:00,2022-08-13,20,2022,8,13,Saturday,True,summer,3960,260798,65.85808080808081,0.0768858847850752,304.4681037488978,339.74532642929427,-60.64617058859244,True,,False,False,True,True,,,334500.0,225205.0,0.0,0.0,0.0,0.0,0.0,0.0,0.0,0.0,4,52.0,22,0,False,True,False,False,보통 이슬비,24.8,96,24.0,30.1,0.7,0.7,0.0,0.0,53,1004.6,1000.8,90,60,64,46,5.2,196,11.5,3.0,0.0,3.0,0.0,1,offday,train,-0.8660254037844386,0.5000000000000001,-0.8660254037844384,-0.5000000000000004,True,339.6627242038031,0.0826022254911436,special_case
2022-07-16 19:00:00,2022-07-16,19,2022,7,16,Saturday,True,summer,2359,215464,91.3370072064434,0.0912420622822565,215.2400249238433,339.75193566710806,-27.731372387791964,True,,False,False,True,True,,,401728.0,435098.0,0.0,0.0,0.0,0.0,0.0,0.0,0.0,0.0,4,52.0,22,0,False,True,False,False,약한 이슬비,24.4,84,21.5,28.1,0.2,0.2,0.0,0.0,51,998.5,994.7,90,39,48,67,6.5,251,18.4,100.0,35.0,65.0,2404.28,1,offday,train,-0.9659258262890684,0.2588190451025203,-0.4999999999999998,-0.8660254037844388,True,339.74532642929427,0.006609237813790969,special_case
2025-07-26 17:00:00,2025-07-26,17,2025,7,26,Saturday,True,summer,2431,195981,80.61744138214726,0.1047704649595659,254.69700031670493,339.89701993450404,13.82327294966774,True,,False,False,True,True,194675.0,190093.0,545836.0,535281.0,0.0,0.0,0.0,0.0,20.0,18.0,2.0,12.0,4,52.0,22,0,True,True,False,True,흐림,36.2,43,21.5,40.6,0.0,0.0,0.0,0.0,3,1005.1,1001.4,100,2,5,100,1.3,135,10.8,467.0,328.0,139.0,3600.0,1,offday,test,-0.9659258262890683,-0.25881904510252063,-0.4999999999999998,-0.8660254037844388,True,339.75193566710806,0.1450842673959869,special_case
2023-09-29 13:00:00,2023-09-29,13,2023,9,29,Friday,False,fall,2901,169834,58.543260944501895,0.1201225009099709,348.4753751398256,340.0147469924,38.525884032755926,False,추석,True,False,True,True,118241.0,112923.0,246366.0,358598.0,0.0,0.0,0.0,0.0,0.0,0.0,0.0,0.0,4,52.0,22,0,True,True,False,False,흐림,23.2,52,12.8,24.8,0.0,0.0,0.0,0.0,3,1015.1,1011.2,84,0,0,84,2.9,263,12.2,721.0,549.0,172.0,3600.0,1,offday,train,-0.2588190451025208,-0.9659258262890683,-1.0,-1.8369701987210297e-16,True,339.89701993450404,0.11772705789593374,special_case
2022-08-21 16:00:00,2022-08-21,16,2022,8,21,Sunday,True,summer,2551,204301,80.08663269306155,0.1019931999973653,260.184653193279,340.05877945374846,32.30111663422525,True,,False,False,True,True,,,329289.0,353510.0,0.0,0.0,0.0,0.0,0.0,0.0,0.0,0.0,4,52.0,22,0,False,True,False,False,약한 이슬비,29.3,70,23.3,34.7,0.1,0.1,0.0,0.0,51,1004.5,1000.8,70,6,22,58,2.2,270,10.1,528.0,396.0,132.0,3600.0,1,offday,train,-0.8660254037844384,-0.5000000000000004,-0.8660254037844384,-0.5000000000000004,True,340.0147469924,0.044032461348479046,special_case
2024-04-21 19:00:00,2024-04-21,19,2024,4,21,Sunday,True,spring,2292,244049,106.47862129144852,0.0761098888961958,174.44386535008087,340.2534109561672,-61.3989784648092,True,,False,False,True,True,160119.0,165308.0,454878.0,486517.0,559.0,16460.0,1989616.42,615.0,0.0,0.0,0.0,0.0,4,52.0,22,0,True,True,True,False,흐림,17.1,60,9.4,14.3,0.0,0.0,0.0,0.0,3,1011.4,1007.5,100,0,100,93,18.4,67,31.0,24.0,0.0,24.0,0.0,1,offday,valid,-0.9659258262890684,0.2588190451025203,0.8660254037844387,-0.49999999999999983,True,340.05877945374846,0.19463150241875837,special_case
2022-07-17 20:00:00,2022-07-17,20,2022,7,17,Sunday,True,summer,2422,246742,101.87530966143684,0.0768858847850752,186.21761294945213,340.4501536293026,-51.36555224753397,True,,False,False,True,True,,,351810.0,233751.0,0.0,0.0,0.0,0.0,0.0,0.0,0.0,0.0,4,52.0,22,0,False,True,False,False,맑음,23.0,94,22.0,27.1,0.0,0.0,0.0,0.0,0,1000.5,996.7,19,0,4,15,5.2,236,12.6,24.0,6.0,18.0,471.57,1,offday,train,-0.8660254037844386,0.5000000000000001,-0.4999999999999998,-0.8660254037844388,True,340.2534109561672,0.1967426731353612,special_case
2025-06-14 17:00:00,2025-06-14,17,2025,6,14,Saturday,True,summer,2350,196471,83.60468085106383,0.1047704649595659,246.21059265498008,340.50500593921095,14.35316412704401,True,,False,False,True,True,176838.0,175943.0,504210.0,503700.0,0.0,0.0,0.0,0.0,12.0,12.0,0.0,3.0,4,52.0,22,0,True,True,False,True,부분적으로 흐림,32.7,38,16.6,34.6,0.0,0.0,0.0,0.0,2,997.7,994.0,71,2,71,0,2.7,8,20.2,429.0,225.0,204.0,3600.0,1,offday,test,-0.9659258262890683,-0.25881904510252063,1.2246467991473532e-16,-1.0,True,340.4501536293026,0.054852309908369534,special_case
2023-09-17 20:00:00,2023-09-17,20,2023,9,17,Sunday,True,fall,3716,368243,99.09660925726588,0.0479786878750003,178.2888041435012,340.7722601130953,-117.32261922897636,True,,False,False,True,True,108480.0,108267.0,358249.0,265242.0,0.0,0.0,0.0,0.0,0.0,0.0,0.0,0.0,4,52.0,22,0,True,True,False,False,맑음,22.0,97,21.5,26.0,0.0,0.0,0.0,0.0,0,1010.8,1006.9,15,12,11,0,5.1,225,7.9,0.0,0.0,0.0,0.0,1,offday,train,-0.8660254037844386,0.5000000000000001,-1.0,-1.8369701987210297e-16,True,340.50500593921095,0.26725417388433925,special_case
2022-04-02 17:00:00,2022-04-02,17,2022,4,2,Saturday,True,spring,2878,192753,66.97463516330785,0.1056648495856345,304.10343710745616,341.12619471645013,-13.401221251702111,True,,False,False,True,True,,,413695.0,408748.0,0.0,0.0,0.0,0.0,0.0,0.0,0.0,0.0,4,52.0,22,0,False,True,False,False,대체로 맑음,9.9,51,0.2,5.9,0.0,0.0,0.0,0.0,1,1026.1,1022.0,20,0,0,20,13.1,261,29.9,394.0,274.0,120.0,3600.0,1,offday,train,-0.9659258262890683,-0.25881904510252063,0.8660254037844387,-0.49999999999999983,True,340.7722601130953,0.35393460335484406,special_case
2023-04-15 18:00:00,2023-04-15,18,2023,4,15,Saturday,True,spring,3015,214841,71.25737976782753,0.093388398805632,281.56602239898064,341.33886672874763,-39.8416320053816,True,,False,False,True,True,217630.0,205218.0,656393.0,636217.0,628.0,17286.0,2034757.27,712.0,0.0,0.0,0.0,0.0,4,52.0,22,0,True,True,True,False,흐림,10.7,87,8.7,8.7,0.0,0.0,0.0,0.0,3,1002.7,998.7,100,100,0,0,11.5,219,23.0,162.0,60.0,102.0,3600.0,1,offday,train,-1.0,-1.8369701987210297e-16,0.8660254037844387,-0.49999999999999983,True,341.12619471645013,0.212672012297503,special_case
2022-09-02 13:00:00,2022-09-02,13,2022,9,2,Friday,False,fall,2765,171122,61.88860759493671,0.1201225009099709,332.13871501606957,341.4087954615355,39.417483958483615,False,,False,False,False,False,,,222483.0,326414.0,0.0,0.0,0.0,0.0,0.0,0.0,0.0,0.0,4,52.0,22,0,False,True,False,False,흐림,27.8,54,17.8,29.6,0.0,0.0,0.0,0.0,3,1015.6,1011.8,99,8,0,98,17.4,83,32.0,854.0,726.0,128.0,3600.0,1,weekday,train,-0.2588190451025208,-0.9659258262890683,-1.0,-1.8369701987210297e-16,True,341.33886672874763,0.06992873278784373,special_case
2022-07-10 15:00:00,2022-07-10,15,2022,7,10,Sunday,True,summer,2215,232374,104.90925507900675,0.0935275965658001,207.1636263932473,341.4407409726493,52.08996596081562,True,,False,False,True,True,,,281479.0,334587.0,0.0,0.0,0.0,0.0,0.0,0.0,0.0,0.0,4,52.0,22,0,False,True,False,False,흐림,31.8,63,23.8,38.2,0.0,0.0,0.0,0.0,3,1004.0,1000.3,88,2,9,86,4.7,270,14.4,728.0,484.0,244.0,3600.0,1,offday,train,-0.7071067811865471,-0.7071067811865479,-0.4999999999999998,-0.8660254037844388,True,341.4087954615355,0.03194551111380406,special_case
2025-07-27 17:00:00,2025-07-27,17,2025,7,27,Sunday,True,summer,2209,197311,89.32141240380263,0.1047704649595659,231.43795709568127,341.54131637950377,15.27373829926637,True,,False,False,True,True,194675.0,190093.0,545836.0,535281.0,0.0,0.0,0.0,0.0,19.0,17.0,2.0,12.0,4,52.0,22,0,True,True,False,True,약한 이슬비,35.3,49,23.0,39.7,0.1,0.1,0.0,0.0,51,1003.4,999.7,29,2,28,0,7.4,267,20.9,458.0,320.0,138.0,3600.0,1,offday,test,-0.9659258262890683,-0.25881904510252063,-0.4999999999999998,-0.8660254037844388,True,341.4407409726493,0.10057540685448885,special_case
2023-09-09 11:00:00,2023-09-09,11,2023,9,9,Saturday,True,fall,4206,426609,101.4286733238231,0.0550655360577097,231.60564465872716,341.65138339720653,112.7101467292461,True,,False,False,True,True,102184.0,95020.0,197610.0,287652.0,0.0,0.0,0.0,0.0,0.0,0.0,0.0,0.0,4,52.0,22,0,True,True,False,False,맑음,26.5,70,20.6,31.2,0.0,0.0,0.0,0.0,0,1012.3,1008.5,11,0,0,11,2.5,278,12.6,696.0,575.0,121.0,3600.0,1,offday,train,0.258819045102521,-0.9659258262890682,-1.0,-1.8369701987210297e-16,True,341.54131637950377,0.11006701770276095,special_case
2025-10-09 11:00:00,2025-10-09,11,2025,10,9,Thursday,False,fall,2317,274547,118.49244712990937,0.0860138816247737,199.29416372460076,341.68420973427476,101.37934688315228,False,한글날,True,False,True,True,115105.0,107090.0,225556.0,348326.0,0.0,0.0,0.0,0.0,13.0,12.0,1.0,7.0,4,52.0,22,0,True,True,False,True,흐림,20.6,71,15.2,20.5,0.0,0.0,0.0,0.0,3,1020.4,1016.5,100,28,100,0,12.9,65,28.1,237.0,27.0,210.0,0.0,1,offday,test,0.258819045102521,-0.9659258262890682,-0.8660254037844386,0.5000000000000001,True,341.65138339720653,0.03282633706822935,special_case
2023-04-15 14:00:00,2023-04-15,14,2023,4,15,Saturday,True,spring,3015,214841,71.25737976782753,0.0977777335148833,294.7998665473733,341.72640874836037,54.40659345009948,True,,False,False,True,True,115768.0,111751.0,264100.0,346494.0,379.0,11786.0,1269858.92,303.0,0.0,0.0,0.0,0.0,4,52.0,22,0,True,True,True,False,약한 이슬비,11.2,91,9.8,9.8,0.1,0.1,0.0,0.0,51,1004.1,1000.1,100,44,100,43,9.4,238,24.8,149.0,8.0,141.0,0.0,1,offday,train,-0.4999999999999998,-0.8660254037844388,0.8660254037844387,-0.49999999999999983,True,341.68420973427476,0.042199014085611,special_case
2022-06-19 15:00:00,2022-06-19,15,2022,6,19,Sunday,True,summer,2245,232355,103.4988864142539,0.0935275965658001,209.96945429022136,341.79115266619397,52.02122732430257,True,,False,False,True,True,,,265436.0,314411.0,0.0,0.0,0.0,0.0,0.0,0.0,0.0,0.0,4,52.0,22,0,False,True,False,False,흐림,26.2,66,19.4,27.6,0.0,0.0,0.0,0.0,3,1007.2,1003.4,80,76,18,0,14.6,230,28.8,428.0,104.0,324.0,1759.51,1,offday,train,-0.7071067811865471,-0.7071067811865479,1.2246467991473532e-16,-1.0,True,341.72640874836037,0.06474391783359579,special_case
2023-08-15 19:00:00,2023-08-15,19,2023,8,15,Tuesday,False,summer,2294,273047,119.02659110723629,0.0654594220459456,150.16391417339932,341.9381797258742,-81.0289782947184,False,광복절,True,False,True,False,156728.0,165670.0,426227.0,446782.0,0.0,0.0,0.0,0.0,0.0,0.0,0.0,0.0,4,52.0,22,0,True,True,False,False,흐림,27.8,82,24.5,32.8,0.0,0.0,0.0,0.0,3,1003.2,999.5,95,2,0,95,9.4,270,16.2,93.0,38.0,55.0,3600.0,1,offday,train,-0.9659258262890684,0.2588190451025203,-0.8660254037844384,-0.5000000000000004,True,341.79115266619397,0.14702705968022656,special_case
2022-06-05 21:00:00,2022-06-05,21,2022,6,5,Sunday,True,summer,2693,301765,112.05532862978092,0.0603261742431433,162.45838723678503,342.0958498800478,-78.137312863462,True,,False,False,True,True,,,370546.0,188709.0,0.0,0.0,0.0,0.0,0.0,0.0,0.0,0.0,4,52.0,22,0,False,True,False,False,약한 비,20.5,67,14.1,20.8,2.0,2.0,0.0,0.0,61,1001.4,997.6,88,26,44,0,6.8,90,15.8,0.0,0.0,0.0,0.0,1,offday,train,-0.7071067811865477,0.7071067811865474,1.2246467991473532e-16,-1.0,True,341.9381797258742,0.15767015417361563,special_case
2024-03-23 15:00:00,2024-03-23,15,2024,3,23,Saturday,True,spring,2364,195639,82.75761421319797,0.1077131147753142,254.63380332884296,342.30620808496315,36.77759944928812,True,,False,False,True,True,133854.0,137987.0,344604.0,427047.0,959.0,39782.0,4215958.2,808.0,0.0,0.0,0.0,0.0,4,52.0,22,0,True,True,True,False,맑음,16.5,41,3.2,14.2,0.0,0.0,0.0,0.0,0,1015.9,1012.0,0,0,0,0,9.9,341,24.5,691.0,548.0,143.0,3600.0,1,offday,valid,-0.7071067811865471,-0.7071067811865479,1.0,6.123233995736766e-17,True,342.0958498800478,0.2103582049153374,special_case
2025-08-23 14:00:00,2025-08-23,14,2025,8,23,Saturday,True,summer,2560,275770,107.72265625,0.0809922881834863,207.34025774972497,342.3799716574468,68.079206181664,True,,False,False,True,True,127692.0,124172.0,294888.0,387874.0,0.0,0.0,0.0,0.0,15.0,15.0,0.0,9.0,4,52.0,22,0,True,True,False,True,맑음,32.2,63,24.4,38.1,0.0,0.0,0.0,0.0,0,1010.1,1006.4,10,10,0,0,10.3,258,29.2,741.0,573.0,168.0,3600.0,1,offday,test,-0.4999999999999998,-0.8660254037844388,-0.8660254037844384,-0.5000000000000004,True,342.30620808496315,0.07376357248364229,special_case
2025-03-22 16:00:00,2025-03-22,16,2025,3,22,Saturday,True,spring,2345,186919,79.7095948827292,0.1106643479569391,259.5078959590223,342.4811034890264,14.574031585507896,True,,False,False,True,True,163721.0,165454.0,444577.0,462072.0,0.0,0.0,0.0,0.0,0.0,0.0,0.0,0.0,4,52.0,22,0,True,True,False,False,맑음,14.9,50,4.6,11.4,0.0,0.0,0.0,0.0,0,1008.4,1004.5,0,0,0,0,14.7,221,34.2,544.0,419.0,125.0,3600.0,1,offday,test,-0.8660254037844384,-0.5000000000000004,1.0,6.123233995736766e-17,True,342.3799716574468,0.10113183157960748,special_case
2024-08-11 19:00:00,2024-08-11,19,2024,8,11,Sunday,True,summer,2164,215957,99.7952865064695,0.0912420622822565,197.44782277880324,342.4966867130835,-26.571144159316415,True,,False,False,True,True,161795.0,170925.0,449767.0,462135.0,559.0,17975.0,1718986.68,525.0,0.0,0.0,0.0,0.0,4,52.0,22,0,True,True,True,False,대체로 맑음,29.5,80,25.6,36.0,0.0,0.0,0.0,0.0,1,1002.1,998.4,41,8,5,36,4.3,265,15.5,92.0,41.0,51.0,3600.0,1,offday,valid,-0.9659258262890684,0.2588190451025203,-0.8660254037844384,-0.5000000000000004,True,342.4811034890264,0.01558322405708168,special_case
2022-04-02 15:00:00,2022-04-02,15,2022,4,2,Saturday,True,spring,2878,192753,66.97463516330785,0.1077131147753142,309.9983443233545,342.7098850707587,33.55280641095243,True,,False,False,True,True,,,247697.0,292531.0,0.0,0.0,0.0,0.0,0.0,0.0,0.0,0.0,4,52.0,22,0,False,True,False,False,대체로 맑음,10.9,40,-2.3,7.0,0.0,0.0,0.0,0.0,1,1026.9,1022.8,22,0,1,22,16.0,261,32.4,717.0,554.0,163.0,3600.0,1,offday,train,-0.7071067811865471,-0.7071067811865479,0.8660254037844387,-0.49999999999999983,True,342.4966867130835,0.21319835767519635,special_case
2024-08-03 18:00:00,2024-08-03,18,2024,8,3,Saturday,True,summer,2193,200959,91.63657090743274,0.1010593940343581,221.6232511173473,342.7710859245094,-4.926980775438949,True,,False,False,True,True,228181.0,224001.0,658834.0,669015.0,514.0,14312.0,1507186.78,489.0,0.0,0.0,0.0,0.0,4,52.0,22,0,True,True,True,False,맑음,30.2,72,24.6,35.5,0.0,0.0,0.0,0.0,0,1006.0,1002.3,2,2,0,0,8.1,257,19.4,294.0,197.0,97.0,3600.0,1,offday,valid,-1.0,-1.8369701987210297e-16,-0.8660254037844384,-0.5000000000000004,True,342.7098850707587,0.061200853750733586,special_case
2022-07-30 16:00:00,2022-07-30,16,2022,7,30,Saturday,True,summer,2277,207552,91.15151515151516,0.1019931999973653,232.2385163940009,342.80684105408983,34.09542058324536,True,,False,False,True,True,,,343182.0,372814.0,0.0,0.0,0.0,0.0,0.0,0.0,0.0,0.0,4,52.0,22,0,False,True,False,False,약한 이슬비,31.5,69,25.2,37.6,0.2,0.2,0.0,0.0,51,1008.2,1004.5,55,3,11,49,8.9,130,20.9,637.0,472.0,165.0,3600.0,1,offday,train,-0.8660254037844384,-0.5000000000000004,-0.4999999999999998,-0.8660254037844388,True,342.7710859245094,0.03575512958042282,special_case
2025-04-27 21:00:00,2025-04-27,21,2025,4,27,Sunday,True,spring,3968,435330,109.7101814516129,0.0391608827218871,155.39038264044828,342.82538475623335,-133.61920986314658,True,,False,False,True,True,106760.0,106061.0,430964.0,250276.0,0.0,0.0,0.0,0.0,4.0,4.0,0.0,3.0,4,52.0,22,0,True,True,False,True,대체로 맑음,10.2,80,6.8,8.6,0.0,0.0,0.0,0.0,1,1013.7,1009.7,38,0,1,38,5.6,249,16.6,0.0,0.0,0.0,0.0,1,offday,test,-0.7071067811865477,0.7071067811865474,0.8660254037844387,-0.49999999999999983,True,342.80684105408983,0.01854370214351775,special_case
2022-06-25 19:00:00,2022-06-25,19,2022,6,25,Saturday,True,summer,2533,218309,86.18594551914725,0.0912420622822565,231.1161437609559,342.8356195427049,-28.96982838470842,True,,False,False,True,True,,,375685.0,420065.0,0.0,0.0,0.0,0.0,0.0,0.0,0.0,0.0,4,52.0,22,0,False,True,False,False,맑음,25.4,85,22.6,28.6,0.0,0.0,0.0,0.0,0,1004.5,1000.7,18,18,0,0,14.3,214,28.4,148.0,67.0,81.0,3600.0,1,offday,train,-0.9659258262890684,0.2588190451025203,1.2246467991473532e-16,-1.0,True,342.82538475623335,0.010234786471528423,special_case
2024-08-18 17:00:00,2024-08-18,17,2024,8,18,Sunday,True,summer,2099,198294,94.47070033349212,0.1047704649595659,219.91320595012905,342.9068058269519,16.03815033378362,True,,False,False,True,True,186066.0,183057.0,518823.0,526308.0,495.0,13488.0,1587098.41,428.0,0.0,0.0,0.0,0.0,4,52.0,22,0,True,True,True,False,약한 이슬비,28.6,81,25.0,34.4,0.1,0.1,0.0,0.0,51,1008.8,1005.0,89,17,47,77,6.1,152,16.9,246.0,79.0,167.0,2591.5,1,offday,valid,-0.9659258262890683,-0.25881904510252063,-0.8660254037844384,-0.5000000000000004,True,342.8356195427049,0.07118628424700546,special_case
2025-11-09 15:00:00,2025-11-09,15,2025,11,9,Sunday,True,fall,1942,187417,96.50720906282184,0.1124759978651691,218.4283878541584,342.91864826356107,30.11379438881437,True,,False,False,True,True,149604.0,149477.0,365051.0,409125.0,0.0,0.0,0.0,0.0,19.0,18.0,1.0,11.0,4,52.0,22,0,True,True,False,True,부분적으로 흐림,14.8,52,4.9,11.1,0.0,0.0,0.0,0.0,2,1015.9,1011.9,54,13,52,0,17.1,274,37.8,291.0,147.0,144.0,3600.0,1,offday,test,-0.7071067811865471,-0.7071067811865479,-0.5000000000000004,0.8660254037844384,True,342.9068058269519,0.011842436609185825,special_case
2025-09-20 11:00:00,2025-09-20,11,2025,9,20,Saturday,True,fall,3574,456305,127.6734750979295,0.0550655360577097,196.8042258702546,343.18113178542103,115.81240924117122,True,,False,False,True,True,115669.0,107010.0,220695.0,322793.0,0.0,0.0,0.0,0.0,17.0,16.0,1.0,8.0,4,52.0,22,0,True,True,False,True,대체로 맑음,19.8,82,16.6,21.2,0.0,0.0,0.0,0.0,1,1009.7,1005.8,39,20,33,0,6.1,313,19.1,292.0,69.0,223.0,1149.11,1,offday,test,0.258819045102521,-0.9659258262890682,-1.0,-1.8369701987210297e-16,True,342.91864826356107,0.2624835218599628,special_case
2025-09-19 16:00:00,2025-09-19,16,2025,9,19,Friday,False,fall,2223,197116,88.67116509221772,0.0989812433119339,220.03530388242925,343.1898718270361,-45.81117640785715,False,,False,False,False,False,169351.0,172630.0,412088.0,438157.0,0.0,0.0,0.0,0.0,19.0,18.0,1.0,9.0,4,52.0,22,0,True,True,False,True,보통 이슬비,20.1,85,17.5,21.1,0.9,0.9,0.0,0.0,53,1015.4,1011.5,100,0,100,100,11.8,103,26.3,131.0,0.0,131.0,0.0,1,weekday,test,-0.8660254037844384,-0.5000000000000004,-1.0,-1.8369701987210297e-16,True,343.18113178542103,0.008740041615055816,special_case
2023-04-16 20:00:00,2023-04-16,20,2023,4,16,Sunday,True,spring,3321,320677,96.5603733815116,0.0570144493127863,189.34498616776344,343.36222583625363,-98.38103548440324,True,,False,False,True,True,111154.0,111680.0,370753.0,274652.0,370.0,9360.0,1122583.79,394.0,0.0,0.0,0.0,0.0,4,52.0,22,0,True,True,True,False,부분적으로 흐림,8.2,83,5.4,6.0,0.0,0.0,0.0,0.0,2,1007.7,1003.7,55,0,0,55,7.6,205,10.1,0.0,0.0,0.0,0.0,1,offday,train,-0.8660254037844386,0.5000000000000001,0.8660254037844387,-0.49999999999999983,True,343.1898718270361,0.17235400921754263,special_case
2022-06-18 20:00:00,2022-06-18,20,2022,6,18,Saturday,True,summer,2527,249817,98.85912148793037,0.0768858847850752,194.29063085188503,343.6189106840642,-52.34526930306254,True,,False,False,True,True,,,325125.0,223799.0,0.0,0.0,0.0,0.0,0.0,0.0,0.0,0.0,4,52.0,22,0,False,True,False,False,흐림,21.1,87,18.9,23.4,0.0,0.0,0.0,0.0,3,1007.3,1003.5,98,11,0,98,7.6,251,21.6,26.0,4.0,22.0,0.0,1,offday,train,-0.8660254037844386,0.5000000000000001,1.2246467991473532e-16,-1.0,True,343.36222583625363,0.2566848478105612,special_case
2022-03-09 13:00:00,2022-03-09,13,2022,3,9,Wednesday,False,spring,2083,194007,93.1382621219395,0.111787395763264,232.853145374879,343.63435837131067,55.28528347001509,False,대통령선거일,True,False,True,False,,,184195.0,271619.0,0.0,0.0,0.0,0.0,0.0,0.0,0.0,0.0,4,52.0,22,0,False,True,False,False,맑음,10.1,59,2.5,9.2,0.0,0.0,0.0,0.0,0,1023.6,1019.5,2,0,0,2,3.0,256,15.1,738.0,568.0,170.0,3600.0,1,offday,train,-0.2588190451025208,-0.9659258262890683,1.0,6.123233995736766e-17,True,343.6189106840642,0.015447687246478381,special_case
2023-10-28 17:00:00,2023-10-28,17,2023,10,28,Saturday,True,fall,2323,196979,84.79509255273354,0.1019646238147499,236.86382112166405,343.73556967168054,-22.851370011515087,True,,False,False,True,True,192091.0,182164.0,545967.0,518680.0,0.0,0.0,0.0,0.0,0.0,0.0,0.0,0.0,4,52.0,22,0,True,True,False,False,맑음,15.9,59,7.9,14.7,0.0,0.0,0.0,0.0,0,1018.0,1014.0,0,0,0,0,4.8,297,7.9,142.0,78.0,64.0,3600.0,1,offday,train,-0.9659258262890683,-0.25881904510252063,-0.8660254037844386,0.5000000000000001,True,343.63435837131067,0.1012113003698687,special_case
2025-08-15 14:00:00,2025-08-15,14,2025,8,15,Friday,False,summer,2125,206666,97.25458823529412,0.1049582705891367,223.03632500191551,344.31915142825414,49.82091724867723,False,광복절,True,False,True,True,127692.0,124172.0,294888.0,387874.0,0.0,0.0,0.0,0.0,14.0,13.0,1.0,8.0,4,52.0,22,0,True,True,False,True,약한 이슬비,30.0,71,24.1,35.8,0.3,0.3,0.0,0.0,51,1015.1,1011.3,23,16,9,0,11.6,246,28.1,786.0,624.0,162.0,3600.0,1,offday,test,-0.4999999999999998,-0.8660254037844388,-0.8660254037844384,-0.5000000000000004,True,343.73556967168054,0.5835817565736079,special_case
2025-08-02 18:00:00,2025-08-02,18,2025,8,2,Saturday,True,summer,2074,201646,97.22565091610414,0.1010593940343581,209.59718322725868,344.4123251883962,-4.123069121020137,True,,False,False,True,True,222817.0,219460.0,654017.0,657481.0,0.0,0.0,0.0,0.0,19.0,18.0,1.0,12.0,4,52.0,22,0,True,True,False,True,대체로 맑음,33.7,42,19.0,35.5,0.0,0.0,0.0,0.0,1,1001.3,997.6,25,0,0,25,10.6,259,27.0,300.0,204.0,96.0,3600.0,1,offday,test,-1.0,-1.8369701987210297e-16,-0.8660254037844384,-0.5000000000000004,True,344.31915142825414,0.09317376014206502,special_case
2022-08-06 18:00:00,2022-08-06,18,2022,8,6,Saturday,True,summer,2176,202004,92.83272058823528,0.1010593940343581,219.9052414187632,344.6589263949504,-4.768308367261341,True,,False,False,True,True,,,630644.0,594851.0,0.0,0.0,0.0,0.0,0.0,0.0,0.0,0.0,4,52.0,22,0,False,True,False,False,흐림,29.4,82,26.0,35.5,0.0,0.0,0.0,0.0,3,1004.5,1000.8,100,2,0,100,9.5,233,19.8,284.0,182.0,102.0,3600.0,1,offday,train,-1.0,-1.8369701987210297e-16,-0.8660254037844384,-0.5000000000000004,True,344.4123251883962,0.24660120655420315,special_case
2025-08-30 16:00:00,2025-08-30,16,2025,8,30,Saturday,True,summer,2228,209123,93.8613105924596,0.1019931999973653,227.24084959413,344.840890722691,34.62305228364232,True,,False,False,True,True,158565.0,159279.0,412716.0,443693.0,0.0,0.0,0.0,0.0,13.0,13.0,0.0,6.0,4,52.0,22,0,True,True,False,True,맑음,30.8,61,22.3,34.8,0.0,0.0,0.0,0.0,0,1012.7,1009.0,0,0,0,0,7.7,237,22.3,569.0,452.0,117.0,3600.0,1,offday,test,-0.8660254037844384,-0.5000000000000004,-0.8660254037844384,-0.5000000000000004,True,344.6589263949504,0.18196432774055893,special_case
2025-07-12 15:00:00,2025-07-12,15,2025,7,12,Saturday,True,summer,2444,233011,95.3400163666121,0.0935275965658001,228.58144600681555,345.1711947184138,51.756490708328954,True,,False,False,True,True,143189.0,141105.0,339393.0,392613.0,0.0,0.0,0.0,0.0,11.0,10.0,1.0,5.0,4,52.0,22,0,True,True,False,True,흐림,37.6,21,11.6,38.7,0.0,0.0,0.0,0.0,3,1007.1,1003.5,99,0,0,99,6.5,120,23.0,811.0,651.0,160.0,3600.0,1,offday,test,-0.7071067811865471,-0.7071067811865479,-0.4999999999999998,-0.8660254037844388,True,344.840890722691,0.3303039957228293,special_case
2023-04-08 15:00:00,2023-04-08,15,2023,4,8,Saturday,True,spring,2775,194960,70.25585585585586,0.1077131147753142,298.9038935014971,345.2831317653902,34.601363734112,True,,False,False,True,True,128851.0,128817.0,304413.0,360146.0,841.0,31866.0,3542494.17,776.0,0.0,0.0,0.0,0.0,4,52.0,22,0,True,True,True,False,맑음,12.4,41,-0.4,7.9,0.0,0.0,0.0,0.0,0,1018.1,1014.1,0,0,0,0,21.0,254,40.3,722.0,548.0,174.0,3600.0,1,offday,train,-0.7071067811865471,-0.7071067811865479,0.8660254037844387,-0.49999999999999983,True,345.1711947184138,0.1119370469763794,special_case
2023-05-01 17:00:00,2023-05-01,17,2023,5,1,Monday,False,spring,2500,223690,89.476,0.0863329331814696,215.83233295367415,345.4099649248108,-62.5145041808982,False,,False,False,False,False,179956.0,175771.0,500796.0,501279.0,1165.0,38878.0,4538577.53,1193.0,0.0,0.0,0.0,0.0,4,52.0,22,0,True,True,True,False,맑음,16.8,34,0.9,12.5,0.0,0.0,0.0,0.0,0,1018.1,1014.2,1,0,1,0,15.4,259,33.8,447.0,308.0,139.0,3600.0,1,weekday,train,-0.9659258262890683,-0.25881904510252063,0.49999999999999994,-0.8660254037844387,True,345.2831317653902,0.12683315942064155,special_case
2023-04-08 17:00:00,2023-04-08,17,2023,4,8,Saturday,True,spring,2775,194960,70.25585585585586,0.1056648495856345,293.2199576001358,345.7117466477106,-12.473739707886295,True,,False,False,True,True,175832.0,171400.0,489740.0,480730.0,830.0,26394.0,2958761.1,908.0,0.0,0.0,0.0,0.0,4,52.0,22,0,True,True,True,False,맑음,10.9,46,-0.3,5.8,0.0,0.0,0.0,0.0,0,1017.9,1013.9,0,0,0,0,20.3,250,40.0,399.0,270.0,129.0,3600.0,1,offday,train,-0.9659258262890683,-0.25881904510252063,0.8660254037844387,-0.49999999999999983,True,345.4099649248108,0.30178172289976146,special_case
2022-09-11 18:00:00,2022-09-11,18,2022,9,11,Sunday,True,fall,2753,229018,83.18852161278605,0.0862061061335171,237.3254101855727,345.8123711036728,-53.344105129910474,True,추석,True,False,True,True,,,611046.0,611210.0,0.0,0.0,0.0,0.0,0.0,0.0,0.0,0.0,4,52.0,22,0,False,True,False,False,약한 이슬비,21.2,93,20.1,24.3,0.2,0.2,0.0,0.0,51,1013.9,1010.0,100,0,36,100,6.2,7,11.5,47.0,0.0,47.0,0.0,1,offday,train,-1.0,-1.8369701987210297e-16,-1.0,-1.8369701987210297e-16,True,345.7117466477106,0.1006244559621905,special_case
2022-09-03 19:00:00,2022-09-03,19,2022,9,3,Saturday,True,fall,5996,309256,51.577051367578385,0.0671035658554383,402.35298086920807,345.8696727031571,-98.45958660395922,True,,False,False,True,True,,,386364.0,429821.0,0.0,0.0,0.0,0.0,0.0,0.0,0.0,0.0,4,52.0,22,0,False,True,False,False,흐림,24.5,68,18.2,25.6,0.0,0.0,0.0,0.0,3,1013.2,1009.4,100,5,18,100,12.5,108,21.2,28.0,0.0,28.0,0.0,1,offday,train,-0.9659258262890684,0.2588190451025203,-1.0,-1.8369701987210297e-16,True,345.8123711036728,0.05730159948433311,special_case
2022-08-13 14:00:00,2022-08-13,14,2022,8,13,Saturday,True,summer,3960,260798,65.85808080808081,0.0809922881834863,320.7294612066058,346.371200448902,63.89519132747108,True,,False,False,True,True,,,234997.0,314740.0,0.0,0.0,0.0,0.0,0.0,0.0,0.0,0.0,4,52.0,22,0,False,True,False,False,보통 비,24.4,93,23.1,29.1,2.7,2.7,0.0,0.0,63,1005.6,1001.8,100,100,100,100,5.5,101,10.4,76.0,0.0,76.0,0.0,1,offday,train,-0.4999999999999998,-0.8660254037844388,-0.8660254037844384,-0.5000000000000004,True,345.8696727031571,0.5015277457449088,special_case
2023-09-16 19:00:00,2023-09-16,19,2023,9,16,Saturday,True,fall,2539,274840,108.24734147302088,0.0671035658554383,170.37595370695786,346.3800870628887,-80.67499003189238,True,,False,False,True,True,150472.0,156667.0,405066.0,444026.0,0.0,0.0,0.0,0.0,0.0,0.0,0.0,0.0,4,52.0,22,0,True,True,False,False,약한 비,22.4,98,22.1,26.1,1.8,1.8,0.0,0.0,61,1010.6,1006.8,100,21,100,100,9.0,119,16.9,4.0,0.0,4.0,0.0,1,offday,train,-0.9659258262890684,0.2588190451025203,-1.0,-1.8369701987210297e-16,True,346.371200448902,0.008886613986703651,special_case
2024-08-10 19:00:00,2024-08-10,19,2024,8,10,Saturday,True,summer,2401,219687,91.4981257809246,0.0912420622822565,219.07219153969805,346.4525047503047,-28.24903288447399,True,,False,False,True,True,161795.0,170925.0,449767.0,462135.0,557.0,19098.0,1737131.19,484.0,0.0,0.0,0.0,0.0,4,52.0,22,0,True,True,True,False,약한 이슬비,29.0,87,26.7,36.7,0.3,0.3,0.0,0.0,51,1002.2,998.5,28,15,15,3,1.8,143,10.8,101.0,49.0,52.0,3600.0,1,offday,valid,-0.9659258262890684,0.2588190451025203,-0.8660254037844384,-0.5000000000000004,True,346.3800870628887,0.07241768741596388,special_case
2023-05-13 19:00:00,2023-05-13,19,2023,5,13,Saturday,True,spring,2846,254340,89.3675333801827,0.0761098888961958,216.60874379857336,346.6987833348188,-66.27573513879895,True,,False,False,True,True,155641.0,162800.0,428335.0,454837.0,745.0,27275.0,3080211.71,818.0,0.0,0.0,0.0,0.0,4,52.0,22,0,True,True,True,False,대체로 맑음,17.1,69,11.4,15.8,0.0,0.0,0.0,0.0,1,1010.6,1006.7,25,0,8,18,11.6,254,19.4,103.0,41.0,62.0,3600.0,1,offday,train,-0.9659258262890684,0.2588190451025203,0.49999999999999994,-0.8660254037844387,True,346.4525047503047,0.24627858451412976,special_case
2025-10-04 17:00:00,2025-10-04,17,2025,10,4,Saturday,True,fall,2077,197587,95.1309581126625,0.1019646238147499,211.78052366323556,347.1667435012371,-20.842687411558813,True,,False,False,True,True,189815.0,184775.0,540270.0,529223.0,0.0,0.0,0.0,0.0,15.0,14.0,1.0,9.0,4,52.0,22,0,True,True,False,True,흐림,23.5,77,19.1,26.4,0.0,0.0,0.0,0.0,3,1013.3,1009.5,99,98,37,58,3.3,81,13.3,153.0,59.0,94.0,3600.0,1,offday,test,-0.9659258262890683,-0.25881904510252063,-0.8660254037844386,0.5000000000000001,True,346.6987833348188,0.46796016641826554,special_case
2022-08-21 18:00:00,2022-08-21,18,2022,8,21,Sunday,True,summer,2551,204301,80.08663269306155,0.1010593940343581,257.8025141816475,347.27823743153283,-7.095111364736624,True,,False,False,True,True,,,630644.0,594851.0,0.0,0.0,0.0,0.0,0.0,0.0,0.0,0.0,4,52.0,22,0,False,True,False,False,약한 이슬비,28.2,76,23.6,33.0,0.3,0.3,0.0,0.0,51,1004.4,1000.7,93,11,27,89,7.8,304,14.0,230.0,131.0,99.0,3600.0,1,offday,train,-1.0,-1.8369701987210297e-16,-0.8660254037844384,-0.5000000000000004,True,347.1667435012371,0.11149393029575094,special_case
2022-06-11 14:00:00,2022-06-11,14,2022,6,11,Saturday,True,summer,2957,275073,93.02434900236726,0.0809922881834863,239.494196158569,347.434223843195,67.77923129055466,True,,False,False,True,True,,,231925.0,303651.0,0.0,0.0,0.0,0.0,0.0,0.0,0.0,0.0,4,52.0,22,0,False,True,False,False,맑음,29.6,40,14.4,31.4,0.0,0.0,0.0,0.0,0,1011.0,1007.2,12,5,3,5,9.7,356,24.5,839.0,624.0,215.0,3600.0,1,offday,train,-0.4999999999999998,-0.8660254037844388,1.2246467991473532e-16,-1.0,True,347.27823743153283,0.15598641166218385,special_case
2023-08-19 18:00:00,2023-08-19,18,2023,8,19,Saturday,True,summer,2195,203765,92.83143507972665,0.1010593940343581,221.825369905416,347.6634291939347,-4.810074022481558,True,,False,False,True,True,223546.0,212481.0,652294.0,644555.0,0.0,0.0,0.0,0.0,0.0,0.0,0.0,0.0,4,52.0,22,0,True,True,False,False,맑음,28.2,73,23.0,32.4,0.0,0.0,0.0,0.0,0,1009.3,1005.5,0,0,0,0,8.8,251,21.2,262.0,177.0,85.0,3600.0,1,offday,train,-1.0,-1.8369701987210297e-16,-0.8660254037844384,-0.5000000000000004,True,347.434223843195,0.22920535073967585,special_case
2024-08-03 17:00:00,2024-08-03,17,2024,8,3,Saturday,True,summer,2193,200959,91.63657090743274,0.1047704649595659,229.7616296563282,347.69806669994836,15.879460403415408,True,,False,False,True,True,186066.0,183057.0,518823.0,526308.0,465.0,10426.0,1179115.08,408.0,0.0,0.0,0.0,0.0,4,52.0,22,0,True,True,True,False,맑음,31.1,68,24.6,36.2,0.0,0.0,0.0,0.0,0,1006.0,1002.3,3,2,1,0,10.1,264,20.9,472.0,354.0,118.0,3600.0,1,offday,valid,-0.9659258262890683,-0.25881904510252063,-0.8660254037844384,-0.5000000000000004,True,347.6634291939347,0.03463750601366655,special_case
2025-06-01 14:00:00,2025-06-01,14,2025,6,1,Sunday,True,summer,2685,278968,103.89869646182495,0.0809922881834863,217.4642937726607,347.7488235170772,68.83847918629885,True,,False,False,True,True,124546.0,121399.0,291512.0,373818.0,0.0,0.0,0.0,0.0,7.0,7.0,0.0,2.0,4,52.0,22,0,True,True,False,True,맑음,28.5,36,11.9,29.3,0.0,0.0,0.0,0.0,0,1008.6,1004.8,0,0,0,0,11.0,252,30.6,867.0,665.0,202.0,3600.0,1,offday,test,-0.4999999999999998,-0.8660254037844388,1.2246467991473532e-16,-1.0,True,347.69806669994836,0.05075681712884261,special_case
2024-09-01 17:00:00,2024-09-01,17,2024,9,1,Sunday,True,fall,2183,198453,90.90838295923042,0.1019646238147499,222.58877378759905,347.7811814668168,-21.729824349187822,True,,False,False,True,True,177953.0,178514.0,487048.0,505092.0,733.0,23931.0,2804637.42,653.0,0.0,0.0,0.0,0.0,4,52.0,22,0,True,True,True,False,흐림,27.4,56,17.9,28.6,0.0,0.0,0.0,0.0,3,1006.6,1002.8,100,0,0,100,11.0,238,22.7,415.0,319.0,96.0,3600.0,1,offday,valid,-0.9659258262890683,-0.25881904510252063,-1.0,-1.8369701987210297e-16,True,347.7488235170772,0.032357949739605374,special_case
2025-07-05 20:00:00,2025-07-05,20,2025,7,5,Saturday,True,summer,2437,251741,103.29954862535904,0.0768858847850752,187.37090122122825,347.8367954559949,-52.25158229085605,True,,False,False,True,True,120491.0,123830.0,421166.0,289079.0,0.0,0.0,0.0,0.0,12.0,11.0,1.0,6.0,4,52.0,22,0,True,True,False,True,흐림,25.8,90,24.0,30.9,0.0,0.0,0.0,0.0,3,1004.4,1000.6,100,1,0,100,6.9,231,19.1,28.0,4.0,24.0,0.0,1,offday,test,-0.8660254037844386,0.5000000000000001,-0.4999999999999998,-0.8660254037844388,True,347.7811814668168,0.055613989178084466,special_case
2024-09-27 12:00:00,2024-09-27,12,2024,9,27,Friday,False,fall,2915,201302,69.05728987993139,0.1065118396644879,310.4820126219823,348.33098766627023,69.86153348992246,False,,False,False,False,False,118989.0,114781.0,234418.0,344657.0,432.0,10791.0,1011233.87,429.0,0.0,0.0,0.0,0.0,4,52.0,22,0,True,True,True,False,약한 이슬비,24.2,70,18.4,26.4,0.1,0.1,0.0,0.0,51,1014.6,1010.8,40,11,16,23,7.1,354,17.6,579.0,399.0,180.0,3600.0,1,weekday,valid,1.2246467991473532e-16,-1.0,-1.0,-1.8369701987210297e-16,True,347.8367954559949,0.49419221027534377,special_case
2025-08-02 17:00:00,2025-08-02,17,2025,8,2,Saturday,True,summer,2074,201646,97.22565091610414,0.1047704649595659,217.2939443261399,348.53539430941635,16.653303840561193,True,,False,False,True,True,189367.0,185561.0,528242.0,527555.0,0.0,0.0,0.0,0.0,19.0,18.0,1.0,12.0,4,52.0,22,0,True,True,False,True,맑음,35.0,37,18.4,36.6,0.0,0.0,0.0,0.0,0,1001.1,997.4,6,0,2,5,10.2,253,26.6,471.0,336.0,135.0,3600.0,1,offday,test,-0.9659258262890683,-0.25881904510252063,-0.8660254037844384,-0.5000000000000004,True,348.33098766627023,0.20440664314611467,special_case
2024-10-27 18:00:00,2024-10-27,18,2024,10,27,Sunday,True,fall,2344,226831,96.77090443686006,0.0862061061335171,202.0671127769642,348.5409942972493,-50.386702012936894,True,,False,False,True,True,233692.0,220077.0,692280.0,672491.0,506.0,13773.0,1575497.8,599.0,0.0,0.0,0.0,0.0,4,52.0,22,0,True,True,True,False,흐림,14.9,88,12.9,14.7,0.0,0.0,0.0,0.0,3,1012.7,1008.7,100,7,4,100,7.4,271,8.3,10.0,0.0,10.0,0.0,1,offday,valid,-1.0,-1.8369701987210297e-16,-0.8660254037844386,0.5000000000000001,True,348.53539430941635,0.00559998783296578,special_case
2022-10-16 15:00:00,2022-10-16,15,2022,10,16,Sunday,True,fall,2229,189458,84.99685957828623,0.1124759978651691,250.70899924146192,348.5459786551339,28.67033604591768,True,,False,False,True,True,,,328205.0,367696.0,0.0,0.0,0.0,0.0,0.0,0.0,0.0,0.0,4,52.0,22,0,False,True,False,False,흐림,16.9,72,11.7,16.7,0.0,0.0,0.0,0.0,3,1017.7,1013.8,100,0,100,19,4.7,351,14.0,119.0,1.0,118.0,0.0,1,offday,train,-0.7071067811865471,-0.7071067811865479,-0.8660254037844386,0.5000000000000001,True,348.5409942972493,0.0049843578846093806,special_case
2025-03-23 19:00:00,2025-03-23,19,2025,3,23,Sunday,True,spring,2724,254202,93.31938325991187,0.0761098888961958,207.32333735323743,348.59196822651705,-65.637248088214,True,,False,False,True,True,161900.0,166733.0,478349.0,487654.0,0.0,0.0,0.0,0.0,0.0,0.0,0.0,0.0,4,52.0,22,0,True,True,False,False,흐림,12.9,75,8.6,11.8,0.0,0.0,0.0,0.0,3,1008.0,1004.0,100,0,0,100,4.8,217,13.0,18.0,1.0,17.0,0.0,1,offday,test,-0.9659258262890684,0.2588190451025203,1.0,6.123233995736766e-17,True,348.5459786551339,0.04598957138313153,special_case
2022-10-15 12:00:00,2022-10-15,12,2022,10,15,Saturday,True,fall,3436,309646,90.11816065192085,0.0738136969525007,253.62386272879252,348.5990638032617,94.03802150753242,True,,False,False,True,True,,,231747.0,349570.0,0.0,0.0,0.0,0.0,0.0,0.0,0.0,0.0,4,52.0,22,0,False,True,False,False,부분적으로 흐림,19.6,53,9.9,19.7,0.0,0.0,0.0,0.0,2,1020.1,1016.2,72,0,0,72,3.2,63,14.0,639.0,477.0,162.0,3600.0,1,offday,train,1.2246467991473532e-16,-1.0,-0.8660254037844386,0.5000000000000001,True,348.59196822651705,0.007095576744632126,special_case
2025-05-04 13:00:00,2025-05-04,13,2025,5,4,Sunday,True,spring,3130,269269,86.02843450479233,0.0829554972469645,259.65070638299915,348.9639056351412,77.0567151563352,True,,False,False,True,True,131842.0,124440.0,292232.0,438367.0,0.0,0.0,0.0,0.0,4.0,4.0,0.0,2.0,4,52.0,22,0,True,True,False,True,맑음,17.5,44,5.2,15.3,0.0,0.0,0.0,0.0,0,1011.8,1007.9,0,0,0,0,19.4,245,43.9,910.0,720.0,190.0,3600.0,1,offday,test,-0.2588190451025208,-0.9659258262890683,0.49999999999999994,-0.8660254037844387,True,348.5990638032617,0.3648418318795166,special_case
2024-03-23 17:00:00,2024-03-23,17,2024,3,23,Saturday,True,spring,2364,195639,82.75761421319797,0.1056648495856345,249.79170442044,349.0188920160295,-9.17259091746024,True,,False,False,True,True,181901.0,179303.0,542064.0,544644.0,988.0,36489.0,4087724.28,1038.0,0.0,0.0,0.0,0.0,4,52.0,22,0,True,True,True,False,맑음,16.0,45,4.1,13.4,0.0,0.0,0.0,0.0,0,1016.1,1012.1,10,0,0,10,8.8,348,20.5,364.0,255.0,109.0,3600.0,1,offday,valid,-0.9659258262890683,-0.25881904510252063,1.0,6.123233995736766e-17,True,348.9639056351412,0.05498638088829466,special_case
2025-11-09 16:00:00,2025-11-09,16,2025,11,9,Sunday,True,fall,1942,187417,96.50720906282184,0.1113266708276356,216.19639474726847,349.09990842471666,6.181260161155592,True,,False,False,True,True,168293.0,169653.0,444738.0,458811.0,0.0,0.0,0.0,0.0,19.0,18.0,1.0,11.0,4,52.0,22,0,True,True,False,True,맑음,14.2,60,6.5,11.2,0.0,0.0,0.0,0.0,0,1015.8,1011.8,19,7,15,0,14.4,269,36.7,184.0,94.0,90.0,3600.0,1,offday,test,-0.8660254037844384,-0.5000000000000004,-0.5000000000000004,0.8660254037844384,True,349.0188920160295,0.08101640868716231,special_case
2024-07-13 16:00:00,2024-07-13,16,2024,7,13,Saturday,True,summer,2318,211380,91.190681622088,0.1019931999973653,236.4202375938929,349.12099145568203,34.72831535505628,True,,False,False,True,True,156913.0,156910.0,398184.0,431743.0,459.0,12536.0,1457794.52,434.0,0.0,0.0,0.0,0.0,4,52.0,22,0,True,True,True,False,약한 이슬비,30.0,67,23.1,34.8,0.1,0.1,0.0,0.0,51,1004.9,1001.2,66,23,14,50,7.4,209,23.0,599.0,422.0,177.0,3600.0,1,offday,valid,-0.8660254037844384,-0.5000000000000004,-0.4999999999999998,-0.8660254037844388,True,349.09990842471666,0.021083030965371563,special_case
2022-09-10 14:00:00,2022-09-10,14,2022,9,10,Saturday,True,fall,2769,203878,73.62874684001444,0.1053558771818858,291.73042391664194,349.3265528747699,49.335598205157964,True,추석,True,False,True,True,,,237928.0,302473.0,0.0,0.0,0.0,0.0,0.0,0.0,0.0,0.0,4,52.0,22,0,False,True,False,False,흐림,26.2,50,15.1,27.5,0.0,0.0,0.0,0.0,3,1017.2,1013.4,100,0,20,100,9.8,84,20.2,723.0,479.0,244.0,3600.0,1,offday,train,-0.4999999999999998,-0.8660254037844388,-1.0,-1.8369701987210297e-16,True,349.12099145568203,0.2055614190878714,special_case
2022-08-06 17:00:00,2022-08-06,17,2022,8,6,Saturday,True,summer,2176,202004,92.83272058823528,0.1047704649595659,227.9805317520156,349.42723476221175,16.123604750494337,True,,False,False,True,True,,,452968.0,432382.0,0.0,0.0,0.0,0.0,0.0,0.0,0.0,0.0,4,52.0,22,0,False,True,False,False,흐림,29.9,80,26.1,35.9,0.0,0.0,0.0,0.0,3,1004.5,1000.8,98,0,1,98,10.2,231,23.8,416.0,274.0,142.0,3600.0,1,offday,train,-0.9659258262890683,-0.25881904510252063,-0.8660254037844384,-0.5000000000000004,True,349.3265528747699,0.10068188744185136,special_case
2023-08-20 19:00:00,2023-08-20,19,2023,8,20,Sunday,True,summer,2028,219332,108.15187376725838,0.0912420622822565,185.0389023084163,349.5164347458019,-25.949440426401907,True,,False,False,True,True,156728.0,165670.0,426227.0,446782.0,0.0,0.0,0.0,0.0,0.0,0.0,0.0,0.0,4,52.0,22,0,True,True,False,False,맑음,27.0,84,24.1,32.3,0.0,0.0,0.0,0.0,0,1010.1,1006.3,18,0,3,16,5.9,284,12.2,63.0,15.0,48.0,1161.99,1,offday,train,-0.9659258262890684,0.2588190451025203,-0.8660254037844384,-0.5000000000000004,True,349.42723476221175,0.0891999835901629,special_case
2025-06-29 18:00:00,2025-06-29,18,2025,6,29,Sunday,True,summer,2109,204663,97.04267425320056,0.1010593940343581,213.1342620184612,349.55064591906415,-4.210510737230095,True,,False,False,True,True,207660.0,202811.0,622823.0,627356.0,0.0,0.0,0.0,0.0,8.0,8.0,0.0,2.0,4,52.0,22,0,True,True,False,True,맑음,27.1,81,23.7,31.9,0.0,0.0,0.0,0.0,0,1007.1,1003.3,4,4,0,0,8.3,250,25.2,299.0,173.0,126.0,3600.0,1,offday,test,-1.0,-1.8369701987210297e-16,1.2246467991473532e-16,-1.0,True,349.5164347458019,0.03421117326223566,special_case
2022-07-09 15:00:00,2022-07-09,15,2022,7,9,Saturday,True,summer,2527,235514,93.199050257222,0.0935275965658001,236.34423652177696,349.59035360286697,52.19122346539552,True,,False,False,True,True,,,281479.0,334587.0,0.0,0.0,0.0,0.0,0.0,0.0,0.0,0.0,4,52.0,22,0,False,True,False,False,흐림,29.5,75,24.6,34.6,0.0,0.0,0.0,0.0,3,1001.7,998.0,97,74,1,90,9.3,242,19.4,536.0,199.0,337.0,3600.0,1,offday,train,-0.7071067811865471,-0.7071067811865479,-0.4999999999999998,-0.8660254037844388,True,349.55064591906415,0.03970768380281697,special_case
2023-09-29 14:00:00,2023-09-29,14,2023,9,29,Friday,False,fall,2901,169834,58.543260944501895,0.1235811310401487,358.5088611474714,349.80463015121023,9.789883158810255,False,추석,True,False,True,True,114872.0,111185.0,261221.0,333016.0,0.0,0.0,0.0,0.0,0.0,0.0,0.0,0.0,4,52.0,22,0,True,True,False,False,흐림,23.8,49,12.4,24.8,0.0,0.0,0.0,0.0,3,1014.2,1010.4,96,0,0,96,4.7,279,14.4,705.0,568.0,137.0,3600.0,1,offday,train,-0.4999999999999998,-0.8660254037844388,-1.0,-1.8369701987210297e-16,True,349.59035360286697,0.21427654834326404,special_case
2025-06-03 12:00:00,2025-06-03,12,2025,6,3,Tuesday,False,summer,2829,313831,110.93354542241076,0.0751590877463387,212.62505923439215,350.16367848388467,90.9332796283514,False,임시공휴일(제21대 대통령 선거),True,False,True,False,120695.0,114182.0,252871.0,367500.0,0.0,0.0,0.0,0.0,7.0,7.0,0.0,2.0,4,52.0,22,0,True,True,False,True,대체로 맑음,24.8,37,8.9,23.5,0.0,0.0,0.0,0.0,1,999.6,995.8,28,0,28,0,17.9,248,44.3,883.0,685.0,198.0,3600.0,1,offday,test,1.2246467991473532e-16,-1.0,1.2246467991473532e-16,-1.0,True,349.80463015121023,0.35904833267443337,special_case
2025-06-06 12:00:00,2025-06-06,12,2025,6,6,Friday,False,summer,2994,310867,103.82999331997328,0.0751590877463387,225.02630871253805,350.2859043031936,90.28422927119284,False,현충일,True,False,True,True,120695.0,114182.0,252871.0,367500.0,0.0,0.0,0.0,0.0,10.0,10.0,0.0,3.0,4,52.0,22,0,True,True,False,True,흐림,28.5,33,10.8,28.3,0.0,0.0,0.0,0.0,3,1008.2,1004.4,100,0,0,100,13.9,214,36.0,840.0,590.0,250.0,3600.0,1,offday,test,1.2246467991473532e-16,-1.0,1.2246467991473532e-16,-1.0,True,350.16367848388467,0.12222581930893739,special_case
2024-06-29 16:00:00,2024-06-29,16,2024,6,29,Saturday,True,summer,2152,213045,98.9986059479554,0.1019931999973653,219.48936639433023,350.31109209074316,35.75174118448979,True,,False,False,True,True,154396.0,157144.0,385186.0,425241.0,624.0,21718.0,2085449.09,550.0,0.0,0.0,0.0,0.0,4,52.0,22,0,True,True,True,False,흐림,32.9,39,17.0,32.8,0.0,0.0,0.0,0.0,3,1000.2,996.5,100,2,100,100,17.6,137,34.2,326.0,58.0,268.0,467.38,1,offday,valid,-0.8660254037844384,-0.5000000000000004,1.2246467991473532e-16,-1.0,True,350.2859043031936,0.025187787549555196,special_case
2025-10-26 15:00:00,2025-10-26,15,2025,10,26,Sunday,True,fall,1908,191835,100.54245283018868,0.1124759978651691,214.60420392674263,350.434268583489,31.35524761863331,True,,False,False,True,True,149178.0,147634.0,366698.0,410984.0,0.0,0.0,0.0,0.0,16.0,15.0,1.0,7.0,4,52.0,22,0,True,True,False,True,흐림,14.4,72,9.4,13.2,0.0,0.0,0.0,0.0,3,1017.4,1013.4,100,34,100,0,7.1,277,20.2,143.0,27.0,116.0,0.0,1,offday,test,-0.7071067811865471,-0.7071067811865479,-0.8660254037844386,0.5000000000000001,True,350.31109209074316,0.123176492745813,special_case
2022-08-14 18:00:00,2022-08-14,18,2022,8,14,Sunday,True,summer,4129,208604,50.52167595059336,0.1010593940343581,417.27423796786456,351.35656388572056,-12.902403988034507,True,,False,False,True,True,,,630644.0,594851.0,0.0,0.0,0.0,0.0,0.0,0.0,0.0,0.0,4,52.0,22,0,False,True,False,False,흐림,27.6,87,25.2,32.9,0.0,0.0,0.0,0.0,3,1004.8,1001.0,100,16,78,100,11.1,216,21.2,131.0,3.0,128.0,0.0,1,offday,train,-1.0,-1.8369701987210297e-16,-0.8660254037844384,-0.5000000000000004,True,350.434268583489,0.9222953022315892,special_case
2024-08-17 19:00:00,2024-08-17,19,2024,8,17,Saturday,True,summer,2234,221744,99.25872873769023,0.0912420622822565,203.8347671385612,351.55665204505027,-27.35651520793533,True,,False,False,True,True,161795.0,170925.0,449767.0,462135.0,406.0,13527.0,1554005.42,362.0,0.0,0.0,0.0,0.0,4,52.0,22,0,True,True,True,False,약한 이슬비,27.8,85,24.9,33.6,0.1,0.1,0.0,0.0,51,1009.4,1005.6,69,2,9,66,5.7,145,15.8,84.0,34.0,50.0,3600.0,1,offday,valid,-0.9659258262890684,0.2588190451025203,-0.8660254037844384,-0.5000000000000004,True,351.35656388572056,0.20008815932970947,special_case
2022-04-09 13:00:00,2022-04-09,13,2022,4,9,Saturday,True,spring,3380,267728,79.20946745562131,0.0829554972469645,280.3895806947403,351.5691385761809,76.62301303630937,True,,False,False,True,True,,,206340.0,299990.0,0.0,0.0,0.0,0.0,0.0,0.0,0.0,0.0,4,52.0,22,0,False,True,False,False,맑음,20.9,45,8.5,19.1,0.0,0.0,0.0,0.0,0,1014.0,1010.1,0,0,0,0,18.9,219,36.4,821.0,644.0,177.0,3600.0,1,offday,train,-0.2588190451025208,-0.9659258262890683,0.8660254037844387,-0.49999999999999983,True,351.55665204505027,0.012486531130605272,special_case
2024-09-29 13:00:00,2024-09-29,13,2024,9,29,Sunday,True,fall,3998,230363,57.61955977988995,0.0915726254037753,366.1073563642941,351.5824117648319,68.1833339136831,True,,False,False,True,True,124352.0,120608.0,258882.0,380199.0,711.0,24850.0,2717117.73,655.0,0.0,0.0,0.0,0.0,4,52.0,22,0,True,True,True,False,맑음,26.1,58,17.2,27.9,0.0,0.0,0.0,0.0,0,1019.9,1016.1,0,0,0,0,12.2,81,25.6,723.0,589.0,134.0,3600.0,1,offday,valid,-0.2588190451025208,-0.9659258262890683,-1.0,-1.8369701987210297e-16,True,351.5691385761809,0.01327318865099869,special_case
2024-08-15 18:00:00,2024-08-15,18,2024,8,15,Thursday,False,summer,2148,229335,106.76675977653632,0.0849768175437643,182.5302040840057,351.7000967894895,-50.37198957982082,False,광복절,True,False,True,False,228181.0,224001.0,658834.0,669015.0,435.0,13853.0,1309934.37,349.0,0.0,0.0,0.0,0.0,4,52.0,22,0,True,True,True,False,부분적으로 흐림,28.0,85,25.1,34.5,0.0,0.0,0.0,0.0,2,1007.2,1003.4,77,16,2,72,2.3,198,10.4,109.0,23.0,86.0,80.29,1,offday,valid,-1.0,-1.8369701987210297e-16,-0.8660254037844384,-0.5000000000000004,True,351.5824117648319,0.11768502465764641,special_case
2024-06-16 21:00:00,2024-06-16,21,2024,6,16,Sunday,True,summer,3487,319548,91.63980498996273,0.0603261742431433,210.35736958584087,351.7351345286371,-84.14184984153349,True,,False,False,True,True,105508.0,104506.0,442923.0,242724.0,665.0,18171.0,2486337.59,790.0,0.0,0.0,0.0,0.0,4,52.0,22,0,True,True,True,False,맑음,20.8,67,14.5,20.4,0.0,0.0,0.0,0.0,0,1008.0,1004.1,0,0,0,0,12.7,241,23.8,0.0,0.0,0.0,0.0,1,offday,valid,-0.7071067811865477,0.7071067811865474,1.2246467991473532e-16,-1.0,True,351.7000967894895,0.035037739147583125,special_case
2024-11-10 15:00:00,2024-11-10,15,2024,11,10,Sunday,True,fall,2253,191212,84.8699511762095,0.1124759978651691,253.408423190226,351.7967650278165,28.9133512932886,True,,False,False,True,True,144782.0,145895.0,349968.0,401272.0,0.0,0.0,0.0,0.0,0.0,0.0,0.0,0.0,4,52.0,22,0,True,True,False,False,맑음,17.5,59,9.5,16.8,0.0,0.0,0.0,0.0,0,1021.2,1017.2,0,0,0,0,4.3,338,11.9,389.0,281.0,108.0,3600.0,1,offday,valid,-0.7071067811865471,-0.7071067811865479,-0.5000000000000004,0.8660254037844384,True,351.7351345286371,0.06163049917938679,special_case
2023-06-11 16:00:00,2023-06-11,16,2023,6,11,Sunday,True,summer,2376,212929,89.61658249158249,0.1019931999973653,242.3358431937401,352.02656723938657,34.815892345982945,True,,False,False,True,True,153885.0,155559.0,377288.0,391651.0,841.0,28848.0,3365776.37,735.0,0.0,0.0,0.0,0.0,4,52.0,22,0,True,True,True,False,맑음,22.8,72,17.5,24.4,0.0,0.0,0.0,0.0,0,1005.0,1001.2,12,9,9,0,7.1,24,22.0,481.0,290.0,191.0,3600.0,1,offday,train,-0.8660254037844384,-0.5000000000000004,1.2246467991473532e-16,-1.0,True,351.7967650278165,0.22980221157007463,special_case
2022-06-04 21:00:00,2022-06-04,21,2022,6,4,Saturday,True,summer,3062,314357,102.66394513389942,0.0603261742431433,184.71874553250493,352.12110104363614,-81.96329967438339,True,,False,False,True,True,,,370546.0,188709.0,0.0,0.0,0.0,0.0,0.0,0.0,0.0,0.0,4,52.0,22,0,False,True,False,False,부분적으로 흐림,23.6,63,16.2,24.4,0.0,0.0,0.0,0.0,2,1007.3,1003.5,56,2,10,30,9.0,2,15.5,0.0,0.0,0.0,0.0,1,offday,train,-0.7071067811865477,0.7071067811865474,1.2246467991473532e-16,-1.0,True,352.02656723938657,0.09453380424957913,special_case
2022-09-02 14:00:00,2022-09-02,14,2022,9,2,Friday,False,fall,2765,171122,61.88860759493671,0.1235811310401487,341.70182732601114,352.15648898854226,10.747693527006788,False,,False,False,False,False,,,237928.0,302473.0,0.0,0.0,0.0,0.0,0.0,0.0,0.0,0.0,4,52.0,22,0,False,True,False,False,흐림,28.1,52,17.5,29.2,0.0,0.0,0.0,0.0,3,1015.1,1011.3,99,5,58,96,16.2,93,33.8,685.0,408.0,277.0,3600.0,1,weekday,train,-0.4999999999999998,-0.8660254037844388,-1.0,-1.8369701987210297e-16,True,352.12110104363614,0.03538794490611963,special_case
2025-08-24 19:00:00,2025-08-24,19,2025,8,24,Sunday,True,summer,2101,221339,105.34935744883389,0.0912420622822565,191.69957285502107,352.1802062583478,-26.51933278921331,True,,False,False,True,True,159464.0,167448.0,458192.0,454471.0,0.0,0.0,0.0,0.0,13.0,13.0,0.0,7.0,4,52.0,22,0,True,True,False,True,맑음,30.0,72,24.4,35.4,0.0,0.0,0.0,0.0,0,1010.5,1006.7,1,1,0,0,5.9,282,19.1,70.0,33.0,37.0,3600.0,1,offday,test,-0.9659258262890684,0.2588190451025203,-0.8660254037844384,-0.5000000000000004,True,352.15648898854226,0.02371726980555877,special_case
2024-03-31 14:00:00,2024-03-31,14,2024,3,31,Sunday,True,spring,2464,228389,92.6903409090909,0.0977777335148833,240.92433538067257,352.2907078431017,59.5837450841932,True,,False,False,True,True,117722.0,116668.0,296005.0,401026.0,995.0,44352.0,4776620.9,799.0,0.0,0.0,0.0,0.0,4,52.0,22,0,True,True,True,False,흐림,14.5,26,-4.9,11.6,0.0,0.0,0.0,0.0,3,1012.1,1008.1,81,0,33,71,10.6,350,25.2,801.0,642.0,159.0,3600.0,1,offday,valid,-0.4999999999999998,-0.8660254037844388,1.0,6.123233995736766e-17,True,352.1802062583478,0.11050158475387661,special_case
2023-09-03 11:00:00,2023-09-03,11,2023,9,3,Sunday,True,fall,3849,453195,117.7435697583788,0.0550655360577097,211.9472482861248,352.3108409800326,117.73192685330928,True,,False,False,True,True,102184.0,95020.0,197610.0,287652.0,0.0,0.0,0.0,0.0,0.0,0.0,0.0,0.0,4,52.0,22,0,True,True,False,False,대체로 맑음,27.0,77,22.6,31.2,0.0,0.0,0.0,0.0,1,1013.6,1009.8,48,39,9,8,6.9,99,20.9,542.0,334.0,208.0,3600.0,1,offday,train,0.258819045102521,-0.9659258262890682,-1.0,-1.8369701987210297e-16,True,352.2907078431017,0.02013313693089458,special_case
2025-03-15 15:00:00,2025-03-15,15,2025,3,15,Saturday,True,spring,2328,202009,86.77362542955326,0.1077131147753142,250.75613119693165,352.3292704010844,38.52715364666835,True,,False,False,True,True,143499.0,144189.0,358188.0,418226.0,0.0,0.0,0.0,0.0,0.0,0.0,0.0,0.0,4,52.0,22,0,True,True,False,False,흐림,15.1,38,0.8,12.7,0.0,0.0,0.0,0.0,3,1020.8,1016.8,100,1,95,100,5.1,86,25.2,610.0,416.0,194.0,3600.0,1,offday,test,-0.7071067811865471,-0.7071067811865479,1.0,6.123233995736766e-17,True,352.3108409800326,0.018429421051791905,special_case
2022-09-10 17:00:00,2022-09-10,17,2022,9,10,Saturday,True,fall,2769,203878,73.62874684001444,0.1019646238147499,282.3400433430425,352.3608084045978,-26.64639657438795,True,추석,True,False,True,True,,,450705.0,449410.0,0.0,0.0,0.0,0.0,0.0,0.0,0.0,0.0,4,52.0,22,0,False,True,False,False,흐림,26.5,55,16.8,28.2,0.0,0.0,0.0,0.0,3,1015.8,1012.0,80,0,14,77,4.9,73,13.7,344.0,222.0,122.0,3600.0,1,offday,train,-0.9659258262890683,-0.25881904510252063,-1.0,-1.8369701987210297e-16,True,352.3292704010844,0.03153800351338987,special_case
2023-05-27 20:00:00,2023-05-27,20,2023,5,27,Saturday,True,spring,3432,329453,95.99446386946389,0.0570144493127863,195.67359004148273,352.3749717917121,-101.1099847276344,True,부처님오신날,True,False,True,True,116767.0,115349.0,387992.0,275162.0,18.0,198.0,25115.85,18.0,0.0,0.0,0.0,0.0,4,52.0,22,0,True,True,True,False,보통 이슬비,18.5,95,17.8,20.3,0.9,0.9,0.0,0.0,53,1015.6,1011.7,100,100,100,100,7.7,139,13.3,2.0,0.0,2.0,0.0,1,offday,train,-0.8660254037844386,0.5000000000000001,0.49999999999999994,-0.8660254037844387,True,352.3608084045978,0.014163387114308534,special_case
2024-11-02 14:00:00,2024-11-02,14,2024,11,2,Saturday,True,fall,2508,208239,83.02990430622009,0.1053558771818858,264.2325399721697,352.3849278171141,51.664027933120565,True,,False,False,True,True,130366.0,126846.0,301164.0,386387.0,0.0,0.0,0.0,0.0,0.0,0.0,0.0,0.0,4,52.0,22,0,True,True,False,False,맑음,22.3,55,12.9,22.0,0.0,0.0,0.0,0.0,0,1017.8,1013.9,1,1,0,0,8.5,1,22.7,519.0,395.0,124.0,3600.0,1,offday,valid,-0.4999999999999998,-0.8660254037844388,-0.5000000000000004,0.8660254037844384,True,352.3749717917121,0.009956025402004798,special_case
2023-08-19 17:00:00,2023-08-19,17,2023,8,19,Saturday,True,summer,2195,203765,92.83143507972665,0.1047704649595659,229.97117058624735,352.47350321641625,16.263991780292884,True,,False,False,True,True,180545.0,173649.0,493091.0,488786.0,0.0,0.0,0.0,0.0,0.0,0.0,0.0,0.0,4,52.0,22,0,True,True,False,False,맑음,29.4,68,22.9,33.1,0.0,0.0,0.0,0.0,0,1009.1,1005.3,5,5,4,0,11.4,252,24.5,449.0,344.0,105.0,3600.0,1,offday,train,-0.9659258262890683,-0.25881904510252063,-0.8660254037844384,-0.5000000000000004,True,352.3849278171141,0.08857539930215808,special_case
2022-10-16 16:00:00,2022-10-16,16,2022,10,16,Sunday,True,fall,2229,189458,84.99685957828623,0.1113266708276356,248.14714927479992,352.5961100923248,4.050131437190885,True,,False,False,True,True,,,398333.0,402531.0,0.0,0.0,0.0,0.0,0.0,0.0,0.0,0.0,4,52.0,22,0,False,True,False,False,대체로 맑음,16.9,67,10.8,16.6,0.0,0.0,0.0,0.0,1,1017.8,1013.9,38,0,38,0,4.1,345,10.4,121.0,0.0,121.0,0.0,1,offday,train,-0.8660254037844384,-0.5000000000000004,-0.8660254037844386,0.5000000000000001,True,352.47350321641625,0.12260687590855923,special_case
2023-05-20 19:00:00,2023-05-20,19,2023,5,20,Saturday,True,spring,2871,258545,90.05398815743644,0.0761098888961958,218.51149102097827,352.8117908700443,-67.26116120919994,True,,False,False,True,True,155641.0,162800.0,428335.0,454837.0,913.0,30594.0,3695883.83,948.0,0.0,0.0,0.0,0.0,4,52.0,22,0,True,True,True,False,부분적으로 흐림,17.5,82,14.4,16.9,0.0,0.0,0.0,0.0,2,1009.3,1005.4,70,0,3,69,14.0,247,30.2,107.0,39.0,68.0,3600.0,1,offday,train,-0.9659258262890684,0.2588190451025203,0.49999999999999994,-0.8660254037844387,True,352.5961100923248,0.21568077771951266,special_case
2023-03-25 15:00:00,2023-03-25,15,2023,3,25,Saturday,True,spring,2492,201343,80.79574638844302,0.1077131147753142,268.4210820200832,352.8733400857799,37.561182602866495,True,,False,False,True,True,132098.0,133816.0,312164.0,365470.0,970.0,37602.0,4400393.42,898.0,0.0,0.0,0.0,0.0,4,52.0,22,0,True,True,True,False,흐림,17.2,41,3.8,14.1,0.0,0.0,0.0,0.0,3,1017.2,1013.3,100,100,100,100,11.8,243,25.6,557.0,319.0,238.0,3600.0,1,offday,train,-0.7071067811865471,-0.7071067811865479,1.0,6.123233995736766e-17,True,352.8117908700443,0.061549215735567486,special_case
2023-05-06 12:00:00,2023-05-06,12,2023,5,6,Saturday,True,spring,3386,364001,107.50177200236269,0.0657770680274524,222.72115234095395,353.0716145556952,98.98818939254376,True,,False,False,True,True,118937.0,111204.0,240041.0,344089.0,11.0,289.0,25879.47,7.0,0.0,0.0,0.0,0.0,4,52.0,22,0,True,True,True,False,약한 비,11.6,87,9.4,8.3,2.4,2.4,0.0,0.0,61,1007.2,1003.2,100,1,100,100,21.4,65,37.8,83.0,0.0,83.0,0.0,1,offday,train,1.2246467991473532e-16,-1.0,0.49999999999999994,-0.8660254037844387,True,352.8733400857799,0.1982744699153045,special_case
2025-08-17 15:00:00,2025-08-17,15,2025,8,17,Sunday,True,summer,2157,241576,111.99629114510894,0.0935275965658001,201.7390257924309,353.1352103508824,54.46403232169678,True,,False,False,True,True,142475.0,139526.0,342579.0,398731.0,0.0,0.0,0.0,0.0,14.0,13.0,1.0,8.0,4,52.0,22,0,True,True,False,True,흐림,29.4,72,23.9,33.8,0.0,0.0,0.0,0.0,3,1013.8,1010.0,100,5,85,100,10.7,234,25.9,510.0,163.0,347.0,3600.0,1,offday,test,-0.7071067811865471,-0.7071067811865479,-0.8660254037844384,-0.5000000000000004,True,353.0716145556952,0.06359579518721148,special_case
2025-07-06 20:00:00,2025-07-06,20,2025,7,6,Sunday,True,summer,2222,253203,113.95274527452746,0.0768858847850752,170.8404359924371,353.1466385354999,-51.51494610602344,True,,False,False,True,True,120491.0,123830.0,421166.0,289079.0,0.0,0.0,0.0,0.0,11.0,10.0,1.0,5.0,4,52.0,22,0,True,True,False,True,흐림,26.8,88,24.5,32.5,0.0,0.0,0.0,0.0,3,1004.1,1000.3,100,0,0,100,4.8,233,15.5,28.0,5.0,23.0,49.81,1,offday,test,-0.8660254037844386,0.5000000000000001,-0.4999999999999998,-0.8660254037844388,True,353.1352103508824,0.011428184617500392,special_case
2024-04-14 12:00:00,2024-04-14,12,2024,4,14,Sunday,True,spring,3287,366759,111.57864313964102,0.0657770680274524,216.20922260623615,353.6088098596418,99.50278073569382,True,,False,False,True,True,118947.0,113763.0,254785.0,361161.0,716.0,24726.0,2694476.74,651.0,0.0,0.0,0.0,0.0,4,52.0,22,0,True,True,True,False,흐림,25.8,27,5.3,25.1,0.0,0.0,0.0,0.0,3,1017.5,1013.7,90,0,0,90,7.4,113,22.7,808.0,629.0,179.0,3600.0,1,offday,valid,1.2246467991473532e-16,-1.0,0.8660254037844387,-0.49999999999999983,True,353.1466385354999,0.46217132414187745,special_case
2025-06-29 17:00:00,2025-06-29,17,2025,6,29,Sunday,True,summer,2109,204663,97.04267425320056,0.1047704649595659,220.96091059972468,353.76115665629425,16.879890753350594,True,,False,False,True,True,176838.0,175943.0,504210.0,503700.0,0.0,0.0,0.0,0.0,8.0,8.0,0.0,2.0,4,52.0,22,0,True,True,False,True,맑음,28.4,76,23.6,32.7,0.0,0.0,0.0,0.0,0,1007.0,1003.2,12,12,0,0,10.8,232,27.4,480.0,323.0,157.0,3600.0,1,offday,test,-0.9659258262890683,-0.25881904510252063,1.2246467991473532e-16,-1.0,True,353.6088098596418,0.1523467966524663,special_case
2024-06-09 14:00:00,2024-06-09,14,2024,6,9,Sunday,True,summer,2737,283801,103.69053708439898,0.0809922881834863,221.675892758202,353.8538744951202,70.02933770626004,True,,False,False,True,True,120402.0,116099.0,282830.0,361605.0,573.0,20805.0,2005633.88,517.0,0.0,0.0,0.0,0.0,4,52.0,22,0,True,True,True,False,흐림,27.1,53,16.7,29.4,0.0,0.0,0.0,0.0,3,1007.3,1003.5,100,0,0,100,11.5,229,27.0,834.0,573.0,261.0,3600.0,1,offday,valid,-0.4999999999999998,-0.8660254037844388,1.2246467991473532e-16,-1.0,True,353.76115665629425,0.09271783882593354,special_case
2022-07-30 18:00:00,2022-07-30,18,2022,7,30,Saturday,True,summer,2277,207552,91.15151515151516,0.1010593940343581,230.11224021623335,353.9718838914323,-5.166825858384755,True,,False,False,True,True,,,645306.0,625086.0,0.0,0.0,0.0,0.0,0.0,0.0,0.0,0.0,4,52.0,22,0,False,True,False,False,부분적으로 흐림,29.6,77,25.1,35.5,0.0,0.0,0.0,0.0,2,1008.1,1004.4,76,4,11,73,5.9,101,10.4,214.0,66.0,148.0,2962.96,1,offday,train,-1.0,-1.8369701987210297e-16,-0.4999999999999998,-0.8660254037844388,True,353.8538744951202,0.11800939631211804,special_case
2025-10-12 17:00:00,2025-10-12,17,2025,10,12,Sunday,True,fall,1965,200707,102.1409669211196,0.1019646238147499,200.3604857959836,354.0042796497173,-19.98262778027106,True,,False,False,True,True,189815.0,184775.0,540270.0,529223.0,0.0,0.0,0.0,0.0,14.0,13.0,1.0,7.0,4,52.0,22,0,True,True,False,True,흐림,20.0,74,15.2,20.2,0.0,0.0,0.0,0.0,3,1014.3,1010.4,100,100,100,0,10.8,79,25.2,45.0,0.0,45.0,0.0,1,offday,test,-0.9659258262890683,-0.25881904510252063,-0.8660254037844386,0.5000000000000001,True,353.9718838914323,0.03239575828501984,special_case
2023-06-25 14:00:00,2023-06-25,14,2023,6,25,Sunday,True,summer,2562,286263,111.73419203747072,0.0809922881834863,207.5022423260919,354.00767574240666,70.6998537926176,True,,False,False,True,True,116833.0,111408.0,264572.0,340237.0,441.0,12653.0,1347336.64,432.0,0.0,0.0,0.0,0.0,4,52.0,22,0,True,True,True,False,흐림,31.5,51,20.1,35.5,0.0,0.0,0.0,0.0,3,1010.6,1006.9,98,2,3,98,11.5,88,23.4,850.0,653.0,197.0,3600.0,1,offday,train,-0.4999999999999998,-0.8660254037844388,1.2246467991473532e-16,-1.0,True,354.0042796497173,0.0033960926893428223,special_case
2024-03-24 12:00:00,2024-03-24,12,2024,3,24,Sunday,True,spring,3466,363489,104.8727639930756,0.0657770680274524,227.98331778315017,354.028772846203,99.00904215709052,True,,False,False,True,True,114077.0,107472.0,252667.0,379290.0,656.0,25751.0,2732818.96,549.0,0.0,0.0,0.0,0.0,4,52.0,22,0,True,True,True,False,흐림,17.1,42,4.0,13.9,0.0,0.0,0.0,0.0,3,1018.8,1014.9,97,0,97,0,11.9,87,27.4,522.0,215.0,307.0,3600.0,1,offday,valid,1.2246467991473532e-16,-1.0,1.0,6.123233995736766e-17,True,354.00767574240666,0.021097103796364536,special_case
2022-04-17 20:00:00,2022-04-17,20,2022,4,17,Sunday,True,spring,3440,330896,96.1906976744186,0.0570144493127863,196.129705635985,354.05265110299825,-101.54006832834824,True,,False,False,True,True,,,302873.0,211185.0,0.0,0.0,0.0,0.0,0.0,0.0,0.0,0.0,4,52.0,22,0,False,True,False,False,흐림,9.6,82,6.7,7.5,0.0,0.0,0.0,0.0,3,1018.1,1014.0,100,0,0,100,7.9,210,13.3,0.0,0.0,0.0,0.0,1,offday,train,-0.8660254037844386,0.5000000000000001,0.8660254037844387,-0.49999999999999983,True,354.028772846203,0.02387825679522848,special_case
2022-03-27 15:00:00,2022-03-27,15,2022,3,27,Sunday,True,spring,2770,200490,72.37906137184116,0.1077131147753142,298.36532792762057,354.24530263137643,35.99191411850933,True,,False,False,True,True,,,222818.0,270537.0,0.0,0.0,0.0,0.0,0.0,0.0,0.0,0.0,4,52.0,22,0,False,True,False,False,맑음,11.8,33,-4.0,6.1,0.0,0.0,0.0,0.0,0,1014.3,1010.3,0,0,0,0,24.8,310,45.4,673.0,499.0,174.0,3600.0,1,offday,train,-0.7071067811865471,-0.7071067811865479,1.0,6.123233995736766e-17,True,354.05265110299825,0.19265152837817823,special_case
2025-05-11 13:00:00,2025-05-11,13,2025,5,11,Sunday,True,spring,2729,280458,102.7695126419934,0.0829554972469645,226.38555198696633,354.34168242076953,80.24422929893461,True,,False,False,True,True,131842.0,124440.0,292232.0,438367.0,0.0,0.0,0.0,0.0,8.0,7.0,1.0,5.0,4,52.0,22,0,True,True,False,True,흐림,18.0,64,11.1,17.6,0.0,0.0,0.0,0.0,3,1005.9,1002.0,88,8,87,0,6.6,217,19.1,583.0,203.0,380.0,3600.0,1,offday,test,-0.2588190451025208,-0.9659258262890683,0.49999999999999994,-0.8660254037844387,True,354.24530263137643,0.09637978939309733,special_case
2022-08-21 17:00:00,2022-08-21,17,2022,8,21,Sunday,True,summer,2551,204301,80.08663269306155,0.1047704649595659,267.26945611185283,354.37334879626945,14.314569342520995,True,,False,False,True,True,,,452968.0,432382.0,0.0,0.0,0.0,0.0,0.0,0.0,0.0,0.0,4,52.0,22,0,False,True,False,False,약한 이슬비,28.9,73,23.5,33.9,0.1,0.1,0.0,0.0,51,1004.3,1000.6,73,5,7,69,5.5,281,12.2,375.0,241.0,134.0,3600.0,1,offday,train,-0.9659258262890683,-0.25881904510252063,-0.8660254037844384,-0.5000000000000004,True,354.34168242076953,0.031666375499924015,special_case
2025-05-06 12:00:00,2025-05-06,12,2025,5,6,Tuesday,False,spring,2428,240602,99.09472817133444,0.096293809375837,233.8013691645323,354.4963966150633,81.69859642034248,False,대체공휴일,True,True,True,True,126039.0,119058.0,269610.0,399733.0,0.0,0.0,0.0,0.0,6.0,5.0,1.0,3.0,4,52.0,22,0,True,True,False,True,흐림,17.5,42,4.6,16.2,0.0,0.0,0.0,0.0,3,1007.4,1003.5,100,0,45,100,7.8,334,22.0,747.0,408.0,339.0,3600.0,1,offday,test,1.2246467991473532e-16,-1.0,0.49999999999999994,-0.8660254037844387,True,354.37334879626945,0.12304781879385018,special_case
2022-04-02 16:00:00,2022-04-02,16,2022,4,2,Saturday,True,spring,2878,192753,66.97463516330785,0.1106643479569391,318.49199342007086,354.52741596815224,11.817530897393569,True,,False,False,True,True,,,304514.0,329249.0,0.0,0.0,0.0,0.0,0.0,0.0,0.0,0.0,4,52.0,22,0,False,True,False,False,맑음,10.7,43,-1.4,6.3,0.0,0.0,0.0,0.0,0,1026.5,1022.4,0,0,0,0,15.1,267,32.0,574.0,429.0,145.0,3600.0,1,offday,train,-0.8660254037844384,-0.5000000000000004,0.8660254037844387,-0.49999999999999983,True,354.4963966150633,0.03101935308893644,special_case
2022-08-14 16:00:00,2022-08-14,16,2022,8,14,Sunday,True,summer,4129,208604,50.52167595059336,0.1019931999973653,421.1299227891215,354.6031582041733,29.43264563730378,True,,False,False,True,True,,,329289.0,353510.0,0.0,0.0,0.0,0.0,0.0,0.0,0.0,0.0,4,52.0,22,0,False,True,False,False,흐림,28.5,79,24.6,33.2,0.0,0.0,0.0,0.0,3,1005.0,1001.3,100,0,0,100,12.2,227,27.7,300.0,42.0,258.0,0.0,1,offday,train,-0.8660254037844384,-0.5000000000000004,-0.8660254037844384,-0.5000000000000004,True,354.52741596815224,0.07574223602108532,special_case
2022-10-01 13:00:00,2022-10-01,13,2022,10,1,Saturday,True,fall,2838,247292,87.13601127554615,0.0915726254037753,259.88311089591457,354.62545139101434,74.46372839187819,True,,False,False,True,True,,,257977.0,384947.0,0.0,0.0,0.0,0.0,0.0,0.0,0.0,0.0,4,52.0,22,0,False,True,False,False,흐림,23.5,54,13.6,25.3,0.0,0.0,0.0,0.0,3,1018.4,1014.5,100,0,0,100,2.4,243,12.6,704.0,490.0,214.0,3600.0,1,offday,train,-0.2588190451025208,-0.9659258262890683,-0.8660254037844386,0.5000000000000001,True,354.6031582041733,0.022293186841011448,special_case
2022-03-09 16:00:00,2022-03-09,16,2022,3,9,Wednesday,False,spring,2083,194007,93.1382621219395,0.1055049249323951,219.7667586341791,354.8065360217306,-27.17019778178917,False,대통령선거일,True,False,True,False,,,275283.0,300149.0,0.0,0.0,0.0,0.0,0.0,0.0,0.0,0.0,4,52.0,22,0,False,True,False,False,맑음,10.9,57,2.8,7.7,0.0,0.0,0.0,0.0,0,1021.8,1017.8,8,0,0,8,10.8,249,23.0,505.0,382.0,123.0,3600.0,1,offday,train,-0.8660254037844384,-0.5000000000000004,1.0,6.123233995736766e-17,True,354.62545139101434,0.18108463071627057,special_case
2023-06-24 14:00:00,2023-06-24,14,2023,6,24,Saturday,True,summer,2812,283710,100.89260312944523,0.0809922881834863,227.7503143719635,354.8536679141501,69.98282852239078,True,,False,False,True,True,116833.0,111408.0,264572.0,340237.0,494.0,12418.0,1461950.9,474.0,0.0,0.0,0.0,0.0,4,52.0,22,0,True,True,True,False,대체로 맑음,28.6,64,21.0,32.7,0.0,0.0,0.0,0.0,1,1013.9,1010.1,31,30,2,0,7.7,242,18.4,684.0,414.0,270.0,3600.0,1,offday,train,-0.4999999999999998,-0.8660254037844388,1.2246467991473532e-16,-1.0,True,354.8065360217306,0.04713189241948612,special_case
2024-08-11 16:00:00,2024-08-11,16,2024,8,11,Sunday,True,summer,2164,215957,99.7952865064695,0.1019931999973653,220.71328479429863,354.95188535191545,36.31128502523581,True,,False,False,True,True,156726.0,156151.0,394300.0,429929.0,367.0,9302.0,827670.91,343.0,0.0,0.0,0.0,0.0,4,52.0,22,0,True,True,True,False,맑음,32.2,63,24.3,37.2,0.0,0.0,0.0,0.0,0,1001.7,998.0,15,5,11,3,10.2,228,23.4,583.0,443.0,140.0,3600.0,1,offday,valid,-0.8660254037844384,-0.5000000000000004,-0.8660254037844384,-0.5000000000000004,True,354.8536679141501,0.09821743776535641,special_case
2025-04-20 20:00:00,2025-04-20,20,2025,4,20,Sunday,True,spring,3755,336440,89.59786950732357,0.0570144493127863,214.0892571695127,355.0701413682328,-103.7089354912817,True,,False,False,True,True,115758.0,117431.0,394137.0,294462.0,0.0,0.0,0.0,0.0,2.0,2.0,0.0,1.0,4,52.0,22,0,True,True,False,True,부분적으로 흐림,15.3,78,11.4,15.0,0.0,0.0,0.0,0.0,2,1013.7,1009.7,67,0,0,67,5.4,310,11.5,1.0,0.0,1.0,0.0,1,offday,test,-0.8660254037844386,0.5000000000000001,0.8660254037844387,-0.49999999999999983,True,354.95188535191545,0.11825601631733207,special_case
2022-05-01 13:00:00,2022-05-01,13,2022,5,1,Sunday,True,spring,3000,276982,92.32733333333331,0.0829554972469645,248.86649174089376,355.1863519315336,79.25797096946258,True,,False,False,True,True,,,232173.0,351954.0,0.0,0.0,0.0,0.0,0.0,0.0,0.0,0.0,4,52.0,22,0,False,True,False,False,맑음,16.8,30,-0.9,12.7,0.0,0.0,0.0,0.0,0,1013.1,1009.2,8,0,8,0,23.4,239,44.3,905.0,713.0,192.0,3600.0,1,offday,train,-0.2588190451025208,-0.9659258262890683,0.49999999999999994,-0.8660254037844387,True,355.0701413682328,0.11621056330079682,special_case
2025-08-10 20:00:00,2025-08-10,20,2025,8,10,Sunday,True,summer,2598,258098,99.3448806774442,0.0768858847850752,199.74952867162537,355.1925473777538,-54.02248275494912,True,,False,False,True,True,116131.0,118380.0,411222.0,280760.0,0.0,0.0,0.0,0.0,14.0,13.0,1.0,8.0,4,52.0,22,0,True,True,False,True,맑음,26.0,85,23.2,30.7,0.0,0.0,0.0,0.0,0,1002.6,998.8,4,1,3,0,6.0,243,13.7,8.0,2.0,6.0,0.0,1,offday,test,-0.8660254037844386,0.5000000000000001,-0.8660254037844384,-0.5000000000000004,True,355.1863519315336,0.0061954462202038485,special_case
2022-09-25 11:00:00,2022-09-25,11,2022,9,25,Sunday,True,fall,4893,429828,87.84549356223177,0.0550655360577097,269.43566793037377,355.48214057377686,115.67975573317602,True,,False,False,True,True,,,174692.0,265622.0,0.0,0.0,0.0,0.0,0.0,0.0,0.0,0.0,4,52.0,22,0,False,True,False,False,흐림,21.0,59,12.6,21.4,0.0,0.0,0.0,0.0,3,1018.3,1014.4,97,0,46,96,4.9,144,17.3,591.0,378.0,213.0,3600.0,1,offday,train,0.258819045102521,-0.9659258262890682,-1.0,-1.8369701987210297e-16,True,355.1925473777538,0.28959319602307687,special_case
2024-04-10 11:00:00,2024-04-10,11,2024,4,10,Wednesday,False,spring,2764,322664,116.73806078147612,0.0762910773796575,210.86853787737357,355.53457945293496,107.0932483554659,False,국회의원선거,True,False,True,False,110732.0,102208.0,228291.0,325242.0,639.0,26967.0,2673850.44,548.0,0.0,0.0,0.0,0.0,4,52.0,22,0,True,True,True,False,흐림,14.9,60,7.3,12.2,0.0,0.0,0.0,0.0,3,1026.6,1022.6,100,42,18,100,13.7,215,29.5,322.0,120.0,202.0,2959.11,1,offday,valid,0.258819045102521,-0.9659258262890682,0.8660254037844387,-0.49999999999999983,True,355.48214057377686,0.05243887915810319,special_case
2024-03-16 15:00:00,2024-03-16,15,2024,3,16,Saturday,True,spring,2414,203456,84.28169014084507,0.1077131147753142,260.0194590676087,355.54178619608206,38.46434704735236,True,,False,False,True,True,133854.0,137987.0,344604.0,427047.0,1031.0,40025.0,4198130.26,889.0,0.0,0.0,0.0,0.0,4,52.0,22,0,True,True,True,False,흐림,15.8,39,1.7,13.3,0.0,0.0,0.0,0.0,3,1019.3,1015.3,100,0,0,100,4.5,194,14.4,554.0,274.0,280.0,3600.0,1,offday,valid,-0.7071067811865471,-0.7071067811865479,1.0,6.123233995736766e-17,True,355.53457945293496,0.00720674314709413,special_case
2022-07-16 16:00:00,2022-07-16,16,2022,7,16,Saturday,True,summer,2359,215464,91.3370072064434,0.1019931999973653,240.6019587937849,355.834192935955,35.41469410929841,True,,False,False,True,True,,,343182.0,372814.0,0.0,0.0,0.0,0.0,0.0,0.0,0.0,0.0,4,52.0,22,0,False,True,False,False,약한 이슬비,26.5,72,21.0,29.3,0.1,0.1,0.0,0.0,51,997.7,994.0,49,12,18,30,12.3,265,24.8,571.0,369.0,202.0,3600.0,1,offday,train,-0.8660254037844384,-0.5000000000000004,-0.4999999999999998,-0.8660254037844388,True,355.54178619608206,0.29240673987294485,special_case
2024-11-10 16:00:00,2024-11-10,16,2024,11,10,Sunday,True,fall,2253,191212,84.8699511762095,0.1113266708276356,250.8189893746632,355.85657458101576,4.059809553199273,True,,False,False,True,True,168730.0,167255.0,438997.0,452770.0,0.0,0.0,0.0,0.0,0.0,0.0,0.0,0.0,4,52.0,22,0,True,True,False,False,맑음,17.1,61,9.5,16.4,0.0,0.0,0.0,0.0,0,1020.5,1016.5,0,0,0,0,3.8,335,11.9,250.0,163.0,87.0,3600.0,1,offday,valid,-0.8660254037844384,-0.5000000000000004,-0.5000000000000004,0.8660254037844384,True,355.834192935955,0.022381645060761457,special_case
2022-03-27 17:00:00,2022-03-27,17,2022,3,27,Sunday,True,spring,2770,200490,72.37906137184116,0.1056648495856345,292.6916333522076,355.93630820959834,-12.161980725215187,True,,False,False,True,True,,,371860.0,363679.0,0.0,0.0,0.0,0.0,0.0,0.0,0.0,0.0,4,52.0,22,0,False,True,False,False,맑음,9.1,26,-9.1,2.2,0.0,0.0,0.0,0.0,0,1015.6,1011.6,0,0,0,0,25.6,308,45.0,391.0,279.0,112.0,3600.0,1,offday,train,-0.9659258262890683,-0.25881904510252063,1.0,6.123233995736766e-17,True,355.85657458101576,0.0797336285825736,special_case
2023-04-01 14:00:00,2023-04-01,14,2023,4,1,Saturday,True,spring,3008,225215,74.8720079787234,0.0977777335148833,294.11542241276914,355.96565856848514,57.39323721281431,True,,False,False,True,True,115768.0,111751.0,264100.0,346494.0,942.0,38367.0,4147597.26,794.0,0.0,0.0,0.0,0.0,4,52.0,22,0,True,True,True,False,흐림,25.0,17,-1.4,23.8,0.0,0.0,0.0,0.0,3,1015.3,1011.5,93,0,0,93,2.8,130,16.9,779.0,593.0,186.0,3600.0,1,offday,train,-0.4999999999999998,-0.8660254037844388,0.8660254037844387,-0.49999999999999983,True,355.93630820959834,0.02935035888680204,special_case
2025-05-05 14:00:00,2025-05-05,14,2025,5,5,Monday,False,spring,2012,182910,90.90954274353876,0.1194960865470364,240.4261261326373,356.2937618412605,31.568988147518155,False,부처님오신날 / 어린이날,True,False,True,True,130403.0,126266.0,311472.0,410999.0,0.0,0.0,0.0,0.0,7.0,5.0,2.0,3.0,4,52.0,22,0,True,True,False,True,약한 이슬비,13.6,65,7.1,11.9,0.3,0.3,0.0,0.0,51,1012.7,1008.7,100,0,98,100,6.3,39,15.1,240.0,3.0,237.0,0.0,1,offday,test,-0.4999999999999998,-0.8660254037844388,0.49999999999999994,-0.8660254037844387,True,355.96565856848514,0.32810327277536544,special_case
2023-04-09 14:00:00,2023-04-09,14,2023,4,9,Sunday,True,spring,2855,227135,79.5569176882662,0.0977777335148833,279.155429184992,356.3524323313964,58.30344446943246,True,,False,False,True,True,115768.0,111751.0,264100.0,346494.0,941.0,39231.0,4273322.35,835.0,0.0,0.0,0.0,0.0,4,52.0,22,0,True,True,True,False,맑음,15.8,38,1.5,12.4,0.0,0.0,0.0,0.0,0,1018.7,1014.7,0,0,0,0,19.1,229,37.4,822.0,648.0,174.0,3600.0,1,offday,train,-0.4999999999999998,-0.8660254037844388,0.8660254037844387,-0.49999999999999983,True,356.2937618412605,0.05867049013590986,special_case
2024-07-14 19:00:00,2024-07-14,19,2024,7,14,Sunday,True,summer,2185,224403,102.70160183066362,0.0912420622822565,199.36390608673065,356.51631677985915,-27.22177072058639,True,,False,False,True,True,166302.0,176288.0,462994.0,484594.0,626.0,19727.0,2330669.25,576.0,0.0,0.0,0.0,0.0,4,52.0,22,0,True,True,True,False,약한 이슬비,26.5,82,23.2,30.3,0.2,0.2,0.0,0.0,51,1009.2,1005.4,31,1,30,1,12.7,35,20.5,105.0,36.0,69.0,2492.16,1,offday,valid,-0.9659258262890684,0.2588190451025203,-0.4999999999999998,-0.8660254037844388,True,356.3524323313964,0.16388444846273842,special_case
2025-08-30 18:00:00,2025-08-30,18,2025,8,30,Saturday,True,summer,2228,209123,93.8613105924596,0.1010593940343581,225.16032990854984,356.8969663742921,-4.776179345641481,True,,False,False,True,True,222817.0,219460.0,654017.0,657481.0,0.0,0.0,0.0,0.0,13.0,13.0,0.0,6.0,4,52.0,22,0,True,True,False,True,맑음,29.0,72,23.5,33.9,0.0,0.0,0.0,0.0,0,1012.5,1008.7,0,0,0,0,5.8,234,18.0,219.0,144.0,75.0,3600.0,1,offday,test,-1.0,-1.8369701987210297e-16,-0.8660254037844384,-0.5000000000000004,True,356.51631677985915,0.38064959443295265,special_case
2023-08-13 19:00:00,2023-08-13,19,2023,8,13,Sunday,True,summer,2121,224316,105.75954738330977,0.0912420622822565,193.5244141006662,356.9980898906439,-26.825588974823575,True,,False,False,True,True,156728.0,165670.0,426227.0,446782.0,0.0,0.0,0.0,0.0,0.0,0.0,0.0,0.0,4,52.0,22,0,True,True,False,False,대체로 맑음,27.5,89,25.4,33.9,0.0,0.0,0.0,0.0,1,1004.0,1000.2,45,28,16,11,3.6,270,6.8,81.0,23.0,58.0,2037.21,1,offday,train,-0.9659258262890684,0.2588190451025203,-0.8660254037844384,-0.5000000000000004,True,356.8969663742921,0.10112351635177674,special_case
2025-10-26 16:00:00,2025-10-26,16,2025,10,26,Sunday,True,fall,1908,191835,100.54245283018868,0.1113266708276356,212.41128793912887,357.4209681867981,6.986699603309148,True,,False,False,True,True,169940.0,167366.0,450110.0,449807.0,0.0,0.0,0.0,0.0,16.0,15.0,1.0,7.0,4,52.0,22,0,True,True,False,True,흐림,14.2,75,9.9,13.4,0.0,0.0,0.0,0.0,3,1017.3,1013.3,100,17,100,0,5.8,290,16.6,83.0,2.0,81.0,0.0,1,offday,test,-0.8660254037844384,-0.5000000000000004,-0.8660254037844386,0.5000000000000001,True,356.9980898906439,0.4228782961542379,special_case
2023-05-29 13:00:00,2023-05-29,13,2023,5,29,Monday,False,spring,2377,199768,84.04206983592763,0.111787395763264,265.71863972927866,357.4352833661175,55.88019031154175,False,대체공휴일,True,True,True,True,122764.0,116539.0,259824.0,381217.0,648.0,22226.0,2419628.75,568.0,0.0,0.0,0.0,0.0,4,52.0,22,0,True,True,True,False,흐림,24.6,72,19.2,26.9,0.0,0.0,0.0,0.0,3,1010.5,1006.7,100,53,99,12,8.8,81,17.3,273.0,22.0,251.0,0.0,1,offday,train,-0.2588190451025208,-0.9659258262890683,0.49999999999999994,-0.8660254037844387,True,357.4209681867981,0.01431517931939652,special_case
2023-04-08 16:00:00,2023-04-08,16,2023,4,8,Saturday,True,spring,2775,194960,70.25585585585586,0.1106643479569391,307.0935655805061,358.1854863555969,12.9023545902067,True,,False,False,True,True,152870.0,154121.0,379330.0,394897.0,952.0,34549.0,3788208.44,960.0,0.0,0.0,0.0,0.0,4,52.0,22,0,True,True,True,False,맑음,11.6,39,-1.9,6.2,0.0,0.0,0.0,0.0,0,1018.0,1014.0,1,1,0,0,21.4,250,40.3,574.0,415.0,159.0,3600.0,1,offday,train,-0.8660254037844384,-0.5000000000000004,0.8660254037844387,-0.49999999999999983,True,357.4352833661175,0.7502029894793623,special_case
2024-03-23 16:00:00,2024-03-23,16,2024,3,23,Saturday,True,spring,2364,195639,82.75761421319797,0.1106643479569391,261.61051857020414,358.19148293348974,15.885274848526592,True,,False,False,True,True,152536.0,157578.0,416715.0,453586.0,946.0,38776.0,4425782.68,936.0,0.0,0.0,0.0,0.0,4,52.0,22,0,True,True,True,False,부분적으로 흐림,16.4,43,3.8,13.6,0.0,0.0,0.0,0.0,2,1015.9,1012.0,52,0,0,52,9.3,344,23.0,547.0,417.0,130.0,3600.0,1,offday,valid,-0.8660254037844384,-0.5000000000000004,1.0,6.123233995736766e-17,True,358.1854863555969,0.005996577892858568,special_case
2023-05-14 20:00:00,2023-05-14,20,2023,5,14,Sunday,True,spring,3229,331034,102.51904614431712,0.0570144493127863,184.0996568309871,358.256841599559,-101.19643673993151,True,,False,False,True,True,116767.0,115349.0,387992.0,275162.0,722.0,21771.0,2927350.0,891.0,0.0,0.0,0.0,0.0,4,52.0,22,0,True,True,True,False,맑음,13.9,85,11.4,13.3,0.0,0.0,0.0,0.0,0,1008.3,1004.4,2,0,1,1,7.4,256,9.7,8.0,1.0,7.0,0.0,1,offday,train,-0.8660254037844386,0.5000000000000001,0.49999999999999994,-0.8660254037844387,True,358.19148293348974,0.06535866606924401,special_case
2024-11-03 18:00:00,2024-11-03,18,2024,11,3,Sunday,True,fall,2554,234502,91.8175411119812,0.0862061061335171,220.1703950650028,358.2678827389062,-52.92689856388717,True,,False,False,True,True,230499.0,219253.0,692890.0,699222.0,0.0,0.0,0.0,0.0,0.0,0.0,0.0,0.0,4,52.0,22,0,True,True,False,False,보통 이슬비,16.9,86,14.4,16.4,0.9,0.9,0.0,0.0,53,1020.3,1016.3,43,27,27,0,13.2,224,21.6,7.0,1.0,6.0,0.0,1,offday,valid,-1.0,-1.8369701987210297e-16,-0.5000000000000004,0.8660254037844384,True,358.256841599559,0.011041139347241824,special_case
2022-04-09 19:00:00,2022-04-09,19,2022,4,9,Saturday,True,spring,3380,267728,79.20946745562131,0.0761098888961958,257.25142446914197,358.3101237633433,-71.68612009796107,True,,False,False,True,True,,,363830.0,388931.0,0.0,0.0,0.0,0.0,0.0,0.0,0.0,0.0,4,52.0,22,0,False,True,False,False,맑음,14.0,68,8.1,12.2,0.0,0.0,0.0,0.0,0,1014.4,1010.4,0,0,0,0,9.3,208,16.6,45.0,15.0,30.0,2646.34,1,offday,train,-0.9659258262890684,0.2588190451025203,0.8660254037844387,-0.49999999999999983,True,358.2678827389062,0.042241024437089436,special_case
2023-05-21 19:00:00,2023-05-21,19,2023,5,21,Sunday,True,spring,2560,258878,101.12421875,0.0761098888961958,194.84131557426136,358.7037130652502,-65.773655121775,True,,False,False,True,True,155641.0,162800.0,428335.0,454837.0,634.0,18291.0,2196296.96,727.0,0.0,0.0,0.0,0.0,4,52.0,22,0,True,True,True,False,흐림,16.4,73,11.4,14.9,0.0,0.0,0.0,0.0,3,1008.7,1004.8,100,0,100,100,13.3,218,26.6,29.0,0.0,29.0,0.0,1,offday,train,-0.9659258262890684,0.2588190451025203,0.49999999999999994,-0.8660254037844387,True,358.3101237633433,0.3935893019068999,special_case
2024-06-01 21:00:00,2024-06-01,21,2024,6,1,Saturday,True,summer,4711,340856,72.35321587773296,0.0603261742431433,284.1966068594483,358.7707893753189,-91.93733145680704,True,,False,False,True,True,105508.0,104506.0,442923.0,242724.0,759.0,22112.0,2972002.16,840.0,0.0,0.0,0.0,0.0,4,52.0,22,0,True,True,True,False,맑음,19.4,48,7.9,16.7,0.0,0.0,0.0,0.0,0,1009.5,1005.6,0,0,0,0,14.6,310,25.6,0.0,0.0,0.0,0.0,1,offday,valid,-0.7071067811865477,0.7071067811865474,1.2246467991473532e-16,-1.0,True,358.7037130652502,0.06707631006867132,special_case
2023-03-25 17:00:00,2023-03-25,17,2023,3,25,Saturday,True,spring,2492,201343,80.79574638844302,0.1056648495856345,263.31680516740124,358.89944690360886,-9.909720655102037,True,,False,False,True,True,184059.0,181754.0,518496.0,519201.0,826.0,27060.0,3278133.79,964.0,0.0,0.0,0.0,0.0,4,52.0,22,0,True,True,True,False,흐림,14.8,45,3.0,11.3,0.0,0.0,0.0,0.0,3,1016.6,1012.6,95,1,2,94,12.5,252,29.5,269.0,96.0,173.0,3600.0,1,offday,train,-0.9659258262890683,-0.25881904510252063,1.0,6.123233995736766e-17,True,358.7707893753189,0.12865752828997756,special_case
2023-08-20 16:00:00,2023-08-20,16,2023,8,20,Sunday,True,summer,2028,219332,108.15187376725838,0.1019931999973653,206.84220959465696,359.0614905920488,37.56987599504271,True,,False,False,True,True,148198.0,149097.0,361345.0,391659.0,0.0,0.0,0.0,0.0,0.0,0.0,0.0,0.0,4,52.0,22,0,True,True,False,False,흐림,30.0,69,23.6,34.4,0.0,0.0,0.0,0.0,3,1010.3,1006.6,81,4,24,74,9.8,264,21.6,521.0,321.0,200.0,3600.0,1,offday,train,-0.8660254037844384,-0.5000000000000004,-0.8660254037844384,-0.5000000000000004,True,358.89944690360886,0.16204368843995098,special_case
2022-07-30 17:00:00,2022-07-30,17,2022,7,30,Saturday,True,summer,2277,207552,91.15151515151516,0.1047704649595659,238.56234871293177,359.13870974981705,16.331868695727223,True,,False,False,True,True,,,467738.0,460501.0,0.0,0.0,0.0,0.0,0.0,0.0,0.0,0.0,4,52.0,22,0,False,True,False,False,보통 비,29.4,77,24.9,35.5,3.5,3.5,0.0,0.0,63,1008.4,1004.7,90,1,2,90,3.6,143,25.2,344.0,211.0,133.0,3600.0,1,offday,train,-0.9659258262890683,-0.25881904510252063,-0.4999999999999998,-0.8660254037844388,True,359.0614905920488,0.07721915776824062,special_case
2023-04-01 18:00:00,2023-04-01,18,2023,4,1,Saturday,True,spring,3008,225215,74.8720079787234,0.093388398805632,280.91230360734124,359.6942543775639,-40.65510660691928,True,,False,False,True,True,217630.0,205218.0,656393.0,636217.0,963.0,36514.0,3923783.03,1151.0,0.0,0.0,0.0,0.0,4,52.0,22,0,True,True,True,False,맑음,21.4,25,0.2,16.4,0.0,0.0,0.0,0.0,0,1014.3,1010.4,17,0,15,2,19.3,279,34.9,141.0,51.0,90.0,3600.0,1,offday,train,-1.0,-1.8369701987210297e-16,0.8660254037844387,-0.49999999999999983,True,359.13870974981705,0.5555446277468263,special_case
2023-10-09 17:00:00,2023-10-09,17,2023,10,9,Monday,False,fall,2470,251608,101.8655870445344,0.0766806145388679,189.40111791100375,359.9919913843449,-84.30289401209649,False,한글날,True,False,True,True,192091.0,182164.0,545967.0,518680.0,0.0,0.0,0.0,0.0,0.0,0.0,0.0,0.0,4,52.0,22,0,True,True,False,False,맑음,19.0,65,12.3,19.1,0.0,0.0,0.0,0.0,0,1018.4,1014.5,6,0,6,0,4.1,308,9.4,201.0,108.0,93.0,3600.0,1,offday,train,-0.9659258262890683,-0.25881904510252063,-0.8660254037844386,0.5000000000000001,True,359.6942543775639,0.2977370067810057,special_case
2025-05-05 15:00:00,2025-05-05,15,2025,5,5,Monday,False,spring,2012,182910,90.90954274353876,0.1173799620909657,236.16848372702316,360.0261774330264,3.732415591765914,False,부처님오신날 / 어린이날,True,False,True,True,145162.0,145607.0,361252.0,431423.0,0.0,0.0,0.0,0.0,7.0,5.0,2.0,3.0,4,52.0,22,0,True,True,False,True,약한 이슬비,13.7,51,3.7,10.9,0.2,0.2,0.0,0.0,51,1011.2,1007.2,100,0,98,100,9.2,62,20.5,261.0,10.0,251.0,0.0,1,offday,test,-0.7071067811865471,-0.7071067811865479,0.49999999999999994,-0.8660254037844387,True,359.9919913843449,0.03418604868153352,special_case
2024-04-28 20:00:00,2024-04-28,20,2024,4,28,Sunday,True,spring,3102,330803,106.6418439716312,0.0570144493127863,176.85882176826323,360.3889393544016,-100.89916440818564,True,,False,False,True,True,115564.0,116509.0,393102.0,295432.0,728.0,23054.0,3009085.16,876.0,0.0,0.0,0.0,0.0,4,52.0,22,0,True,True,True,False,흐림,18.9,58,10.3,18.1,0.0,0.0,0.0,0.0,3,1011.7,1007.8,100,0,0,100,6.0,17,7.6,2.0,0.0,2.0,0.0,1,offday,valid,-0.8660254037844386,0.5000000000000001,0.8660254037844387,-0.49999999999999983,True,360.0261774330264,0.3627619213751814,special_case
2024-09-28 11:00:00,2024-09-28,11,2024,9,28,Saturday,True,fall,5061,433205,85.59672001580715,0.0550655360577097,278.686677988069,360.4999178050913,117.00760319063812,True,,False,False,True,True,108403.0,100418.0,204482.0,304686.0,560.0,18119.0,1940048.06,480.0,0.0,0.0,0.0,0.0,4,52.0,22,0,True,True,True,False,맑음,23.9,61,16.0,24.1,0.0,0.0,0.0,0.0,0,1019.5,1015.6,4,4,0,0,15.5,81,30.2,616.0,480.0,136.0,3600.0,1,offday,valid,0.258819045102521,-0.9659258262890682,-1.0,-1.8369701987210297e-16,True,360.3889393544016,0.11097845068968581,special_case
2024-07-13 18:00:00,2024-07-13,18,2024,7,13,Saturday,True,summer,2318,211380,91.190681622088,0.1010593940343581,234.25567537164207,360.50408564791906,-5.255658125180162,True,,False,False,True,True,237457.0,228689.0,706071.0,700249.0,628.0,18210.0,2269802.92,615.0,0.0,0.0,0.0,0.0,4,52.0,22,0,True,True,True,False,대체로 맑음,27.1,84,24.2,31.9,0.0,0.0,0.0,0.0,1,1005.3,1001.5,29,12,10,14,10.4,326,21.2,225.0,102.0,123.0,3600.0,1,offday,valid,-1.0,-1.8369701987210297e-16,-0.4999999999999998,-0.8660254037844388,True,360.4999178050913,0.004167842827769164,special_case
2025-08-15 17:00:00,2025-08-15,17,2025,8,15,Friday,False,summer,2125,206666,97.25458823529412,0.1010421936422181,214.71466148971365,360.5347645515316,-21.75381634658652,False,광복절,True,False,True,True,189367.0,185561.0,528242.0,527555.0,0.0,0.0,0.0,0.0,14.0,13.0,1.0,8.0,4,52.0,22,0,True,True,False,True,맑음,29.0,77,24.6,34.1,0.0,0.0,0.0,0.0,0,1014.3,1010.5,0,0,0,0,10.0,244,27.0,439.0,321.0,118.0,3600.0,1,offday,test,-0.9659258262890683,-0.25881904510252063,-0.8660254037844384,-0.5000000000000004,True,360.50408564791906,0.030678903612567865,special_case
2025-03-15 17:00:00,2025-03-15,17,2025,3,15,Saturday,True,spring,2328,202009,86.77362542955326,0.1056648495856345,245.98776983535717,360.94773889882487,-8.573041992105516,True,,False,False,True,True,187761.0,184245.0,547784.0,544089.0,0.0,0.0,0.0,0.0,0.0,0.0,0.0,0.0,4,52.0,22,0,True,True,False,False,약한 이슬비,14.1,43,1.7,11.6,0.1,0.1,0.0,0.0,51,1019.3,1015.3,100,0,100,99,4.8,112,11.9,127.0,3.0,124.0,0.0,1,offday,test,-0.9659258262890683,-0.25881904510252063,1.0,6.123233995736766e-17,True,360.5347645515316,0.4129743472932432,special_case
2022-05-15 20:00:00,2022-05-15,20,2022,5,15,Sunday,True,spring,3542,338077,95.44805194805195,0.0570144493127863,201.94517946588925,361.2140014682169,-103.79334481608782,True,,False,False,True,True,,,352619.0,240426.0,0.0,0.0,0.0,0.0,0.0,0.0,0.0,0.0,4,52.0,22,0,False,True,False,False,맑음,13.9,46,2.6,10.7,0.0,0.0,0.0,0.0,0,1012.3,1008.3,0,0,0,0,10.8,255,25.2,10.0,1.0,9.0,0.0,1,offday,train,-0.8660254037844386,0.5000000000000001,0.49999999999999994,-0.8660254037844387,True,360.94773889882487,0.2662625693920404,special_case
2022-09-04 12:00:00,2022-09-04,12,2022,9,4,Sunday,True,fall,3837,315442,82.21058118321605,0.0738136969525007,283.2231552067453,361.4364071052475,96.328586467715,True,,False,False,True,True,,,203808.0,301768.0,0.0,0.0,0.0,0.0,0.0,0.0,0.0,0.0,4,52.0,22,0,False,True,False,False,약한 이슬비,24.0,82,20.8,24.7,0.1,0.1,0.0,0.0,51,1008.9,1005.1,100,12,72,100,23.9,127,41.0,266.0,14.0,252.0,0.0,1,offday,train,1.2246467991473532e-16,-1.0,-1.0,-1.8369701987210297e-16,True,361.2140014682169,0.22240563703059024,special_case
2025-08-30 17:00:00,2025-08-30,17,2025,8,30,Saturday,True,summer,2228,209123,93.8613105924596,0.1047704649595659,233.42859592991303,361.6731457199336,16.832254997242615,True,,False,False,True,True,189367.0,185561.0,528242.0,527555.0,0.0,0.0,0.0,0.0,13.0,13.0,0.0,6.0,4,52.0,22,0,True,True,False,True,맑음,30.0,64,22.6,34.2,0.0,0.0,0.0,0.0,0,1012.5,1008.7,0,0,0,0,7.8,236,19.4,409.0,310.0,99.0,3600.0,1,offday,test,-0.9659258262890683,-0.25881904510252063,-0.8660254037844384,-0.5000000000000004,True,361.4364071052475,0.23673861468608948,special_case
2025-10-04 15:00:00,2025-10-04,15,2025,10,4,Saturday,True,fall,2077,197587,95.1309581126625,0.1124759978651691,233.61264756595625,361.737685738134,31.550532867402467,True,,False,False,True,True,149178.0,147634.0,366698.0,410984.0,0.0,0.0,0.0,0.0,15.0,14.0,1.0,9.0,4,52.0,22,0,True,True,False,True,흐림,23.0,77,18.8,25.5,0.0,0.0,0.0,0.0,3,1013.2,1009.4,100,100,2,5,5.7,81,18.0,425.0,217.0,208.0,3600.0,1,offday,test,-0.7071067811865471,-0.7071067811865479,-0.8660254037844386,0.5000000000000001,True,361.6731457199336,0.06454001820043231,special_case
2022-06-25 16:00:00,2022-06-25,16,2022,6,25,Saturday,True,summer,2533,218309,86.18594551914725,0.1019931999973653,258.3487755933264,361.7419748035424,35.30094798699628,True,,False,False,True,True,,,324835.0,354235.0,0.0,0.0,0.0,0.0,0.0,0.0,0.0,0.0,4,52.0,22,0,False,True,False,False,맑음,27.8,77,23.5,31.3,0.0,0.0,0.0,0.0,0,1003.1,999.4,9,9,0,0,17.1,229,34.9,594.0,389.0,205.0,3600.0,1,offday,train,-0.8660254037844384,-0.5000000000000004,1.2246467991473532e-16,-1.0,True,361.737685738134,0.00428906540838625,special_case
2024-06-01 13:00:00,2024-06-01,13,2024,6,1,Saturday,True,summer,4711,340856,72.35321587773296,0.0663205601576762,312.4361589028129,362.22459772701006,84.05429259690277,True,,False,False,True,True,122281.0,117640.0,264558.0,388976.0,711.0,22861.0,2329499.06,653.0,0.0,0.0,0.0,0.0,4,52.0,22,0,True,True,True,False,맑음,24.8,37,8.9,23.9,0.0,0.0,0.0,0.0,0,1010.6,1006.8,1,0,1,0,16.0,314,34.6,889.0,682.0,207.0,3600.0,1,offday,valid,-0.2588190451025208,-0.9659258262890683,1.2246467991473532e-16,-1.0,True,361.7419748035424,0.4826229234676589,special_case
2024-10-01 13:00:00,2024-10-01,13,2024,10,1,Tuesday,False,fall,2312,186400,80.62283737024221,0.1201225009099709,277.7232221038527,362.3646306905657,47.75689278844948,False,임시공휴일,True,False,True,False,137374.0,134469.0,296007.0,431650.0,572.0,18249.0,1912569.37,476.0,0.0,0.0,0.0,0.0,4,52.0,22,0,True,True,True,False,흐림,16.9,81,13.6,15.8,0.0,0.0,0.0,0.0,3,1012.1,1008.2,100,10,100,100,15.1,306,30.2,166.0,0.0,166.0,0.0,1,offday,valid,-0.2588190451025208,-0.9659258262890683,-0.8660254037844386,0.5000000000000001,True,362.22459772701006,0.14003296355565453,special_case
2022-05-07 14:00:00,2022-05-07,14,2022,5,7,Saturday,True,spring,2686,233331,86.8693224125093,0.0977777335148833,262.6309922209767,362.414012084488,60.47560020232004,True,,False,False,True,True,,,246708.0,328829.0,0.0,0.0,0.0,0.0,0.0,0.0,0.0,0.0,4,52.0,22,0,False,True,False,False,대체로 맑음,22.8,19,-2.3,18.7,0.0,0.0,0.0,0.0,1,1016.4,1012.5,34,0,0,34,21.9,319,42.5,873.0,679.0,194.0,3600.0,1,offday,train,-0.4999999999999998,-0.8660254037844388,0.49999999999999994,-0.8660254037844387,True,362.3646306905657,0.049381393922260486,special_case
2023-10-28 15:00:00,2023-10-28,15,2023,10,28,Saturday,True,fall,2323,196979,84.79509255273354,0.1124759978651691,261.28174304078783,362.4216292041119,29.771732333390105,True,,False,False,True,True,143101.0,142544.0,352489.0,399129.0,0.0,0.0,0.0,0.0,0.0,0.0,0.0,0.0,4,52.0,22,0,True,True,False,False,맑음,17.9,45,5.7,16.3,0.0,0.0,0.0,0.0,0,1017.8,1013.9,0,0,0,0,3.5,294,11.5,459.0,347.0,112.0,3600.0,1,offday,train,-0.7071067811865471,-0.7071067811865479,-0.8660254037844386,0.5000000000000001,True,362.414012084488,0.007617119623944291,special_case
2023-05-29 16:00:00,2023-05-29,16,2023,5,29,Monday,False,spring,2377,199768,84.04206983592763,0.1055049249323951,250.78520656430325,362.5857077905451,-30.242501332847837,False,대체공휴일,True,True,True,True,157452.0,158753.0,397206.0,406437.0,894.0,31424.0,3613760.88,863.0,0.0,0.0,0.0,0.0,4,52.0,22,0,True,True,True,False,맑음,27.6,61,19.5,30.4,0.0,0.0,0.0,0.0,0,1009.3,1005.5,13,10,4,0,8.7,85,22.7,608.0,414.0,194.0,3600.0,1,offday,train,-0.8660254037844384,-0.5000000000000004,0.49999999999999994,-0.8660254037844387,True,362.4216292041119,0.1640785864331633,special_case
2024-08-10 16:00:00,2024-08-10,16,2024,8,10,Saturday,True,summer,2401,219687,91.4981257809246,0.1019931999973653,244.8856731936742,362.77253228503696,36.12604328967552,True,,False,False,True,True,156726.0,156151.0,394300.0,429929.0,416.0,10005.0,991797.47,373.0,0.0,0.0,0.0,0.0,4,52.0,22,0,True,True,True,False,약한 이슬비,31.5,68,24.9,37.1,0.3,0.3,0.0,0.0,51,1002.0,998.3,53,6,34,25,9.7,207,22.0,600.0,413.0,187.0,3600.0,1,offday,valid,-0.8660254037844384,-0.5000000000000004,-0.8660254037844384,-0.5000000000000004,True,362.5857077905451,0.18682449449187288,special_case
2025-08-24 16:00:00,2025-08-24,16,2025,8,24,Sunday,True,summer,2101,221339,105.34935744883389,0.1019931999973653,214.2877131944646,362.8079777476792,37.69209359902652,True,,False,False,True,True,158565.0,159279.0,412716.0,443693.0,0.0,0.0,0.0,0.0,13.0,13.0,0.0,7.0,4,52.0,22,0,True,True,False,True,맑음,33.3,53,22.5,37.2,0.0,0.0,0.0,0.0,0,1010.1,1006.4,10,2,9,0,10.2,236,25.6,583.0,462.0,121.0,3600.0,1,offday,test,-0.8660254037844384,-0.5000000000000004,-0.8660254037844384,-0.5000000000000004,True,362.77253228503696,0.03544546264225801,special_case
2024-11-02 17:00:00,2024-11-02,17,2024,11,2,Saturday,True,fall,2508,208239,83.02990430622009,0.1019646238147499,255.72727652739275,362.89589619961623,-24.58641358099908,True,,False,False,True,True,195517.0,188589.0,559854.0,542098.0,0.0,0.0,0.0,0.0,0.0,0.0,0.0,0.0,4,52.0,22,0,True,True,False,False,대체로 맑음,19.3,74,14.5,20.0,0.0,0.0,0.0,0.0,1,1018.8,1014.9,37,37,5,0,5.5,23,9.4,115.0,57.0,58.0,3600.0,1,offday,valid,-0.9659258262890683,-0.25881904510252063,-0.5000000000000004,0.8660254037844384,True,362.8079777476792,0.0879184519370142,special_case
2023-06-11 18:00:00,2023-06-11,18,2023,6,11,Sunday,True,summer,2376,212929,89.61658249158249,0.1010593940343581,240.11712022563484,362.99366770462984,-5.560281882875643,True,,False,False,True,True,218649.0,207430.0,640457.0,629108.0,861.0,28250.0,3452033.7,856.0,0.0,0.0,0.0,0.0,4,52.0,22,0,True,True,True,False,맑음,23.5,69,17.5,25.7,0.0,0.0,0.0,0.0,0,1004.4,1000.6,8,5,0,3,3.5,24,13.3,298.0,170.0,128.0,3600.0,1,offday,train,-1.0,-1.8369701987210297e-16,1.2246467991473532e-16,-1.0,True,362.89589619961623,0.0977715050136112,special_case
2023-07-08 15:00:00,2023-07-08,15,2023,7,8,Saturday,True,summer,2528,245536,97.126582278481,0.0935275965658001,236.4377641183428,363.13130078083094,54.63975468366317,True,,False,False,True,True,130983.0,128264.0,308704.0,371026.0,0.0,0.0,0.0,0.0,0.0,0.0,0.0,0.0,4,52.0,22,0,True,True,False,False,부분적으로 흐림,28.4,69,22.1,32.1,0.0,0.0,0.0,0.0,2,1001.4,997.7,67,67,0,0,9.2,159,22.3,497.0,163.0,334.0,3600.0,1,offday,train,-0.7071067811865471,-0.7071067811865479,-0.4999999999999998,-0.8660254037844388,True,362.99366770462984,0.137633076201098,special_case
2024-03-16 17:00:00,2024-03-16,17,2024,3,16,Saturday,True,spring,2414,203456,84.28169014084507,0.1056648495856345,255.07494689972177,363.18663723045415,-9.185630998760644,True,,False,False,True,True,181901.0,179303.0,542064.0,544644.0,711.0,23496.0,2755762.17,853.0,0.0,0.0,0.0,0.0,4,52.0,22,0,True,True,True,False,대체로 맑음,14.9,33,-1.1,10.7,0.0,0.0,0.0,0.0,1,1018.3,1014.3,27,0,27,1,12.6,246,21.6,248.0,67.0,181.0,3080.53,1,offday,valid,-0.9659258262890683,-0.25881904510252063,1.0,6.123233995736766e-17,True,363.13130078083094,0.05533644962321205,special_case
2023-07-02 19:00:00,2023-07-02,19,2023,7,2,Sunday,True,summer,2178,228384,104.8595041322314,0.0912420622822565,198.72521165075483,363.2903288963035,-27.42525645068565,True,,False,False,True,True,158476.0,169537.0,441510.0,480912.0,0.0,0.0,0.0,0.0,0.0,0.0,0.0,0.0,4,52.0,22,0,True,True,False,False,흐림,26.0,84,23.1,29.9,0.0,0.0,0.0,0.0,3,1007.9,1004.1,86,4,23,85,11.5,272,19.8,82.0,3.0,79.0,0.0,1,offday,train,-0.9659258262890684,0.2588190451025203,-0.4999999999999998,-0.8660254037844388,True,363.18663723045415,0.10369166584933964,special_case
2022-07-17 15:00:00,2022-07-17,15,2022,7,17,Sunday,True,summer,2422,246742,101.87530966143684,0.0935275965658001,226.52383888236795,363.4305030847937,55.16111689919251,True,,False,False,True,True,,,281479.0,334587.0,0.0,0.0,0.0,0.0,0.0,0.0,0.0,0.0,4,52.0,22,0,False,True,False,False,흐림,26.8,75,21.9,29.9,0.0,0.0,0.0,0.0,3,999.7,996.0,81,13,3,77,12.0,249,24.1,561.0,202.0,359.0,3600.0,1,offday,train,-0.7071067811865471,-0.7071067811865479,-0.4999999999999998,-0.8660254037844388,True,363.2903288963035,0.14017418849022079,special_case
2022-04-24 20:00:00,2022-04-24,20,2022,4,24,Sunday,True,spring,3199,335005,104.72178805876835,0.0570144493127863,182.3892233516035,363.8669109338411,-102.28547823055192,True,,False,False,True,True,,,302873.0,211185.0,0.0,0.0,0.0,0.0,0.0,0.0,0.0,0.0,4,52.0,22,0,False,True,False,False,흐림,12.9,94,11.9,12.3,0.0,0.0,0.0,0.0,3,1011.5,1007.5,100,100,0,0,8.9,223,17.3,1.0,0.0,1.0,0.0,1,offday,train,-0.8660254037844386,0.5000000000000001,0.8660254037844387,-0.49999999999999983,True,363.4305030847937,0.4364078490473844,special_case
2022-04-30 15:00:00,2022-04-30,15,2022,4,30,Saturday,True,spring,2571,207659,80.76973940101128,0.1077131147753142,276.930418087333,363.95097128668726,38.73540846174444,True,,False,False,True,True,,,247697.0,292531.0,0.0,0.0,0.0,0.0,0.0,0.0,0.0,0.0,4,52.0,22,0,False,True,False,False,흐림,13.9,61,6.6,10.3,0.0,0.0,0.0,0.0,3,1016.6,1012.6,100,1,100,100,18.4,264,37.8,146.0,0.0,146.0,0.0,1,offday,train,-0.7071067811865471,-0.7071067811865479,0.8660254037844387,-0.49999999999999983,True,363.8669109338411,0.08406035284616564,special_case
2024-09-01 15:00:00,2024-09-01,15,2024,9,1,Sunday,True,fall,2183,198453,90.90838295923042,0.1124759978651691,245.53510333966415,364.0130550245539,31.043179238681432,True,,False,False,True,True,138586.0,141284.0,321614.0,389738.0,452.0,13060.0,1478147.8,396.0,0.0,0.0,0.0,0.0,4,52.0,22,0,True,True,True,False,대체로 맑음,28.4,53,18.0,30.6,0.0,0.0,0.0,0.0,1,1006.6,1002.8,42,0,0,42,12.0,231,25.9,734.0,608.0,126.0,3600.0,1,offday,valid,-0.7071067811865471,-0.7071067811865479,-1.0,-1.8369701987210297e-16,True,363.95097128668726,0.062083737866657884,special_case
2024-06-29 18:00:00,2024-06-29,18,2024,6,29,Saturday,True,summer,2152,213045,98.9986059479554,0.1010593940343581,217.4798159619386,364.0275038241316,-4.1015252651692435,True,,False,False,True,True,208191.0,204607.0,622922.0,652074.0,294.0,5337.0,670980.34,554.0,0.0,0.0,0.0,0.0,4,52.0,22,0,True,True,True,False,약한 이슬비,26.8,71,21.1,28.5,0.2,0.2,0.0,0.0,51,999.8,996.0,100,5,100,100,18.4,176,34.2,31.0,0.0,31.0,0.0,1,offday,valid,-1.0,-1.8369701987210297e-16,1.2246467991473532e-16,-1.0,True,364.0130550245539,0.014448799577678528,special_case
2025-08-16 14:00:00,2025-08-16,14,2025,8,16,Saturday,True,summer,2622,294606,112.35926773455378,0.0809922881834863,212.3617796171011,364.1098533138802,72.76501774667179,True,,False,False,True,True,127692.0,124172.0,294888.0,387874.0,0.0,0.0,0.0,0.0,14.0,13.0,1.0,8.0,4,52.0,22,0,True,True,False,True,흐림,30.4,66,23.4,35.5,0.0,0.0,0.0,0.0,3,1013.2,1009.4,100,56,2,99,13.6,230,31.3,796.0,642.0,154.0,3600.0,1,offday,test,-0.4999999999999998,-0.8660254037844388,-0.8660254037844384,-0.5000000000000004,True,364.0275038241316,0.08234948974859435,special_case
2022-08-14 17:00:00,2022-08-14,17,2022,8,14,Sunday,True,summer,4129,208604,50.52167595059336,0.1047704649595659,432.597249818048,364.258967873755,9.655809669581744,True,,False,False,True,True,,,452968.0,432382.0,0.0,0.0,0.0,0.0,0.0,0.0,0.0,0.0,4,52.0,22,0,False,True,False,False,흐림,28.0,84,25.1,33.1,0.0,0.0,0.0,0.0,3,1004.9,1001.1,100,14,0,100,12.0,231,22.3,206.0,13.0,193.0,0.0,1,offday,train,-0.9659258262890683,-0.25881904510252063,-0.8660254037844384,-0.5000000000000004,True,364.1098533138802,0.1491145598748176,special_case
2025-06-08 20:00:00,2025-06-08,20,2025,6,8,Sunday,True,summer,2482,263165,106.02941176470588,0.0768858847850752,190.83076603655664,364.5632561271633,-54.32505031498488,True,,False,False,True,True,111537.0,113196.0,396301.0,280771.0,0.0,0.0,0.0,0.0,10.0,10.0,0.0,3.0,4,52.0,22,0,True,True,False,True,부분적으로 흐림,24.2,69,18.1,26.5,0.0,0.0,0.0,0.0,2,1007.1,1003.3,71,0,0,71,5.2,250,19.4,24.0,5.0,19.0,198.88,1,offday,test,-0.8660254037844386,0.5000000000000001,1.2246467991473532e-16,-1.0,True,364.258967873755,0.3042882534082878,special_case
2024-08-17 16:00:00,2024-08-17,16,2024,8,17,Saturday,True,summer,2234,221744,99.25872873769023,0.1019931999973653,227.8528087941142,364.5652142808965,37.23543617215756,True,,False,False,True,True,156726.0,156151.0,394300.0,429929.0,414.0,10796.0,1232386.84,367.0,0.0,0.0,0.0,0.0,4,52.0,22,0,True,True,True,False,약한 이슬비,29.6,78,25.3,35.9,0.1,0.1,0.0,0.0,51,1009.3,1005.6,28,1,23,5,4.3,318,18.7,508.0,330.0,178.0,3600.0,1,offday,valid,-0.8660254037844384,-0.5000000000000004,-0.8660254037844384,-0.5000000000000004,True,364.5632561271633,0.001958153733198742,special_case
2023-04-09 18:00:00,2023-04-09,18,2023,4,9,Sunday,True,spring,2855,227135,79.5569176882662,0.093388398805632,266.6238785900795,364.9538265336446,-39.70171683627018,True,,False,False,True,True,217630.0,205218.0,656393.0,636217.0,794.0,24887.0,2899959.76,923.0,0.0,0.0,0.0,0.0,4,52.0,22,0,True,True,True,False,맑음,12.1,56,3.5,8.1,0.0,0.0,0.0,0.0,0,1017.1,1013.1,0,0,0,0,16.8,225,38.2,207.0,116.0,91.0,3600.0,1,offday,train,-1.0,-1.8369701987210297e-16,0.8660254037844387,-0.49999999999999983,True,364.5652142808965,0.3886122527480893,special_case
2025-05-04 19:00:00,2025-05-04,19,2025,5,4,Sunday,True,spring,3130,269269,86.02843450479233,0.0761098888961958,238.223952245093,365.0282766166936,-70.75090549313569,True,,False,False,True,True,156142.0,160509.0,472948.0,469754.0,0.0,0.0,0.0,0.0,4.0,4.0,0.0,2.0,4,52.0,22,0,True,True,False,True,맑음,12.9,67,7.0,10.6,0.0,0.0,0.0,0.0,0,1012.1,1008.1,0,0,0,0,11.1,257,30.2,90.0,34.0,56.0,3600.0,1,offday,test,-0.9659258262890684,0.2588190451025203,0.49999999999999994,-0.8660254037844387,True,364.9538265336446,0.07445008304898693,special_case
2025-06-22 21:00:00,2025-06-22,21,2025,6,22,Sunday,True,summer,2907,322514,110.9439284485724,0.0603261742431433,175.36818852481773,365.1404922141664,-83.57347438318891,True,,False,False,True,True,103427.0,103912.0,430010.0,240734.0,0.0,0.0,0.0,0.0,12.0,12.0,0.0,3.0,4,52.0,22,0,True,True,False,True,맑음,20.2,88,18.1,22.5,0.0,0.0,0.0,0.0,0,1007.3,1003.4,0,0,0,0,5.0,226,11.2,0.0,0.0,0.0,0.0,1,offday,test,-0.7071067811865477,0.7071067811865474,1.2246467991473532e-16,-1.0,True,365.0282766166936,0.11221559747281162,special_case
2022-09-17 19:00:00,2022-09-17,19,2022,9,17,Saturday,True,fall,6267,326802,52.14648157012925,0.0671035658554383,420.5380472160319,365.49299214481584,-104.04580613261204,True,,False,False,True,True,,,386364.0,429821.0,0.0,0.0,0.0,0.0,0.0,0.0,0.0,0.0,4,52.0,22,0,False,True,False,False,맑음,23.5,91,22.0,27.5,0.0,0.0,0.0,0.0,0,1007.2,1003.4,2,0,0,2,6.3,294,10.4,14.0,4.0,10.0,143.74,1,offday,train,-0.9659258262890684,0.2588190451025203,-1.0,-1.8369701987210297e-16,True,365.1404922141664,0.35249993064945784,special_case
2024-07-13 17:00:00,2024-07-13,17,2024,7,13,Saturday,True,summer,2318,211380,91.190681622088,0.1047704649595659,242.85793777627396,365.7597437730992,16.638752317417186,True,,False,False,True,True,190159.0,186188.0,538213.0,531929.0,535.0,15659.0,1834542.83,488.0,0.0,0.0,0.0,0.0,4,52.0,22,0,True,True,True,False,보통 이슬비,27.7,79,23.8,32.1,0.6,0.6,0.0,0.0,53,1004.9,1001.1,80,4,17,75,10.4,314,24.8,368.0,198.0,170.0,3600.0,1,offday,valid,-0.9659258262890683,-0.25881904510252063,-0.4999999999999998,-0.8660254037844388,True,365.49299214481584,0.26675162828337307,special_case
2025-10-25 14:00:00,2025-10-25,14,2025,10,25,Saturday,True,fall,2385,218198,91.48763102725368,0.1053558771818858,251.27376707879776,365.8891174550098,55.10072230469052,True,,False,False,True,True,134540.0,131055.0,316720.0,400504.0,0.0,0.0,0.0,0.0,19.0,18.0,1.0,7.0,4,52.0,22,0,True,True,False,True,흐림,16.9,58,8.6,15.2,0.0,0.0,0.0,0.0,3,1021.2,1017.2,100,16,0,100,9.2,334,23.8,526.0,369.0,157.0,3600.0,1,offday,test,-0.4999999999999998,-0.8660254037844388,-0.8660254037844386,0.5000000000000001,True,365.7597437730992,0.12937368191057885,special_case
2024-09-21 12:00:00,2024-09-21,12,2024,9,21,Saturday,True,fall,4008,316973,79.08507984031937,0.0738136969525007,295.8452973856229,366.0474315466628,97.03614321707624,True,,False,False,True,True,118989.0,114781.0,234418.0,344657.0,413.0,11114.0,1152120.56,339.0,0.0,0.0,0.0,0.0,4,52.0,22,0,True,True,True,False,보통 이슬비,19.8,84,17.0,19.3,0.9,0.9,0.0,0.0,53,1008.9,1005.0,100,99,89,25,20.1,63,36.4,171.0,12.0,159.0,0.0,1,offday,valid,1.2246467991473532e-16,-1.0,-1.0,-1.8369701987210297e-16,True,365.8891174550098,0.15831409165298282,special_case
2024-09-07 17:00:00,2024-09-07,17,2024,9,7,Saturday,True,fall,4533,215429,47.524597396867414,0.1019646238147499,462.20563975226133,366.1022823964626,-33.6142737656495,True,,False,False,True,True,177953.0,178514.0,487048.0,505092.0,824.0,29238.0,2999963.28,717.0,0.0,0.0,0.0,0.0,4,52.0,22,0,True,True,True,False,맑음,28.1,62,20.3,30.9,0.0,0.0,0.0,0.0,0,1012.6,1008.8,5,5,0,0,8.8,251,16.2,378.0,281.0,97.0,3600.0,1,offday,valid,-0.9659258262890683,-0.25881904510252063,-1.0,-1.8369701987210297e-16,True,366.0474315466628,0.05485084979983412,special_case
2024-10-01 15:00:00,2024-10-01,15,2024,10,1,Tuesday,False,fall,2312,186400,80.62283737024221,0.1159356419712001,268.0432042374148,366.24900970398625,-14.927912650627718,False,임시공휴일,True,False,True,False,151361.0,152876.0,372698.0,420149.0,844.0,28068.0,2972007.39,740.0,0.0,0.0,0.0,0.0,4,52.0,22,0,True,True,True,False,흐림,18.5,71,13.1,17.7,0.0,0.0,0.0,0.0,3,1011.0,1007.1,100,8,0,100,12.0,294,25.2,458.0,239.0,219.0,3600.0,1,offday,valid,-0.7071067811865471,-0.7071067811865479,-0.8660254037844386,0.5000000000000001,True,366.1022823964626,0.1467273075236335,special_case
2023-07-01 15:00:00,2023-07-01,15,2023,7,1,Saturday,True,summer,2589,247330,95.53109308613364,0.0935275965658001,242.1429475088566,366.3176240088383,54.94811775338161,True,,False,False,True,True,130983.0,128264.0,308704.0,371026.0,0.0,0.0,0.0,0.0,0.0,0.0,0.0,0.0,4,52.0,22,0,True,True,False,False,맑음,30.7,66,23.7,36.8,0.0,0.0,0.0,0.0,0,1005.0,1001.3,1,0,1,0,8.1,257,18.7,780.0,593.0,187.0,3600.0,1,offday,train,-0.7071067811865471,-0.7071067811865479,-0.4999999999999998,-0.8660254037844388,True,366.24900970398625,0.0686143048520762,special_case
2025-10-12 15:00:00,2025-10-12,15,2025,10,12,Sunday,True,fall,1965,200707,102.1409669211196,0.1124759978651691,221.01533580505728,366.4187378350643,33.01353264248485,True,,False,False,True,True,149178.0,147634.0,366698.0,410984.0,0.0,0.0,0.0,0.0,14.0,13.0,1.0,7.0,4,52.0,22,0,True,True,False,True,약한 이슬비,21.6,71,16.2,22.1,0.1,0.1,0.0,0.0,51,1013.4,1009.5,100,100,100,2,11.5,93,24.8,257.0,62.0,195.0,1410.28,1,offday,test,-0.7071067811865471,-0.7071067811865479,-0.8660254037844386,0.5000000000000001,True,366.3176240088383,0.1011138262259692,special_case
2023-06-17 13:00:00,2023-06-17,13,2023,6,17,Saturday,True,summer,3966,358951,90.50706001008572,0.0663205601576762,263.0273415853441,366.5388028847193,87.39228697776059,True,,False,False,True,True,120185.0,113904.0,249942.0,367950.0,531.0,14288.0,1566083.52,534.0,0.0,0.0,0.0,0.0,4,52.0,22,0,True,True,True,False,흐림,27.3,47,15.1,29.6,0.0,0.0,0.0,0.0,3,1013.4,1009.6,100,0,0,100,9.4,266,22.7,884.0,665.0,219.0,3600.0,1,offday,train,-0.2588190451025208,-0.9659258262890683,1.2246467991473532e-16,-1.0,True,366.4187378350643,0.12006504965501108,special_case
2023-10-28 16:00:00,2023-10-28,16,2023,10,28,Saturday,True,fall,2323,196979,84.79509255273354,0.1113266708276356,258.61185633259765,366.5869396831956,4.165310479083701,True,,False,False,True,True,167258.0,165845.0,428915.0,434112.0,0.0,0.0,0.0,0.0,0.0,0.0,0.0,0.0,4,52.0,22,0,True,True,False,False,맑음,17.4,45,5.4,15.7,0.0,0.0,0.0,0.0,0,1017.8,1013.9,0,0,0,0,3.6,315,11.2,311.0,216.0,95.0,3600.0,1,offday,train,-0.8660254037844384,-0.5000000000000004,-0.8660254037844386,0.5000000000000001,True,366.5388028847193,0.04813679847632102,special_case
2024-06-23 20:00:00,2024-06-23,20,2024,6,23,Sunday,True,summer,2575,265375,103.05825242718448,0.0768858847850752,197.98115332156863,366.58888091398865,-55.10876802214631,True,,False,False,True,True,111676.0,112065.0,388116.0,280230.0,600.0,16589.0,2197297.56,674.0,0.0,0.0,0.0,0.0,4,52.0,22,0,True,True,True,False,보통 이슬비,22.1,90,20.4,23.7,0.9,0.9,0.0,0.0,53,1000.7,996.9,100,100,99,100,17.2,259,27.7,20.0,1.0,19.0,0.0,1,offday,valid,-0.8660254037844386,0.5000000000000001,1.2246467991473532e-16,-1.0,True,366.5869396831956,0.0019412307930224415,special_case
2023-03-26 14:00:00,2023-03-26,14,2023,3,26,Sunday,True,spring,2982,233665,78.35848423876593,0.0977777335148833,291.5732013413822,367.2631796211334,59.8737936779703,True,,False,False,True,True,119986.0,114041.0,266347.0,344525.0,884.0,34670.0,3945046.14,760.0,0.0,0.0,0.0,0.0,4,52.0,22,0,True,True,True,False,맑음,12.9,17,-11.4,7.4,0.0,0.0,0.0,0.0,0,1017.1,1013.1,0,0,0,0,23.2,313,44.3,819.0,667.0,152.0,3600.0,1,offday,train,-0.4999999999999998,-0.8660254037844388,1.0,6.123233995736766e-17,True,366.58888091398865,0.6742987071447715,special_case
2022-07-16 18:00:00,2022-07-16,18,2022,7,16,Saturday,True,summer,2359,215464,91.3370072064434,0.1010593940343581,238.3991105270507,367.4833080549,-5.3326407281367665,True,,False,False,True,True,,,645306.0,625086.0,0.0,0.0,0.0,0.0,0.0,0.0,0.0,0.0,4,52.0,22,0,False,True,False,False,대체로 맑음,25.6,75,21.0,28.6,0.0,0.0,0.0,0.0,1,997.9,994.1,47,26,21,9,9.7,266,21.2,291.0,171.0,120.0,3600.0,1,offday,train,-1.0,-1.8369701987210297e-16,-0.4999999999999998,-0.8660254037844388,True,367.2631796211334,0.22012843376660385,special_case
2023-08-13 16:00:00,2023-08-13,16,2023,8,13,Sunday,True,summer,2121,224316,105.75954738330977,0.1019931999973653,216.3275771944119,367.6178173992502,38.232659717580646,True,,False,False,True,True,148198.0,149097.0,361345.0,391659.0,0.0,0.0,0.0,0.0,0.0,0.0,0.0,0.0,4,52.0,22,0,True,True,False,False,흐림,29.9,65,22.5,34.4,0.0,0.0,0.0,0.0,3,1004.0,1000.3,98,11,18,97,4.9,197,14.0,293.0,34.0,259.0,0.0,1,offday,train,-0.8660254037844384,-0.5000000000000004,-0.8660254037844384,-0.5000000000000004,True,367.4833080549,0.13450934435019235,special_case
2023-10-14 17:00:00,2023-10-14,17,2023,10,14,Saturday,True,fall,3352,215087,64.1667661097852,0.1019646238147499,341.7854190270417,367.7004125512015,-31.649125766080203,True,,False,False,True,True,192091.0,182164.0,545967.0,518680.0,0.0,0.0,0.0,0.0,0.0,0.0,0.0,0.0,4,52.0,22,0,True,True,False,False,대체로 맑음,16.3,80,12.9,16.8,0.0,0.0,0.0,0.0,1,1008.8,1004.9,24,8,17,6,3.0,166,9.7,185.0,106.0,79.0,3600.0,1,offday,train,-0.9659258262890683,-0.25881904510252063,-0.8660254037844386,0.5000000000000001,True,367.6178173992502,0.08259515195129552,special_case
2022-06-06 13:00:00,2022-06-06,13,2022,6,6,Monday,False,summer,2874,255140,88.77522616562283,0.0919203898842977,264.1792005274718,367.7734764711753,72.82695040683797,False,현충일,True,False,True,True,,,217587.0,326187.0,0.0,0.0,0.0,0.0,0.0,0.0,0.0,0.0,4,52.0,22,0,False,True,False,False,흐림,19.7,63,12.4,17.6,0.0,0.0,0.0,0.0,3,1001.3,997.5,100,1,3,100,19.7,69,36.4,454.0,154.0,300.0,2991.86,1,offday,train,-0.2588190451025208,-0.9659258262890683,1.2246467991473532e-16,-1.0,True,367.7004125512015,0.07306391997377659,special_case
2023-10-22 18:00:00,2023-10-22,18,2023,10,22,Sunday,True,fall,2336,238091,101.92251712328768,0.0862061061335171,201.3774639278961,367.802423507934,-52.09247440367494,True,,False,False,True,True,226264.0,209395.0,676099.0,661603.0,0.0,0.0,0.0,0.0,0.0,0.0,0.0,0.0,4,52.0,22,0,True,True,False,False,흐림,14.4,83,11.6,13.8,0.0,0.0,0.0,0.0,3,1021.8,1017.8,100,5,0,100,7.3,189,10.8,19.0,1.0,18.0,0.0,1,offday,train,-1.0,-1.8369701987210297e-16,-0.8660254037844386,0.5000000000000001,True,367.7734764711753,0.02894703675872279,special_case
2022-10-08 13:00:00,2022-10-08,13,2022,10,8,Saturday,True,fall,3141,253689,80.76695319961796,0.0915726254037753,287.6296163932585,367.8761770351697,76.16285738222575,True,,False,False,True,True,,,257977.0,384947.0,0.0,0.0,0.0,0.0,0.0,0.0,0.0,0.0,4,52.0,22,0,False,True,False,False,부분적으로 흐림,18.6,53,8.8,17.8,0.0,0.0,0.0,0.0,2,1024.8,1020.8,62,62,0,0,9.7,105,22.0,711.0,575.0,136.0,3600.0,1,offday,train,-0.2588190451025208,-0.9659258262890683,-0.8660254037844386,0.5000000000000001,True,367.802423507934,0.07375352723568085,special_case
2025-10-04 16:00:00,2025-10-04,16,2025,10,4,Saturday,True,fall,2077,197587,95.1309581126625,0.1113266708276356,231.22549530899929,368.0094309127959,6.2717451746618735,True,,False,False,True,True,169940.0,167366.0,450110.0,449807.0,0.0,0.0,0.0,0.0,15.0,14.0,1.0,9.0,4,52.0,22,0,True,True,False,True,흐림,23.4,77,19.0,26.0,0.0,0.0,0.0,0.0,3,1013.3,1009.5,100,100,23,98,5.3,52,14.8,189.0,33.0,156.0,228.39,1,offday,test,-0.8660254037844384,-0.5000000000000004,-0.8660254037844386,0.5000000000000001,True,367.8761770351697,0.13325387762620267,special_case
2022-03-27 16:00:00,2022-03-27,16,2022,3,27,Sunday,True,spring,2770,200490,72.37906137184116,0.1106643479569391,306.5402438407214,368.0982889348135,13.852986303437092,True,,False,False,True,True,,,275283.0,300149.0,0.0,0.0,0.0,0.0,0.0,0.0,0.0,0.0,4,52.0,22,0,False,True,False,False,맑음,10.4,28,-7.2,3.8,0.0,0.0,0.0,0.0,0,1014.9,1010.9,0,0,0,0,25.2,307,46.8,563.0,425.0,138.0,3600.0,1,offday,train,-0.8660254037844384,-0.5000000000000004,1.0,6.123233995736766e-17,True,368.0094309127959,0.08885802201763227,special_case
2024-06-29 17:00:00,2024-06-29,17,2024,6,29,Saturday,True,summer,2152,213045,98.9986059479554,0.1047704649595659,225.466040592986,368.1290290893008,17.817936998557684,True,,False,False,True,True,175070.0,174567.0,493672.0,512001.0,610.0,18339.0,1878318.49,611.0,0.0,0.0,0.0,0.0,4,52.0,22,0,True,True,True,False,흐림,30.0,53,19.3,30.6,0.0,0.0,0.0,0.0,3,1000.2,996.5,100,17,100,100,19.4,198,33.8,131.0,9.0,122.0,0.0,1,offday,valid,-0.9659258262890683,-0.25881904510252063,1.2246467991473532e-16,-1.0,True,368.0982889348135,0.03074015448726186,special_case
2024-07-14 16:00:00,2024-07-14,16,2024,7,14,Sunday,True,summer,2185,224403,102.70160183066362,0.1019931999973653,222.8551419942433,368.2952310338908,37.99037479788706,True,,False,False,True,True,156913.0,156910.0,398184.0,431743.0,499.0,15227.0,1853502.45,428.0,0.0,0.0,0.0,0.0,4,52.0,22,0,True,True,True,False,약한 비,29.2,69,23.0,33.8,2.3,2.3,0.0,0.0,61,1008.6,1004.8,53,1,11,47,7.1,75,25.2,560.0,370.0,190.0,3600.0,1,offday,valid,-0.8660254037844384,-0.5000000000000004,-0.4999999999999998,-0.8660254037844388,True,368.1290290893008,0.16620194459000004,special_case
2024-05-01 18:00:00,2024-05-01,18,2024,5,1,Wednesday,False,spring,2654,297262,112.00527505651846,0.0640026907500855,169.863141250727,368.4605429769405,-103.36707417033074,False,,False,False,False,False,217852.0,210414.0,677290.0,670152.0,1108.0,35307.0,4257839.97,1170.0,0.0,0.0,0.0,0.0,4,52.0,22,0,True,True,True,False,대체로 맑음,21.4,28,2.2,18.6,0.0,0.0,0.0,0.0,1,1011.6,1007.7,37,0,37,0,6.6,225,16.6,177.0,39.0,138.0,1476.58,1,weekday,valid,-1.0,-1.8369701987210297e-16,0.49999999999999994,-0.8660254037844387,True,368.2952310338908,0.16531194304968722,special_case
2025-07-12 19:00:00,2025-07-12,19,2025,7,12,Saturday,True,summer,2444,233011,95.3400163666121,0.0912420622822565,222.9956002178351,368.47228225352745,-29.33570725015494,True,,False,False,True,True,169368.0,180236.0,471291.0,488582.0,0.0,0.0,0.0,0.0,11.0,10.0,1.0,5.0,4,52.0,22,0,True,True,False,True,맑음,34.0,35,16.5,34.8,0.0,0.0,0.0,0.0,0,1005.9,1002.2,17,0,0,17,10.4,306,24.1,157.0,82.0,75.0,3600.0,1,offday,test,-0.9659258262890684,0.2588190451025203,-0.4999999999999998,-0.8660254037844388,True,368.4605429769405,0.011739276586979486,special_case
2023-05-07 12:00:00,2023-05-07,12,2023,5,7,Sunday,True,spring,3406,382650,112.3458602466236,0.0657770680274524,224.036693701503,368.52835881342224,103.76982307685472,True,,False,False,True,True,118937.0,111204.0,240041.0,344089.0,485.0,13593.0,1699592.83,437.0,0.0,0.0,0.0,0.0,4,52.0,22,0,True,True,True,False,흐림,15.2,54,6.1,12.9,0.0,0.0,0.0,0.0,3,1013.6,1009.6,100,0,100,100,9.2,45,17.6,268.0,7.0,261.0,0.0,1,offday,train,1.2246467991473532e-16,-1.0,0.49999999999999994,-0.8660254037844387,True,368.47228225352745,0.05607655989479099,special_case
2023-06-11 17:00:00,2023-06-11,17,2023,6,11,Sunday,True,summer,2376,212929,89.61658249158249,0.1047704649595659,248.9346247439288,368.5539495875055,16.52738234811892,True,,False,False,True,True,179698.0,173173.0,491849.0,481958.0,828.0,27144.0,3248305.73,862.0,0.0,0.0,0.0,0.0,4,52.0,22,0,True,True,True,False,맑음,23.2,71,17.6,25.2,0.0,0.0,0.0,0.0,0,1004.5,1000.7,18,12,0,7,5.1,51,17.3,429.0,251.0,178.0,3600.0,1,offday,train,-0.9659258262890683,-0.25881904510252063,1.2246467991473532e-16,-1.0,True,368.52835881342224,0.025590774083241286,special_case
2023-10-08 14:00:00,2023-10-08,14,2023,10,8,Sunday,True,fall,2403,219881,91.50270495214316,0.1053558771818858,253.17017286807172,368.70582812959174,55.527298067631875,True,,False,False,True,True,128103.0,125637.0,300223.0,395149.0,0.0,0.0,0.0,0.0,0.0,0.0,0.0,0.0,4,52.0,22,0,True,True,False,False,흐림,19.5,60,11.5,18.5,0.0,0.0,0.0,0.0,3,1023.0,1019.1,100,5,100,0,9.7,94,20.2,243.0,54.0,189.0,551.16,1,offday,train,-0.4999999999999998,-0.8660254037844388,-0.8660254037844386,0.5000000000000001,True,368.5539495875055,0.1518785420862514,special_case
2023-03-25 16:00:00,2023-03-25,16,2023,3,25,Saturday,True,spring,2492,201343,80.79574638844302,0.1106643479569391,275.77555510869234,368.8091675587109,15.93582747293101,True,,False,False,True,True,157768.0,160886.0,394615.0,414692.0,988.0,36828.0,4232084.76,1030.0,0.0,0.0,0.0,0.0,4,52.0,22,0,True,True,True,False,흐림,15.8,45,4.0,12.1,0.0,0.0,0.0,0.0,3,1016.7,1012.7,97,42,68,90,15.0,253,28.8,350.0,112.0,238.0,3600.0,1,offday,train,-0.8660254037844384,-0.5000000000000004,1.0,6.123233995736766e-17,True,368.70582812959174,0.10333942911915983,special_case
2022-06-18 15:00:00,2022-06-18,15,2022,6,18,Saturday,True,summer,2527,249817,98.85912148793037,0.0935275965658001,236.34423652177696,368.8975652343404,55.688718897948206,True,,False,False,True,True,,,265436.0,314411.0,0.0,0.0,0.0,0.0,0.0,0.0,0.0,0.0,4,52.0,22,0,False,True,False,False,흐림,26.4,64,19.0,27.6,0.0,0.0,0.0,0.0,3,1006.3,1002.5,97,34,0,96,14.8,227,32.0,414.0,88.0,326.0,1213.38,1,offday,train,-0.7071067811865471,-0.7071067811865479,1.2246467991473532e-16,-1.0,True,368.8091675587109,0.08839767562949419,special_case
2024-08-11 18:00:00,2024-08-11,18,2024,8,11,Sunday,True,summer,2164,215957,99.7952865064695,0.1010593940343581,218.6925286903509,369.0678308723999,-4.044595369652711,True,,False,False,True,True,228181.0,224001.0,658834.0,669015.0,563.0,16469.0,1597943.89,472.0,0.0,0.0,0.0,0.0,4,52.0,22,0,True,True,True,False,대체로 맑음,30.9,71,25.0,36.2,0.0,0.0,0.0,0.0,1,1002.0,998.3,25,8,13,9,9.3,257,18.0,258.0,163.0,95.0,3600.0,1,offday,valid,-1.0,-1.8369701987210297e-16,-0.8660254037844384,-0.5000000000000004,True,368.8975652343404,0.17026563805950445,special_case
2022-04-03 13:00:00,2022-04-03,13,2022,4,3,Sunday,True,spring,3371,283907,84.22040937407297,0.0829554972469645,279.6429812195176,369.1513191068077,81.24759859313707,True,,False,False,True,True,,,206340.0,299990.0,0.0,0.0,0.0,0.0,0.0,0.0,0.0,0.0,4,52.0,22,0,False,True,False,False,맑음,13.6,44,1.7,12.4,0.0,0.0,0.0,0.0,0,1028.7,1024.7,0,0,0,0,7.8,292,20.9,837.0,666.0,171.0,3600.0,1,offday,train,-0.2588190451025208,-0.9659258262890683,0.8660254037844387,-0.49999999999999983,True,369.0678308723999,0.08348823440780961,special_case
2024-05-19 20:00:00,2024-05-19,20,2024,5,19,Sunday,True,spring,3297,340677,103.32939035486808,0.0570144493127863,187.97663938425657,369.19047935165406,-104.09693247537336,True,,False,False,True,True,117506.0,117325.0,413868.0,299982.0,804.0,25788.0,3451867.44,943.0,0.0,0.0,0.0,0.0,4,52.0,22,0,True,True,True,False,맑음,16.5,84,13.8,16.2,0.0,0.0,0.0,0.0,0,1014.3,1010.4,3,0,0,3,9.8,276,12.2,11.0,2.0,9.0,0.0,1,offday,valid,-0.8660254037844386,0.5000000000000001,0.49999999999999994,-0.8660254037844387,True,369.1513191068077,0.03916024484635727,special_case
2022-06-19 19:00:00,2022-06-19,19,2022,6,19,Sunday,True,summer,2245,232355,103.4988864142539,0.0912420622822565,204.838429823666,369.32101523075335,-28.07998697015421,True,,False,False,True,True,,,375685.0,420065.0,0.0,0.0,0.0,0.0,0.0,0.0,0.0,0.0,4,52.0,22,0,False,True,False,False,부분적으로 흐림,24.0,79,20.1,26.6,0.0,0.0,0.0,0.0,2,1006.3,1002.5,64,9,61,0,8.4,260,22.7,104.0,22.0,82.0,788.86,1,offday,train,-0.9659258262890684,0.2588190451025203,1.2246467991473532e-16,-1.0,True,369.19047935165406,0.1305358790992841,special_case
2024-10-19 14:00:00,2024-10-19,14,2024,10,19,Saturday,True,fall,2506,219359,87.53351955307262,0.1053558771818858,264.02182821780593,369.3288212217242,54.96330069276979,True,,False,False,True,True,137145.0,135034.0,317937.0,400793.0,712.0,23322.0,2635737.47,720.0,0.0,0.0,0.0,0.0,4,52.0,22,0,True,True,True,False,약한 이슬비,20.5,61,12.7,19.4,0.1,0.1,0.0,0.0,51,1018.4,1014.5,50,26,46,0,13.5,65,27.0,426.0,231.0,195.0,3600.0,1,offday,valid,-0.4999999999999998,-0.8660254037844388,-0.8660254037844386,0.5000000000000001,True,369.32101523075335,0.007805990970837229,special_case
2024-09-01 16:00:00,2024-09-01,16,2024,9,1,Sunday,True,fall,2183,198453,90.90838295923042,0.1113266708276356,243.02612241672867,369.5110058160046,5.497950791450705,True,,False,False,True,True,157557.0,162508.0,383752.0,422775.0,566.0,18906.0,1980637.03,478.0,0.0,0.0,0.0,0.0,4,52.0,22,0,True,True,True,False,대체로 맑음,28.1,52,17.5,29.3,0.0,0.0,0.0,0.0,1,1006.4,1002.6,28,0,0,28,11.9,235,24.5,594.0,483.0,111.0,3600.0,1,offday,valid,-0.8660254037844384,-0.5000000000000004,-1.0,-1.8369701987210297e-16,True,369.3288212217242,0.18218459428044298,special_case
2025-03-15 16:00:00,2025-03-15,16,2025,3,15,Saturday,True,spring,2328,202009,86.77362542955326,0.1106643479569391,257.6266020437543,369.5207808909304,17.191510489845996,True,,False,False,True,True,163721.0,165454.0,444577.0,462072.0,0.0,0.0,0.0,0.0,0.0,0.0,0.0,0.0,4,52.0,22,0,True,True,False,False,흐림,14.9,38,0.6,12.2,0.0,0.0,0.0,0.0,3,1019.8,1015.8,100,0,100,100,4.2,72,16.6,337.0,137.0,200.0,3600.0,1,offday,test,-0.8660254037844384,-0.5000000000000004,1.0,6.123233995736766e-17,True,369.5110058160046,0.009775074925755689,special_case
2025-06-07 20:00:00,2025-06-07,20,2025,6,7,Saturday,True,summer,2609,267631,102.5799156765044,0.0768858847850752,200.5952734042612,369.5314724208974,-55.63222045135808,True,,False,False,True,True,111537.0,113196.0,396301.0,280771.0,0.0,0.0,0.0,0.0,11.0,10.0,1.0,3.0,4,52.0,22,0,True,True,False,True,흐림,21.3,80,17.8,22.9,0.0,0.0,0.0,0.0,3,1007.7,1003.9,100,100,0,100,8.0,243,22.3,16.0,1.0,15.0,0.0,1,offday,test,-0.8660254037844386,0.5000000000000001,1.2246467991473532e-16,-1.0,True,369.5207808909304,0.010691529967004954,special_case
2025-07-06 15:00:00,2025-07-06,15,2025,7,6,Sunday,True,summer,2222,253203,113.95274527452746,0.0935275965658001,207.81831956920792,369.6449609742228,57.16830140747112,True,,False,False,True,True,143189.0,141105.0,339393.0,392613.0,0.0,0.0,0.0,0.0,11.0,10.0,1.0,5.0,4,52.0,22,0,True,True,False,True,흐림,31.2,66,24.0,37.0,0.0,0.0,0.0,0.0,3,1003.8,1000.1,99,14,0,99,10.7,250,27.4,766.0,553.0,213.0,3600.0,1,offday,test,-0.7071067811865471,-0.7071067811865479,-0.4999999999999998,-0.8660254037844388,True,369.5314724208974,0.11348855332539642,special_case
2022-07-10 19:00:00,2022-07-10,19,2022,7,10,Sunday,True,summer,2215,232374,104.90925507900675,0.0912420622822565,202.10116795519832,369.6475373247606,-27.89797431780704,True,,False,False,True,True,,,401728.0,435098.0,0.0,0.0,0.0,0.0,0.0,0.0,0.0,0.0,4,52.0,22,0,False,True,False,False,흐림,27.1,76,22.5,31.4,0.0,0.0,0.0,0.0,3,1004.1,1000.3,100,1,97,100,6.4,313,17.6,81.0,4.0,77.0,0.0,1,offday,train,-0.9659258262890684,0.2588190451025203,-0.4999999999999998,-0.8660254037844388,True,369.6449609742228,0.0025763505378222362,special_case
2025-10-19 19:00:00,2025-10-19,19,2025,10,19,Sunday,True,fall,2856,295270,103.38585434173667,0.0671035658554383,191.6477840831318,369.67776093320026,-87.10082046555237,True,,False,False,True,True,154303.0,162380.0,451179.0,470255.0,0.0,0.0,0.0,0.0,19.0,17.0,2.0,11.0,4,52.0,22,0,True,True,False,True,맑음,11.9,74,7.4,9.0,0.0,0.0,0.0,0.0,0,1025.0,1021.0,1,0,0,1,15.3,321,34.6,0.0,0.0,0.0,0.0,1,offday,test,-0.9659258262890684,0.2588190451025203,-0.8660254037844386,0.5000000000000001,True,369.6475373247606,0.030223608439655436,special_case
2022-09-12 11:00:00,2022-09-12,11,2022,9,12,Monday,False,fall,2888,288719,99.97195290858726,0.0860138816247737,248.4080901323466,369.69288593916554,107.36222177510184,False,대체공휴일,True,True,True,True,,,174692.0,265622.0,0.0,0.0,0.0,0.0,0.0,0.0,0.0,0.0,4,52.0,22,0,False,True,False,False,흐림,25.5,71,19.8,29.4,0.0,0.0,0.0,0.0,3,1014.9,1011.1,100,21,0,100,3.1,111,13.3,651.0,490.0,161.0,3600.0,1,offday,train,0.258819045102521,-0.9659258262890682,-1.0,-1.8369701987210297e-16,True,369.67776093320026,0.015125005965273886,special_case
2023-04-02 20:00:00,2023-04-02,20,2023,4,2,Sunday,True,spring,3509,344368,98.13850099743516,0.0570144493127863,200.0637026385673,369.82427282523554,-105.54503790085118,True,,False,False,True,True,111154.0,111680.0,370753.0,274652.0,714.0,22555.0,2814432.31,872.0,0.0,0.0,0.0,0.0,4,52.0,22,0,True,True,True,False,맑음,17.5,25,-2.6,13.1,0.0,0.0,0.0,0.0,0,1020.1,1016.2,0,0,0,0,13.2,116,25.2,0.0,0.0,0.0,0.0,1,offday,train,-0.8660254037844386,0.5000000000000001,0.8660254037844387,-0.49999999999999983,True,369.69288593916554,0.13138688607000404,special_case
2023-10-29 18:00:00,2023-10-29,18,2023,10,29,Sunday,True,fall,2458,240441,97.81977217249796,0.0862061061335171,211.89460887618517,369.8734987835679,-53.23952399988468,True,,False,False,True,True,226264.0,209395.0,676099.0,661603.0,0.0,0.0,0.0,0.0,0.0,0.0,0.0,0.0,4,52.0,22,0,True,True,False,False,맑음,15.9,67,9.8,15.1,0.0,0.0,0.0,0.0,0,1020.9,1016.9,0,0,0,0,4.9,287,5.4,15.0,4.0,11.0,197.89,1,offday,train,-1.0,-1.8369701987210297e-16,-0.8660254037844386,0.5000000000000001,True,369.82427282523554,0.049225958332385744,special_case
2022-04-30 17:00:00,2022-04-30,17,2022,4,30,Saturday,True,spring,2571,207659,80.76973940101128,0.1056648495856345,271.66432828466634,370.1537535605429,-10.22716196819772,True,,False,False,True,True,,,413695.0,408748.0,0.0,0.0,0.0,0.0,0.0,0.0,0.0,0.0,4,52.0,22,0,False,True,False,False,흐림,12.4,73,7.8,9.8,0.0,0.0,0.0,0.0,3,1015.6,1011.6,100,1,100,100,14.3,260,27.7,80.0,0.0,80.0,0.0,1,offday,train,-0.9659258262890683,-0.25881904510252063,0.8660254037844387,-0.49999999999999983,True,369.8734987835679,0.2802547769749708,special_case
2022-05-28 20:00:00,2022-05-28,20,2022,5,28,Saturday,True,spring,6869,389759,56.74173824428592,0.0570144493127863,391.63225232952936,370.3649124950382,-124.04365727650172,True,,False,False,True,True,,,352619.0,240426.0,0.0,0.0,0.0,0.0,0.0,0.0,0.0,0.0,4,52.0,22,0,False,True,False,False,맑음,18.5,83,15.5,18.9,0.0,0.0,0.0,0.0,0,1005.3,1001.4,0,0,0,0,9.7,243,20.9,17.0,3.0,14.0,0.0,1,offday,train,-0.8660254037844386,0.5000000000000001,0.49999999999999994,-0.8660254037844387,True,370.1537535605429,0.21115893449530176,special_case
2025-07-05 15:00:00,2025-07-05,15,2025,7,5,Saturday,True,summer,2437,251741,103.29954862535904,0.0935275965658001,227.92675283085495,370.36654018768263,56.3514700778905,True,,False,False,True,True,143189.0,141105.0,339393.0,392613.0,0.0,0.0,0.0,0.0,12.0,11.0,1.0,6.0,4,52.0,22,0,True,True,False,True,부분적으로 흐림,30.2,66,23.3,35.1,0.0,0.0,0.0,0.0,2,1004.6,1000.9,79,15,0,75,13.0,228,31.3,752.0,548.0,204.0,3600.0,1,offday,test,-0.7071067811865471,-0.7071067811865479,-0.4999999999999998,-0.8660254037844388,True,370.3649124950382,0.0016276926444334094,special_case
2023-04-22 13:00:00,2023-04-22,13,2023,4,22,Saturday,True,spring,2993,291040,97.24022719679252,0.0829554972469645,248.28580326016495,370.47766996582914,83.27631478602257,True,,False,False,True,True,119997.0,113194.0,254833.0,374954.0,735.0,21832.0,2668653.8,689.0,0.0,0.0,0.0,0.0,4,52.0,22,0,True,True,True,False,흐림,18.5,15,-8.3,13.1,0.0,0.0,0.0,0.0,3,1020.6,1016.7,100,0,100,99,15.5,59,30.2,533.0,208.0,325.0,3600.0,1,offday,train,-0.2588190451025208,-0.9659258262890683,0.8660254037844387,-0.49999999999999983,True,370.36654018768263,0.11112977814650549,special_case
2025-10-18 20:00:00,2025-10-18,20,2025,10,18,Saturday,True,fall,3839,397366,103.50768429278456,0.0479786878750003,184.19018275212625,370.9908525949669,-126.59742144167468,True,,False,False,True,True,111806.0,112915.0,393680.0,283444.0,0.0,0.0,0.0,0.0,20.0,17.0,3.0,12.0,4,52.0,22,0,True,True,False,True,흐림,13.6,87,11.5,13.2,0.0,0.0,0.0,0.0,3,1022.9,1018.9,100,7,0,100,6.4,315,13.7,0.0,0.0,0.0,0.0,1,offday,test,-0.8660254037844386,0.5000000000000001,-0.8660254037844386,0.5000000000000001,True,370.47766996582914,0.5131826291377592,special_case
2024-04-21 14:00:00,2024-04-21,14,2024,4,21,Sunday,True,spring,2292,244049,106.47862129144852,0.0977777335148833,224.10656521611264,371.3926679864775,64.47258029815998,True,,False,False,True,True,121205.0,117543.0,291812.0,369919.0,788.0,30449.0,3363571.74,737.0,0.0,0.0,0.0,0.0,4,52.0,22,0,True,True,True,False,흐림,20.3,53,10.4,17.7,0.0,0.0,0.0,0.0,3,1010.9,1007.0,100,100,100,100,18.7,79,39.6,183.0,0.0,183.0,0.0,1,offday,valid,-0.4999999999999998,-0.8660254037844388,0.8660254037844387,-0.49999999999999983,True,370.9908525949669,0.4018153915105813,special_case
2022-06-25 18:00:00,2022-06-25,18,2022,6,25,Saturday,True,summer,2533,218309,86.18594551914725,0.1010593940343581,255.98344508902903,371.8054479274133,-6.329922525588131,True,,False,False,True,True,,,610509.0,603790.0,0.0,0.0,0.0,0.0,0.0,0.0,0.0,0.0,4,52.0,22,0,False,True,False,False,맑음,26.1,82,22.9,29.2,0.0,0.0,0.0,0.0,0,1004.0,1000.2,4,4,0,0,16.0,224,30.2,311.0,185.0,126.0,3600.0,1,offday,train,-1.0,-1.8369701987210297e-16,1.2246467991473532e-16,-1.0,True,371.3926679864775,0.4127799409358204,special_case
2025-09-18 13:00:00,2025-09-18,13,2025,9,18,Thursday,False,fall,2450,190691,77.8330612244898,0.1201225009099709,294.3001272294287,371.86027367578106,48.272391463319195,False,,False,False,False,False,131791.0,126324.0,275145.0,387702.0,0.0,0.0,0.0,0.0,20.0,19.0,1.0,10.0,4,52.0,22,0,True,True,False,True,맑음,24.5,61,16.5,25.4,0.0,0.0,0.0,0.0,0,1015.7,1011.9,15,12,5,0,14.8,96,35.6,704.0,542.0,162.0,3600.0,1,weekday,test,-0.2588190451025208,-0.9659258262890683,-1.0,-1.8369701987210297e-16,True,371.8054479274133,0.05482574836776166,special_case
2022-07-09 19:00:00,2022-07-09,19,2022,7,9,Saturday,True,summer,2527,235514,93.199050257222,0.0912420622822565,230.56869138726236,371.87330477256967,-29.997340407550382,True,,False,False,True,True,,,401728.0,435098.0,0.0,0.0,0.0,0.0,0.0,0.0,0.0,0.0,4,52.0,22,0,False,True,False,False,부분적으로 흐림,25.5,85,22.8,29.4,0.0,0.0,0.0,0.0,2,1002.3,998.5,78,7,3,76,10.0,244,22.3,149.0,73.0,76.0,3600.0,1,offday,train,-0.9659258262890684,0.2588190451025203,-0.4999999999999998,-0.8660254037844388,True,371.86027367578106,0.01303109678860892,special_case
2024-03-31 18:00:00,2024-03-31,18,2024,3,31,Sunday,True,spring,2464,228389,92.6903409090909,0.093388398805632,230.10901465707735,371.96231414496526,-36.9609179604297,True,,False,False,True,True,221746.0,211929.0,707570.0,699700.0,704.0,22658.0,2795747.87,908.0,0.0,0.0,0.0,0.0,4,52.0,22,0,True,True,True,False,대체로 맑음,12.9,44,0.8,10.1,0.0,0.0,0.0,0.0,1,1010.7,1006.7,25,0,25,0,5.3,332,13.3,178.0,88.0,90.0,3600.0,1,offday,valid,-1.0,-1.8369701987210297e-16,1.0,6.123233995736766e-17,True,371.87330477256967,0.08900937239559426,special_case
2024-03-16 16:00:00,2024-03-16,16,2024,3,16,Saturday,True,spring,2414,203456,84.28169014084507,0.1106643479569391,267.1437359680511,372.3722682292148,16.83048203313274,True,,False,False,True,True,152536.0,157578.0,416715.0,453586.0,909.0,32615.0,3756844.93,1021.0,0.0,0.0,0.0,0.0,4,52.0,22,0,True,True,True,False,흐림,15.6,34,-0.1,12.3,0.0,0.0,0.0,0.0,3,1018.4,1014.4,99,0,82,97,7.7,208,15.8,332.0,87.0,245.0,2787.16,1,offday,valid,-0.8660254037844384,-0.5000000000000004,1.0,6.123233995736766e-17,True,371.96231414496526,0.4099540842495344,special_case
2024-04-13 20:00:00,2024-04-13,20,2024,4,13,Saturday,True,spring,3291,343106,104.25584928593132,0.0570144493127863,187.63455268837984,372.3862339913022,-104.78552257349644,True,,False,False,True,True,115564.0,116509.0,393102.0,295432.0,757.0,25551.0,3113728.07,836.0,0.0,0.0,0.0,0.0,4,52.0,22,0,True,True,True,False,맑음,16.1,49,5.5,14.1,0.0,0.0,0.0,0.0,0,1017.2,1013.2,0,0,0,0,6.4,308,15.8,0.0,0.0,0.0,0.0,1,offday,valid,-0.8660254037844386,0.5000000000000001,0.8660254037844387,-0.49999999999999983,True,372.3722682292148,0.013965762087423172,special_case
2025-05-31 13:00:00,2025-05-31,13,2025,5,31,Saturday,True,spring,2982,292972,98.2468142186452,0.0829554972469645,247.37329279044835,372.4067288348984,83.82828538359416,True,,False,False,True,True,131842.0,124440.0,292232.0,438367.0,0.0,0.0,0.0,0.0,7.0,7.0,0.0,2.0,4,52.0,22,0,True,True,False,True,흐림,27.4,33,9.5,28.1,0.0,0.0,0.0,0.0,3,1011.2,1007.4,100,0,0,100,4.1,285,19.4,784.0,429.0,355.0,3600.0,1,offday,test,-0.2588190451025208,-0.9659258262890683,0.49999999999999994,-0.8660254037844387,True,372.3862339913022,0.020494843596168266,special_case
2022-07-16 17:00:00,2022-07-16,17,2022,7,16,Saturday,True,summer,2359,215464,91.3370072064434,0.1047704649595659,247.15352683961615,372.8159487830368,16.981755847081786,True,,False,False,True,True,,,467738.0,460501.0,0.0,0.0,0.0,0.0,0.0,0.0,0.0,0.0,4,52.0,22,0,False,True,False,False,약한 이슬비,26.4,73,21.1,29.3,0.1,0.1,0.0,0.0,51,997.4,993.7,88,16,6,85,10.5,264,24.1,472.0,303.0,169.0,3600.0,1,offday,train,-0.9659258262890683,-0.25881904510252063,-0.4999999999999998,-0.8660254037844388,True,372.4067288348984,0.4092199481384,special_case
2022-09-09 13:00:00,2022-09-09,13,2022,9,9,Friday,False,fall,2510,190848,76.03505976095617,0.1201225009099709,301.507477284027,372.9556193309655,47.912789979202614,False,추석,True,False,True,True,,,222483.0,326414.0,0.0,0.0,0.0,0.0,0.0,0.0,0.0,0.0,4,52.0,22,0,False,True,False,False,대체로 맑음,26.9,59,18.0,30.4,0.0,0.0,0.0,0.0,1,1017.7,1013.9,34,0,0,34,6.5,71,17.6,806.0,625.0,181.0,3600.0,1,offday,train,-0.2588190451025208,-0.9659258262890683,-1.0,-1.8369701987210297e-16,True,372.8159487830368,0.13967054792868794,special_case
2022-06-05 14:00:00,2022-06-05,14,2022,6,5,Sunday,True,summer,2693,301765,112.05532862978092,0.0809922881834863,218.1122320781286,373.0646941731927,74.5309166203528,True,,False,False,True,True,,,231925.0,303651.0,0.0,0.0,0.0,0.0,0.0,0.0,0.0,0.0,4,52.0,22,0,False,True,False,False,흐림,25.6,45,12.6,23.6,0.0,0.0,0.0,0.0,3,1002.0,998.2,100,11,22,100,19.4,130,36.0,292.0,31.0,261.0,0.0,1,offday,train,-0.4999999999999998,-0.8660254037844388,1.2246467991473532e-16,-1.0,True,372.9556193309655,0.10907484222724406,special_case
2024-08-11 17:00:00,2024-08-11,17,2024,8,11,Sunday,True,summer,2164,215957,99.7952865064695,0.1047704649595659,226.7232861725008,373.1124262420526,18.160540890137156,True,,False,False,True,True,186066.0,183057.0,518823.0,526308.0,437.0,12022.0,1089244.41,407.0,0.0,0.0,0.0,0.0,4,52.0,22,0,True,True,True,False,대체로 맑음,31.9,65,24.4,36.8,0.0,0.0,0.0,0.0,1,1001.7,998.0,27,11,10,13,9.2,239,20.2,430.0,312.0,118.0,3600.0,1,offday,valid,-0.9659258262890683,-0.25881904510252063,-0.8660254037844384,-0.5000000000000004,True,373.0646941731927,0.04773206885988657,special_case
2023-10-07 13:00:00,2023-10-07,13,2023,10,7,Saturday,True,fall,2886,261707,90.68156618156618,0.0915726254037753,264.2785969152958,373.21162064951386,78.92049088956298,True,,False,False,True,True,128155.0,126336.0,273010.0,420242.0,0.0,0.0,0.0,0.0,0.0,0.0,0.0,0.0,4,52.0,22,0,True,True,False,False,흐림,20.2,52,10.1,19.1,0.0,0.0,0.0,0.0,3,1022.5,1018.6,100,0,0,100,9.1,97,20.5,577.0,279.0,298.0,3600.0,1,offday,train,-0.2588190451025208,-0.9659258262890683,-0.8660254037844386,0.5000000000000001,True,373.1124262420526,0.09919440746125474,special_case
2022-10-30 14:00:00,2022-10-30,14,2022,10,30,Sunday,True,fall,2522,221968,88.01268834258525,0.1053558771818858,265.7075222527161,373.5312362448148,55.671907271488806,True,,False,False,True,True,,,276284.0,355207.0,0.0,0.0,0.0,0.0,0.0,0.0,0.0,0.0,4,52.0,22,0,False,True,False,False,흐림,19.2,51,8.9,18.1,0.0,0.0,0.0,0.0,3,1024.7,1020.8,100,26,13,100,5.5,101,19.4,530.0,401.0,129.0,3600.0,1,offday,train,-0.4999999999999998,-0.8660254037844388,-0.8660254037844386,0.5000000000000001,True,373.21162064951386,0.3196155953009452,special_case
2022-09-09 15:00:00,2022-09-09,15,2022,9,9,Friday,False,fall,2510,190848,76.03505976095617,0.1159356419712001,290.9984613477124,373.89668404944416,-16.87012847173753,False,추석,True,False,True,True,,,278702.0,322443.0,0.0,0.0,0.0,0.0,0.0,0.0,0.0,0.0,4,52.0,22,0,False,True,False,False,맑음,28.0,50,16.7,30.1,0.0,0.0,0.0,0.0,0,1016.4,1012.6,0,0,0,0,7.8,68,16.9,707.0,587.0,120.0,3600.0,1,offday,train,-0.7071067811865471,-0.7071067811865479,-1.0,-1.8369701987210297e-16,True,373.5312362448148,0.3654478046293548,special_case
2025-10-12 16:00:00,2025-10-12,16,2025,10,12,Sunday,True,fall,1965,200707,102.1409669211196,0.1113266708276356,218.75690817630408,373.9869074299884,7.568169594924029,True,,False,False,True,True,169940.0,167366.0,450110.0,449807.0,0.0,0.0,0.0,0.0,14.0,13.0,1.0,7.0,4,52.0,22,0,True,True,False,True,흐림,20.9,72,15.7,21.1,0.0,0.0,0.0,0.0,3,1013.5,1009.6,100,100,100,0,11.8,84,25.6,137.0,15.0,122.0,0.0,1,offday,test,-0.8660254037844384,-0.5000000000000004,-0.8660254037844386,0.5000000000000001,True,373.89668404944416,0.09022338054421652,special_case
2025-09-18 15:00:00,2025-09-18,15,2025,9,18,Thursday,False,fall,2450,190691,77.8330612244898,0.1159356419712001,284.0423228294404,374.03204276735937,-16.212931401963942,False,,False,False,False,False,147067.0,148369.0,339515.0,383623.0,0.0,0.0,0.0,0.0,20.0,19.0,1.0,10.0,4,52.0,22,0,True,True,False,True,맑음,25.1,57,15.9,25.7,0.0,0.0,0.0,0.0,0,1015.4,1011.6,8,5,4,0,11.4,95,31.3,582.0,436.0,146.0,3600.0,1,weekday,test,-0.7071067811865471,-0.7071067811865479,-1.0,-1.8369701987210297e-16,True,373.9869074299884,0.04513533737099351,special_case
2024-04-07 20:00:00,2024-04-07,20,2024,4,7,Sunday,True,spring,3221,343484,106.63893200869296,0.0570144493127863,183.6435412364848,374.2024070621868,-104.7671921087478,True,,False,False,True,True,115564.0,116509.0,393102.0,295432.0,567.0,19659.0,2378937.72,658.0,0.0,0.0,0.0,0.0,4,52.0,22,0,True,True,True,False,맑음,10.1,41,-2.7,6.2,0.0,0.0,0.0,0.0,0,1017.7,1013.7,3,0,0,3,9.4,320,11.2,0.0,0.0,0.0,0.0,1,offday,valid,-0.8660254037844386,0.5000000000000001,0.8660254037844387,-0.49999999999999983,True,374.03204276735937,0.17036429482743642,special_case
2023-07-02 16:00:00,2023-07-02,16,2023,7,2,Sunday,True,summer,2178,228384,104.8595041322314,0.1019931999973653,222.14118959426173,374.4415278420107,38.85058044370885,True,,False,False,True,True,148692.0,149074.0,372391.0,417185.0,0.0,0.0,0.0,0.0,0.0,0.0,0.0,0.0,4,52.0,22,0,True,True,False,False,흐림,28.6,69,22.5,33.4,0.0,0.0,0.0,0.0,3,1007.2,1003.4,100,0,0,100,3.2,63,12.6,522.0,223.0,299.0,3600.0,1,offday,train,-0.8660254037844384,-0.5000000000000004,-0.4999999999999998,-0.8660254037844388,True,374.2024070621868,0.23912077982390656,special_case
2023-10-14 14:00:00,2023-10-14,14,2023,10,14,Saturday,True,fall,3352,215087,64.1667661097852,0.1053558771818858,353.15290031368136,374.4694812972569,50.33544252154218,True,,False,False,True,True,128103.0,125637.0,300223.0,395149.0,0.0,0.0,0.0,0.0,0.0,0.0,0.0,0.0,4,52.0,22,0,True,True,False,False,보통 비,15.1,84,12.4,14.8,2.7,2.7,0.0,0.0,63,1010.1,1006.2,84,47,72,12,7.0,235,21.2,374.0,93.0,281.0,2428.86,1,offday,train,-0.4999999999999998,-0.8660254037844388,-0.8660254037844386,0.5000000000000001,True,374.4415278420107,0.027953455246176873,special_case
2024-08-10 18:00:00,2024-08-10,18,2024,8,10,Saturday,True,summer,2401,219687,91.4981257809246,0.1010593940343581,242.6436050764938,374.7015376347787,-5.409677669818393,True,,False,False,True,True,228181.0,224001.0,658834.0,669015.0,512.0,14882.0,1445974.6,464.0,0.0,0.0,0.0,0.0,4,52.0,22,0,True,True,True,False,대체로 맑음,30.9,72,25.1,37.0,0.0,0.0,0.0,0.0,1,1001.9,998.2,23,10,6,10,4.6,198,15.5,253.0,153.0,100.0,3600.0,1,offday,valid,-1.0,-1.8369701987210297e-16,-0.8660254037844384,-0.5000000000000004,True,374.4694812972569,0.232056337521783,special_case
2023-09-23 13:00:00,2023-09-23,13,2023,9,23,Saturday,True,fall,2796,264230,94.50286123032905,0.0915726254037753,256.037060628956,374.71718304575177,79.79788197510538,True,,False,False,True,True,118241.0,112923.0,246366.0,358598.0,0.0,0.0,0.0,0.0,0.0,0.0,0.0,0.0,4,52.0,22,0,True,True,False,False,흐림,24.6,55,15.1,25.1,0.0,0.0,0.0,0.0,3,1020.6,1016.7,100,0,0,100,11.2,84,22.7,607.0,261.0,346.0,3600.0,1,offday,train,-0.2588190451025208,-0.9659258262890683,-1.0,-1.8369701987210297e-16,True,374.7015376347787,0.01564541097309302,special_case
2024-09-22 18:00:00,2024-09-22,18,2024,9,22,Sunday,True,fall,4411,260877,59.14237134436636,0.0862061061335171,380.2551341549442,374.8198391632259,-68.51724695211601,True,,False,False,True,True,209964.0,204962.0,616716.0,626970.0,1310.0,46708.0,5583312.25,1410.0,0.0,0.0,0.0,0.0,4,52.0,22,0,True,True,True,False,대체로 맑음,21.2,68,14.9,21.1,0.0,0.0,0.0,0.0,1,1014.3,1010.4,47,21,35,0,11.9,65,20.5,103.0,46.0,57.0,3600.0,1,offday,valid,-1.0,-1.8369701987210297e-16,-1.0,-1.8369701987210297e-16,True,374.71718304575177,0.10265611747411185,special_case
2022-06-12 21:00:00,2022-06-12,21,2022,6,12,Sunday,True,summer,2988,331115,110.81492637215528,0.0603261742431433,180.2546086385123,374.82074724421057,-85.80991860403458,True,,False,False,True,True,,,370546.0,188709.0,0.0,0.0,0.0,0.0,0.0,0.0,0.0,0.0,4,52.0,22,0,False,True,False,False,흐림,21.0,79,17.2,22.5,0.0,0.0,0.0,0.0,3,1012.0,1008.1,100,3,10,100,7.2,243,15.5,0.0,0.0,0.0,0.0,1,offday,train,-0.7071067811865477,0.7071067811865474,1.2246467991473532e-16,-1.0,True,374.8198391632259,0.0009080809846864213,special_case
2023-03-26 18:00:00,2023-03-26,18,2023,3,26,Sunday,True,spring,2982,233665,78.35848423876593,0.093388398805632,278.4842052383948,374.8945750811542,-41.17000186491856,True,,False,False,True,True,229041.0,218162.0,694359.0,697258.0,591.0,16320.0,1993714.95,784.0,0.0,0.0,0.0,0.0,4,52.0,22,0,True,True,True,False,맑음,9.6,22,-11.0,3.3,0.0,0.0,0.0,0.0,0,1016.7,1012.7,0,0,0,0,20.1,314,39.2,187.0,111.0,76.0,3600.0,1,offday,train,-1.0,-1.8369701987210297e-16,1.0,6.123233995736766e-17,True,374.82074724421057,0.0738278369436216,special_case
2023-05-28 13:00:00,2023-05-28,13,2023,5,28,Sunday,True,spring,3385,288986,85.3725258493353,0.0829554972469645,280.8043581809751,374.9598459244048,82.69983130096898,True,,False,False,True,True,122764.0,116539.0,259824.0,381217.0,12.0,169.0,21494.42,7.0,0.0,0.0,0.0,0.0,4,52.0,22,0,True,True,True,False,강한 이슬비,19.0,97,18.5,20.3,1.2,1.2,0.0,0.0,55,1012.4,1008.5,100,100,100,92,12.5,224,23.0,146.0,2.0,144.0,0.0,1,offday,train,-0.2588190451025208,-0.9659258262890683,0.49999999999999994,-0.8660254037844387,True,374.8945750811542,0.06527084325063015,special_case
2023-09-24 19:00:00,2023-09-24,19,2023,9,24,Sunday,True,fall,2753,297833,108.18488921176898,0.0671035658554383,184.73611680002165,375.3277600821791,-87.42953748502725,True,,False,False,True,True,150472.0,156667.0,405066.0,444026.0,0.0,0.0,0.0,0.0,0.0,0.0,0.0,0.0,4,52.0,22,0,True,True,False,False,흐림,19.9,79,16.2,21.1,0.0,0.0,0.0,0.0,3,1018.4,1014.5,100,1,0,100,5.8,68,7.9,5.0,0.0,5.0,0.0,1,offday,train,-0.9659258262890684,0.2588190451025203,-1.0,-1.8369701987210297e-16,True,374.9598459244048,0.3679141577742939,special_case
2023-08-20 18:00:00,2023-08-20,18,2023,8,20,Sunday,True,summer,2028,219332,108.15187376725838,0.1010593940343581,204.94845110167824,375.4658751722038,-3.0059605348413925,True,,False,False,True,True,223546.0,212481.0,652294.0,644555.0,0.0,0.0,0.0,0.0,0.0,0.0,0.0,0.0,4,52.0,22,0,True,True,False,False,부분적으로 흐림,28.1,79,24.2,33.4,0.0,0.0,0.0,0.0,2,1010.5,1006.7,78,0,30,69,6.8,267,16.6,85.0,0.0,85.0,0.0,1,offday,train,-1.0,-1.8369701987210297e-16,-0.8660254037844384,-0.5000000000000004,True,375.3277600821791,0.13811509002471212,special_case
2022-10-01 18:00:00,2022-10-01,18,2022,10,1,Saturday,True,fall,2838,247292,87.13601127554615,0.0862061061335171,244.65292920692167,375.527922693947,-56.73917258861121,True,,False,False,True,True,,,655605.0,631425.0,0.0,0.0,0.0,0.0,0.0,0.0,0.0,0.0,4,52.0,22,0,False,True,False,False,흐림,20.2,80,16.6,21.7,0.0,0.0,0.0,0.0,3,1017.4,1013.5,100,0,0,100,5.8,263,10.4,58.0,5.0,53.0,0.0,1,offday,train,-1.0,-1.8369701987210297e-16,-0.8660254037844386,0.5000000000000001,True,375.4658751722038,0.06204752174318173,special_case
2022-06-11 20:00:00,2022-06-11,20,2022,6,11,Saturday,True,summer,2957,275073,93.02434900236726,0.0768858847850752,227.35156130946737,375.852579776954,-58.429415152298134,True,,False,False,True,True,,,325125.0,223799.0,0.0,0.0,0.0,0.0,0.0,0.0,0.0,0.0,4,52.0,22,0,False,True,False,False,대체로 맑음,20.9,85,18.1,22.5,0.0,0.0,0.0,0.0,1,1011.7,1007.8,28,0,28,0,9.0,90,22.0,19.0,3.0,16.0,0.0,1,offday,train,-0.8660254037844386,0.5000000000000001,1.2246467991473532e-16,-1.0,True,375.527922693947,0.3246570830069686,special_case
2025-05-18 20:00:00,2025-05-18,20,2025,5,18,Sunday,True,spring,3378,347214,102.78685612788632,0.0570144493127863,192.59480977859224,375.9359211406384,-106.1265974335982,True,,False,False,True,True,116266.0,117735.0,435630.0,301038.0,0.0,0.0,0.0,0.0,7.0,6.0,1.0,4.0,4,52.0,22,0,True,True,False,True,맑음,13.4,71,8.2,12.2,0.0,0.0,0.0,0.0,0,1011.2,1007.2,0,0,0,0,4.8,236,13.0,11.0,2.0,9.0,0.0,1,offday,test,-0.8660254037844386,0.5000000000000001,0.49999999999999994,-0.8660254037844387,True,375.852579776954,0.08334136368443978,special_case
2025-08-15 15:00:00,2025-08-15,15,2025,8,15,Friday,False,summer,2125,206666,97.25458823529412,0.111744554381455,237.45717806059196,375.9426188849186,31.623467456664457,False,광복절,True,False,True,True,142475.0,139526.0,342579.0,398731.0,0.0,0.0,0.0,0.0,14.0,13.0,1.0,8.0,4,52.0,22,0,True,True,False,True,약한 이슬비,30.1,70,24.0,35.2,0.1,0.1,0.0,0.0,51,1014.7,1010.9,23,17,7,1,12.1,255,29.5,689.0,530.0,159.0,3600.0,1,offday,test,-0.7071067811865471,-0.7071067811865479,-0.8660254037844384,-0.5000000000000004,True,375.9359211406384,0.0066977442801885445,special_case
2023-06-06 12:00:00,2023-06-06,12,2023,6,6,Tuesday,False,summer,3191,334549,104.84142901911626,0.0751590877463387,239.8326489985668,376.4148331029912,97.12811392231912,False,현충일,True,False,True,False,114927.0,107375.0,227105.0,336045.0,662.0,22814.0,2379766.61,640.0,0.0,0.0,0.0,0.0,4,52.0,22,0,True,True,True,False,부분적으로 흐림,22.3,60,14.2,23.0,0.0,0.0,0.0,0.0,2,1006.7,1002.9,66,1,65,0,11.0,212,25.2,714.0,382.0,332.0,3600.0,1,offday,train,1.2246467991473532e-16,-1.0,1.2246467991473532e-16,-1.0,True,375.9426188849186,0.4722142180726223,special_case
2024-05-04 18:00:00,2024-05-04,18,2024,5,4,Saturday,True,spring,4896,241877,49.40298202614379,0.093388398805632,457.22960055237456,376.4750956318311,-49.489851421910885,True,,False,False,True,True,217852.0,210414.0,677290.0,670152.0,997.0,37420.0,4211504.12,1030.0,0.0,0.0,0.0,0.0,4,52.0,22,0,True,True,True,False,대체로 맑음,22.2,35,6.2,19.2,0.0,0.0,0.0,0.0,1,1015.2,1011.3,30,0,0,30,13.8,250,34.6,255.0,146.0,109.0,3600.0,1,offday,valid,-1.0,-1.8369701987210297e-16,0.49999999999999994,-0.8660254037844387,True,376.4148331029912,0.060262528839871266,special_case
2025-05-06 17:00:00,2025-05-06,17,2025,5,6,Tuesday,False,spring,2428,240602,99.09472817133444,0.0863329331814696,209.6163617646083,376.5286698384886,-65.33630059067781,False,대체공휴일,True,True,True,True,185585.0,182734.0,545424.0,554442.0,0.0,0.0,0.0,0.0,6.0,5.0,1.0,3.0,4,52.0,22,0,True,True,False,True,흐림,17.4,47,5.9,15.0,0.0,0.0,0.0,0.0,3,1005.8,1001.9,100,2,11,100,9.3,331,25.2,281.0,52.0,229.0,1030.85,1,offday,test,-0.9659258262890683,-0.25881904510252063,0.49999999999999994,-0.8660254037844387,True,376.4750956318311,0.05357420665751533,special_case
2023-04-23 20:00:00,2023-04-23,20,2023,4,23,Sunday,True,spring,3301,347232,105.18994244168434,0.0570144493127863,188.2046971815077,377.4291029552298,-105.99187740167508,True,,False,False,True,True,111154.0,111680.0,370753.0,274652.0,547.0,15605.0,2202973.34,601.0,0.0,0.0,0.0,0.0,4,52.0,22,0,True,True,True,False,흐림,14.9,41,1.6,10.5,0.0,0.0,0.0,0.0,3,1023.3,1019.3,100,0,100,100,17.4,297,29.2,1.0,0.0,1.0,0.0,1,offday,train,-0.8660254037844386,0.5000000000000001,0.8660254037844387,-0.49999999999999983,True,376.5286698384886,0.9004331167411692,special_case
2022-03-09 14:00:00,2022-03-09,14,2022,3,9,Wednesday,False,spring,2083,194007,93.1382621219395,0.1194960865470364,248.91034827747688,377.516157733324,33.88179936201334,False,대통령선거일,True,False,True,False,,,194340.0,258217.0,0.0,0.0,0.0,0.0,0.0,0.0,0.0,0.0,4,52.0,22,0,False,True,False,False,맑음,11.2,54,2.4,9.8,0.0,0.0,0.0,0.0,0,1022.8,1018.8,2,0,0,2,6.0,253,18.7,728.0,585.0,143.0,3600.0,1,offday,train,-0.4999999999999998,-0.8660254037844388,1.0,6.123233995736766e-17,True,377.4291029552298,0.08705477809422746,special_case
2022-09-10 15:00:00,2022-09-10,15,2022,9,10,Saturday,True,fall,2769,203878,73.62874684001444,0.1124759978651691,311.4460380886532,377.71137297348673,28.38482009871683,True,추석,True,False,True,True,,,278702.0,322443.0,0.0,0.0,0.0,0.0,0.0,0.0,0.0,0.0,4,52.0,22,0,False,True,False,False,흐림,26.2,51,15.4,26.6,0.0,0.0,0.0,0.0,3,1016.5,1012.7,100,0,11,100,9.5,79,20.5,497.0,164.0,333.0,3600.0,1,offday,train,-0.7071067811865471,-0.7071067811865479,-1.0,-1.8369701987210297e-16,True,377.516157733324,0.1952152401627245,special_case
2023-09-02 20:00:00,2023-09-02,20,2023,9,2,Saturday,True,fall,3905,404509,103.58745198463508,0.0479786878750003,187.3567761518763,377.7172901633479,-128.87305315013566,True,,False,False,True,True,108480.0,108267.0,358249.0,265242.0,0.0,0.0,0.0,0.0,0.0,0.0,0.0,0.0,4,52.0,22,0,True,True,False,False,부분적으로 흐림,22.8,92,21.4,26.3,0.0,0.0,0.0,0.0,2,1010.9,1007.1,75,0,0,75,7.2,354,10.8,0.0,0.0,0.0,0.0,1,offday,train,-0.8660254037844386,0.5000000000000001,-1.0,-1.8369701987210297e-16,True,377.71137297348673,0.005917189861179395,special_case
2022-05-07 18:00:00,2022-05-07,18,2022,5,7,Saturday,True,spring,2686,233331,86.8693224125093,0.093388398805632,250.8412391919277,377.9402035160082,-38.98819341101034,True,,False,False,True,True,,,655645.0,618874.0,0.0,0.0,0.0,0.0,0.0,0.0,0.0,0.0,4,52.0,22,0,False,True,False,False,흐림,20.0,23,-1.5,15.3,0.0,0.0,0.0,0.0,3,1016.5,1012.6,100,0,0,100,16.1,310,32.4,242.0,104.0,138.0,3600.0,1,offday,train,-1.0,-1.8369701987210297e-16,0.49999999999999994,-0.8660254037844387,True,377.7172901633479,0.2229133526602709,special_case
2022-06-25 17:00:00,2022-06-25,17,2022,6,25,Saturday,True,summer,2533,218309,86.18594551914725,0.1047704649595659,265.38358774258063,378.1353704530014,16.393395649459023,True,,False,False,True,True,,,435526.0,441346.0,0.0,0.0,0.0,0.0,0.0,0.0,0.0,0.0,4,52.0,22,0,False,True,False,False,맑음,27.2,79,23.1,30.5,0.0,0.0,0.0,0.0,0,1003.5,999.7,11,11,0,0,15.9,232,32.0,471.0,309.0,162.0,3600.0,1,offday,train,-0.9659258262890683,-0.25881904510252063,1.2246467991473532e-16,-1.0,True,377.9402035160082,0.19516693699324605,special_case
2024-09-07 14:00:00,2024-09-07,14,2024,9,7,Saturday,True,fall,4533,215429,47.524597396867414,0.1053558771818858,477.57819126548856,378.2785210902747,49.48853578844262,True,,False,False,True,True,123791.0,120526.0,276892.0,362326.0,515.0,16892.0,1758734.93,489.0,0.0,0.0,0.0,0.0,4,52.0,22,0,True,True,True,False,대체로 맑음,29.0,60,20.5,33.3,0.0,0.0,0.0,0.0,1,1013.3,1009.5,22,22,0,0,4.4,235,14.4,695.0,494.0,201.0,3600.0,1,offday,valid,-0.4999999999999998,-0.8660254037844388,-1.0,-1.8369701987210297e-16,True,378.1353704530014,0.1431506372732656,special_case
2023-08-20 17:00:00,2023-08-20,17,2023,8,20,Sunday,True,summer,2028,219332,108.15187376725838,0.1047704649595659,212.47450293799983,378.4718357070452,19.410345114996403,True,,False,False,True,True,180545.0,173649.0,493091.0,488786.0,0.0,0.0,0.0,0.0,0.0,0.0,0.0,0.0,4,52.0,22,0,True,True,False,False,흐림,29.2,72,23.6,33.9,0.0,0.0,0.0,0.0,3,1010.9,1007.1,100,0,100,37,8.3,252,20.2,389.0,217.0,172.0,3600.0,1,offday,train,-0.9659258262890683,-0.25881904510252063,-0.8660254037844384,-0.5000000000000004,True,378.2785210902747,0.19331461677052175,special_case
2024-10-27 14:00:00,2024-10-27,14,2024,10,27,Sunday,True,fall,2344,226831,96.77090443686006,0.1053558771818858,246.95417611434044,378.49977871728714,57.81893887028781,True,,False,False,True,True,137145.0,135034.0,317937.0,400793.0,365.0,14825.0,1536876.71,444.0,0.0,0.0,0.0,0.0,4,52.0,22,0,True,True,True,False,흐림,18.2,73,13.2,18.2,0.0,0.0,0.0,0.0,3,1013.2,1009.3,100,26,98,100,7.4,283,16.9,333.0,68.0,265.0,1631.6,1,offday,valid,-0.4999999999999998,-0.8660254037844388,-0.8660254037844386,0.5000000000000001,True,378.4718357070452,0.027943010241926913,special_case
2025-08-24 18:00:00,2025-08-24,18,2025,8,24,Sunday,True,summer,2101,221339,105.34935744883389,0.1010593940343581,212.32578686618635,378.69953904756113,-3.3867095416365487,True,,False,False,True,True,222817.0,219460.0,654017.0,657481.0,0.0,0.0,0.0,0.0,13.0,13.0,0.0,7.0,4,52.0,22,0,True,True,False,True,맑음,31.5,63,23.7,36.2,0.0,0.0,0.0,0.0,0,1010.1,1006.4,7,7,0,0,8.5,242,24.8,235.0,155.0,80.0,3600.0,1,offday,test,-1.0,-1.8369701987210297e-16,-0.8660254037844384,-0.5000000000000004,True,378.49977871728714,0.19976033027398898,special_case
2024-04-27 13:00:00,2024-04-27,13,2024,4,27,Saturday,True,spring,3026,298158,98.53205551883674,0.0829554972469645,251.0233346693148,378.8479109670631,85.3119203086581,True,,False,False,True,True,124599.0,120970.0,274597.0,401986.0,714.0,24663.0,2668827.19,677.0,0.0,0.0,0.0,0.0,4,52.0,22,0,True,True,True,False,맑음,23.5,37,7.9,23.6,0.0,0.0,0.0,0.0,0,1011.7,1007.9,0,0,0,0,9.0,293,25.6,886.0,698.0,188.0,3600.0,1,offday,valid,-0.2588190451025208,-0.9659258262890683,0.8660254037844387,-0.49999999999999983,True,378.69953904756113,0.14837191950198303,special_case
2024-09-21 19:00:00,2024-09-21,19,2024,9,21,Saturday,True,fall,4008,316973,79.08507984031937,0.0671035658554383,268.95109194859674,378.85381988978224,-96.65325298438228,True,,False,False,True,True,155691.0,160230.0,426210.0,447286.0,722.0,22928.0,2409682.21,725.0,0.0,0.0,0.0,0.0,4,52.0,22,0,True,True,True,False,흐림,20.5,67,14.3,20.0,0.0,0.0,0.0,0.0,3,1007.9,1004.0,100,100,99,0,13.8,43,29.5,3.0,0.0,3.0,0.0,1,offday,valid,-0.9659258262890684,0.2588190451025203,-1.0,-1.8369701987210297e-16,True,378.8479109670631,0.00590892271912935,special_case
2024-08-17 18:00:00,2024-08-17,18,2024,8,17,Saturday,True,summer,2234,221744,99.25872873769023,0.1010593940343581,225.766686272756,378.9131672529856,-4.230911676167068,True,,False,False,True,True,228181.0,224001.0,658834.0,669015.0,369.0,9425.0,1061227.88,406.0,0.0,0.0,0.0,0.0,4,52.0,22,0,True,True,True,False,약한 이슬비,28.9,79,24.8,34.2,0.1,0.1,0.0,0.0,51,1009.3,1005.5,41,0,24,22,8.0,190,16.2,238.0,146.0,92.0,3600.0,1,offday,valid,-1.0,-1.8369701987210297e-16,-0.8660254037844384,-0.5000000000000004,True,378.85381988978224,0.05934736320335787,special_case
2022-09-10 16:00:00,2022-09-10,16,2022,9,10,Saturday,True,fall,2769,203878,73.62874684001444,0.1113266708276356,308.2635515217232,379.0072049789857,1.295832005498994,True,추석,True,False,True,True,,,342287.0,362512.0,0.0,0.0,0.0,0.0,0.0,0.0,0.0,0.0,4,52.0,22,0,False,True,False,False,흐림,26.5,53,16.1,27.5,0.0,0.0,0.0,0.0,3,1016.1,1012.3,100,0,4,100,6.9,84,18.0,439.0,208.0,231.0,3600.0,1,offday,train,-0.8660254037844384,-0.5000000000000004,-1.0,-1.8369701987210297e-16,True,378.9131672529856,0.09403772600012417,special_case
2022-10-15 19:00:00,2022-10-15,19,2022,10,15,Saturday,True,fall,3436,309646,90.11816065192085,0.0671035658554383,230.56785227928603,379.2532706015053,-92.81609440814644,True,,False,False,True,True,,,420326.0,443625.0,0.0,0.0,0.0,0.0,0.0,0.0,0.0,0.0,4,52.0,22,0,False,True,False,False,흐림,15.6,81,12.4,15.3,0.0,0.0,0.0,0.0,3,1018.6,1014.6,96,0,92,79,7.4,346,10.4,0.0,0.0,0.0,0.0,1,offday,train,-0.9659258262890684,0.2588190451025203,-0.8660254037844386,0.5000000000000001,True,379.0072049789857,0.2460656225195521,special_case
2022-05-01 19:00:00,2022-05-01,19,2022,5,1,Sunday,True,spring,3000,276982,92.32733333333331,0.0761098888961958,228.3296666885875,379.2795615713843,-71.67877555407858,True,,False,False,True,True,,,408102.0,429243.0,0.0,0.0,0.0,0.0,0.0,0.0,0.0,0.0,4,52.0,22,0,False,True,False,False,대체로 맑음,12.1,65,5.8,8.0,0.0,0.0,0.0,0.0,1,1010.5,1006.5,47,0,47,0,20.9,229,41.4,73.0,19.0,54.0,1797.29,1,offday,train,-0.9659258262890684,0.2588190451025203,0.49999999999999994,-0.8660254037844387,True,379.2532706015053,0.026290969879028125,special_case
2024-08-15 14:00:00,2024-08-15,14,2024,8,15,Thursday,False,summer,2148,229335,106.76675977653632,0.1049582705891367,225.45036522546567,379.3480779892512,56.06797785847209,False,광복절,True,False,True,False,124430.0,119203.0,276515.0,363596.0,294.0,7373.0,649103.24,272.0,0.0,0.0,0.0,0.0,4,52.0,22,0,True,True,True,False,약한 이슬비,31.8,66,24.8,39.7,0.2,0.2,0.0,0.0,51,1007.4,1003.7,42,27,4,17,0.8,243,15.5,760.0,567.0,193.0,3600.0,1,offday,valid,-0.4999999999999998,-0.8660254037844388,-0.8660254037844384,-0.5000000000000004,True,379.2795615713843,0.06851641786687424,special_case
2024-05-25 13:00:00,2024-05-25,13,2024,5,25,Saturday,True,spring,3100,297748,96.04774193548388,0.0829554972469645,257.16204146559016,379.6696380977861,85.19673263684217,True,,False,False,True,True,129171.0,124826.0,291672.0,434999.0,675.0,20311.0,2336988.01,706.0,0.0,0.0,0.0,0.0,4,52.0,22,0,True,True,True,False,흐림,23.9,53,13.6,23.0,0.0,0.0,0.0,0.0,3,1015.8,1012.0,97,44,7,93,13.5,146,29.9,551.0,159.0,392.0,3186.99,1,offday,valid,-0.2588190451025208,-0.9659258262890683,0.49999999999999994,-0.8660254037844387,True,379.3480779892512,0.3215601085349249,special_case
2022-09-04 19:00:00,2022-09-04,19,2022,9,4,Sunday,True,fall,3837,315442,82.21058118321605,0.0671035658554383,257.4763821873168,379.92066180249344,-95.67932027748878,True,,False,False,True,True,,,386364.0,429821.0,0.0,0.0,0.0,0.0,0.0,0.0,0.0,0.0,4,52.0,22,0,False,True,False,False,보통 비,22.6,98,22.4,27.1,4.4,4.4,0.0,0.0,63,1007.0,1003.2,99,49,95,82,4.8,153,28.4,7.0,0.0,7.0,0.0,1,offday,train,-0.9659258262890684,0.2588190451025203,-1.0,-1.8369701987210297e-16,True,379.6696380977861,0.25102370470733604,special_case
2023-04-15 15:00:00,2023-04-15,15,2023,4,15,Saturday,True,spring,3015,214841,71.25737976782753,0.1077131147753142,324.75504104757255,380.0662752680501,38.339866519689735,True,,False,False,True,True,128851.0,128817.0,304413.0,360146.0,513.0,16622.0,1901283.34,416.0,0.0,0.0,0.0,0.0,4,52.0,22,0,True,True,True,False,흐림,13.1,79,9.5,11.0,0.0,0.0,0.0,0.0,3,1003.5,999.6,100,100,5,0,13.0,242,27.0,425.0,152.0,273.0,3600.0,1,offday,train,-0.7071067811865471,-0.7071067811865479,0.8660254037844387,-0.49999999999999983,True,379.92066180249344,0.14561346555666432,special_case
2023-10-01 13:00:00,2023-10-01,13,2023,10,1,Sunday,True,fall,2918,266846,91.44825222755313,0.0915726254037753,267.20892092821657,380.10204950393626,80.49461543200931,True,,False,False,True,True,128155.0,126336.0,273010.0,420242.0,0.0,0.0,0.0,0.0,0.0,0.0,0.0,0.0,4,52.0,22,0,True,True,False,False,맑음,21.1,47,9.5,20.4,0.0,0.0,0.0,0.0,0,1015.7,1011.8,0,0,0,0,11.8,310,24.5,749.0,619.0,130.0,3600.0,1,offday,train,-0.2588190451025208,-0.9659258262890683,-0.8660254037844386,0.5000000000000001,True,380.0662752680501,0.03577423588615147,special_case
2024-08-10 17:00:00,2024-08-10,17,2024,8,10,Saturday,True,summer,2401,219687,91.4981257809246,0.1047704649595659,251.55388636791795,380.11121530459707,17.338683019560108,True,,False,False,True,True,186066.0,183057.0,518823.0,526308.0,454.0,11663.0,1184453.12,407.0,0.0,0.0,0.0,0.0,4,52.0,22,0,True,True,True,False,약한 이슬비,31.2,70,25.0,37.0,0.3,0.3,0.0,0.0,51,1002.0,998.3,28,5,7,20,6.3,211,21.6,396.0,263.0,133.0,3600.0,1,offday,valid,-0.9659258262890683,-0.25881904510252063,-0.8660254037844384,-0.5000000000000004,True,380.10204950393626,0.009165800660809964,special_case
2025-09-19 13:00:00,2025-09-19,13,2025,9,19,Friday,False,fall,2223,197116,88.67116509221772,0.1201225009099709,267.03231952286535,380.1762964037954,52.03079750902907,False,,False,False,False,False,131791.0,126324.0,275145.0,387702.0,0.0,0.0,0.0,0.0,19.0,18.0,1.0,9.0,4,52.0,22,0,True,True,False,True,약한 이슬비,20.4,81,17.0,21.3,0.4,0.4,0.0,0.0,51,1017.5,1013.6,100,5,100,100,10.8,105,24.5,148.0,1.0,147.0,0.0,1,weekday,test,-0.2588190451025208,-0.9659258262890683,-1.0,-1.8369701987210297e-16,True,380.11121530459707,0.0650810991983235,special_case
2022-05-05 10:00:00,2022-05-05,10,2022,5,5,Thursday,False,spring,4234,493800,116.62730278696267,0.0553484319653476,234.345260941282,380.2864029299106,138.7427416704643,False,어린이날,True,False,True,False,,,172412.0,265296.0,0.0,0.0,0.0,0.0,0.0,0.0,0.0,0.0,4,52.0,22,0,False,True,False,False,맑음,19.1,35,3.3,16.9,0.0,0.0,0.0,0.0,0,1020.9,1017.0,0,0,0,0,8.4,200,20.5,637.0,473.0,164.0,3600.0,1,offday,train,0.49999999999999994,-0.8660254037844387,0.49999999999999994,-0.8660254037844387,True,380.1762964037954,0.110106526115203,special_case
2022-04-30 16:00:00,2022-04-30,16,2022,4,30,Saturday,True,spring,2571,207659,80.76973940101128,0.1106643479569391,284.5180385972905,380.3809155287406,16.429944242053352,True,,False,False,True,True,,,304514.0,329249.0,0.0,0.0,0.0,0.0,0.0,0.0,0.0,0.0,4,52.0,22,0,False,True,False,False,약한 이슬비,12.8,71,7.8,9.9,0.1,0.1,0.0,0.0,51,1016.0,1012.0,100,0,100,100,15.5,265,32.8,73.0,0.0,73.0,0.0,1,offday,train,-0.8660254037844384,-0.5000000000000004,0.8660254037844387,-0.49999999999999983,True,380.2864029299106,0.09451259883002194,special_case
2022-09-03 12:00:00,2022-09-03,12,2022,9,3,Saturday,True,fall,5996,309256,51.577051367578385,0.0738136969525007,442.5869269271944,380.45547774570946,96.63302076132476,True,,False,False,True,True,,,203808.0,301768.0,0.0,0.0,0.0,0.0,0.0,0.0,0.0,0.0,4,52.0,22,0,False,True,False,False,흐림,25.5,66,18.6,26.5,0.0,0.0,0.0,0.0,3,1014.6,1010.8,91,16,0,90,15.7,79,29.5,562.0,177.0,385.0,3600.0,1,offday,train,1.2246467991473532e-16,-1.0,-1.0,-1.8369701987210297e-16,True,380.3809155287406,0.07456221696884313,special_case
2023-08-15 13:00:00,2023-08-15,13,2023,8,15,Tuesday,False,summer,2294,273047,119.02659110723629,0.0919203898842977,210.86537439457908,380.4831509690538,78.81868902004953,False,광복절,True,False,True,False,117777.0,112087.0,243044.0,368150.0,0.0,0.0,0.0,0.0,0.0,0.0,0.0,0.0,4,52.0,22,0,True,True,False,False,흐림,30.5,66,23.4,36.7,0.0,0.0,0.0,0.0,3,1005.0,1001.3,100,5,6,100,3.3,311,12.2,697.0,396.0,301.0,3600.0,1,offday,train,-0.2588190451025208,-0.9659258262890683,-0.8660254037844384,-0.5000000000000004,True,380.45547774570946,0.02767322334432265,special_case
2024-04-06 14:00:00,2024-04-06,14,2024,4,6,Saturday,True,spring,2690,246652,91.6921933085502,0.0977777335148833,263.02210315503623,380.89080401000666,64.28007302439903,True,,False,False,True,True,121205.0,117543.0,291812.0,369919.0,1065.0,43696.0,4317253.19,926.0,0.0,0.0,0.0,0.0,4,52.0,22,0,True,True,True,False,흐림,16.6,36,1.5,13.4,0.0,0.0,0.0,0.0,3,1018.9,1014.9,100,0,88,100,9.5,245,21.2,476.0,108.0,368.0,2090.21,1,offday,valid,-0.4999999999999998,-0.8660254037844388,0.8660254037844387,-0.49999999999999983,True,380.4831509690538,0.40765304095288,special_case
2025-08-10 15:00:00,2025-08-10,15,2025,8,10,Sunday,True,summer,2598,258098,99.3448806774442,0.0935275965658001,242.9846958779488,380.96585777027553,57.5619760996222,True,,False,False,True,True,142475.0,139526.0,342579.0,398731.0,0.0,0.0,0.0,0.0,14.0,13.0,1.0,8.0,4,52.0,22,0,True,True,False,True,대체로 맑음,30.1,57,20.8,34.3,0.0,0.0,0.0,0.0,1,1001.3,997.6,29,28,7,0,7.6,317,21.6,710.0,498.0,212.0,3600.0,1,offday,test,-0.7071067811865471,-0.7071067811865479,-0.8660254037844384,-0.5000000000000004,True,380.89080401000666,0.07505376026887234,special_case
2022-07-10 16:00:00,2022-07-10,16,2022,7,10,Sunday,True,summer,2215,232374,104.90925507900675,0.1019931999973653,225.91493799416423,380.97434034060433,39.53359936795505,True,,False,False,True,True,,,343182.0,372814.0,0.0,0.0,0.0,0.0,0.0,0.0,0.0,0.0,4,52.0,22,0,False,True,False,False,흐림,31.8,62,23.8,37.4,0.0,0.0,0.0,0.0,3,1003.7,1000.0,100,3,12,100,5.8,274,14.8,631.0,450.0,181.0,3600.0,1,offday,train,-0.8660254037844384,-0.5000000000000004,-0.4999999999999998,-0.8660254037844388,True,380.96585777027553,0.008482570328794736,special_case
2024-10-01 14:00:00,2024-10-01,14,2024,10,1,Tuesday,False,fall,2312,186400,80.62283737024221,0.1235811310401487,285.7195749648238,381.1769223546139,18.81229166404825,False,임시공휴일,True,False,True,False,137145.0,135034.0,317937.0,400793.0,712.0,25879.0,2590604.42,605.0,0.0,0.0,0.0,0.0,4,52.0,22,0,True,True,True,False,흐림,17.2,78,13.2,16.5,0.0,0.0,0.0,0.0,3,1011.4,1007.5,91,12,0,90,12.2,306,28.4,233.0,3.0,230.0,0.0,1,offday,valid,-0.4999999999999998,-0.8660254037844388,-0.8660254037844386,0.5000000000000001,True,380.97434034060433,0.20258201400957887,special_case
2023-04-15 17:00:00,2023-04-15,17,2023,4,15,Saturday,True,spring,3015,214841,71.25737976782753,0.1056648495856345,318.5795215006881,381.1804987341292,-13.404024165857948,True,,False,False,True,True,175832.0,171400.0,489740.0,480730.0,714.0,22451.0,2379713.06,723.0,0.0,0.0,0.0,0.0,4,52.0,22,0,True,True,True,False,부분적으로 흐림,12.4,81,9.2,10.6,0.0,0.0,0.0,0.0,2,1002.6,998.7,59,57,5,0,11.5,226,25.9,258.0,81.0,177.0,3054.72,1,offday,train,-0.9659258262890683,-0.25881904510252063,0.8660254037844387,-0.49999999999999983,True,381.1769223546139,0.003576379515266126,special_case
2022-06-19 16:00:00,2022-06-19,16,2022,6,19,Sunday,True,summer,2245,232355,103.4988864142539,0.1019931999973653,228.9747339940852,381.1986913713054,39.40753870511145,True,,False,False,True,True,,,324835.0,354235.0,0.0,0.0,0.0,0.0,0.0,0.0,0.0,0.0,4,52.0,22,0,False,True,False,False,대체로 맑음,25.4,70,19.5,27.0,0.0,0.0,0.0,0.0,1,1006.9,1003.1,31,12,21,0,13.2,248,29.2,320.0,69.0,251.0,909.78,1,offday,train,-0.8660254037844384,-0.5000000000000004,1.2246467991473532e-16,-1.0,True,381.1804987341292,0.018192637176241533,special_case
2024-10-20 19:00:00,2024-10-20,19,2024,10,20,Sunday,True,fall,3071,306369,99.76196678606316,0.0671035658554383,206.07505074205105,381.5174076396784,-90.73484845294098,True,,False,False,True,True,164915.0,170671.0,476306.0,482174.0,558.0,13810.0,1666728.17,599.0,0.0,0.0,0.0,0.0,4,52.0,22,0,True,True,True,False,맑음,12.6,59,4.8,9.8,0.0,0.0,0.0,0.0,0,1030.1,1026.0,0,0,0,0,11.2,94,22.3,0.0,0.0,0.0,0.0,1,offday,valid,-0.9659258262890684,0.2588190451025203,-0.8660254037844386,0.5000000000000001,True,381.1986913713054,0.31871626837300937,special_case
2022-10-08 18:00:00,2022-10-08,18,2022,10,8,Saturday,True,fall,3141,253689,80.76695319961796,0.0862061061335171,270.77337936537737,381.62422014558274,-59.67545344681088,True,,False,False,True,True,,,655605.0,631425.0,0.0,0.0,0.0,0.0,0.0,0.0,0.0,0.0,4,52.0,22,0,False,True,False,False,맑음,14.8,62,7.5,12.9,0.0,0.0,0.0,0.0,0,1022.2,1018.2,0,0,0,0,8.4,50,17.6,61.0,26.0,35.0,3600.0,1,offday,train,-1.0,-1.8369701987210297e-16,-0.8660254037844386,0.5000000000000001,True,381.5174076396784,0.10681250590431546,special_case
2025-06-06 19:00:00,2025-06-06,19,2025,6,6,Friday,False,summer,2994,310867,103.82999331997328,0.0654594220459456,195.98550960556128,381.83972353582055,-93.57193394166586,False,현충일,True,False,True,True,148375.0,157485.0,429973.0,444465.0,0.0,0.0,0.0,0.0,10.0,10.0,0.0,3.0,4,52.0,22,0,True,True,False,True,맑음,23.9,47,11.9,22.4,0.0,0.0,0.0,0.0,0,1007.6,1003.8,0,0,0,0,14.0,223,35.3,134.0,55.0,79.0,3600.0,1,offday,test,-0.9659258262890684,0.2588190451025203,1.2246467991473532e-16,-1.0,True,381.62422014558274,0.21550339023781362,special_case
2022-03-09 15:00:00,2022-03-09,15,2022,3,9,Wednesday,False,spring,2083,194007,93.1382621219395,0.1173799620909657,244.50246103548173,381.9767338035198,4.460576070195771,False,대통령선거일,True,False,True,False,,,222818.0,270537.0,0.0,0.0,0.0,0.0,0.0,0.0,0.0,0.0,4,52.0,22,0,False,True,False,False,맑음,11.6,54,2.6,9.2,0.0,0.0,0.0,0.0,0,1022.1,1018.1,5,0,0,5,8.8,251,21.6,647.0,514.0,133.0,3600.0,1,offday,train,-0.7071067811865471,-0.7071067811865479,1.0,6.123233995736766e-17,True,381.83972353582055,0.13701026769922464,special_case
2025-08-24 17:00:00,2025-08-24,17,2025,8,24,Sunday,True,summer,2101,221339,105.34935744883389,0.1047704649595659,220.12274688004817,382.0862485891977,19.27827084151852,True,,False,False,True,True,189367.0,185561.0,528242.0,527555.0,0.0,0.0,0.0,0.0,13.0,13.0,0.0,7.0,4,52.0,22,0,True,True,False,True,맑음,32.5,58,23.2,36.6,0.0,0.0,0.0,0.0,0,1010.1,1006.4,8,8,0,0,10.7,233,25.6,418.0,310.0,108.0,3600.0,1,offday,test,-0.9659258262890683,-0.25881904510252063,-0.8660254037844384,-0.5000000000000004,True,381.9767338035198,0.10951478567790218,special_case
2025-05-24 20:00:00,2025-05-24,20,2025,5,24,Saturday,True,spring,4978,376177,75.56789875451989,0.0570144493127863,283.8179286790504,382.1227296755252,-117.37430962040548,True,,False,False,True,True,116266.0,117735.0,435630.0,301038.0,0.0,0.0,0.0,0.0,10.0,9.0,1.0,5.0,4,52.0,22,0,True,True,False,True,맑음,15.1,64,8.4,13.5,0.0,0.0,0.0,0.0,0,1009.8,1005.9,4,0,4,0,8.0,65,19.4,14.0,2.0,12.0,0.0,1,offday,test,-0.8660254037844386,0.5000000000000001,0.49999999999999994,-0.8660254037844387,True,382.0862485891977,0.03648108632751246,special_case
2025-08-15 16:00:00,2025-08-15,16,2025,8,15,Friday,False,summer,2125,206666,97.25458823529412,0.1105172193076455,234.84909102874687,382.2885808981181,6.3459620131994825,False,광복절,True,False,True,True,158565.0,159279.0,412716.0,443693.0,0.0,0.0,0.0,0.0,14.0,13.0,1.0,8.0,4,52.0,22,0,True,True,False,True,맑음,29.6,74,24.5,34.5,0.0,0.0,0.0,0.0,0,1014.5,1010.7,9,5,5,0,11.5,256,28.8,589.0,450.0,139.0,3600.0,1,offday,test,-0.8660254037844384,-0.5000000000000004,-0.8660254037844384,-0.5000000000000004,True,382.1227296755252,0.16585122259289165,special_case
2025-10-25 17:00:00,2025-10-25,17,2025,10,25,Saturday,True,fall,2385,218198,91.48763102725368,0.1019646238147499,243.18562779817853,382.5257998950749,-23.76701815681065,True,,False,False,True,True,189815.0,184775.0,540270.0,529223.0,0.0,0.0,0.0,0.0,19.0,18.0,1.0,7.0,4,52.0,22,0,True,True,False,True,부분적으로 흐림,14.8,56,6.0,12.7,0.0,0.0,0.0,0.0,2,1020.9,1016.9,68,0,34,58,7.5,340,20.2,150.0,83.0,67.0,3600.0,1,offday,test,-0.9659258262890683,-0.25881904510252063,-0.8660254037844386,0.5000000000000001,True,382.2885808981181,0.2372189969568126,special_case
2025-08-23 20:00:00,2025-08-23,20,2025,8,23,Saturday,True,summer,2560,275770,107.72265625,0.0768858847850752,196.8278650497925,382.61191086684727,-56.741538062021675,True,,False,False,True,True,116131.0,118380.0,411222.0,280760.0,0.0,0.0,0.0,0.0,15.0,15.0,0.0,9.0,4,52.0,22,0,True,True,False,True,맑음,28.1,84,25.2,34.3,0.0,0.0,0.0,0.0,0,1010.8,1007.0,0,0,0,0,5.0,283,13.3,1.0,0.0,1.0,0.0,1,offday,test,-0.8660254037844386,0.5000000000000001,-0.8660254037844384,-0.5000000000000004,True,382.5257998950749,0.0861109717723707,special_case
2022-06-01 12:00:00,2022-06-01,12,2022,6,1,Wednesday,False,summer,3020,344335,114.0182119205298,0.0751590877463387,226.98044499394288,382.69705915628447,99.68000162049378,False,전국동시지방선거,True,False,True,False,,,200455.0,301531.0,0.0,0.0,0.0,0.0,0.0,0.0,0.0,0.0,4,52.0,22,0,False,True,False,False,대체로 맑음,26.4,27,6.1,24.7,0.0,0.0,0.0,0.0,1,1006.3,1002.5,38,0,38,0,15.8,240,32.8,863.0,643.0,220.0,3600.0,1,offday,train,1.2246467991473532e-16,-1.0,1.2246467991473532e-16,-1.0,True,382.61191086684727,0.08514828943719976,special_case
2024-08-17 17:00:00,2024-08-17,17,2024,8,17,Saturday,True,summer,2234,221744,99.25872873769023,0.1047704649595659,234.05721871967043,383.1440789291526,18.57886464825617,True,,False,False,True,True,186066.0,183057.0,518823.0,526308.0,479.0,12397.0,1409794.76,473.0,0.0,0.0,0.0,0.0,4,52.0,22,0,True,True,True,False,대체로 맑음,30.1,75,25.1,36.5,0.0,0.0,0.0,0.0,1,1009.0,1005.3,37,1,10,29,3.1,324,14.0,398.0,265.0,133.0,3600.0,1,offday,valid,-0.9659258262890683,-0.25881904510252063,-0.8660254037844384,-0.5000000000000004,True,382.69705915628447,0.44701977286814554,special_case
2023-09-16 13:00:00,2023-09-16,13,2023,9,16,Saturday,True,fall,2539,274840,108.24734147302088,0.0915726254037753,232.5028959001857,383.20586051154135,83.36741449798461,True,,False,False,True,True,118241.0,112923.0,246366.0,358598.0,0.0,0.0,0.0,0.0,0.0,0.0,0.0,0.0,4,52.0,22,0,True,True,False,False,약한 이슬비,26.0,79,22.0,30.7,0.1,0.1,0.0,0.0,51,1012.1,1008.3,100,13,100,100,1.3,304,12.2,280.0,19.0,261.0,0.0,1,offday,train,-0.2588190451025208,-0.9659258262890683,-1.0,-1.8369701987210297e-16,True,383.1440789291526,0.06178158238873266,special_case
2023-10-02 11:00:00,2023-10-02,11,2023,10,2,Monday,False,fall,3014,299070,99.2269409422694,0.0860138816247737,259.24583921706807,383.462970413979,111.24861994298,False,임시공휴일,True,False,True,True,110958.0,104476.0,213989.0,339913.0,0.0,0.0,0.0,0.0,0.0,0.0,0.0,0.0,4,52.0,22,0,True,True,False,False,맑음,19.9,58,11.4,20.4,0.0,0.0,0.0,0.0,0,1020.3,1016.4,0,0,0,0,3.4,342,13.0,638.0,516.0,122.0,3600.0,1,offday,train,0.258819045102521,-0.9659258262890682,-0.8660254037844386,0.5000000000000001,True,383.20586051154135,0.2571099024376622,special_case
2022-06-06 18:00:00,2022-06-06,18,2022,6,6,Monday,False,summer,2874,255140,88.77522616562283,0.0849768175437643,244.22337362077857,383.4931971909693,-59.2316346158039,False,현충일,True,False,True,True,,,610509.0,603790.0,0.0,0.0,0.0,0.0,0.0,0.0,0.0,0.0,4,52.0,22,0,False,True,False,False,맑음,20.5,52,10.4,17.7,0.0,0.0,0.0,0.0,0,1001.9,998.1,14,14,1,0,20.2,86,35.3,297.0,169.0,128.0,3600.0,1,offday,train,-1.0,-1.8369701987210297e-16,1.2246467991473532e-16,-1.0,True,383.462970413979,0.03022677699027554,special_case
2024-11-02 15:00:00,2024-11-02,15,2024,11,2,Saturday,True,fall,2508,208239,83.02990430622009,0.1124759978651691,282.0898026458441,383.51063781498647,31.125709997872377,True,,False,False,True,True,144782.0,145895.0,349968.0,401272.0,0.0,0.0,0.0,0.0,0.0,0.0,0.0,0.0,4,52.0,22,0,True,True,False,False,맑음,22.4,54,12.7,22.1,0.0,0.0,0.0,0.0,0,1017.7,1013.8,5,5,0,0,8.1,359,18.0,415.0,299.0,116.0,3600.0,1,offday,valid,-0.7071067811865471,-0.7071067811865479,-0.5000000000000004,0.8660254037844384,True,383.4931971909693,0.01744062401718338,special_case
2024-10-19 17:00:00,2024-10-19,17,2024,10,19,Saturday,True,fall,2506,219359,87.53351955307262,0.1019646238147499,255.52334727976327,383.54716328703046,-24.78299675200458,True,,False,False,True,True,198076.0,193165.0,559339.0,551762.0,882.0,27390.0,2974971.81,901.0,0.0,0.0,0.0,0.0,4,52.0,22,0,True,True,True,False,맑음,17.2,60,9.3,14.2,0.0,0.0,0.0,0.0,0,1022.1,1018.1,19,10,12,0,19.1,74,31.7,107.0,36.0,71.0,2630.1,1,offday,valid,-0.9659258262890683,-0.25881904510252063,-0.8660254037844386,0.5000000000000001,True,383.51063781498647,0.0365254720439907,special_case
2022-04-03 19:00:00,2022-04-03,19,2022,4,3,Sunday,True,spring,3371,283907,84.22040937407297,0.0761098888961958,256.56643546907617,383.6478120904668,-74.95144651862387,True,,False,False,True,True,,,363830.0,388931.0,0.0,0.0,0.0,0.0,0.0,0.0,0.0,0.0,4,52.0,22,0,False,True,False,False,맑음,6.9,77,3.2,4.2,0.0,0.0,0.0,0.0,0,1027.7,1023.6,0,0,0,0,7.9,240,18.7,39.0,13.0,26.0,2204.44,1,offday,train,-0.9659258262890684,0.2588190451025203,0.8660254037844387,-0.49999999999999983,True,383.54716328703046,0.10064880343634286,special_case
2024-07-14 18:00:00,2024-07-14,18,2024,7,14,Sunday,True,summer,2185,224403,102.70160183066362,0.1010593940343581,220.81477596507244,383.73808750044554,-3.789904092109168,True,,False,False,True,True,237457.0,228689.0,706071.0,700249.0,594.0,18008.0,2213519.53,611.0,0.0,0.0,0.0,0.0,4,52.0,22,0,True,True,True,False,약한 이슬비,27.8,77,23.5,33.0,0.1,0.1,0.0,0.0,51,1008.6,1004.8,49,19,42,1,3.6,96,16.6,237.0,111.0,126.0,3600.0,1,offday,valid,-1.0,-1.8369701987210297e-16,-0.4999999999999998,-0.8660254037844388,True,383.6478120904668,0.09027540997874439,special_case
2022-05-22 20:00:00,2022-05-22,20,2022,5,22,Sunday,True,spring,6410,399059,62.25569422776911,0.0570144493127863,365.4626200949604,383.8038348207953,-126.56560064266392,True,,False,False,True,True,,,352619.0,240426.0,0.0,0.0,0.0,0.0,0.0,0.0,0.0,0.0,4,52.0,22,0,False,True,False,False,맑음,17.1,83,14.1,17.4,0.0,0.0,0.0,0.0,0,1007.3,1003.4,0,0,0,0,6.9,231,20.9,13.0,2.0,11.0,0.0,1,offday,train,-0.8660254037844386,0.5000000000000001,0.49999999999999994,-0.8660254037844387,True,383.73808750044554,0.0657473203497716,special_case
2023-08-13 18:00:00,2023-08-13,18,2023,8,13,Sunday,True,summer,2121,224316,105.75954738330977,0.1010593940343581,214.3469747468735,383.82367886546746,-3.3786776295102072,True,,False,False,True,True,223546.0,212481.0,652294.0,644555.0,0.0,0.0,0.0,0.0,0.0,0.0,0.0,0.0,4,52.0,22,0,True,True,False,False,흐림,29.4,72,23.9,34.8,0.0,0.0,0.0,0.0,3,1004.0,1000.3,90,16,14,86,3.9,214,8.6,177.0,51.0,126.0,2259.92,1,offday,train,-1.0,-1.8369701987210297e-16,-0.8660254037844384,-0.5000000000000004,True,383.8038348207953,0.019844044672140626,special_case
2025-07-12 16:00:00,2025-07-12,16,2025,7,12,Saturday,True,summer,2444,233011,95.3400163666121,0.1019931999973653,249.27138079356092,383.9059148433063,38.73472012489248,True,,False,False,True,True,159909.0,160265.0,413035.0,434100.0,0.0,0.0,0.0,0.0,11.0,10.0,1.0,5.0,4,52.0,22,0,True,True,False,True,흐림,38.0,20,11.2,38.0,0.0,0.0,0.0,0.0,3,1006.3,1002.7,99,0,0,99,7.3,128,23.4,679.0,521.0,158.0,3600.0,1,offday,test,-0.8660254037844384,-0.5000000000000004,-0.4999999999999998,-0.8660254037844388,True,383.82367886546746,0.08223597783882042,special_case
2024-10-26 12:00:00,2024-10-26,12,2024,10,26,Saturday,True,fall,3356,350067,104.31078665077472,0.0738136969525007,247.71876697259245,384.1959448148232,105.48113874374258,True,,False,False,True,True,130567.0,126480.0,266914.0,391643.0,614.0,20503.0,2087477.93,551.0,0.0,0.0,0.0,0.0,4,52.0,22,0,True,True,True,False,맑음,19.7,62,12.1,19.3,0.0,0.0,0.0,0.0,0,1021.9,1018.0,0,0,0,0,9.4,91,22.3,595.0,468.0,127.0,3600.0,1,offday,valid,1.2246467991473532e-16,-1.0,-0.8660254037844386,0.5000000000000001,True,383.9059148433063,0.29002997151690124,special_case
2023-10-08 17:00:00,2023-10-08,17,2023,10,8,Sunday,True,fall,2403,219881,91.50270495214316,0.1019646238147499,245.02099102684403,385.47999616555813,-23.94708573976976,True,,False,False,True,True,192091.0,182164.0,545967.0,518680.0,0.0,0.0,0.0,0.0,0.0,0.0,0.0,0.0,4,52.0,22,0,True,True,False,False,맑음,18.4,70,12.8,17.7,0.0,0.0,0.0,0.0,0,1022.3,1018.4,16,0,16,0,10.2,98,23.8,207.0,116.0,91.0,3600.0,1,offday,train,-0.9659258262890683,-0.25881904510252063,-0.8660254037844386,0.5000000000000001,True,384.1959448148232,1.2840513507349556,special_case
2025-06-01 20:00:00,2025-06-01,20,2025,6,1,Sunday,True,summer,2685,278968,103.89869646182495,0.0768858847850752,206.4386006479269,385.6805905993439,-57.832157562543784,True,,False,False,True,True,111537.0,113196.0,396301.0,280771.0,0.0,0.0,0.0,0.0,7.0,7.0,0.0,2.0,4,52.0,22,0,True,True,False,True,흐림,21.9,54,12.2,21.6,0.0,0.0,0.0,0.0,3,1008.6,1004.8,100,0,0,100,6.3,268,19.8,14.0,1.0,13.0,0.0,1,offday,test,-0.8660254037844386,0.5000000000000001,1.2246467991473532e-16,-1.0,True,385.47999616555813,0.2005944337857386,special_case
2025-08-17 19:00:00,2025-08-17,19,2025,8,17,Sunday,True,summer,2157,241576,111.99629114510894,0.0912420622822565,196.80912834282745,385.7160849647852,-28.112965767409943,True,,False,False,True,True,159464.0,167448.0,458192.0,454471.0,0.0,0.0,0.0,0.0,14.0,13.0,1.0,8.0,4,52.0,22,0,True,True,False,True,흐림,27.4,84,24.4,33.0,0.0,0.0,0.0,0.0,3,1013.9,1010.1,100,3,91,100,4.6,222,14.4,65.0,12.0,53.0,414.94,1,offday,test,-0.9659258262890684,0.2588190451025203,-0.8660254037844384,-0.5000000000000004,True,385.6805905993439,0.03549436544130913,special_case
2025-06-08 15:00:00,2025-06-08,15,2025,6,8,Sunday,True,summer,2482,263165,106.02941176470588,0.0935275965658001,232.13549467631597,386.3515607350226,59.04882821004742,True,,False,False,True,True,140061.0,140461.0,334487.0,385706.0,0.0,0.0,0.0,0.0,10.0,10.0,0.0,3.0,4,52.0,22,0,True,True,False,True,맑음,30.4,40,15.4,31.4,0.0,0.0,0.0,0.0,0,1006.2,1002.5,18,17,10,0,11.8,246,32.0,717.0,489.0,228.0,3600.0,1,offday,test,-0.7071067811865471,-0.7071067811865479,1.2246467991473532e-16,-1.0,True,385.7160849647852,0.6354757702374059,special_case
2023-10-03 17:00:00,2023-10-03,17,2023,10,3,Tuesday,False,fall,2469,267960,108.52976913730257,0.0766806145388679,189.3244372964649,386.9899801903971,-88.91818656325461,False,개천절,True,False,True,True,192091.0,182164.0,545967.0,518680.0,0.0,0.0,0.0,0.0,0.0,0.0,0.0,0.0,4,52.0,22,0,True,True,False,False,흐림,20.4,65,13.6,21.0,0.0,0.0,0.0,0.0,3,1016.4,1012.5,87,0,87,0,4.0,180,13.7,185.0,59.0,126.0,3599.61,1,offday,train,-0.9659258262890683,-0.25881904510252063,-0.8660254037844386,0.5000000000000001,True,386.3515607350226,0.6384194553745033,special_case
2022-04-10 12:00:00,2022-04-10,12,2022,4,10,Sunday,True,spring,4027,392401,97.44251303700024,0.0657770680274524,264.884252946551,387.08178369555714,107.42310672337452,True,,False,False,True,True,,,187587.0,271232.0,0.0,0.0,0.0,0.0,0.0,0.0,0.0,0.0,4,52.0,22,0,False,True,False,False,맑음,20.7,38,5.9,19.2,0.0,0.0,0.0,0.0,0,1017.5,1013.6,0,0,0,0,12.9,207,27.7,801.0,629.0,172.0,3600.0,1,offday,train,1.2246467991473532e-16,-1.0,0.8660254037844387,-0.49999999999999983,True,386.9899801903971,0.0918035051600441,special_case
2023-06-18 13:00:00,2023-06-18,13,2023,6,18,Sunday,True,summer,3819,385582,100.96412673474732,0.0663205601576762,253.2782192421657,387.11908367503145,93.37753774838768,True,,False,False,True,True,120185.0,113904.0,249942.0,367950.0,486.0,12353.0,1379415.52,475.0,0.0,0.0,0.0,0.0,4,52.0,22,0,True,True,True,False,맑음,28.4,52,17.6,32.0,0.0,0.0,0.0,0.0,0,1007.4,1003.6,14,0,0,14,6.9,264,18.7,856.0,608.0,248.0,3600.0,1,offday,train,-0.2588190451025208,-0.9659258262890683,1.2246467991473532e-16,-1.0,True,387.08178369555714,0.037299979474312295,special_case
2022-09-25 20:00:00,2022-09-25,20,2022,9,25,Sunday,True,fall,4893,429828,87.84549356223177,0.0479786878750003,234.7597197723766,387.138497116906,-136.9560764217445,True,,False,False,True,True,,,322656.0,233140.0,0.0,0.0,0.0,0.0,0.0,0.0,0.0,0.0,4,52.0,22,0,False,True,False,False,흐림,16.0,89,14.2,16.3,0.0,0.0,0.0,0.0,3,1016.8,1012.8,100,0,0,100,7.6,301,11.5,0.0,0.0,0.0,0.0,1,offday,train,-0.8660254037844386,0.5000000000000001,-1.0,-1.8369701987210297e-16,True,387.11908367503145,0.019413441874576165,special_case
2023-08-13 17:00:00,2023-08-13,17,2023,8,13,Sunday,True,summer,2121,224316,105.75954738330977,0.1047704649595659,222.21815617923943,387.20235649497766,19.58453909572745,True,,False,False,True,True,180545.0,173649.0,493091.0,488786.0,0.0,0.0,0.0,0.0,0.0,0.0,0.0,0.0,4,52.0,22,0,True,True,False,False,흐림,29.9,66,22.8,34.6,0.0,0.0,0.0,0.0,3,1003.9,1000.2,100,11,93,98,4.4,171,10.8,257.0,48.0,209.0,777.28,1,offday,train,-0.9659258262890683,-0.25881904510252063,-0.8660254037844384,-0.5000000000000004,True,387.138497116906,0.06385937807164055,special_case
2022-09-11 14:00:00,2022-09-11,14,2022,9,11,Sunday,True,fall,2753,229018,83.18852161278605,0.1053558771818858,290.04472988173177,387.474950890502,56.840200053012666,True,추석,True,False,True,True,,,237928.0,302473.0,0.0,0.0,0.0,0.0,0.0,0.0,0.0,0.0,4,52.0,22,0,False,True,False,False,흐림,23.6,68,17.5,25.7,0.0,0.0,0.0,0.0,3,1014.9,1011.1,100,0,98,100,3.6,53,9.4,141.0,0.0,141.0,0.0,1,offday,train,-0.4999999999999998,-0.8660254037844388,-1.0,-1.8369701987210297e-16,True,387.20235649497766,0.2725943955243224,special_case
2024-11-02 16:00:00,2024-11-02,16,2024,11,2,Saturday,True,fall,2508,208239,83.02990430622009,0.1113266708276356,279.20729043571026,387.4823097806153,3.9716719656288433,True,,False,False,True,True,168730.0,167255.0,438997.0,452770.0,0.0,0.0,0.0,0.0,0.0,0.0,0.0,0.0,4,52.0,22,0,True,True,False,False,대체로 맑음,21.6,61,13.7,22.0,0.0,0.0,0.0,0.0,1,1018.0,1014.1,20,19,2,0,5.6,343,15.8,275.0,183.0,92.0,3600.0,1,offday,valid,-0.8660254037844384,-0.5000000000000004,-0.5000000000000004,0.8660254037844384,True,387.474950890502,0.0073588901133234685,special_case
2024-07-14 17:00:00,2024-07-14,17,2024,7,14,Sunday,True,summer,2185,224403,102.70160183066362,0.1047704649595659,228.9234659366517,387.5279915925547,19.232760558663927,True,,False,False,True,True,190159.0,186188.0,538213.0,531929.0,557.0,16774.0,1933958.6,497.0,0.0,0.0,0.0,0.0,4,52.0,22,0,True,True,True,False,약한 이슬비,28.8,70,22.9,33.1,0.4,0.4,0.0,0.0,51,1008.4,1004.6,74,6,63,26,7.3,33,17.3,359.0,182.0,177.0,3600.0,1,offday,valid,-0.9659258262890683,-0.25881904510252063,-0.4999999999999998,-0.8660254037844388,True,387.4823097806153,0.045681811939402905,special_case
2024-09-28 20:00:00,2024-09-28,20,2024,9,28,Saturday,True,fall,5061,433205,85.59672001580715,0.0479786878750003,242.82013933537667,387.7023299810893,-138.03498379772532,True,,False,False,True,True,110418.0,111604.0,366747.0,265944.0,900.0,29801.0,3810157.78,938.0,0.0,0.0,0.0,0.0,4,52.0,22,0,True,True,True,False,대체로 맑음,21.5,62,14.1,20.3,0.0,0.0,0.0,0.0,1,1019.7,1015.8,20,0,11,9,17.9,77,30.6,0.0,0.0,0.0,0.0,1,offday,valid,-0.8660254037844386,0.5000000000000001,-1.0,-1.8369701987210297e-16,True,387.5279915925547,0.17433838853457928,special_case
2022-10-30 17:00:00,2022-10-30,17,2022,10,30,Sunday,True,fall,2522,221968,88.01268834258525,0.1019646238147499,257.15478126079927,388.2382252713127,-24.964376842292268,True,,False,False,True,True,,,504403.0,483441.0,0.0,0.0,0.0,0.0,0.0,0.0,0.0,0.0,4,52.0,22,0,False,True,False,False,대체로 맑음,17.0,58,8.6,15.5,0.0,0.0,0.0,0.0,1,1024.5,1020.5,21,19,2,0,7.2,72,16.9,103.0,26.0,77.0,2142.56,1,offday,train,-0.9659258262890683,-0.25881904510252063,-0.8660254037844386,0.5000000000000001,True,387.7023299810893,0.5358952902233796,special_case
2022-07-09 16:00:00,2022-07-09,16,2022,7,9,Saturday,True,summer,2527,235514,93.199050257222,0.1019931999973653,257.7368163933422,388.5102194981962,38.919865895329224,True,,False,False,True,True,,,343182.0,372814.0,0.0,0.0,0.0,0.0,0.0,0.0,0.0,0.0,4,52.0,22,0,False,True,False,False,흐림,27.8,81,24.2,31.9,0.0,0.0,0.0,0.0,3,1001.6,997.9,100,58,0,100,14.7,242,27.4,382.0,82.0,300.0,1411.31,1,offday,train,-0.8660254037844384,-0.5000000000000004,-0.4999999999999998,-0.8660254037844388,True,388.2382252713127,0.27199422688352115,special_case
2022-08-27 13:00:00,2022-08-27,13,2022,8,27,Saturday,True,summer,4495,375388,83.5123470522803,0.0663205601576762,298.11091790875486,388.53019968846047,91.78659236793747,True,,False,False,True,True,,,218636.0,340539.0,0.0,0.0,0.0,0.0,0.0,0.0,0.0,0.0,4,52.0,22,0,False,True,False,False,맑음,22.6,54,12.7,22.7,0.0,0.0,0.0,0.0,0,1010.5,1006.7,2,2,0,0,16.5,316,32.8,875.0,719.0,156.0,3600.0,1,offday,train,-0.2588190451025208,-0.9659258262890683,-0.8660254037844384,-0.5000000000000004,True,388.5102194981962,0.019980190264277553,special_case
2023-07-08 19:00:00,2023-07-08,19,2023,7,8,Saturday,True,summer,2528,245536,97.126582278481,0.0912420622822565,230.65993344954464,388.7437748910232,-30.623319215251115,True,,False,False,True,True,158476.0,169537.0,441510.0,480912.0,0.0,0.0,0.0,0.0,0.0,0.0,0.0,0.0,4,52.0,22,0,True,True,False,False,대체로 맑음,26.2,85,23.5,30.3,0.0,0.0,0.0,0.0,1,1001.8,998.0,49,40,0,15,12.5,237,20.9,93.0,26.0,67.0,1228.38,1,offday,train,-0.9659258262890684,0.2588190451025203,-0.4999999999999998,-0.8660254037844388,True,388.53019968846047,0.21357520256270845,special_case
2025-09-19 15:00:00,2025-09-19,15,2025,9,19,Friday,False,fall,2223,197116,88.67116509221772,0.1159356419712001,257.72493210197797,389.0010482348932,-13.321934700655788,False,,False,False,False,False,147067.0,148369.0,339515.0,383623.0,0.0,0.0,0.0,0.0,19.0,18.0,1.0,9.0,4,52.0,22,0,True,True,False,True,보통 이슬비,20.8,79,17.0,21.4,0.7,0.7,0.0,0.0,53,1016.1,1012.2,100,9,100,100,12.2,104,25.9,236.0,31.0,205.0,0.0,1,weekday,test,-0.7071067811865471,-0.7071067811865479,-1.0,-1.8369701987210297e-16,True,388.7437748910232,0.257273343869997,special_case
2022-05-14 14:00:00,2022-05-14,14,2022,5,14,Saturday,True,spring,2936,249959,85.1358991825613,0.0977777335148833,287.0754255996975,389.1093046218431,64.64726731545574,True,,False,False,True,True,,,246708.0,328829.0,0.0,0.0,0.0,0.0,0.0,0.0,0.0,0.0,4,52.0,22,0,False,True,False,False,흐림,18.4,33,1.7,13.1,0.0,0.0,0.0,0.0,3,1012.0,1008.1,100,0,21,100,24.6,265,46.1,582.0,178.0,404.0,3600.0,1,offday,train,-0.4999999999999998,-0.8660254037844388,0.49999999999999994,-0.8660254037844387,True,389.0010482348932,0.10825638694990403,special_case
2025-06-03 19:00:00,2025-06-03,19,2025,6,3,Tuesday,False,summer,2829,313831,110.93354542241076,0.0654594220459456,185.18470496798025,389.2579485796226,-93.79598032003425,False,임시공휴일(제21대 대통령 선거),True,False,True,False,148375.0,157485.0,429973.0,444465.0,0.0,0.0,0.0,0.0,7.0,7.0,0.0,2.0,4,52.0,22,0,True,True,False,True,맑음,21.0,43,7.9,17.8,0.0,0.0,0.0,0.0,0,999.2,995.4,12,0,0,12,17.9,265,45.4,133.0,59.0,74.0,3600.0,1,offday,test,-0.9659258262890684,0.2588190451025203,1.2246467991473532e-16,-1.0,True,389.1093046218431,0.14864395777954087,special_case
2025-05-11 19:00:00,2025-05-11,19,2025,5,11,Sunday,True,spring,2729,280458,102.7695126419934,0.0761098888961958,207.70388679771844,389.3723389943145,-71.0344332451902,True,,False,False,True,True,156142.0,160509.0,472948.0,469754.0,0.0,0.0,0.0,0.0,8.0,7.0,1.0,5.0,4,52.0,22,0,True,True,False,True,맑음,14.3,77,10.4,13.4,0.0,0.0,0.0,0.0,0,1005.0,1001.1,1,0,1,0,6.7,216,21.2,97.0,35.0,62.0,3600.0,1,offday,test,-0.9659258262890684,0.2588190451025203,0.49999999999999994,-0.8660254037844387,True,389.2579485796226,0.1143904146918544,special_case
2024-10-05 13:00:00,2024-10-05,13,2024,10,5,Saturday,True,fall,3224,270065,83.76705955334988,0.0915726254037753,295.2301443017719,389.496386451528,81.1977491362988,True,,False,False,True,True,137374.0,134469.0,296007.0,431650.0,788.0,27073.0,2763389.02,738.0,0.0,0.0,0.0,0.0,4,52.0,22,0,True,True,True,False,흐림,20.8,53,10.9,21.5,0.0,0.0,0.0,0.0,3,1023.9,1020.0,100,0,0,100,3.3,49,14.0,690.0,486.0,204.0,3600.0,1,offday,valid,-0.2588190451025208,-0.9659258262890683,-0.8660254037844386,0.5000000000000001,True,389.3723389943145,0.12404745721352128,special_case
2025-05-24 12:00:00,2025-05-24,12,2025,5,24,Saturday,True,spring,4978,376177,75.56789875451989,0.0657770680274524,327.43824464065824,390.2441819965302,105.09223056033728,True,,False,False,True,True,126039.0,119058.0,269610.0,399733.0,0.0,0.0,0.0,0.0,10.0,9.0,1.0,5.0,4,52.0,22,0,True,True,False,True,흐림,16.2,65,9.7,14.6,0.0,0.0,0.0,0.0,3,1010.5,1006.6,100,63,100,37,10.6,55,26.6,253.0,24.0,229.0,0.0,1,offday,test,1.2246467991473532e-16,-1.0,0.49999999999999994,-0.8660254037844387,True,389.496386451528,0.7477955450021909,special_case
2025-09-18 14:00:00,2025-09-18,14,2025,9,18,Thursday,False,fall,2450,190691,77.8330612244898,0.1235811310401487,302.7737710483643,390.2449741693233,18.384700493542255,False,,False,False,False,False,130450.0,127036.0,290975.0,362837.0,0.0,0.0,0.0,0.0,20.0,19.0,1.0,10.0,4,52.0,22,0,True,True,False,True,맑음,25.0,58,16.1,25.8,0.0,0.0,0.0,0.0,0,1015.3,1011.5,8,5,2,0,13.5,100,34.2,679.0,524.0,155.0,3600.0,1,weekday,test,-0.4999999999999998,-0.8660254037844388,-1.0,-1.8369701987210297e-16,True,390.2441819965302,0.0007921727931261557,special_case
2022-05-29 13:00:00,2022-05-29,13,2022,5,29,Sunday,True,spring,3060,308203,100.71993464052288,0.0829554972469645,253.8438215757116,390.4441550327893,88.18424740308012,True,,False,False,True,True,,,232173.0,351954.0,0.0,0.0,0.0,0.0,0.0,0.0,0.0,0.0,4,52.0,22,0,False,True,False,False,흐림,25.9,49,14.4,27.3,0.0,0.0,0.0,0.0,3,1004.8,1001.0,100,32,0,100,3.7,151,15.5,624.0,286.0,338.0,3600.0,1,offday,train,-0.2588190451025208,-0.9659258262890683,0.49999999999999994,-0.8660254037844387,True,390.2449741693233,0.1991808634659833,special_case
2025-09-06 12:00:00,2025-09-06,12,2025,9,6,Saturday,True,fall,3931,345164,87.8056474179598,0.0738136969525007,290.1616427202804,390.4763652744788,104.9835653716596,True,,False,False,True,True,126915.0,121371.0,254165.0,356827.0,0.0,0.0,0.0,0.0,15.0,14.0,1.0,7.0,4,52.0,22,0,True,True,False,True,약한 이슬비,28.4,78,24.2,32.1,0.1,0.1,0.0,0.0,51,1007.9,1004.1,39,28,29,0,17.1,221,41.8,545.0,291.0,254.0,3600.0,1,offday,test,1.2246467991473532e-16,-1.0,-1.0,-1.8369701987210297e-16,True,390.4441550327893,0.03221024168948361,special_case
2024-06-23 15:00:00,2024-06-23,15,2024,6,23,Sunday,True,summer,2575,265375,103.05825242718448,0.0935275965658001,240.8335611569354,390.5005603626695,59.39054983215294,True,,False,False,True,True,135633.0,134648.0,323366.0,377916.0,518.0,16969.0,1719888.06,494.0,0.0,0.0,0.0,0.0,4,52.0,22,0,True,True,True,False,맑음,27.6,67,20.9,29.9,0.0,0.0,0.0,0.0,0,998.2,994.5,12,11,0,0,19.5,242,38.2,719.0,504.0,215.0,3600.0,1,offday,valid,-0.7071067811865471,-0.7071067811865479,1.2246467991473532e-16,-1.0,True,390.4763652744788,0.024195088190708702,special_case
2023-05-29 14:00:00,2023-05-29,14,2023,5,29,Monday,False,spring,2377,199768,84.04206983592763,0.1194960865470364,284.0421977223056,390.5159659402891,33.08068257417165,False,대체공휴일,True,True,True,True,119940.0,114747.0,271180.0,349432.0,738.0,27138.0,2936248.56,661.0,0.0,0.0,0.0,0.0,4,52.0,22,0,True,True,True,False,흐림,25.6,68,19.4,27.4,0.0,0.0,0.0,0.0,3,1009.9,1006.1,100,100,52,0,12.0,74,23.0,398.0,62.0,336.0,191.15,1,offday,train,-0.4999999999999998,-0.8660254037844388,0.49999999999999994,-0.8660254037844387,True,390.5005603626695,0.015405577619617361,special_case
2023-07-02 18:00:00,2023-07-02,18,2023,7,2,Sunday,True,summer,2178,228384,104.8595041322314,0.1010593940343581,220.1073602068319,390.7155853469892,-3.5602142106553174,True,,False,False,True,True,225223.0,216799.0,664503.0,674596.0,0.0,0.0,0.0,0.0,0.0,0.0,0.0,0.0,4,52.0,22,0,True,True,False,False,흐림,28.1,73,22.9,32.3,0.0,0.0,0.0,0.0,3,1007.5,1003.7,97,1,33,97,9.0,268,15.5,240.0,81.0,159.0,3600.0,1,offday,train,-1.0,-1.8369701987210297e-16,-0.4999999999999998,-0.8660254037844388,True,390.5159659402891,0.19961940670009426,special_case
2022-09-09 14:00:00,2022-09-09,14,2022,9,9,Friday,False,fall,2510,190848,76.03505976095617,0.1235811310401487,310.18863891077325,390.7668125211817,17.811193190216215,False,추석,True,False,True,True,,,237928.0,302473.0,0.0,0.0,0.0,0.0,0.0,0.0,0.0,0.0,4,52.0,22,0,False,True,False,False,맑음,27.5,54,17.5,30.6,0.0,0.0,0.0,0.0,0,1017.2,1013.4,2,0,0,2,6.2,69,17.3,752.0,550.0,202.0,3600.0,1,offday,train,-0.4999999999999998,-0.8660254037844388,-1.0,-1.8369701987210297e-16,True,390.7155853469892,0.051227174192490565,special_case
2023-06-24 20:00:00,2023-06-24,20,2023,6,24,Saturday,True,summer,2812,283710,100.89260312944523,0.0768858847850752,216.20310801563147,391.0685203795762,-59.18448742497657,True,,False,False,True,True,113291.0,111549.0,371016.0,267952.0,784.0,26304.0,3442639.23,724.0,0.0,0.0,0.0,0.0,4,52.0,22,0,True,True,True,False,맑음,23.5,83,20.5,26.8,0.0,0.0,0.0,0.0,0,1013.3,1009.5,4,2,3,0,5.7,305,14.4,28.0,6.0,22.0,373.09,1,offday,train,-0.8660254037844386,0.5000000000000001,1.2246467991473532e-16,-1.0,True,390.7668125211817,0.3017078583945363,special_case
2023-07-01 19:00:00,2023-07-01,19,2023,7,1,Saturday,True,summer,2589,247330,95.53109308613364,0.0912420622822565,236.22569924876228,391.1665935357723,-31.10676214635538,True,,False,False,True,True,158476.0,169537.0,441510.0,480912.0,0.0,0.0,0.0,0.0,0.0,0.0,0.0,0.0,4,52.0,22,0,True,True,False,False,맑음,27.0,84,24.0,31.9,0.0,0.0,0.0,0.0,0,1005.8,1002.0,13,8,0,5,7.9,246,17.3,157.0,80.0,77.0,3600.0,1,offday,train,-0.9659258262890684,0.2588190451025203,-0.4999999999999998,-0.8660254037844388,True,391.0685203795762,0.09807315619605106,special_case
2023-05-28 19:00:00,2023-05-28,19,2023,5,28,Sunday,True,spring,3385,288986,85.3725258493353,0.0761098888961958,257.6319739136229,391.3112409106315,-76.06067690496315,True,,False,False,True,True,155641.0,162800.0,428335.0,454837.0,13.0,393.0,55759.67,21.0,0.0,0.0,0.0,0.0,4,52.0,22,0,True,True,True,False,약한 비,18.0,98,17.6,20.0,1.3,1.3,0.0,0.0,61,1011.0,1007.1,100,100,100,100,5.0,201,11.5,16.0,0.0,16.0,0.0,1,offday,train,-0.9659258262890684,0.2588190451025203,0.49999999999999994,-0.8660254037844387,True,391.1665935357723,0.1446473748592325,special_case
2024-09-29 17:00:00,2024-09-29,17,2024,9,29,Sunday,True,fall,3998,230363,57.61955977988995,0.1019646238147499,407.65456601137015,391.4812772639538,-35.94448726715672,True,,False,False,True,True,177953.0,178514.0,487048.0,505092.0,1113.0,44635.0,4905025.47,998.0,0.0,0.0,0.0,0.0,4,52.0,22,0,True,True,True,False,맑음,25.8,63,18.2,27.6,0.0,0.0,0.0,0.0,0,1018.4,1014.6,6,6,1,0,8.2,26,16.2,253.0,161.0,92.0,3600.0,1,offday,valid,-0.9659258262890683,-0.25881904510252063,-1.0,-1.8369701987210297e-16,True,391.3112409106315,0.1700363533223026,special_case
2022-07-17 19:00:00,2022-07-17,19,2022,7,17,Sunday,True,summer,2422,246742,101.87530966143684,0.0912420622822565,220.98827484762543,391.81570587683655,-30.050648093197083,True,,False,False,True,True,,,401728.0,435098.0,0.0,0.0,0.0,0.0,0.0,0.0,0.0,0.0,4,52.0,22,0,False,True,False,False,맑음,24.6,83,21.5,28.2,0.0,0.0,0.0,0.0,0,999.9,996.1,10,0,4,6,7.2,243,17.6,139.0,55.0,84.0,3600.0,1,offday,train,-0.9659258262890684,0.2588190451025203,-0.4999999999999998,-0.8660254037844388,True,391.4812772639538,0.33442861288273207,special_case
2025-03-23 14:00:00,2025-03-23,14,2025,3,23,Sunday,True,spring,2724,254202,93.31938325991187,0.0977777335148833,266.34654609454225,391.8333267800255,66.36158147416671,True,,False,False,True,True,128057.0,123831.0,306602.0,397393.0,0.0,0.0,0.0,0.0,0.0,0.0,0.0,0.0,4,52.0,22,0,True,True,False,False,맑음,20.2,41,6.6,19.5,0.0,0.0,0.0,0.0,0,1009.2,1005.3,0,0,0,0,8.0,200,22.3,773.0,627.0,146.0,3600.0,1,offday,test,-0.4999999999999998,-0.8660254037844388,1.0,6.123233995736766e-17,True,391.81570587683655,0.017620903188969805,special_case
2024-06-09 20:00:00,2024-06-09,20,2024,6,9,Sunday,True,summer,2737,283801,103.69053708439898,0.0768858847850752,210.4366666567508,392.2836174863262,-58.85896361391963,True,,False,False,True,True,111676.0,112065.0,388116.0,280230.0,766.0,24641.0,3357923.33,838.0,0.0,0.0,0.0,0.0,4,52.0,22,0,True,True,True,False,맑음,20.0,79,16.2,21.2,0.0,0.0,0.0,0.0,0,1007.5,1003.6,4,1,3,0,6.8,245,19.1,23.0,5.0,18.0,183.04,1,offday,valid,-0.8660254037844386,0.5000000000000001,1.2246467991473532e-16,-1.0,True,391.8333267800255,0.45029070630067736,special_case
2024-09-27 15:00:00,2024-09-27,15,2024,9,27,Friday,False,fall,2915,201302,69.05728987993139,0.1159356419712001,337.9523963460485,392.33221337474856,-20.764688091035794,False,,False,False,False,False,138586.0,141284.0,321614.0,389738.0,517.0,15524.0,1456793.91,514.0,0.0,0.0,0.0,0.0,4,52.0,22,0,True,True,True,False,맑음,26.2,55,16.5,27.5,0.0,0.0,0.0,0.0,0,1013.2,1009.4,11,10,5,1,6.9,5,16.2,552.0,389.0,163.0,3600.0,1,weekday,valid,-0.7071067811865471,-0.7071067811865479,-1.0,-1.8369701987210297e-16,True,392.2836174863262,0.04859588842236917,special_case
2022-06-04 14:00:00,2022-06-04,14,2022,6,4,Saturday,True,summer,3062,314357,102.66394513389942,0.0809922881834863,247.99838641783504,392.3970367064743,77.55957534729038,True,,False,False,True,True,,,231925.0,303651.0,0.0,0.0,0.0,0.0,0.0,0.0,0.0,0.0,4,52.0,22,0,False,True,False,False,흐림,29.5,40,14.6,30.1,0.0,0.0,0.0,0.0,3,1008.8,1005.1,100,10,16,100,6.8,245,21.6,559.0,167.0,392.0,3535.03,1,offday,train,-0.4999999999999998,-0.8660254037844388,1.2246467991473532e-16,-1.0,True,392.33221337474856,0.06482333172573362,special_case
2024-05-12 13:00:00,2024-05-12,13,2024,5,12,Sunday,True,spring,3001,311072,103.65611462845716,0.0829554972469645,248.9494472381407,392.57586784501734,89.00275774941542,True,,False,False,True,True,129171.0,124826.0,291672.0,434999.0,806.0,32815.0,3339175.11,707.0,0.0,0.0,0.0,0.0,4,52.0,22,0,True,True,True,False,맑음,20.4,42,6.9,19.2,0.0,0.0,0.0,0.0,0,1010.4,1006.5,17,0,0,17,15.6,322,31.7,905.0,711.0,194.0,3600.0,1,offday,valid,-0.2588190451025208,-0.9659258262890683,0.49999999999999994,-0.8660254037844387,True,392.3970367064743,0.1788311385430461,special_case
2023-05-29 15:00:00,2023-05-29,15,2023,5,29,Monday,False,spring,2377,199768,84.04206983592763,0.1173799620909657,279.01216989022566,392.8282091233929,2.31224318310376,False,대체공휴일,True,True,True,True,132175.0,131307.0,314402.0,362761.0,775.0,27375.0,2984982.97,726.0,0.0,0.0,0.0,0.0,4,52.0,22,0,True,True,True,False,흐림,26.9,64,19.5,28.9,0.0,0.0,0.0,0.0,3,1009.7,1005.9,98,98,0,0,10.9,82,23.4,554.0,251.0,303.0,3600.0,1,offday,train,-0.7071067811865471,-0.7071067811865479,0.49999999999999994,-0.8660254037844387,True,392.57586784501734,0.2523412783755816,special_case
2022-05-21 20:00:00,2022-05-21,20,2022,5,21,Saturday,True,spring,7059,413591,58.59059356849412,0.0570144493127863,402.4649976989588,393.0110517620769,-131.62836587903195,True,,False,False,True,True,,,352619.0,240426.0,0.0,0.0,0.0,0.0,0.0,0.0,0.0,0.0,4,52.0,22,0,False,True,False,False,맑음,15.3,87,13.1,14.7,0.0,0.0,0.0,0.0,0,1008.3,1004.4,11,10,0,1,11.0,229,21.6,11.0,1.0,10.0,0.0,1,offday,train,-0.8660254037844386,0.5000000000000001,0.49999999999999994,-0.8660254037844387,True,392.8282091233929,0.182842638683951,special_case
2024-11-03 14:00:00,2024-11-03,14,2024,11,3,Sunday,True,fall,2554,234502,91.8175411119812,0.1053558771818858,269.07891032253644,393.10182174856305,59.2545257714188,True,,False,False,True,True,130366.0,126846.0,301164.0,386387.0,0.0,0.0,0.0,0.0,0.0,0.0,0.0,0.0,4,52.0,22,0,True,True,False,False,맑음,21.2,55,11.8,20.0,0.0,0.0,0.0,0.0,0,1020.7,1016.8,0,0,0,0,11.9,214,23.4,521.0,401.0,120.0,3600.0,1,offday,valid,-0.4999999999999998,-0.8660254037844388,-0.5000000000000004,0.8660254037844384,True,393.0110517620769,0.09076998648617973,special_case
2023-05-13 14:00:00,2023-05-13,14,2023,5,13,Saturday,True,spring,2846,254340,89.3675333801827,0.0977777335148833,278.275429583358,393.8324372483797,66.11363632127723,True,,False,False,True,True,119940.0,114747.0,271180.0,349432.0,789.0,29976.0,3164600.86,712.0,0.0,0.0,0.0,0.0,4,52.0,22,0,True,True,True,False,흐림,22.1,47,10.3,22.2,0.0,0.0,0.0,0.0,3,1012.4,1008.5,84,0,76,63,11.2,285,24.8,841.0,620.0,221.0,3600.0,1,offday,train,-0.4999999999999998,-0.8660254037844388,0.49999999999999994,-0.8660254037844387,True,393.10182174856305,0.7306154998166221,special_case
2025-06-07 15:00:00,2025-06-07,15,2025,6,7,Saturday,True,summer,2609,267631,102.5799156765044,0.0935275965658001,244.01349944017255,393.9720708833672,59.86956853804452,True,,False,False,True,True,140061.0,140461.0,334487.0,385706.0,0.0,0.0,0.0,0.0,11.0,10.0,1.0,3.0,4,52.0,22,0,True,True,False,True,약한 이슬비,26.9,52,16.2,27.0,0.2,0.2,0.0,0.0,51,1007.4,1003.6,54,22,14,31,15.9,242,42.8,595.0,363.0,232.0,3600.0,1,offday,test,-0.7071067811865471,-0.7071067811865479,1.2246467991473532e-16,-1.0,True,393.8324372483797,0.13963363498754688,special_case
2024-05-04 14:00:00,2024-05-04,14,2024,5,4,Saturday,True,spring,4896,241877,49.40298202614379,0.0977777335148833,478.7197832888689,394.1697474896573,59.752634029589785,True,,False,False,True,True,125232.0,122594.0,306752.0,401290.0,721.0,25261.0,2748570.25,728.0,0.0,0.0,0.0,0.0,4,52.0,22,0,True,True,True,False,흐림,26.9,26,5.8,26.1,0.0,0.0,0.0,0.0,3,1015.6,1011.8,98,0,0,98,10.2,231,26.3,867.0,681.0,186.0,3600.0,1,offday,valid,-0.4999999999999998,-0.8660254037844388,0.49999999999999994,-0.8660254037844387,True,393.9720708833672,0.19767660629008788,special_case
2023-07-02 17:00:00,2023-07-02,17,2023,7,2,Sunday,True,summer,2178,228384,104.8595041322314,0.1047704649595659,228.1900726819347,394.2757995576445,19.834271715633804,True,,False,False,True,True,181065.0,175578.0,500982.0,517822.0,0.0,0.0,0.0,0.0,0.0,0.0,0.0,0.0,4,52.0,22,0,True,True,False,False,흐림,28.4,71,22.5,33.4,0.0,0.0,0.0,0.0,3,1007.1,1003.3,99,0,6,99,1.5,315,11.2,287.0,55.0,232.0,859.98,1,offday,train,-0.9659258262890683,-0.25881904510252063,-0.4999999999999998,-0.8660254037844388,True,394.1697474896573,0.10605206798720701,special_case
2023-06-17 21:00:00,2023-06-17,21,2023,6,17,Saturday,True,summer,3966,358951,90.50706001008572,0.0603261742431433,239.25360704830652,394.2952751488237,-94.62528320199289,True,,False,False,True,True,103298.0,103596.0,407365.0,227984.0,916.0,30151.0,3725535.26,987.0,0.0,0.0,0.0,0.0,4,52.0,22,0,True,True,True,False,흐림,19.5,84,16.8,20.9,0.0,0.0,0.0,0.0,3,1011.9,1008.0,100,0,0,100,6.3,246,10.1,0.0,0.0,0.0,0.0,1,offday,train,-0.7071067811865477,0.7071067811865474,1.2246467991473532e-16,-1.0,True,394.2757995576445,0.01947559117917308,special_case
2024-06-06 13:00:00,2024-06-06,13,2024,6,6,Thursday,False,summer,2869,276505,96.37678633670268,0.0919203898842977,263.7195985780503,394.4525684554942,79.20203002759524,False,현충일,True,False,True,False,122281.0,117640.0,264558.0,388976.0,584.0,19506.0,1902116.03,552.0,0.0,0.0,0.0,0.0,4,52.0,22,0,True,True,True,False,부분적으로 흐림,28.3,39,13.1,30.5,0.0,0.0,0.0,0.0,2,1016.4,1012.6,66,0,22,62,1.6,153,18.7,764.0,505.0,259.0,3600.0,1,offday,valid,-0.2588190451025208,-0.9659258262890683,1.2246467991473532e-16,-1.0,True,394.2952751488237,0.15729330667051045,special_case
2023-04-15 16:00:00,2023-04-15,16,2023,4,15,Saturday,True,spring,3015,214841,71.25737976782753,0.1106643479569391,333.6530090901715,394.5845228999872,14.518247631937072,True,,False,False,True,True,152870.0,154121.0,379330.0,394897.0,645.0,22392.0,2589064.0,536.0,0.0,0.0,0.0,0.0,4,52.0,22,0,True,True,True,False,대체로 맑음,13.9,74,9.2,12.0,0.0,0.0,0.0,0.0,1,1002.8,998.9,23,23,0,0,11.5,238,27.0,420.0,149.0,271.0,3600.0,1,offday,train,-0.8660254037844384,-0.5000000000000004,0.8660254037844387,-0.49999999999999983,True,394.4525684554942,0.1319544444929761,special_case
2025-08-17 16:00:00,2025-08-17,16,2025,8,17,Sunday,True,summer,2157,241576,111.99629114510894,0.1019931999973653,219.9993323943171,394.8273510682151,41.69214071733268,True,,False,False,True,True,158565.0,159279.0,412716.0,443693.0,0.0,0.0,0.0,0.0,14.0,13.0,1.0,8.0,4,52.0,22,0,True,True,False,True,흐림,28.3,78,24.0,33.2,0.0,0.0,0.0,0.0,3,1013.6,1009.8,97,2,36,96,8.5,242,25.6,195.0,11.0,184.0,0.0,1,offday,test,-0.8660254037844384,-0.5000000000000004,-0.8660254037844384,-0.5000000000000004,True,394.5845228999872,0.2428281682279021,special_case
2024-03-24 20:00:00,2024-03-24,20,2024,3,24,Sunday,True,spring,3466,363489,104.8727639930756,0.0570144493127863,197.61208131811745,394.90032982039145,-110.97328305784242,True,,False,False,True,True,113844.0,114884.0,414131.0,292661.0,652.0,21602.0,2815334.06,761.0,0.0,0.0,0.0,0.0,4,52.0,22,0,True,True,True,False,흐림,13.0,56,4.6,10.9,0.0,0.0,0.0,0.0,3,1016.0,1012.0,98,0,98,0,5.7,108,14.0,0.0,0.0,0.0,0.0,1,offday,valid,-0.8660254037844386,0.5000000000000001,1.0,6.123233995736766e-17,True,394.8273510682151,0.07297875217636829,special_case
2023-10-22 14:00:00,2023-10-22,14,2023,10,22,Sunday,True,fall,2336,238091,101.92251712328768,0.1053558771818858,246.11132909688536,395.5746420705042,61.18350318969567,True,,False,False,True,True,128103.0,125637.0,300223.0,395149.0,0.0,0.0,0.0,0.0,0.0,0.0,0.0,0.0,4,52.0,22,0,True,True,False,False,흐림,16.6,56,7.9,14.8,0.0,0.0,0.0,0.0,3,1022.1,1018.1,95,3,0,95,9.2,222,20.5,556.0,379.0,177.0,3600.0,1,offday,train,-0.4999999999999998,-0.8660254037844388,-0.8660254037844386,0.5000000000000001,True,394.90032982039145,0.6743122501127345,special_case
2023-05-21 14:00:00,2023-05-21,14,2023,5,21,Sunday,True,spring,2560,258878,101.12421875,0.0977777335148833,250.31099779810137,395.867478450867,68.08676936873542,True,,False,False,True,True,119940.0,114747.0,271180.0,349432.0,768.0,30625.0,3303683.34,668.0,0.0,0.0,0.0,0.0,4,52.0,22,0,True,True,True,False,흐림,20.2,58,11.8,19.3,0.0,0.0,0.0,0.0,3,1009.4,1005.5,100,6,1,100,18.4,239,38.2,786.0,498.0,288.0,3600.0,1,offday,train,-0.4999999999999998,-0.8660254037844388,0.49999999999999994,-0.8660254037844387,True,395.5746420705042,0.29283638036281445,special_case
2022-06-18 19:00:00,2022-06-18,19,2022,6,18,Saturday,True,summer,2527,249817,98.85912148793037,0.0912420622822565,230.56869138726236,395.9641799871267,-30.88199786493783,True,,False,False,True,True,,,375685.0,420065.0,0.0,0.0,0.0,0.0,0.0,0.0,0.0,0.0,4,52.0,22,0,False,True,False,False,흐림,22.5,80,18.9,24.1,0.0,0.0,0.0,0.0,3,1006.9,1003.1,94,14,2,93,11.8,258,27.7,136.0,55.0,81.0,3600.0,1,offday,train,-0.9659258262890684,0.2588190451025203,1.2246467991473532e-16,-1.0,True,395.867478450867,0.09670153625972944,special_case
2024-03-31 15:00:00,2024-03-31,15,2024,3,31,Sunday,True,spring,2464,228389,92.6903409090909,0.1077131147753142,265.4051148063744,396.6700924212133,44.379384578111626,True,,False,False,True,True,133854.0,137987.0,344604.0,427047.0,1084.0,47559.0,5106150.15,987.0,0.0,0.0,0.0,0.0,4,52.0,22,0,True,True,True,False,맑음,14.6,29,-3.3,11.9,0.0,0.0,0.0,0.0,0,1011.4,1007.4,16,0,16,0,6.9,354,24.5,707.0,552.0,155.0,3600.0,1,offday,valid,-0.7071067811865471,-0.7071067811865479,1.0,6.123233995736766e-17,True,395.9641799871267,0.7059124340865992,special_case
2023-09-09 20:00:00,2023-09-09,20,2023,9,9,Saturday,True,fall,4206,426609,101.4286733238231,0.0479786878750003,201.7983612022514,396.6771819813225,-135.91587913430476,True,,False,False,True,True,108480.0,108267.0,358249.0,265242.0,0.0,0.0,0.0,0.0,0.0,0.0,0.0,0.0,4,52.0,22,0,True,True,False,False,흐림,23.4,76,19.0,25.8,0.0,0.0,0.0,0.0,3,1010.6,1006.8,95,0,12,95,5.9,317,12.6,0.0,0.0,0.0,0.0,1,offday,train,-0.8660254037844386,0.5000000000000001,-1.0,-1.8369701987210297e-16,True,396.6700924212133,0.007089560109193371,special_case
2025-09-14 12:00:00,2025-09-14,12,2025,9,14,Sunday,True,fall,3695,356876,96.58349120433016,0.0738136969525007,272.74161023949017,396.800591941773,107.9639776767064,True,,False,False,True,True,126915.0,121371.0,254165.0,356827.0,0.0,0.0,0.0,0.0,17.0,17.0,0.0,8.0,4,52.0,22,0,True,True,False,True,부분적으로 흐림,26.6,66,19.6,30.4,0.0,0.0,0.0,0.0,2,1012.3,1008.5,53,46,0,13,4.2,306,15.1,669.0,443.0,226.0,3600.0,1,offday,test,1.2246467991473532e-16,-1.0,-1.0,-1.8369701987210297e-16,True,396.6771819813225,0.12340996045048769,special_case
2023-10-15 12:00:00,2023-10-15,12,2023,10,15,Sunday,True,fall,3994,350827,87.83850776164246,0.0738136969525007,294.8119056282879,396.8547682557641,106.70364408495304,True,,False,False,True,True,121558.0,116166.0,246525.0,380684.0,0.0,0.0,0.0,0.0,0.0,0.0,0.0,0.0,4,52.0,22,0,True,True,False,False,대체로 맑음,17.5,72,12.4,16.7,0.0,0.0,0.0,0.0,1,1011.8,1007.9,49,48,7,0,11.1,299,23.4,493.0,251.0,242.0,3600.0,1,offday,train,1.2246467991473532e-16,-1.0,-0.8660254037844386,0.5000000000000001,True,396.800591941773,0.054176313991092684,special_case
2023-04-01 15:00:00,2023-04-01,15,2023,4,1,Saturday,True,spring,3008,225215,74.8720079787234,0.1077131147753142,324.00104924414535,396.9024977239504,40.93683915546529,True,,False,False,True,True,128851.0,128817.0,304413.0,360146.0,1102.0,48912.0,5023038.85,942.0,0.0,0.0,0.0,0.0,4,52.0,22,0,True,True,True,False,흐림,25.1,17,-1.7,23.4,0.0,0.0,0.0,0.0,3,1014.5,1010.7,89,0,0,89,1.4,180,15.5,680.0,485.0,195.0,3600.0,1,offday,train,-0.7071067811865471,-0.7071067811865479,0.8660254037844387,-0.49999999999999983,True,396.8547682557641,0.04772946818627588,special_case
2024-09-27 13:00:00,2024-09-27,13,2024,9,27,Friday,False,fall,2915,201302,69.05728987993139,0.1201225009099709,350.1570901525652,397.0258499995954,48.69486233332515,False,,False,False,False,False,124352.0,120608.0,258882.0,380199.0,391.0,11484.0,1080295.11,409.0,0.0,0.0,0.0,0.0,4,52.0,22,0,True,True,True,False,약한 이슬비,25.1,63,17.5,27.5,0.1,0.1,0.0,0.0,51,1014.1,1010.3,22,7,17,2,7.0,1,18.4,666.0,499.0,167.0,3600.0,1,weekday,valid,-0.2588190451025208,-0.9659258262890683,-1.0,-1.8369701987210297e-16,True,396.9024977239504,0.12335227564500428,special_case
2023-05-06 20:00:00,2023-05-06,20,2023,5,6,Saturday,True,spring,3386,364001,107.50177200236269,0.0570144493127863,193.05092537309457,397.0774360389785,-110.97537196848508,True,,False,False,True,True,116767.0,115349.0,387992.0,275162.0,294.0,8732.0,1068026.0,288.0,0.0,0.0,0.0,0.0,4,52.0,22,0,True,True,True,False,맑음,11.6,69,6.1,8.2,0.0,0.0,0.0,0.0,0,1010.4,1006.4,2,2,1,0,16.7,65,30.6,3.0,0.0,3.0,0.0,1,offday,train,-0.8660254037844386,0.5000000000000001,0.49999999999999994,-0.8660254037844387,True,397.0258499995954,0.05158603938309625,special_case
2024-10-03 11:00:00,2024-10-03,11,2024,10,3,Thursday,False,fall,3120,309997,99.35801282051284,0.0860138816247737,268.3633106692941,397.37871335547425,115.3064209332448,False,개천절,True,False,True,False,120632.0,113626.0,236195.0,363817.0,585.0,22717.0,2364947.78,510.0,0.0,0.0,0.0,0.0,4,52.0,22,0,True,True,True,False,맑음,19.1,52,9.1,17.4,0.0,0.0,0.0,0.0,0,1023.5,1019.6,18,0,18,0,12.6,88,25.6,614.0,486.0,128.0,3600.0,1,offday,valid,0.258819045102521,-0.9659258262890682,-0.8660254037844386,0.5000000000000001,True,397.0774360389785,0.3012773164957707,special_case
2022-06-19 18:00:00,2022-06-19,18,2022,6,19,Sunday,True,summer,2245,232355,103.4988864142539,0.1010593940343581,226.8783396071339,397.4010022009075,-3.8111240623633194,True,,False,False,True,True,,,610509.0,603790.0,0.0,0.0,0.0,0.0,0.0,0.0,0.0,0.0,4,52.0,22,0,False,True,False,False,대체로 맑음,25.0,74,20.0,27.2,0.0,0.0,0.0,0.0,1,1006.1,1002.3,29,27,4,0,11.7,252,27.0,250.0,108.0,142.0,3600.0,1,offday,train,-1.0,-1.8369701987210297e-16,1.2246467991473532e-16,-1.0,True,397.37871335547425,0.022288845433251936,special_case
2022-07-10 18:00:00,2022-07-10,18,2022,7,10,Sunday,True,summer,2215,232374,104.90925507900675,0.1010593940343581,223.8465577861032,397.5455116425677,-3.6155945185030873,True,,False,False,True,True,,,645306.0,625086.0,0.0,0.0,0.0,0.0,0.0,0.0,0.0,0.0,4,52.0,22,0,False,True,False,False,흐림,27.9,73,22.7,31.7,0.0,0.0,0.0,0.0,3,1004.1,1000.3,100,3,98,100,10.7,256,19.4,103.0,0.0,103.0,0.0,1,offday,train,-1.0,-1.8369701987210297e-16,-0.4999999999999998,-0.8660254037844388,True,397.4010022009075,0.14450944166020463,special_case
2023-05-01 13:00:00,2023-05-01,13,2023,5,1,Monday,False,spring,2500,223690,89.476,0.111787395763264,279.4684894081601,397.7333362899173,63.30065464854198,False,,False,False,False,False,122764.0,116539.0,259824.0,381217.0,831.0,30230.0,3353148.82,726.0,0.0,0.0,0.0,0.0,4,52.0,22,0,True,True,True,False,맑음,18.0,36,2.8,15.7,0.0,0.0,0.0,0.0,0,1018.6,1014.7,1,0,0,0,15.5,273,33.8,853.0,632.0,221.0,3600.0,1,weekday,train,-0.2588190451025208,-0.9659258262890683,0.49999999999999994,-0.8660254037844387,True,397.5455116425677,0.18782464734960058,special_case
2025-07-12 18:00:00,2025-07-12,18,2025,7,12,Saturday,True,summer,2444,233011,95.3400163666121,0.1010593940343581,246.9891590199712,397.8079895036824,-5.071938140370889,True,,False,False,True,True,239169.0,231250.0,702804.0,702349.0,0.0,0.0,0.0,0.0,11.0,10.0,1.0,5.0,4,52.0,22,0,True,True,False,True,맑음,36.5,22,11.4,36.3,0.0,0.0,0.0,0.0,0,1005.5,1001.8,13,0,0,13,4.0,288,17.6,330.0,213.0,117.0,3600.0,1,offday,test,-1.0,-1.8369701987210297e-16,-0.4999999999999998,-0.8660254037844388,True,397.7333362899173,0.07465321376508882,special_case
2024-09-22 13:00:00,2024-09-22,13,2024,9,22,Sunday,True,fall,4411,260877,59.14237134436636,0.0915726254037753,403.92685065605326,398.1531966243453,77.21493295971965,True,,False,False,True,True,124352.0,120608.0,258882.0,380199.0,870.0,34171.0,3672535.39,767.0,0.0,0.0,0.0,0.0,4,52.0,22,0,True,True,True,False,맑음,23.9,60,15.6,24.5,0.0,0.0,0.0,0.0,0,1013.1,1009.3,15,12,8,0,11.9,55,25.6,624.0,437.0,187.0,3600.0,1,offday,valid,-0.2588190451025208,-0.9659258262890683,-1.0,-1.8369701987210297e-16,True,397.8079895036824,0.3452071206629057,special_case
2022-04-16 14:00:00,2022-04-16,14,2022,4,16,Saturday,True,spring,3208,253615,79.05704488778055,0.0977777335148833,313.6709691157458,398.1957078522988,65.05312178639798,True,,False,False,True,True,,,217213.0,285529.0,0.0,0.0,0.0,0.0,0.0,0.0,0.0,0.0,4,52.0,22,0,False,True,False,False,맑음,17.1,33,0.6,14.0,0.0,0.0,0.0,0.0,0,1017.5,1013.6,0,0,0,0,17.3,265,34.6,838.0,654.0,184.0,3600.0,1,offday,train,-0.4999999999999998,-0.8660254037844388,0.8660254037844387,-0.49999999999999983,True,398.1531966243453,0.04251122795352558,special_case
2023-04-09 15:00:00,2023-04-09,15,2023,4,9,Sunday,True,spring,2855,227135,79.5569176882662,0.1077131147753142,307.52094268352226,398.5112718635808,42.158839532184345,True,,False,False,True,True,128851.0,128817.0,304413.0,360146.0,1035.0,43928.0,4818603.18,928.0,0.0,0.0,0.0,0.0,4,52.0,22,0,True,True,True,False,맑음,15.6,38,1.1,11.4,0.0,0.0,0.0,0.0,0,1018.0,1014.0,0,0,0,0,21.8,232,40.7,732.0,567.0,165.0,3600.0,1,offday,train,-0.7071067811865471,-0.7071067811865479,0.8660254037844387,-0.49999999999999983,True,398.1957078522988,0.3155640112819924,special_case
2023-06-25 20:00:00,2023-06-25,20,2023,6,25,Sunday,True,summer,2562,286263,111.73419203747072,0.0768858847850752,196.98163681936268,398.5399145039815,-58.467503454758514,True,,False,False,True,True,113291.0,111549.0,371016.0,267952.0,676.0,21165.0,2784341.87,724.0,0.0,0.0,0.0,0.0,4,52.0,22,0,True,True,True,False,흐림,26.9,71,21.3,30.1,0.0,0.0,0.0,0.0,3,1008.9,1005.1,100,2,6,100,9.4,88,14.8,18.0,0.0,18.0,0.0,1,offday,train,-0.8660254037844386,0.5000000000000001,1.2246467991473532e-16,-1.0,True,398.5112718635808,0.0286426404006761,special_case
2024-10-09 18:00:00,2024-10-09,18,2024,10,9,Wednesday,False,fall,3382,372716,110.20579538734476,0.0537318129043256,181.7209912424293,398.7220183464564,-140.72213984721407,False,한글날,True,False,True,False,233692.0,220077.0,692280.0,672491.0,1014.0,34128.0,3977288.44,1219.0,0.0,0.0,0.0,0.0,4,52.0,22,0,True,True,True,False,흐림,17.9,80,14.4,18.4,0.0,0.0,0.0,0.0,3,1015.1,1011.2,96,0,5,96,6.1,43,7.6,42.0,7.0,35.0,283.65,1,offday,valid,-1.0,-1.8369701987210297e-16,-0.8660254037844386,0.5000000000000001,True,398.5399145039815,0.1821038424749304,special_case
2024-10-27 17:00:00,2024-10-27,17,2024,10,27,Sunday,True,fall,2344,226831,96.77090443686006,0.1019646238147499,239.0050782217738,398.9276963101862,-23.595665643071584,True,,False,False,True,True,198076.0,193165.0,559339.0,551762.0,620.0,18245.0,2101261.23,636.0,0.0,0.0,0.0,0.0,4,52.0,22,0,True,True,True,False,흐림,17.0,79,13.3,17.4,0.0,0.0,0.0,0.0,3,1012.7,1008.8,100,7,9,100,4.3,318,13.0,76.0,6.0,70.0,0.0,1,offday,valid,-0.9659258262890683,-0.25881904510252063,-0.8660254037844386,0.5000000000000001,True,398.7220183464564,0.20567796372978364,special_case
2025-06-22 14:00:00,2025-06-22,14,2025,6,22,Sunday,True,summer,2907,322514,110.9439284485724,0.0809922881834863,235.4445817493947,399.13919901590987,79.64643278836883,True,,False,False,True,True,124546.0,121399.0,291512.0,373818.0,0.0,0.0,0.0,0.0,12.0,12.0,0.0,3.0,4,52.0,22,0,True,True,False,True,맑음,25.6,61,17.6,28.5,0.0,0.0,0.0,0.0,0,1006.4,1002.6,0,0,0,0,11.6,233,30.2,874.0,681.0,193.0,3600.0,1,offday,test,-0.4999999999999998,-0.8660254037844388,1.2246467991473532e-16,-1.0,True,398.9276963101862,0.21150270572366026,special_case
2022-09-11 17:00:00,2022-09-11,17,2022,9,11,Sunday,True,fall,2753,229018,83.18852161278605,0.1019646238147499,280.7086093620065,399.1564762335833,-26.996561083508823,True,추석,True,False,True,True,,,450705.0,449410.0,0.0,0.0,0.0,0.0,0.0,0.0,0.0,0.0,4,52.0,22,0,False,True,False,False,보통 이슬비,21.6,92,20.2,24.6,0.5,0.5,0.0,0.0,53,1014.0,1010.1,100,0,99,100,6.9,351,13.7,90.0,3.0,87.0,0.0,1,offday,train,-0.9659258262890683,-0.25881904510252063,-1.0,-1.8369701987210297e-16,True,399.13919901590987,0.017277217673438372,special_case
2023-10-07 18:00:00,2023-10-07,18,2023,10,7,Saturday,True,fall,2886,261707,90.68156618156618,0.0862061061335171,248.79082230133048,399.2685147167415,-59.29543497553766,True,,False,False,True,True,226264.0,209395.0,676099.0,661603.0,0.0,0.0,0.0,0.0,0.0,0.0,0.0,0.0,4,52.0,22,0,True,True,False,False,흐림,18.0,65,11.4,17.6,0.0,0.0,0.0,0.0,3,1021.4,1017.5,100,14,18,100,5.6,75,6.5,54.0,11.0,43.0,1085.2,1,offday,train,-1.0,-1.8369701987210297e-16,-0.8660254037844386,0.5000000000000001,True,399.1564762335833,0.11203848315818732,special_case
2023-10-14 16:00:00,2023-10-14,16,2023,10,14,Saturday,True,fall,3352,215087,64.1667661097852,0.1113266708276356,373.1670006142348,399.3495383172817,-2.1950988034217858,True,,False,False,True,True,167258.0,165845.0,428915.0,434112.0,0.0,0.0,0.0,0.0,0.0,0.0,0.0,0.0,4,52.0,22,0,True,True,False,False,맑음,16.5,80,13.1,17.1,0.0,0.0,0.0,0.0,0,1009.0,1005.1,7,6,1,0,2.3,129,12.6,342.0,222.0,120.0,3600.0,1,offday,train,-0.8660254037844384,-0.5000000000000004,-0.8660254037844386,0.5000000000000001,True,399.2685147167415,0.08102360054022029,special_case
2024-09-07 16:00:00,2024-09-07,16,2024,9,7,Saturday,True,fall,4533,215429,47.524597396867414,0.1113266708276356,504.6437988616725,399.7165561621121,-4.126639572813076,True,,False,False,True,True,157557.0,162508.0,383752.0,422775.0,627.0,19707.0,2075683.33,545.0,0.0,0.0,0.0,0.0,4,52.0,22,0,True,True,True,False,대체로 맑음,29.0,58,19.9,31.8,0.0,0.0,0.0,0.0,1,1012.4,1008.6,25,25,0,0,6.4,232,14.8,533.0,400.0,133.0,3600.0,1,offday,valid,-0.8660254037844384,-0.5000000000000004,-1.0,-1.8369701987210297e-16,True,399.3495383172817,0.3670178448304,special_case
2023-05-20 14:00:00,2023-05-20,14,2023,5,20,Saturday,True,spring,2871,258545,90.05398815743644,0.0977777335148833,280.7198729212301,400.0167909204691,67.25865307862153,True,,False,False,True,True,119940.0,114747.0,271180.0,349432.0,706.0,24726.0,2626964.82,653.0,0.0,0.0,0.0,0.0,4,52.0,22,0,True,True,True,False,흐림,24.4,53,14.2,24.5,0.0,0.0,0.0,0.0,3,1009.6,1005.8,87,0,0,87,18.6,238,39.2,830.0,611.0,219.0,3600.0,1,offday,train,-0.4999999999999998,-0.8660254037844388,0.49999999999999994,-0.8660254037844387,True,399.7165561621121,0.30023475835696445,special_case
2025-07-05 19:00:00,2025-07-05,19,2025,7,5,Saturday,True,summer,2437,251741,103.29954862535904,0.0912420622822565,222.35690578185927,400.08837774685094,-30.451436064852487,True,,False,False,True,True,169368.0,180236.0,471291.0,488582.0,0.0,0.0,0.0,0.0,12.0,11.0,1.0,6.0,4,52.0,22,0,True,True,False,True,흐림,26.8,85,24.0,31.6,0.0,0.0,0.0,0.0,3,1004.5,1000.7,100,0,0,100,9.0,247,24.5,147.0,64.0,83.0,3600.0,1,offday,test,-0.9659258262890684,0.2588190451025203,-0.4999999999999998,-0.8660254037844388,True,400.0167909204691,0.07158682638186065,special_case
2025-10-25 15:00:00,2025-10-25,15,2025,10,25,Saturday,True,fall,2385,218198,91.48763102725368,0.1124759978651691,268.2552549084283,400.12218265184936,34.23306519683956,True,,False,False,True,True,149178.0,147634.0,366698.0,410984.0,0.0,0.0,0.0,0.0,19.0,18.0,1.0,7.0,4,52.0,22,0,True,True,False,True,대체로 맑음,16.8,51,6.6,14.8,0.0,0.0,0.0,0.0,1,1020.9,1016.9,35,6,19,16,7.7,336,23.8,430.0,284.0,146.0,3600.0,1,offday,test,-0.7071067811865471,-0.7071067811865479,-0.8660254037844386,0.5000000000000001,True,400.08837774685094,0.03380490499841926,special_case
2023-04-01 17:00:00,2023-04-01,17,2023,4,1,Saturday,True,spring,3008,225215,74.8720079787234,0.1056648495856345,317.83986755358865,400.3493609844832,-12.838100827884432,True,,False,False,True,True,175832.0,171400.0,489740.0,480730.0,1140.0,43798.0,4875619.94,1126.0,0.0,0.0,0.0,0.0,4,52.0,22,0,True,True,True,False,대체로 맑음,23.6,19,-1.0,19.1,0.0,0.0,0.0,0.0,1,1013.8,1010.0,46,0,40,10,15.3,278,27.4,299.0,161.0,138.0,3600.0,1,offday,train,-0.9659258262890683,-0.25881904510252063,0.8660254037844387,-0.49999999999999983,True,400.12218265184936,0.227178332633855,special_case
2022-08-13 19:00:00,2022-08-13,19,2022,8,13,Saturday,True,summer,3960,260798,65.85808080808081,0.0912420622822565,361.31856663773607,400.3914970178867,-40.311457460371514,True,,False,False,True,True,,,397037.0,405336.0,0.0,0.0,0.0,0.0,0.0,0.0,0.0,0.0,4,52.0,22,0,False,True,False,False,약한 이슬비,25.1,96,24.5,30.7,0.4,0.4,0.0,0.0,51,1004.4,1000.6,100,100,9,10,5.2,205,15.1,39.0,12.0,27.0,210.33,1,offday,train,-0.9659258262890684,0.2588190451025203,-0.8660254037844384,-0.5000000000000004,True,400.3493609844832,0.042136033403494366,special_case
2025-09-13 12:00:00,2025-09-13,12,2025,9,13,Saturday,True,fall,3830,358122,93.50443864229766,0.0738136969525007,282.7064593280778,400.4751212947016,108.53325548341871,True,,False,False,True,True,126915.0,121371.0,254165.0,356827.0,0.0,0.0,0.0,0.0,17.0,17.0,0.0,8.0,4,52.0,22,0,True,True,False,True,흐림,24.8,75,20.0,27.6,0.0,0.0,0.0,0.0,3,1006.5,1002.7,94,94,0,0,7.1,81,18.4,337.0,46.0,291.0,0.0,1,offday,test,1.2246467991473532e-16,-1.0,-1.0,-1.8369701987210297e-16,True,400.3914970178867,0.08362427681487361,special_case
2023-10-29 14:00:00,2023-10-29,14,2023,10,29,Sunday,True,fall,2458,240441,97.81977217249796,0.1053558771818858,258.9647461130754,400.8427932824149,61.39402866657792,True,,False,False,True,True,128103.0,125637.0,300223.0,395149.0,0.0,0.0,0.0,0.0,0.0,0.0,0.0,0.0,4,52.0,22,0,True,True,False,False,맑음,18.6,52,8.4,17.6,0.0,0.0,0.0,0.0,0,1021.0,1017.1,0,0,0,0,4.1,142,16.2,554.0,432.0,122.0,3600.0,1,offday,train,-0.4999999999999998,-0.8660254037844388,-0.8660254037844386,0.5000000000000001,True,400.4751212947016,0.3676719877133223,special_case
2022-07-10 17:00:00,2022-07-10,17,2022,7,10,Sunday,True,summer,2215,232374,104.90925507900675,0.1047704649595659,232.06657988543867,401.16110616107073,20.186765820466405,True,,False,False,True,True,,,467738.0,460501.0,0.0,0.0,0.0,0.0,0.0,0.0,0.0,0.0,4,52.0,22,0,False,True,False,False,흐림,30.5,67,23.6,34.8,0.0,0.0,0.0,0.0,3,1003.6,999.9,100,1,100,100,10.0,255,19.1,416.0,237.0,179.0,3600.0,1,offday,train,-0.9659258262890683,-0.25881904510252063,-0.4999999999999998,-0.8660254037844388,True,400.8427932824149,0.31831287865583135,special_case
2022-06-19 17:00:00,2022-06-19,17,2022,6,19,Sunday,True,summer,2245,232355,103.4988864142539,0.1047704649595659,235.20969383422565,401.2121262632709,20.01343489196546,True,,False,False,True,True,,,435526.0,441346.0,0.0,0.0,0.0,0.0,0.0,0.0,0.0,0.0,4,52.0,22,0,False,True,False,False,부분적으로 흐림,25.9,69,19.8,27.7,0.0,0.0,0.0,0.0,2,1006.3,1002.5,50,49,2,0,13.3,251,27.7,455.0,265.0,190.0,3600.0,1,offday,train,-0.9659258262890683,-0.25881904510252063,1.2246467991473532e-16,-1.0,True,401.16110616107073,0.05102010220014108,special_case
2025-10-09 17:00:00,2025-10-09,17,2025,10,9,Thursday,False,fall,2317,274547,118.49244712990937,0.0766806145388679,177.668983886557,401.24616659216497,-89.96686998543356,False,한글날,True,False,True,True,189815.0,184775.0,540270.0,529223.0,0.0,0.0,0.0,0.0,13.0,12.0,1.0,7.0,4,52.0,22,0,True,True,False,True,흐림,20.1,72,14.9,20.1,0.0,0.0,0.0,0.0,3,1018.7,1014.8,100,6,100,0,11.9,65,24.1,48.0,0.0,48.0,0.0,1,offday,test,-0.9659258262890683,-0.25881904510252063,-0.8660254037844386,0.5000000000000001,True,401.2121262632709,0.034040328894093363,special_case
2022-04-23 13:00:00,2022-04-23,13,2022,4,23,Saturday,True,spring,3263,314876,96.49892736745326,0.0829554972469645,270.6837875168454,401.2468824134699,90.09727108569928,True,,False,False,True,True,,,206340.0,299990.0,0.0,0.0,0.0,0.0,0.0,0.0,0.0,0.0,4,52.0,22,0,False,True,False,False,흐림,22.0,33,4.9,21.0,0.0,0.0,0.0,0.0,3,1012.7,1008.8,99,0,0,99,10.0,116,24.1,831.0,566.0,265.0,3600.0,1,offday,train,-0.2588190451025208,-0.9659258262890683,0.8660254037844387,-0.49999999999999983,True,401.24616659216497,0.0007158213049365258,special_case
2023-04-22 19:00:00,2023-04-22,19,2023,4,22,Saturday,True,spring,2993,291040,97.24022719679252,0.0761098888961958,227.79689746631416,401.28141298091,-74.52013355792712,True,,False,False,True,True,156764.0,162060.0,435667.0,457838.0,762.0,25415.0,3214518.18,899.0,0.0,0.0,0.0,0.0,4,52.0,22,0,True,True,True,False,대체로 맑음,15.0,37,0.4,11.7,0.0,0.0,0.0,0.0,1,1020.8,1016.8,24,0,1,23,8.4,65,18.7,56.0,7.0,49.0,0.0,1,offday,train,-0.9659258262890684,0.2588190451025203,0.8660254037844387,-0.49999999999999983,True,401.2468824134699,0.03453056744007199,special_case
2024-04-06 18:00:00,2024-04-06,18,2024,4,6,Saturday,True,spring,2690,246652,91.6921933085502,0.093388398805632,251.21479278715023,401.3504554017255,-40.12727318404757,True,,False,False,True,True,217718.0,210457.0,669925.0,669955.0,948.0,31729.0,3528149.67,1158.0,0.0,0.0,0.0,0.0,4,52.0,22,0,True,True,True,False,맑음,13.2,36,-1.6,9.8,0.0,0.0,0.0,0.0,0,1017.2,1013.2,0,0,0,0,7.6,262,22.3,198.0,111.0,87.0,3600.0,1,offday,valid,-1.0,-1.8369701987210297e-16,0.8660254037844387,-0.49999999999999983,True,401.28141298091,0.06904242081554912,special_case
2023-10-14 15:00:00,2023-10-14,15,2023,10,14,Saturday,True,fall,3352,215087,64.1667661097852,0.1124759978651691,377.0195448440468,401.5446371207035,27.075155823446607,True,,False,False,True,True,143101.0,142544.0,352489.0,399129.0,0.0,0.0,0.0,0.0,0.0,0.0,0.0,0.0,4,52.0,22,0,True,True,False,False,약한 이슬비,15.7,84,12.9,16.2,0.1,0.1,0.0,0.0,51,1009.3,1005.4,29,2,28,1,3.3,139,17.6,345.0,176.0,169.0,3600.0,1,offday,train,-0.7071067811865471,-0.7071067811865479,-0.8660254037844386,0.5000000000000001,True,401.3504554017255,0.19418171897797265,special_case
2024-04-21 18:00:00,2024-04-21,18,2024,4,21,Sunday,True,spring,2292,244049,106.47862129144852,0.093388398805632,214.0462100625087,401.6523894209764,-37.014151221044074,True,,False,False,True,True,217718.0,210457.0,669925.0,669955.0,693.0,19371.0,2338907.88,813.0,0.0,0.0,0.0,0.0,4,52.0,22,0,True,True,True,False,약한 이슬비,17.3,63,10.1,14.8,0.1,0.1,0.0,0.0,51,1011.2,1007.3,100,0,100,80,17.4,63,30.6,58.0,2.0,56.0,0.0,1,offday,valid,-1.0,-1.8369701987210297e-16,0.8660254037844387,-0.49999999999999983,True,401.5446371207035,0.10775230027292082,special_case
2022-08-13 15:00:00,2022-08-13,15,2022,8,13,Saturday,True,summer,3960,260798,65.85808080808081,0.0935275965658001,370.3692824005686,401.68360075524384,55.31240030634183,True,,False,False,True,True,,,273883.0,323254.0,0.0,0.0,0.0,0.0,0.0,0.0,0.0,0.0,4,52.0,22,0,False,True,False,False,약한 비,25.0,93,23.7,29.3,1.9,1.9,0.0,0.0,61,1004.8,1001.0,100,23,100,100,10.5,164,18.0,152.0,2.0,150.0,0.0,1,offday,train,-0.7071067811865471,-0.7071067811865479,-0.8660254037844384,-0.5000000000000004,True,401.6523894209764,0.031211334267425173,special_case
2022-07-09 18:00:00,2022-07-09,18,2022,7,9,Saturday,True,summer,2527,235514,93.199050257222,0.1010593940343581,255.3770887248229,401.8706451801201,-5.494611782352649,True,,False,False,True,True,,,645306.0,625086.0,0.0,0.0,0.0,0.0,0.0,0.0,0.0,0.0,4,52.0,22,0,False,True,False,False,맑음,26.4,82,23.1,30.1,0.0,0.0,0.0,0.0,0,1001.7,997.9,16,3,3,12,12.1,253,25.2,287.0,155.0,132.0,3600.0,1,offday,train,-1.0,-1.8369701987210297e-16,-0.4999999999999998,-0.8660254037844388,True,401.68360075524384,0.18704442487626238,special_case
2022-09-17 12:00:00,2022-09-17,12,2022,9,17,Saturday,True,fall,6267,326802,52.14648157012925,0.0738136969525007,462.5904388013221,402.0410631911857,102.11560794565804,True,,False,False,True,True,,,203808.0,301768.0,0.0,0.0,0.0,0.0,0.0,0.0,0.0,0.0,4,52.0,22,0,False,True,False,False,약한 이슬비,25.6,82,22.2,29.1,0.3,0.3,0.0,0.0,51,1009.4,1005.6,100,56,0,100,10.9,243,22.0,409.0,104.0,305.0,2151.88,1,offday,train,1.2246467991473532e-16,-1.0,-1.0,-1.8369701987210297e-16,True,401.8706451801201,0.1704180110655784,special_case
2024-08-15 17:00:00,2024-08-15,17,2024,8,15,Thursday,False,summer,2148,229335,106.76675977653632,0.1010421936422181,217.03863194348463,402.07208636931034,-22.40722087666353,False,광복절,True,False,True,False,186066.0,183057.0,518823.0,526308.0,257.0,8123.0,850564.59,220.0,0.0,0.0,0.0,0.0,4,52.0,22,0,True,True,True,False,약한 비,29.0,80,25.1,35.5,1.6,1.6,0.0,0.0,61,1007.0,1003.3,94,0,12,93,1.6,117,21.6,294.0,149.0,145.0,3600.0,1,offday,valid,-0.9659258262890683,-0.25881904510252063,-0.8660254037844384,-0.5000000000000004,True,402.0410631911857,0.031023178124655715,special_case
2024-05-18 13:00:00,2024-05-18,13,2024,5,18,Saturday,True,spring,3302,315232,95.46698970321016,0.0829554972469645,273.91905190947705,402.3071184233272,90.20009567986348,True,,False,False,True,True,129171.0,124826.0,291672.0,434999.0,733.0,26735.0,2703438.48,645.0,0.0,0.0,0.0,0.0,4,52.0,22,0,True,True,True,False,맑음,23.7,59,15.1,25.5,0.0,0.0,0.0,0.0,0,1016.8,1012.9,3,3,0,0,10.7,228,24.5,847.0,594.0,253.0,3600.0,1,offday,valid,-0.2588190451025208,-0.9659258262890683,0.49999999999999994,-0.8660254037844387,True,402.07208636931034,0.23503205401686955,special_case
2023-09-10 20:00:00,2023-09-10,20,2023,9,10,Sunday,True,fall,3847,425511,110.60852612425266,0.0479786878750003,184.57401225512623,402.3150179211453,-135.558283412069,True,,False,False,True,True,108480.0,108267.0,358249.0,265242.0,0.0,0.0,0.0,0.0,0.0,0.0,0.0,0.0,4,52.0,22,0,True,True,False,False,흐림,22.9,84,20.1,26.1,0.0,0.0,0.0,0.0,3,1010.4,1006.6,100,3,53,99,4.7,328,9.0,0.0,0.0,0.0,0.0,1,offday,train,-0.8660254037844386,0.5000000000000001,-1.0,-1.8369701987210297e-16,True,402.3071184233272,0.007899497818073087,special_case
2025-09-19 14:00:00,2025-09-19,14,2025,9,19,Friday,False,fall,2223,197116,88.67116509221772,0.1235811310401487,274.7208543022506,402.322982935549,22.14668653175363,False,,False,False,False,False,130450.0,127036.0,290975.0,362837.0,0.0,0.0,0.0,0.0,19.0,18.0,1.0,9.0,4,52.0,22,0,True,True,False,True,보통 이슬비,20.5,81,17.0,21.4,0.5,0.5,0.0,0.0,53,1016.8,1012.9,100,10,97,100,10.4,99,22.3,126.0,1.0,125.0,0.0,1,weekday,test,-0.4999999999999998,-0.8660254037844388,-1.0,-1.8369701987210297e-16,True,402.3150179211453,0.007965014403737314,special_case
2024-06-15 13:00:00,2024-06-15,13,2024,6,15,Saturday,True,summer,4097,398638,97.29997559189653,0.0663205601576762,271.7153349659997,402.4557577482555,96.70732456548632,True,,False,False,True,True,122281.0,117640.0,264558.0,388976.0,407.0,10716.0,1232102.5,360.0,0.0,0.0,0.0,0.0,4,52.0,22,0,True,True,True,False,약한 이슬비,25.1,67,18.6,27.2,0.1,0.1,0.0,0.0,51,1004.1,1000.3,99,37,13,99,7.6,273,25.2,551.0,162.0,389.0,3225.51,1,offday,valid,-0.2588190451025208,-0.9659258262890683,1.2246467991473532e-16,-1.0,True,402.322982935549,0.1327748127064865,special_case
2024-04-14 20:00:00,2024-04-14,20,2024,4,14,Sunday,True,spring,3287,366759,111.57864313964102,0.0570144493127863,187.4064948911287,402.46640245066453,-111.58973143626542,True,,False,False,True,True,115564.0,116509.0,393102.0,295432.0,689.0,24224.0,3171284.82,799.0,0.0,0.0,0.0,0.0,4,52.0,22,0,True,True,True,False,흐림,17.7,44,5.4,15.4,0.0,0.0,0.0,0.0,3,1014.5,1010.6,100,0,0,100,7.7,349,10.4,0.0,0.0,0.0,0.0,1,offday,valid,-0.8660254037844386,0.5000000000000001,0.8660254037844387,-0.49999999999999983,True,402.4557577482555,0.010644702409024376,special_case
2024-04-10 18:00:00,2024-04-10,18,2024,4,10,Wednesday,False,spring,2764,322664,116.73806078147612,0.0640026907500855,176.90343723323642,402.55470245408304,-111.83126398613132,False,국회의원선거,True,False,True,False,217718.0,210457.0,669925.0,669955.0,797.0,24777.0,3182439.09,988.0,0.0,0.0,0.0,0.0,4,52.0,22,0,True,True,True,False,흐림,14.1,63,7.1,11.2,0.0,0.0,0.0,0.0,3,1023.5,1019.5,99,0,17,99,14.5,251,32.8,170.0,53.0,117.0,3465.57,1,offday,valid,-1.0,-1.8369701987210297e-16,0.8660254037844387,-0.49999999999999983,True,402.46640245066453,0.08830000341851019,special_case
2025-07-12 17:00:00,2025-07-12,17,2025,7,12,Saturday,True,summer,2444,233011,95.3400163666121,0.1047704649595659,256.05901636117926,402.8799276440533,18.974012800747005,True,,False,False,True,True,194675.0,190093.0,545836.0,535281.0,0.0,0.0,0.0,0.0,11.0,10.0,1.0,5.0,4,52.0,22,0,True,True,False,True,부분적으로 흐림,37.7,20,10.6,37.2,0.0,0.0,0.0,0.0,2,1005.6,1002.0,68,0,0,68,4.8,149,23.4,510.0,363.0,147.0,3600.0,1,offday,test,-0.9659258262890683,-0.25881904510252063,-0.4999999999999998,-0.8660254037844388,True,402.55470245408304,0.3252251899702401,special_case
2024-10-19 15:00:00,2024-10-19,15,2024,10,19,Saturday,True,fall,2506,219359,87.53351955307262,0.1124759978651691,281.86485065011374,403.022353477996,33.69353225627185,True,,False,False,True,True,151361.0,152876.0,372698.0,420149.0,799.0,28316.0,2920201.28,685.0,0.0,0.0,0.0,0.0,4,52.0,22,0,True,True,True,False,흐림,19.9,58,11.4,18.4,0.0,0.0,0.0,0.0,3,1019.2,1015.3,94,38,94,0,12.8,64,25.6,399.0,221.0,178.0,3600.0,1,offday,valid,-0.7071067811865471,-0.7071067811865479,-0.8660254037844386,0.5000000000000001,True,402.8799276440533,0.1424258339426956,special_case
2023-10-08 15:00:00,2023-10-08,15,2023,10,8,Sunday,True,fall,2403,219881,91.50270495214316,0.1124759978651691,270.27982287000134,403.2055771791004,34.49974904950864,True,,False,False,True,True,143101.0,142544.0,352489.0,399129.0,0.0,0.0,0.0,0.0,0.0,0.0,0.0,0.0,4,52.0,22,0,True,True,False,False,흐림,18.8,65,12.1,17.3,0.0,0.0,0.0,0.0,3,1022.7,1018.8,95,8,95,0,14.0,89,24.8,181.0,12.0,169.0,0.0,1,offday,train,-0.7071067811865471,-0.7071067811865479,-0.8660254037844386,0.5000000000000001,True,403.022353477996,0.1832237011043958,special_case
2025-09-28 12:00:00,2025-09-28,12,2025,9,28,Sunday,True,fall,4023,357249,88.80164056674124,0.0738136969525007,296.95250283991044,403.2923127977566,108.58740368725216,True,,False,False,True,True,126915.0,121371.0,254165.0,356827.0,0.0,0.0,0.0,0.0,15.0,14.0,1.0,9.0,4,52.0,22,0,True,True,False,True,약한 비,19.5,93,18.5,21.9,1.9,1.9,0.0,0.0,61,1011.0,1007.1,95,17,41,91,5.4,2,11.9,87.0,0.0,87.0,0.0,1,offday,test,1.2246467991473532e-16,-1.0,-1.0,-1.8369701987210297e-16,True,403.2055771791004,0.08673561865623469,special_case
2024-10-13 12:00:00,2024-10-13,12,2024,10,13,Sunday,True,fall,3900,360223,92.3648717948718,0.0738136969525007,287.87341811475284,403.7157040782911,109.24485953046268,True,,False,False,True,True,130567.0,126480.0,266914.0,391643.0,599.0,20822.0,2118589.5,549.0,0.0,0.0,0.0,0.0,4,52.0,22,0,True,True,True,False,흐림,21.2,62,13.6,21.1,0.0,0.0,0.0,0.0,3,1024.5,1020.6,100,0,0,100,9.0,96,20.9,478.0,189.0,289.0,3600.0,1,offday,valid,1.2246467991473532e-16,-1.0,-0.8660254037844386,0.5000000000000001,True,403.2923127977566,0.4233912805344744,special_case
2024-09-07 15:00:00,2024-09-07,15,2024,9,7,Saturday,True,fall,4533,215429,47.524597396867414,0.1124759978651691,509.8536983228115,403.8431957349252,25.56467464465044,True,,False,False,True,True,138586.0,141284.0,321614.0,389738.0,547.0,18511.0,1842013.08,526.0,0.0,0.0,0.0,0.0,4,52.0,22,0,True,True,True,False,맑음,29.0,59,20.3,32.6,0.0,0.0,0.0,0.0,0,1012.8,1009.0,9,9,0,0,5.4,228,14.4,609.0,420.0,189.0,3600.0,1,offday,valid,-0.7071067811865471,-0.7071067811865479,-1.0,-1.8369701987210297e-16,True,403.7157040782911,0.12749165663410622,special_case
2023-07-08 16:00:00,2023-07-08,16,2023,7,8,Saturday,True,summer,2528,245536,97.126582278481,0.1019931999973653,257.8388095933396,404.1409113146686,41.00961053383759,True,,False,False,True,True,148692.0,149074.0,372391.0,417185.0,0.0,0.0,0.0,0.0,0.0,0.0,0.0,0.0,4,52.0,22,0,True,True,False,False,흐림,29.0,67,22.2,33.0,0.0,0.0,0.0,0.0,3,1001.4,997.7,100,100,0,0,7.3,169,19.4,473.0,203.0,270.0,3600.0,1,offday,train,-0.8660254037844384,-0.5000000000000004,-0.4999999999999998,-0.8660254037844388,True,403.8431957349252,0.2977155797433966,special_case
2022-05-14 18:00:00,2022-05-14,18,2022,5,14,Saturday,True,spring,2936,249959,85.1358991825613,0.093388398805632,274.1883388933357,404.15434280283966,-42.19295916181909,True,,False,False,True,True,,,655645.0,618874.0,0.0,0.0,0.0,0.0,0.0,0.0,0.0,0.0,4,52.0,22,0,False,True,False,False,흐림,16.7,43,4.1,12.1,0.0,0.0,0.0,0.0,3,1012.2,1008.3,100,0,0,100,22.0,275,49.0,229.0,72.0,157.0,3600.0,1,offday,train,-1.0,-1.8369701987210297e-16,0.49999999999999994,-0.8660254037844387,True,404.1409113146686,0.013431488171079309,special_case
2025-08-23 15:00:00,2025-08-23,15,2025,8,23,Saturday,True,summer,2560,275770,107.72265625,0.0935275965658001,239.43064720844836,404.3444446647237,61.96447300727692,True,,False,False,True,True,142475.0,139526.0,342579.0,398731.0,0.0,0.0,0.0,0.0,15.0,15.0,0.0,9.0,4,52.0,22,0,True,True,False,True,맑음,32.5,62,24.2,37.9,0.0,0.0,0.0,0.0,0,1009.9,1006.2,13,13,0,0,10.6,260,26.6,679.0,523.0,156.0,3600.0,1,offday,test,-0.7071067811865471,-0.7071067811865479,-0.8660254037844384,-0.5000000000000004,True,404.15434280283966,0.19010186188404532,special_case
2024-06-16 14:00:00,2024-06-16,14,2024,6,16,Sunday,True,summer,3487,319548,91.63980498996273,0.0809922881834863,282.4201088958167,404.37035491375184,78.72161947271974,True,,False,False,True,True,120402.0,116099.0,282830.0,361605.0,510.0,15613.0,1727723.93,481.0,0.0,0.0,0.0,0.0,4,52.0,22,0,True,True,True,False,맑음,29.3,32,11.1,29.3,0.0,0.0,0.0,0.0,0,1005.7,1002.0,13,0,13,0,12.4,300,29.5,812.0,606.0,206.0,3600.0,1,offday,valid,-0.4999999999999998,-0.8660254037844388,1.2246467991473532e-16,-1.0,True,404.3444446647237,0.02591024902812933,special_case
2025-05-31 19:00:00,2025-05-31,19,2025,5,31,Saturday,True,spring,2982,292972,98.2468142186452,0.0761098888961958,226.959688688456,404.47858303145506,-74.86041262261949,True,,False,False,True,True,156142.0,160509.0,472948.0,469754.0,0.0,0.0,0.0,0.0,7.0,7.0,0.0,2.0,4,52.0,22,0,True,True,False,True,흐림,22.4,53,12.3,21.9,0.0,0.0,0.0,0.0,3,1009.8,1006.0,89,0,0,89,8.1,264,27.0,108.0,20.0,88.0,817.94,1,offday,test,-0.9659258262890684,0.2588190451025203,0.49999999999999994,-0.8660254037844387,True,404.37035491375184,0.10822811770322005,special_case
2024-09-29 14:00:00,2024-09-29,14,2024,9,29,Sunday,True,fall,3998,230363,57.61955977988995,0.1053558771818858,421.2127969731797,404.50159892084616,52.91918715601429,True,,False,False,True,True,123791.0,120526.0,276892.0,362326.0,791.0,30907.0,3116562.55,717.0,0.0,0.0,0.0,0.0,4,52.0,22,0,True,True,True,False,맑음,26.5,57,17.2,28.3,0.0,0.0,0.0,0.0,0,1019.3,1015.5,1,1,0,0,10.3,85,24.8,678.0,549.0,129.0,3600.0,1,offday,valid,-0.4999999999999998,-0.8660254037844388,-1.0,-1.8369701987210297e-16,True,404.47858303145506,0.023015889391103883,special_case
2023-04-09 17:00:00,2023-04-09,17,2023,4,9,Sunday,True,spring,2855,227135,79.5569176882662,0.1056648495856345,301.67314556698653,404.6555433699148,-11.527199438474328,True,,False,False,True,True,175832.0,171400.0,489740.0,480730.0,936.0,32696.0,3748857.48,1020.0,0.0,0.0,0.0,0.0,4,52.0,22,0,True,True,True,False,맑음,13.6,47,2.5,8.7,0.0,0.0,0.0,0.0,0,1017.1,1013.1,0,0,0,0,21.7,227,41.8,403.0,277.0,126.0,3600.0,1,offday,train,-0.9659258262890683,-0.25881904510252063,0.8660254037844387,-0.49999999999999983,True,404.50159892084616,0.15394444906866056,special_case
2025-07-06 19:00:00,2025-07-06,19,2025,7,6,Sunday,True,summer,2222,253203,113.95274527452746,0.0912420622822565,202.7398623911741,404.66158464152335,-29.22901641528119,True,,False,False,True,True,169368.0,180236.0,471291.0,488582.0,0.0,0.0,0.0,0.0,11.0,10.0,1.0,5.0,4,52.0,22,0,True,True,False,True,흐림,27.9,82,24.5,33.2,0.0,0.0,0.0,0.0,3,1003.8,1000.0,98,0,0,98,6.9,237,19.8,142.0,54.0,88.0,3600.0,1,offday,test,-0.9659258262890684,0.2588190451025203,-0.4999999999999998,-0.8660254037844388,True,404.6555433699148,0.006041271608523857,special_case
2025-09-21 11:00:00,2025-09-21,11,2025,9,21,Sunday,True,fall,4673,514104,110.01583565161566,0.0550655360577097,257.3212499976776,404.9280095252064,134.54686534584192,True,,False,False,True,True,115669.0,107010.0,220695.0,322793.0,0.0,0.0,0.0,0.0,17.0,16.0,1.0,8.0,4,52.0,22,0,True,True,False,True,맑음,23.0,63,15.6,24.4,0.0,0.0,0.0,0.0,0,1018.9,1015.0,12,6,9,0,7.8,52,21.2,643.0,504.0,139.0,3600.0,1,offday,test,0.258819045102521,-0.9659258262890682,-1.0,-1.8369701987210297e-16,True,404.66158464152335,0.26642488368304384,special_case
2023-09-23 18:00:00,2023-09-23,18,2023,9,23,Saturday,True,fall,2796,264230,94.50286123032905,0.0862061061335171,241.03227274931393,404.9743937394627,-59.11342669227827,True,,False,False,True,True,207625.0,197076.0,605306.0,614091.0,0.0,0.0,0.0,0.0,0.0,0.0,0.0,0.0,4,52.0,22,0,True,True,False,False,대체로 맑음,22.4,59,14.1,21.6,0.0,0.0,0.0,0.0,1,1019.6,1015.7,25,0,0,25,14.4,68,23.0,101.0,29.0,72.0,2827.43,1,offday,train,-1.0,-1.8369701987210297e-16,-1.0,-1.8369701987210297e-16,True,404.9280095252064,0.04638421425630668,special_case
2022-07-17 16:00:00,2022-07-17,16,2022,7,17,Sunday,True,summer,2422,246742,101.87530966143684,0.1019931999973653,247.0275303936189,405.12346204189527,41.69295895710155,True,,False,False,True,True,,,343182.0,372814.0,0.0,0.0,0.0,0.0,0.0,0.0,0.0,0.0,4,52.0,22,0,False,True,False,False,흐림,26.9,72,21.5,29.7,0.0,0.0,0.0,0.0,3,999.6,995.9,89,2,3,89,13.5,245,25.9,573.0,307.0,266.0,3600.0,1,offday,train,-0.8660254037844384,-0.5000000000000004,-0.4999999999999998,-0.8660254037844388,True,404.9743937394627,0.14906830243256763,special_case
2025-10-25 16:00:00,2025-10-25,16,2025,10,25,Saturday,True,fall,2385,218198,91.48763102725368,0.1113266708276356,265.51410992391106,406.29281805188555,6.17063540003619,True,,False,False,True,True,169940.0,167366.0,450110.0,449807.0,0.0,0.0,0.0,0.0,19.0,18.0,1.0,7.0,4,52.0,22,0,True,True,False,True,대체로 맑음,16.2,49,5.5,13.8,0.0,0.0,0.0,0.0,1,1021.0,1017.0,35,0,33,9,8.9,332,20.2,312.0,205.0,107.0,3600.0,1,offday,test,-0.8660254037844384,-0.5000000000000004,-0.8660254037844386,0.5000000000000001,True,405.12346204189527,1.169356009990281,special_case
2022-08-27 21:00:00,2022-08-27,21,2022,8,27,Saturday,True,summer,4495,375388,83.5123470522803,0.0603261742431433,271.1661532229294,406.5980764090132,-99.7238270080187,True,,False,False,True,True,,,369397.0,184250.0,0.0,0.0,0.0,0.0,0.0,0.0,0.0,0.0,4,52.0,22,0,False,True,False,False,맑음,18.2,75,13.8,18.1,0.0,0.0,0.0,0.0,0,1012.8,1008.9,0,0,0,1,9.2,321,15.1,0.0,0.0,0.0,0.0,1,offday,train,-0.7071067811865477,0.7071067811865474,-0.8660254037844384,-0.5000000000000004,True,406.29281805188555,0.3052583571276273,special_case
2024-09-08 12:00:00,2024-09-08,12,2024,9,8,Sunday,True,fall,4690,347237,74.03773987206823,0.0738136969525007,346.1862387072284,406.60873366441905,106.77247210628424,True,,False,False,True,True,118989.0,114781.0,234418.0,344657.0,391.0,11003.0,995802.61,390.0,0.0,0.0,0.0,0.0,4,52.0,22,0,True,True,True,False,대체로 맑음,28.4,63,20.8,32.3,0.0,0.0,0.0,0.0,1,1014.5,1010.7,33,33,0,0,4.5,151,15.1,602.0,336.0,266.0,3600.0,1,offday,valid,1.2246467991473532e-16,-1.0,-1.0,-1.8369701987210297e-16,True,406.5980764090132,0.010657255405874366,special_case
2022-05-07 15:00:00,2022-05-07,15,2022,5,7,Saturday,True,spring,2686,233331,86.8693224125093,0.1077131147753142,289.31742628649414,406.9293730448716,44.51536096038353,True,,False,False,True,True,,,285323.0,338698.0,0.0,0.0,0.0,0.0,0.0,0.0,0.0,0.0,4,52.0,22,0,False,True,False,False,흐림,22.5,18,-2.8,18.2,0.0,0.0,0.0,0.0,3,1016.1,1012.2,100,0,0,100,20.6,313,42.1,790.0,606.0,184.0,3600.0,1,offday,train,-0.7071067811865471,-0.7071067811865479,0.49999999999999994,-0.8660254037844387,True,406.60873366441905,0.320639380452576,special_case
2022-04-16 18:00:00,2022-04-16,18,2022,4,16,Saturday,True,spring,3208,253615,79.05704488778055,0.093388398805632,299.58998336846764,407.2536596920971,-44.47692631774299,True,,False,False,True,True,,,587875.0,562370.0,0.0,0.0,0.0,0.0,0.0,0.0,0.0,0.0,4,52.0,22,0,False,True,False,False,맑음,11.8,57,3.5,8.1,0.0,0.0,0.0,0.0,0,1016.6,1012.6,0,0,0,0,14.7,248,32.8,223.0,125.0,98.0,3600.0,1,offday,train,-1.0,-1.8369701987210297e-16,0.8660254037844387,-0.49999999999999983,True,406.9293730448716,0.3242866472254491,special_case
2023-04-30 19:00:00,2023-04-30,19,2023,4,30,Sunday,True,spring,4249,308886,72.69616380324783,0.0761098888961958,323.3909179199361,407.35642728608,-84.45414550149474,True,,False,False,True,True,156764.0,162060.0,435667.0,457838.0,312.0,6614.0,795763.4,439.0,0.0,0.0,0.0,0.0,4,52.0,22,0,True,True,True,False,흐림,12.1,79,8.6,9.8,0.0,0.0,0.0,0.0,3,1008.8,1004.8,100,0,99,85,13.4,216,28.8,65.0,13.0,52.0,716.54,1,offday,train,-0.9659258262890684,0.2588190451025203,0.8660254037844387,-0.49999999999999983,True,407.2536596920971,0.10276759398294644,special_case
2022-07-09 17:00:00,2022-07-09,17,2022,7,9,Saturday,True,summer,2527,235514,93.199050257222,0.1047704649595659,264.75496495282323,407.3652569624727,18.855037464276503,True,,False,False,True,True,,,467738.0,460501.0,0.0,0.0,0.0,0.0,0.0,0.0,0.0,0.0,4,52.0,22,0,False,True,False,False,대체로 맑음,27.0,81,23.4,30.7,0.0,0.0,0.0,0.0,1,1001.6,997.8,38,4,1,35,13.2,244,28.1,352.0,131.0,221.0,3600.0,1,offday,train,-0.9659258262890683,-0.25881904510252063,-0.4999999999999998,-0.8660254037844388,True,407.35642728608,0.008829676392679175,special_case
2023-07-01 16:00:00,2023-07-01,16,2023,7,1,Saturday,True,summer,2589,247330,95.53109308613364,0.1019931999973653,264.0603947931789,407.4537882613115,41.13616425247318,True,,False,False,True,True,148692.0,149074.0,372391.0,417185.0,0.0,0.0,0.0,0.0,0.0,0.0,0.0,0.0,4,52.0,22,0,True,True,False,False,맑음,30.1,72,24.4,35.6,0.0,0.0,0.0,0.0,0,1005.0,1001.3,0,0,0,0,10.3,258,21.6,672.0,512.0,160.0,3600.0,1,offday,train,-0.8660254037844384,-0.5000000000000004,-0.4999999999999998,-0.8660254037844388,True,407.3652569624727,0.08853129883880229,special_case
2023-10-01 18:00:00,2023-10-01,18,2023,10,1,Sunday,True,fall,2918,266846,91.44825222755313,0.0862061061335171,251.54941769760305,407.49751218067536,-60.30198136357842,True,,False,False,True,True,226264.0,209395.0,676099.0,661603.0,0.0,0.0,0.0,0.0,0.0,0.0,0.0,0.0,4,52.0,22,0,True,True,False,False,맑음,18.2,67,12.1,17.8,0.0,0.0,0.0,0.0,0,1015.4,1011.5,0,0,0,0,7.3,281,14.4,90.0,45.0,45.0,3600.0,1,offday,train,-1.0,-1.8369701987210297e-16,-0.8660254037844386,0.5000000000000001,True,407.4537882613115,0.04372391936385611,special_case
2025-10-08 11:00:00,2025-10-08,11,2025,10,8,Wednesday,False,fall,3158,318894,100.97973400886636,0.0860138816247737,271.6318381710355,407.5993237222242,118.53013752610138,False,대체공휴일,True,True,True,True,115105.0,107090.0,225556.0,348326.0,0.0,0.0,0.0,0.0,13.0,12.0,1.0,7.0,4,52.0,22,0,True,True,False,True,맑음,22.9,75,18.2,25.5,0.0,0.0,0.0,0.0,0,1018.6,1014.7,0,0,0,0,3.4,18,14.4,576.0,449.0,127.0,3600.0,1,offday,test,0.258819045102521,-0.9659258262890682,-0.8660254037844386,0.5000000000000001,True,407.49751218067536,0.10181154154884098,special_case
2023-09-17 12:00:00,2023-09-17,12,2023,9,17,Sunday,True,fall,3716,368243,99.09660925726588,0.0738136969525007,274.29169787549273,407.62646912669686,111.25047335658444,True,,False,False,True,True,114019.0,106991.0,224885.0,326978.0,0.0,0.0,0.0,0.0,0.0,0.0,0.0,0.0,4,52.0,22,0,True,True,False,False,약한 이슬비,26.3,79,22.4,31.2,0.2,0.2,0.0,0.0,51,1011.0,1007.2,100,21,2,100,3.1,216,14.0,581.0,258.0,323.0,3600.0,1,offday,train,1.2246467991473532e-16,-1.0,-1.0,-1.8369701987210297e-16,True,407.5993237222242,0.02714540447266245,special_case
2022-10-30 15:00:00,2022-10-30,15,2022,10,30,Sunday,True,fall,2522,221968,88.01268834258525,0.1124759978651691,283.6644666159565,407.7175001350543,34.1862638902395,True,,False,False,True,True,,,328205.0,367696.0,0.0,0.0,0.0,0.0,0.0,0.0,0.0,0.0,4,52.0,22,0,False,True,False,False,흐림,19.1,50,8.4,17.8,0.0,0.0,0.0,0.0,3,1024.4,1020.5,83,26,6,77,6.5,87,15.5,410.0,276.0,134.0,3600.0,1,offday,train,-0.7071067811865471,-0.7071067811865479,-0.8660254037844386,0.5000000000000001,True,407.62646912669686,0.09103100835744726,special_case
2023-05-01 16:00:00,2023-05-01,16,2023,5,1,Monday,False,spring,2500,223690,89.476,0.1055049249323951,263.76231233098787,407.924469105709,-32.28654641589071,False,,False,False,False,False,157452.0,158753.0,397206.0,406437.0,1123.0,40556.0,4452847.34,1162.0,0.0,0.0,0.0,0.0,4,52.0,22,0,True,True,True,False,맑음,17.6,32,0.6,13.4,0.0,0.0,0.0,0.0,0,1017.9,1014.0,0,0,0,0,17.6,255,34.2,631.0,465.0,166.0,3600.0,1,weekday,train,-0.8660254037844384,-0.5000000000000004,0.49999999999999994,-0.8660254037844387,True,407.7175001350543,0.20696897065471376,special_case
2024-10-05 18:00:00,2024-10-05,18,2024,10,5,Saturday,True,fall,3224,270065,83.76705955334988,0.0862061061335171,277.9284861744593,408.1458078378795,-62.761575210334,True,,False,False,True,True,233692.0,220077.0,692280.0,672491.0,1266.0,65428.0,5572937.91,1117.0,0.0,0.0,0.0,0.0,4,52.0,22,0,True,True,True,False,대체로 맑음,15.4,76,11.1,14.5,0.0,0.0,0.0,0.0,1,1022.4,1018.4,40,0,0,40,8.9,310,12.2,73.0,34.0,39.0,3600.0,1,offday,valid,-1.0,-1.8369701987210297e-16,-0.8660254037844386,0.5000000000000001,True,407.924469105709,0.22133873217046585,special_case
2024-10-19 16:00:00,2024-10-19,16,2024,10,19,Saturday,True,fall,2506,219359,87.53351955307262,0.1113266708276356,278.984637094055,408.33016003903504,5.307806561039001,True,,False,False,True,True,174451.0,175854.0,448421.0,473981.0,864.0,28060.0,3159072.78,849.0,0.0,0.0,0.0,0.0,4,52.0,22,0,True,True,True,False,흐림,18.8,59,10.6,17.2,0.0,0.0,0.0,0.0,3,1020.7,1016.8,99,99,70,0,12.6,63,24.5,240.0,93.0,147.0,3600.0,1,offday,valid,-0.8660254037844384,-0.5000000000000004,-0.8660254037844386,0.5000000000000001,True,408.1458078378795,0.18435220115554785,special_case
2022-06-11 15:00:00,2022-06-11,15,2022,6,11,Saturday,True,summer,2957,275073,93.02434900236726,0.0935275965658001,276.56110304507104,408.38010167810415,60.94587783490914,True,,False,False,True,True,,,265436.0,314411.0,0.0,0.0,0.0,0.0,0.0,0.0,0.0,0.0,4,52.0,22,0,False,True,False,False,맑음,30.0,38,14.3,31.0,0.0,0.0,0.0,0.0,0,1010.2,1006.5,3,0,2,1,10.6,342,24.5,746.0,534.0,212.0,3600.0,1,offday,train,-0.7071067811865471,-0.7071067811865479,1.2246467991473532e-16,-1.0,True,408.33016003903504,0.04994163906911808,special_case
2023-04-16 13:00:00,2023-04-16,13,2023,4,16,Sunday,True,spring,3321,320677,96.5603733815116,0.0829554972469645,275.49520635716937,408.6027775019893,91.75708689145227,True,,False,False,True,True,119997.0,113194.0,254833.0,374954.0,541.0,17626.0,1990313.96,475.0,0.0,0.0,0.0,0.0,4,52.0,22,0,True,True,True,False,흐림,12.7,67,6.7,9.3,0.0,0.0,0.0,0.0,3,1005.5,1001.5,100,1,100,76,17.2,250,32.8,432.0,55.0,377.0,66.15,1,offday,train,-0.2588190451025208,-0.9659258262890683,0.8660254037844387,-0.49999999999999983,True,408.38010167810415,0.2226758238851403,special_case
2024-03-31 17:00:00,2024-03-31,17,2024,3,31,Sunday,True,spring,2464,228389,92.6903409090909,0.1056648495856345,260.3581893790035,408.92323210539496,-8.356782627782877,True,,False,False,True,True,181901.0,179303.0,542064.0,544644.0,999.0,32865.0,4046981.75,1190.0,0.0,0.0,0.0,0.0,4,52.0,22,0,True,True,True,False,대체로 맑음,14.4,30,-3.0,11.0,0.0,0.0,0.0,0.0,1,1010.7,1006.7,45,0,45,0,6.2,350,15.8,377.0,256.0,121.0,3600.0,1,offday,valid,-0.9659258262890683,-0.25881904510252063,1.0,6.123233995736766e-17,True,408.6027775019893,0.3204546034056648,special_case
2025-08-10 19:00:00,2025-08-10,19,2025,8,10,Sunday,True,summer,2598,258098,99.3448806774442,0.0912420622822565,237.0468778093026,409.2150301327029,-31.827732022508087,True,,False,False,True,True,159464.0,167448.0,458192.0,454471.0,0.0,0.0,0.0,0.0,14.0,13.0,1.0,8.0,4,52.0,22,0,True,True,False,True,맑음,27.5,75,22.6,31.9,0.0,0.0,0.0,0.0,0,1001.8,998.1,5,0,5,0,6.7,256,13.7,108.0,53.0,55.0,3600.0,1,offday,test,-0.9659258262890684,0.2588190451025203,-0.8660254037844384,-0.5000000000000004,True,408.92323210539496,0.2917980273079479,special_case
2024-09-08 19:00:00,2024-09-08,19,2024,9,8,Sunday,True,fall,4690,347237,74.03773987206823,0.0671035658554383,314.7157238620057,409.3082473538785,-106.88247271384512,True,,False,False,True,True,155691.0,160230.0,426210.0,447286.0,847.0,30452.0,3637004.6,798.0,0.0,0.0,0.0,0.0,4,52.0,22,0,True,True,True,False,맑음,25.2,80,21.5,28.9,0.0,0.0,0.0,0.0,0,1013.0,1009.2,8,0,8,0,6.5,276,15.8,30.0,11.0,19.0,1791.56,1,offday,valid,-0.9659258262890684,0.2588190451025203,-1.0,-1.8369701987210297e-16,True,409.2150301327029,0.09321722117562103,special_case
2023-10-08 16:00:00,2023-10-08,16,2023,10,8,Sunday,True,fall,2403,219881,91.50270495214316,0.1113266708276356,267.5179899988085,409.4270819053279,6.221504726227522,True,,False,False,True,True,167258.0,165845.0,428915.0,434112.0,0.0,0.0,0.0,0.0,0.0,0.0,0.0,0.0,4,52.0,22,0,True,True,False,False,맑음,18.8,67,12.4,17.6,0.0,0.0,0.0,0.0,0,1022.6,1018.7,17,1,17,0,13.4,95,27.7,278.0,93.0,185.0,3600.0,1,offday,train,-0.8660254037844384,-0.5000000000000004,-0.8660254037844386,0.5000000000000001,True,409.3082473538785,0.11883455144936761,special_case
2025-05-25 19:00:00,2025-05-25,19,2025,5,25,Sunday,True,spring,4303,310877,72.24657215895887,0.0761098888961958,327.5008519203307,409.522326118004,-85.13163025286718,True,,False,False,True,True,156142.0,160509.0,472948.0,469754.0,0.0,0.0,0.0,0.0,10.0,9.0,1.0,6.0,4,52.0,22,0,True,True,False,True,맑음,17.5,64,10.5,16.7,0.0,0.0,0.0,0.0,0,1014.5,1010.6,3,0,3,0,6.7,251,22.0,120.0,50.0,70.0,3600.0,1,offday,test,-0.9659258262890684,0.2588190451025203,0.49999999999999994,-0.8660254037844387,True,409.4270819053279,0.09524421267610705,special_case
2022-06-12 14:00:00,2022-06-12,14,2022,6,12,Sunday,True,summer,2988,331115,110.81492637215528,0.0809922881834863,242.0049570922571,409.8346612846034,81.7693909936362,True,,False,False,True,True,,,231925.0,303651.0,0.0,0.0,0.0,0.0,0.0,0.0,0.0,0.0,4,52.0,22,0,False,True,False,False,흐림,29.5,36,12.9,31.4,0.0,0.0,0.0,0.0,3,1010.7,1006.9,100,0,27,100,0.7,90,16.2,702.0,434.0,268.0,3600.0,1,offday,train,-0.4999999999999998,-0.8660254037844388,1.2246467991473532e-16,-1.0,True,409.522326118004,0.3123351665993823,special_case
2024-05-25 19:00:00,2024-05-25,19,2024,5,25,Saturday,True,spring,3100,297748,96.04774193548388,0.0761098888961958,235.9406555782071,409.8734354070699,-76.4278610819809,True,,False,False,True,True,157446.0,164058.0,460814.0,477492.0,909.0,28204.0,3311865.01,947.0,0.0,0.0,0.0,0.0,4,52.0,22,0,True,True,True,False,흐림,19.6,78,15.8,20.3,0.0,0.0,0.0,0.0,3,1013.6,1009.7,100,4,0,100,8.9,243,23.0,82.0,7.0,75.0,0.0,1,offday,valid,-0.9659258262890684,0.2588190451025203,0.49999999999999994,-0.8660254037844387,True,409.8346612846034,0.038774122466520566,special_case
2025-06-01 15:00:00,2025-06-01,15,2025,6,1,Sunday,True,summer,2685,278968,103.89869646182495,0.0935275965658001,251.1215967791734,410.2282471726928,62.47942365561562,True,,False,False,True,True,140061.0,140461.0,334487.0,385706.0,0.0,0.0,0.0,0.0,7.0,7.0,0.0,2.0,4,52.0,22,0,True,True,False,True,흐림,28.0,35,11.1,27.5,0.0,0.0,0.0,0.0,3,1008.5,1004.7,93,0,0,93,13.7,252,35.3,780.0,587.0,193.0,3600.0,1,offday,test,-0.7071067811865471,-0.7071067811865479,1.2246467991473532e-16,-1.0,True,409.8734354070699,0.3548117656229124,special_case
2025-08-16 20:00:00,2025-08-16,20,2025,8,16,Saturday,True,summer,2622,294606,112.35926773455378,0.0768858847850752,201.5947899064672,410.3657526144984,-60.1049341795931,True,,False,False,True,True,116131.0,118380.0,411222.0,280760.0,0.0,0.0,0.0,0.0,14.0,13.0,1.0,8.0,4,52.0,22,0,True,True,False,True,부분적으로 흐림,25.9,91,24.4,31.4,0.0,0.0,0.0,0.0,2,1013.0,1009.2,79,9,0,77,5.9,239,17.6,4.0,0.0,4.0,0.0,1,offday,test,-0.8660254037844386,0.5000000000000001,-0.8660254037844384,-0.5000000000000004,True,410.2282471726928,0.13750544180555835,special_case
2023-03-26 15:00:00,2023-03-26,15,2023,3,26,Sunday,True,spring,2982,233665,78.35848423876593,0.1077131147753142,321.2005082599872,410.4145419478587,43.15136232672529,True,,False,False,True,True,132098.0,133816.0,312164.0,365470.0,983.0,40150.0,4360961.74,906.0,0.0,0.0,0.0,0.0,4,52.0,22,0,True,True,True,False,맑음,12.8,18,-10.7,6.9,0.0,0.0,0.0,0.0,0,1016.7,1012.7,0,0,0,0,23.2,312,44.3,727.0,583.0,144.0,3600.0,1,offday,train,-0.7071067811865471,-0.7071067811865479,1.0,6.123233995736766e-17,True,410.3657526144984,0.04878933336033242,special_case
2022-06-18 16:00:00,2022-06-18,16,2022,6,18,Saturday,True,summer,2527,249817,98.85912148793037,0.1019931999973653,257.7368163933422,410.8056397262068,41.90807449186639,True,,False,False,True,True,,,324835.0,354235.0,0.0,0.0,0.0,0.0,0.0,0.0,0.0,0.0,4,52.0,22,0,False,True,False,False,대체로 맑음,26.1,66,19.1,27.5,0.0,0.0,0.0,0.0,1,1006.3,1002.5,46,8,0,41,14.2,246,29.5,522.0,255.0,267.0,3600.0,1,offday,train,-0.8660254037844384,-0.5000000000000004,1.2246467991473532e-16,-1.0,True,410.4145419478587,0.3910977783480689,special_case
2024-11-03 17:00:00,2024-11-03,17,2024,11,3,Sunday,True,fall,2554,234502,91.8175411119812,0.1019646238147499,260.41764922287126,411.1947813027934,-25.46727829964425,True,,False,False,True,True,195517.0,188589.0,559854.0,542098.0,0.0,0.0,0.0,0.0,0.0,0.0,0.0,0.0,4,52.0,22,0,True,True,False,False,보통 이슬비,18.1,78,14.2,17.9,0.8,0.8,0.0,0.0,53,1020.4,1016.5,62,37,46,0,11.2,221,22.3,94.0,40.0,54.0,3600.0,1,offday,valid,-0.9659258262890683,-0.25881904510252063,-0.5000000000000004,0.8660254037844384,True,410.8056397262068,0.38914157658660997,special_case
2023-10-09 12:00:00,2023-10-09,12,2023,10,9,Monday,False,fall,2470,251608,101.8655870445344,0.1065118396644879,263.08424397128516,411.3263018221952,90.22746457853655,False,한글날,True,False,True,True,121558.0,116166.0,246525.0,380684.0,0.0,0.0,0.0,0.0,0.0,0.0,0.0,0.0,4,52.0,22,0,True,True,False,False,흐림,18.4,62,10.9,17.8,0.0,0.0,0.0,0.0,3,1020.8,1016.9,100,2,13,100,5.8,94,16.9,417.0,177.0,240.0,3600.0,1,offday,train,1.2246467991473532e-16,-1.0,-0.8660254037844386,0.5000000000000001,True,411.1947813027934,0.13152051940181764,special_case
2023-06-06 19:00:00,2023-06-06,19,2023,6,6,Tuesday,False,summer,3191,334549,104.84142901911626,0.0654594220459456,208.88101574861255,411.535146507274,-100.5929857094004,False,현충일,True,False,True,False,154191.0,161742.0,411173.0,450584.0,996.0,31379.0,4040498.32,992.0,0.0,0.0,0.0,0.0,4,52.0,22,0,True,True,True,False,맑음,18.5,85,15.9,18.7,0.0,0.0,0.0,0.0,0,1005.6,1001.7,19,19,1,0,11.8,243,25.6,121.0,42.0,79.0,3473.87,1,offday,train,-0.9659258262890684,0.2588190451025203,1.2246467991473532e-16,-1.0,True,411.3263018221952,0.20884468507881593,special_case
2023-04-30 13:00:00,2023-04-30,13,2023,4,30,Sunday,True,spring,4249,308886,72.69616380324783,0.0829554972469645,352.4779078023525,411.61806966583504,88.4118204551076,True,,False,False,True,True,119997.0,113194.0,254833.0,374954.0,661.0,23562.0,2661235.48,635.0,0.0,0.0,0.0,0.0,4,52.0,22,0,True,True,True,False,부분적으로 흐림,16.1,45,4.1,13.5,0.0,0.0,0.0,0.0,2,1010.6,1006.7,55,0,52,8,14.1,238,29.9,707.0,361.0,346.0,3600.0,1,offday,train,-0.2588190451025208,-0.9659258262890683,0.8660254037844387,-0.49999999999999983,True,411.535146507274,0.08292315856101595,special_case
2024-04-27 19:00:00,2024-04-27,19,2024,4,27,Saturday,True,spring,3026,298158,98.53205551883674,0.0761098888961958,230.3085237998886,411.7901991988734,-76.1415977867328,True,,False,False,True,True,160119.0,165308.0,454878.0,486517.0,860.0,29390.0,3413499.15,996.0,0.0,0.0,0.0,0.0,4,52.0,22,0,True,True,True,False,맑음,16.2,67,10.1,14.9,0.0,0.0,0.0,0.0,0,1011.1,1007.2,4,1,0,3,9.5,245,23.8,76.0,27.0,49.0,3600.0,1,offday,valid,-0.9659258262890684,0.2588190451025203,0.8660254037844387,-0.49999999999999983,True,411.61806966583504,0.1721295330383441,special_case
2022-09-12 17:00:00,2022-09-12,17,2022,9,12,Monday,False,fall,2888,288719,99.97195290858726,0.0766806145388679,221.45361478825055,411.891877233023,-97.02419634373187,False,대체공휴일,True,True,True,True,,,450705.0,449410.0,0.0,0.0,0.0,0.0,0.0,0.0,0.0,0.0,4,52.0,22,0,False,True,False,False,흐림,25.6,68,19.4,28.2,0.0,0.0,0.0,0.0,3,1013.6,1009.8,100,0,1,100,6.6,292,11.5,189.0,19.0,170.0,0.0,1,offday,train,-0.9659258262890683,-0.25881904510252063,-1.0,-1.8369701987210297e-16,True,411.7901991988734,0.10167803414964283,special_case
2025-09-07 12:00:00,2025-09-07,12,2025,9,7,Sunday,True,fall,4363,360584,82.64588585835435,0.0738136969525007,322.0491598037607,412.7274135478599,110.07750372065352,True,,False,False,True,True,126915.0,121371.0,254165.0,356827.0,0.0,0.0,0.0,0.0,14.0,14.0,0.0,7.0,4,52.0,22,0,True,True,False,True,흐림,27.2,72,21.6,31.9,0.0,0.0,0.0,0.0,3,1008.3,1004.5,97,17,16,96,6.8,292,20.5,708.0,456.0,252.0,3600.0,1,offday,test,1.2246467991473532e-16,-1.0,-1.0,-1.8369701987210297e-16,True,411.891877233023,0.8355363148368724,special_case
2025-04-26 12:00:00,2025-04-26,12,2025,4,26,Saturday,True,spring,4412,415974,94.2824116047144,0.0657770680274524,290.2084241371202,412.7892885425172,114.14665181112952,True,,False,False,True,True,119821.0,115406.0,254261.0,351039.0,0.0,0.0,0.0,0.0,4.0,4.0,0.0,3.0,4,52.0,22,0,True,True,False,True,맑음,16.0,48,5.1,14.3,0.0,0.0,0.0,0.0,0,1018.6,1014.6,0,0,0,0,14.6,231,35.3,843.0,652.0,191.0,3600.0,1,offday,test,1.2246467991473532e-16,-1.0,0.8660254037844387,-0.49999999999999983,True,412.7274135478599,0.06187499465733026,special_case
2023-05-13 18:00:00,2023-05-13,18,2023,5,13,Saturday,True,spring,2846,254340,89.3675333801827,0.093388398805632,265.78338300082885,412.97451847361776,-41.903080151114295,True,,False,False,True,True,217467.0,206106.0,654107.0,639882.0,933.0,31403.0,3608630.28,1005.0,0.0,0.0,0.0,0.0,4,52.0,22,0,True,True,True,False,맑음,19.8,56,10.9,18.8,0.0,0.0,0.0,0.0,0,1010.0,1006.1,0,0,0,0,8.5,258,16.6,236.0,97.0,139.0,3600.0,1,offday,train,-1.0,-1.8369701987210297e-16,0.49999999999999994,-0.8660254037844387,True,412.7892885425172,0.18522993110053676,special_case
2025-07-05 16:00:00,2025-07-05,16,2025,7,5,Saturday,True,summer,2437,251741,103.29954862535904,0.1019931999973653,248.55742839357936,413.042853680576,42.67631349289337,True,,False,False,True,True,159909.0,160265.0,413035.0,434100.0,0.0,0.0,0.0,0.0,12.0,11.0,1.0,6.0,4,52.0,22,0,True,True,False,True,흐림,29.9,69,23.5,34.3,0.0,0.0,0.0,0.0,3,1004.3,1000.6,99,12,0,99,12.8,232,31.0,637.0,463.0,174.0,3600.0,1,offday,test,-0.8660254037844384,-0.5000000000000004,-0.4999999999999998,-0.8660254037844388,True,412.97451847361776,0.06833520695823836,special_case
2024-09-27 14:00:00,2024-09-27,14,2024,9,27,Friday,False,fall,2915,201302,69.05728987993139,0.1235811310401487,360.2389969820335,413.0969014657843,16.071051466188976,False,,False,False,False,False,123791.0,120526.0,276892.0,362326.0,439.0,11797.0,1299570.35,372.0,0.0,0.0,0.0,0.0,4,52.0,22,0,True,True,True,False,대체로 맑음,25.9,58,16.9,27.9,0.0,0.0,0.0,0.0,1,1013.6,1009.8,46,10,18,31,6.5,3,17.6,650.0,497.0,153.0,3600.0,1,weekday,valid,-0.4999999999999998,-0.8660254037844388,-1.0,-1.8369701987210297e-16,True,413.042853680576,0.05404778520829723,special_case
2023-04-01 16:00:00,2023-04-01,16,2023,4,1,Saturday,True,spring,3008,225215,74.8720079787234,0.1106643479569391,332.8783586544729,413.1874618123676,16.284964088417155,True,,False,False,True,True,152870.0,154121.0,379330.0,394897.0,1097.0,45777.0,4804394.12,1088.0,0.0,0.0,0.0,0.0,4,52.0,22,0,True,True,True,False,부분적으로 흐림,25.4,16,-2.7,22.1,0.0,0.0,0.0,0.0,2,1013.8,1010.0,74,0,59,36,5.4,278,15.5,519.0,317.0,202.0,3600.0,1,offday,train,-0.8660254037844384,-0.5000000000000004,0.8660254037844387,-0.49999999999999983,True,413.0969014657843,0.09056034658328826,special_case
2022-10-30 16:00:00,2022-10-30,16,2022,10,30,Sunday,True,fall,2522,221968,88.01268834258525,0.1113266708276356,280.76586382729715,413.20260211360494,5.485101978550631,True,,False,False,True,True,,,398333.0,402531.0,0.0,0.0,0.0,0.0,0.0,0.0,0.0,0.0,4,52.0,22,0,False,True,False,False,흐림,18.7,49,7.8,16.7,0.0,0.0,0.0,0.0,3,1024.3,1020.4,100,7,2,100,9.5,81,17.6,277.0,161.0,116.0,3600.0,1,offday,train,-0.8660254037844384,-0.5000000000000004,-0.8660254037844386,0.5000000000000001,True,413.1874618123676,0.015140301237352105,special_case
2025-07-06 16:00:00,2025-07-06,16,2025,7,6,Sunday,True,summer,2222,253203,113.95274527452746,0.1019931999973653,226.6288903941458,413.5017047124428,43.85674373822002,True,,False,False,True,True,159909.0,160265.0,413035.0,434100.0,0.0,0.0,0.0,0.0,11.0,10.0,1.0,5.0,4,52.0,22,0,True,True,False,True,흐림,30.3,70,24.2,35.2,0.0,0.0,0.0,0.0,3,1003.7,1000.0,100,6,0,100,11.7,253,28.8,616.0,397.0,219.0,3600.0,1,offday,test,-0.8660254037844384,-0.5000000000000004,-0.4999999999999998,-0.8660254037844388,True,413.20260211360494,0.2991025988378624,special_case
2025-08-17 18:00:00,2025-08-17,18,2025,8,17,Sunday,True,summer,2157,241576,111.99629114510894,0.1010593940343581,217.9851129321104,413.8290507321951,-2.813331167330489,True,,False,False,True,True,222817.0,219460.0,654017.0,657481.0,0.0,0.0,0.0,0.0,14.0,13.0,1.0,8.0,4,52.0,22,0,True,True,False,True,흐림,28.2,78,24.1,33.5,0.0,0.0,0.0,0.0,3,1013.6,1009.8,100,9,59,100,6.3,257,16.9,265.0,175.0,90.0,3600.0,1,offday,test,-1.0,-1.8369701987210297e-16,-0.8660254037844384,-0.5000000000000004,True,413.5017047124428,0.32734601975232636,special_case
2025-10-19 13:00:00,2025-10-19,13,2025,10,19,Sunday,True,fall,2856,295270,103.38585434173667,0.0915726254037753,261.5314181531825,413.9690046429219,89.43757659806636,True,,False,False,True,True,133452.0,129282.0,289919.0,426437.0,0.0,0.0,0.0,0.0,19.0,17.0,2.0,11.0,4,52.0,22,0,True,True,False,True,대체로 맑음,17.6,74,13.0,17.1,0.0,0.0,0.0,0.0,1,1023.2,1019.2,49,49,0,0,10.1,309,25.6,370.0,110.0,260.0,3119.7,1,offday,test,-0.2588190451025208,-0.9659258262890683,-0.8660254037844386,0.5000000000000001,True,413.8290507321951,0.1399539107267742,special_case
2025-03-23 18:00:00,2025-03-23,18,2025,3,23,Sunday,True,spring,2724,254202,93.31938325991187,0.093388398805632,254.38999834654172,414.22921631473105,-41.003793110999254,True,,False,False,True,True,222198.0,212301.0,682177.0,682285.0,0.0,0.0,0.0,0.0,0.0,0.0,0.0,0.0,4,52.0,22,0,True,True,False,False,흐림,14.9,66,8.4,13.5,0.0,0.0,0.0,0.0,3,1008.2,1004.3,100,0,0,100,6.1,238,23.4,132.0,26.0,106.0,1353.1,1,offday,test,-1.0,-1.8369701987210297e-16,1.0,6.123233995736766e-17,True,413.9690046429219,0.2602116718091452,special_case
2023-04-29 13:00:00,2023-04-29,13,2023,4,29,Saturday,True,spring,4145,313019,75.51724969843184,0.0829554972469645,343.85053608866815,414.36245672963,89.5904263617428,True,,False,False,True,True,119997.0,113194.0,254833.0,374954.0,45.0,1038.0,101783.56,29.0,0.0,0.0,0.0,0.0,4,52.0,22,0,True,True,True,False,보통 이슬비,12.1,94,11.1,10.1,0.6,0.6,0.0,0.0,53,1005.6,1001.6,100,100,100,100,15.6,241,37.1,93.0,0.0,93.0,0.0,1,offday,train,-0.2588190451025208,-0.9659258262890683,0.8660254037844387,-0.49999999999999983,True,414.22921631473105,0.1332404148989781,special_case
2025-05-25 13:00:00,2025-05-25,13,2025,5,25,Sunday,True,spring,4303,310877,72.24657215895887,0.0829554972469645,356.9575046536886,414.728407217733,88.98242410695286,True,,False,False,True,True,131842.0,124440.0,292232.0,438367.0,0.0,0.0,0.0,0.0,10.0,9.0,1.0,6.0,4,52.0,22,0,True,True,False,True,맑음,21.0,51,10.6,21.5,0.0,0.0,0.0,0.0,0,1014.3,1010.4,18,4,17,0,11.9,259,31.3,905.0,703.0,202.0,3600.0,1,offday,test,-0.2588190451025208,-0.9659258262890683,0.49999999999999994,-0.8660254037844387,True,414.36245672963,0.3659504881029534,special_case
2024-10-27 15:00:00,2024-10-27,15,2024,10,27,Sunday,True,fall,2344,226831,96.77090443686006,0.1124759978651691,263.64373899595637,414.98921249902173,36.48943378173459,True,,False,False,True,True,151361.0,152876.0,372698.0,420149.0,547.0,17905.0,2149409.02,452.0,0.0,0.0,0.0,0.0,4,52.0,22,0,True,True,True,False,흐림,17.9,72,12.8,17.8,0.0,0.0,0.0,0.0,3,1012.5,1008.6,91,20,21,87,6.5,314,16.6,155.0,8.0,147.0,0.0,1,offday,valid,-0.7071067811865471,-0.7071067811865479,-0.8660254037844386,0.5000000000000001,True,414.728407217733,0.2608052812887536,special_case
2023-09-24 13:00:00,2023-09-24,13,2023,9,24,Sunday,True,fall,2753,297833,108.18488921176898,0.0915726254037753,252.09943773659364,415.29291010059495,90.34032647930428,True,,False,False,True,True,118241.0,112923.0,246366.0,358598.0,0.0,0.0,0.0,0.0,0.0,0.0,0.0,0.0,4,52.0,22,0,True,True,False,False,흐림,23.9,48,12.1,23.8,0.0,0.0,0.0,0.0,3,1020.4,1016.5,100,0,0,100,12.2,92,25.2,755.0,583.0,172.0,3600.0,1,offday,train,-0.2588190451025208,-0.9659258262890683,-1.0,-1.8369701987210297e-16,True,414.98921249902173,0.30369760157321934,special_case
2023-04-29 19:00:00,2023-04-29,19,2023,4,29,Saturday,True,spring,4145,313019,75.51724969843184,0.0761098888961958,315.4754894747318,415.5862965210559,-84.77957420326271,True,,False,False,True,True,156764.0,162060.0,435667.0,457838.0,280.0,6345.0,821434.31,321.0,0.0,0.0,0.0,0.0,4,52.0,22,0,True,True,True,False,흐림,10.4,76,6.3,5.8,0.0,0.0,0.0,0.0,3,1005.5,1001.5,100,100,0,82,24.8,257,44.3,33.0,0.0,33.0,0.0,1,offday,train,-0.9659258262890684,0.2588190451025203,0.8660254037844387,-0.49999999999999983,True,415.29291010059495,0.29338642046093355,special_case
2024-08-15 15:00:00,2024-08-15,15,2024,8,15,Thursday,False,summer,2148,229335,106.76675977653632,0.111744554381455,240.02730281136544,415.7536873452276,36.40560935597637,False,광복절,True,False,True,False,137185.0,133631.0,320545.0,380220.0,356.0,9034.0,794982.97,328.0,0.0,0.0,0.0,0.0,4,52.0,22,0,True,True,True,False,약한 이슬비,31.5,69,25.1,37.4,0.1,0.1,0.0,0.0,51,1006.8,1003.1,28,1,4,24,6.5,289,20.2,551.0,295.0,256.0,3600.0,1,offday,valid,-0.7071067811865471,-0.7071067811865479,-0.8660254037844384,-0.5000000000000004,True,415.5862965210559,0.16739082417171858,special_case
2024-04-28 13:00:00,2024-04-28,13,2024,4,28,Sunday,True,spring,3102,330803,106.6418439716312,0.0829554972469645,257.32795246008413,415.9416780170159,94.64568782121135,True,,False,False,True,True,124599.0,120970.0,274597.0,401986.0,762.0,27153.0,2894567.95,666.0,0.0,0.0,0.0,0.0,4,52.0,22,0,True,True,True,False,흐림,25.3,31,7.1,25.5,0.0,0.0,0.0,0.0,3,1013.5,1009.7,100,0,0,100,4.6,129,18.0,813.0,506.0,307.0,3600.0,1,offday,valid,-0.2588190451025208,-0.9659258262890683,0.8660254037844387,-0.49999999999999983,True,415.7536873452276,0.18799067178827045,special_case
2023-03-26 17:00:00,2023-03-26,17,2023,3,26,Sunday,True,spring,2982,233665,78.35848423876593,0.1056648495856345,315.0925814643621,416.0645769460727,-12.215749801096194,True,,False,False,True,True,184059.0,181754.0,518496.0,519201.0,839.0,27116.0,3101884.7,954.0,0.0,0.0,0.0,0.0,4,52.0,22,0,True,True,True,False,맑음,11.2,21,-10.6,4.7,0.0,0.0,0.0,0.0,0,1016.4,1012.4,0,0,0,0,21.7,313,42.5,389.0,279.0,110.0,3600.0,1,offday,train,-0.9659258262890683,-0.25881904510252063,1.0,6.123233995736766e-17,True,415.9416780170159,0.12289892905681654,special_case
2023-04-09 16:00:00,2023-04-09,16,2023,4,9,Sunday,True,spring,2855,227135,79.5569176882662,0.1106643479569391,315.94671341706123,416.1827428083891,17.671470944808334,True,,False,False,True,True,152870.0,154121.0,379330.0,394897.0,988.0,36359.0,4236004.68,1064.0,0.0,0.0,0.0,0.0,4,52.0,22,0,True,True,True,False,맑음,14.9,41,1.6,9.8,0.0,0.0,0.0,0.0,0,1017.7,1013.7,0,0,0,0,22.8,231,41.8,587.0,438.0,149.0,3600.0,1,offday,train,-0.8660254037844384,-0.5000000000000004,0.8660254037844387,-0.49999999999999983,True,416.0645769460727,0.11816586231640258,special_case
2022-10-01 14:00:00,2022-10-01,14,2022,10,1,Saturday,True,fall,2838,247292,87.13601127554615,0.1053558771818858,298.99997944219206,416.53649656878457,61.911045177770234,True,,False,False,True,True,,,276284.0,355207.0,0.0,0.0,0.0,0.0,0.0,0.0,0.0,0.0,4,52.0,22,0,False,True,False,False,흐림,24.6,48,12.8,25.9,0.0,0.0,0.0,0.0,3,1017.5,1013.7,100,0,0,100,3.6,264,13.3,688.0,522.0,166.0,3600.0,1,offday,train,-0.4999999999999998,-0.8660254037844388,-0.8660254037844386,0.5000000000000001,True,416.1827428083891,0.35375376039547746,special_case
2025-08-17 17:00:00,2025-08-17,17,2025,8,17,Sunday,True,summer,2157,241576,111.99629114510894,0.1047704649595659,225.98989291778383,416.6423818995256,21.815030831310537,True,,False,False,True,True,189367.0,185561.0,528242.0,527555.0,0.0,0.0,0.0,0.0,14.0,13.0,1.0,8.0,4,52.0,22,0,True,True,False,True,맑음,28.1,79,24.1,33.3,0.0,0.0,0.0,0.0,0,1013.4,1009.6,12,5,0,8,6.7,251,19.1,189.0,47.0,142.0,790.84,1,offday,test,-0.9659258262890683,-0.25881904510252063,-0.8660254037844384,-0.5000000000000004,True,416.53649656878457,0.10588533074104589,special_case
2022-05-07 17:00:00,2022-05-07,17,2022,5,7,Saturday,True,spring,2686,233331,86.8693224125093,0.1056648495856345,283.8157859870143,416.9283969270185,-9.878761792806756,True,,False,False,True,True,,,472300.0,452585.0,0.0,0.0,0.0,0.0,0.0,0.0,0.0,0.0,4,52.0,22,0,False,True,False,False,흐림,20.9,22,-1.5,15.9,0.0,0.0,0.0,0.0,3,1016.3,1012.4,100,0,0,100,17.8,315,36.4,383.0,158.0,225.0,3600.0,1,offday,train,-0.9659258262890683,-0.25881904510252063,0.49999999999999994,-0.8660254037844387,True,416.6423818995256,0.2860150274929083,special_case
2024-03-31 16:00:00,2024-03-31,16,2024,3,31,Sunday,True,spring,2464,228389,92.6903409090909,0.1106643479569391,272.67695336589804,417.28001473317784,20.60992231196451,True,,False,False,True,True,152536.0,157578.0,416715.0,453586.0,1081.0,43151.0,4736447.39,1075.0,0.0,0.0,0.0,0.0,4,52.0,22,0,True,True,True,False,대체로 맑음,14.6,30,-2.8,11.4,0.0,0.0,0.0,0.0,1,1011.0,1007.0,24,0,24,0,5.8,353,18.7,565.0,427.0,138.0,3600.0,1,offday,valid,-0.8660254037844384,-0.5000000000000004,1.0,6.123233995736766e-17,True,416.9283969270185,0.35161780615931093,special_case
2024-06-09 15:00:00,2024-06-09,15,2024,6,9,Sunday,True,summer,2737,283801,103.69053708439898,0.0935275965658001,255.985031800595,417.4040120217529,63.55013752663274,True,,False,False,True,True,135633.0,134648.0,323366.0,377916.0,662.0,24400.0,2462041.46,620.0,0.0,0.0,0.0,0.0,4,52.0,22,0,True,True,True,False,흐림,27.0,50,15.6,28.2,0.0,0.0,0.0,0.0,3,1007.0,1003.2,100,0,0,100,12.2,242,27.7,727.0,450.0,277.0,3600.0,1,offday,valid,-0.7071067811865471,-0.7071067811865479,1.2246467991473532e-16,-1.0,True,417.28001473317784,0.12399728857508308,special_case
2022-08-28 13:00:00,2022-08-28,13,2022,8,28,Sunday,True,summer,4557,408972,89.74588545095457,0.0663205601576762,302.2227926385308,418.1916300070368,99.61398594685409,True,,False,False,True,True,,,218636.0,340539.0,0.0,0.0,0.0,0.0,0.0,0.0,0.0,0.0,4,52.0,22,0,False,True,False,False,흐림,24.9,55,15.1,27.6,0.0,0.0,0.0,0.0,3,1015.7,1011.9,100,0,0,100,6.5,109,22.0,860.0,681.0,179.0,3600.0,1,offday,train,-0.2588190451025208,-0.9659258262890683,-0.8660254037844384,-0.5000000000000004,True,417.4040120217529,0.7876179852838732,special_case
2023-06-24 15:00:00,2023-06-24,15,2023,6,24,Saturday,True,summer,2812,283710,100.89260312944523,0.0935275965658001,262.99960154303,418.2213218466815,63.367653932531425,True,,False,False,True,True,130894.0,129443.0,304228.0,351124.0,536.0,14018.0,1510752.8,509.0,0.0,0.0,0.0,0.0,4,52.0,22,0,True,True,True,False,맑음,28.7,63,20.9,32.1,0.0,0.0,0.0,0.0,0,1013.7,1009.9,15,11,9,0,8.6,255,19.8,617.0,362.0,255.0,3600.0,1,offday,train,-0.7071067811865471,-0.7071067811865479,1.2246467991473532e-16,-1.0,True,418.1916300070368,0.02969183964472677,special_case
2023-05-14 13:00:00,2023-05-14,13,2023,5,14,Sunday,True,spring,3229,331034,102.51904614431712,0.0829554972469645,267.8633006104486,418.3765802397995,94.71517383595152,True,,False,False,True,True,122764.0,116539.0,259824.0,381217.0,756.0,26504.0,3056236.12,682.0,0.0,0.0,0.0,0.0,4,52.0,22,0,True,True,True,False,대체로 맑음,21.4,41,7.6,20.3,0.0,0.0,0.0,0.0,1,1010.0,1006.1,22,17,20,0,13.9,249,28.8,827.0,568.0,259.0,3600.0,1,offday,train,-0.2588190451025208,-0.9659258262890683,0.49999999999999994,-0.8660254037844387,True,418.2213218466815,0.15525839311800382,special_case
2024-10-12 18:00:00,2024-10-12,18,2024,10,12,Saturday,True,fall,4146,284640,68.65412445730824,0.0862061061335171,357.4105160295621,418.3853610707824,-70.93331842009678,True,,False,False,True,True,233692.0,220077.0,692280.0,672491.0,937.0,29777.0,3511949.75,1184.0,0.0,0.0,0.0,0.0,4,52.0,22,0,True,True,True,False,맑음,19.0,59,10.9,18.5,0.0,0.0,0.0,0.0,0,1023.2,1019.3,0,0,0,0,5.6,333,6.5,46.0,19.0,27.0,3315.47,1,offday,valid,-1.0,-1.8369701987210297e-16,-0.8660254037844386,0.5000000000000001,True,418.3765802397995,0.008780830982857424,special_case
2023-06-25 15:00:00,2023-06-25,15,2023,6,25,Sunday,True,summer,2562,286263,111.73419203747072,0.0935275965658001,239.61770240158,418.5337166133104,64.52604087090373,True,,False,False,True,True,130894.0,129443.0,304228.0,351124.0,475.0,11770.0,1416323.52,439.0,0.0,0.0,0.0,0.0,4,52.0,22,0,True,True,True,False,흐림,31.9,50,20.0,35.2,0.0,0.0,0.0,0.0,3,1010.1,1006.4,100,6,24,100,11.0,109,25.2,727.0,498.0,229.0,3600.0,1,offday,train,-0.7071067811865471,-0.7071067811865479,1.2246467991473532e-16,-1.0,True,418.3853610707824,0.14835554252800875,special_case
2025-05-04 14:00:00,2025-05-04,14,2025,5,4,Sunday,True,spring,3130,269269,86.02843450479233,0.0977777335148833,306.0443059015849,418.6826626551342,69.718757019993,True,,False,False,True,True,130403.0,126266.0,311472.0,410999.0,0.0,0.0,0.0,0.0,4.0,4.0,0.0,2.0,4,52.0,22,0,True,True,False,True,맑음,17.6,43,5.0,14.9,0.0,0.0,0.0,0.0,0,1011.5,1007.6,0,0,0,0,21.3,253,47.5,878.0,692.0,186.0,3600.0,1,offday,test,-0.4999999999999998,-0.8660254037844388,0.49999999999999994,-0.8660254037844387,True,418.5337166133104,0.14894604182381954,special_case
2025-06-08 19:00:00,2025-06-08,19,2025,6,8,Sunday,True,summer,2482,263165,106.02941176470588,0.0912420622822565,226.46279858456083,418.8883064421482,-31.43280570622221,True,,False,False,True,True,148375.0,157485.0,429973.0,444465.0,0.0,0.0,0.0,0.0,10.0,10.0,0.0,3.0,4,52.0,22,0,True,True,False,True,맑음,25.4,64,18.0,27.1,0.0,0.0,0.0,0.0,0,1006.8,1003.0,8,0,0,8,8.3,252,28.1,140.0,63.0,77.0,3600.0,1,offday,test,-0.9659258262890684,0.2588190451025203,1.2246467991473532e-16,-1.0,True,418.6826626551342,0.2056437870139689,special_case
2023-07-08 18:00:00,2023-07-08,18,2023,7,8,Saturday,True,summer,2528,245536,97.126582278481,0.1010593940343581,255.4781481188573,419.3670941062743,-5.037204294053822,True,,False,False,True,True,225223.0,216799.0,664503.0,674596.0,0.0,0.0,0.0,0.0,0.0,0.0,0.0,0.0,4,52.0,22,0,True,True,False,False,흐림,28.2,74,23.1,32.5,0.0,0.0,0.0,0.0,3,1001.4,997.7,100,100,3,2,8.7,228,15.5,223.0,75.0,148.0,3248.73,1,offday,train,-1.0,-1.8369701987210297e-16,-0.4999999999999998,-0.8660254037844388,True,418.8883064421482,0.4787876641261164,special_case
2024-06-06 18:00:00,2024-06-06,18,2024,6,6,Thursday,False,summer,2869,276505,96.37678633670268,0.0849768175437643,243.79848953305975,419.5529651908947,-62.572581586003025,False,현충일,True,False,True,False,208191.0,204607.0,622922.0,652074.0,887.0,31671.0,3790732.66,814.0,0.0,0.0,0.0,0.0,4,52.0,22,0,True,True,True,False,대체로 맑음,26.5,46,13.8,25.8,0.0,0.0,0.0,0.0,1,1013.8,1010.0,27,0,27,0,12.9,288,28.1,242.0,122.0,120.0,3600.0,1,offday,valid,-1.0,-1.8369701987210297e-16,1.2246467991473532e-16,-1.0,True,419.3670941062743,0.18587108462043034,special_case
2023-10-22 17:00:00,2023-10-22,17,2023,10,22,Sunday,True,fall,2336,238091,101.92251712328768,0.1019646238147499,238.1893612312558,419.89489791160895,-23.74565425731259,True,,False,False,True,True,192091.0,182164.0,545967.0,518680.0,0.0,0.0,0.0,0.0,0.0,0.0,0.0,0.0,4,52.0,22,0,True,True,False,False,흐림,16.1,73,11.2,15.8,0.0,0.0,0.0,0.0,3,1021.8,1017.8,100,26,0,100,4.9,216,21.6,93.0,16.0,77.0,258.79,1,offday,train,-0.9659258262890683,-0.25881904510252063,-0.8660254037844386,0.5000000000000001,True,419.5529651908947,0.341932720714226,special_case
2023-05-20 18:00:00,2023-05-20,18,2023,5,20,Saturday,True,spring,2871,258545,90.05398815743644,0.093388398805632,268.11809297096966,420.07295207924426,-42.43538547218736,True,,False,False,True,True,217467.0,206106.0,654107.0,639882.0,951.0,31840.0,3868935.43,987.0,0.0,0.0,0.0,0.0,4,52.0,22,0,True,True,True,False,흐림,18.9,75,14.4,17.9,0.0,0.0,0.0,0.0,3,1008.6,1004.7,98,0,0,98,16.1,231,34.6,260.0,129.0,131.0,3600.0,1,offday,train,-1.0,-1.8369701987210297e-16,0.49999999999999994,-0.8660254037844387,True,419.89489791160895,0.17805416763530957,special_case
2023-05-27 13:00:00,2023-05-27,13,2023,5,27,Saturday,True,spring,3432,329453,95.99446386946389,0.0829554972469645,284.70326655158243,420.1305756288371,94.26875939553372,True,부처님오신날,True,False,True,True,122764.0,116539.0,259824.0,381217.0,16.0,806.0,44220.48,17.0,0.0,0.0,0.0,0.0,4,52.0,22,0,True,True,True,False,보통 비,19.0,92,17.8,20.3,2.8,2.8,0.0,0.0,63,1018.2,1014.3,100,0,100,100,10.7,102,17.6,120.0,0.0,120.0,0.0,1,offday,train,-0.2588190451025208,-0.9659258262890683,0.49999999999999994,-0.8660254037844387,True,420.07295207924426,0.05762354959284721,special_case
2022-06-05 20:00:00,2022-06-05,20,2022,6,5,Sunday,True,summer,2693,301765,112.05532862978092,0.0768858847850752,207.05368772620753,420.2331627435098,-61.59856352771527,True,,False,False,True,True,,,325125.0,223799.0,0.0,0.0,0.0,0.0,0.0,0.0,0.0,0.0,4,52.0,22,0,False,True,False,False,보통 비,19.9,79,16.1,20.6,3.5,3.5,0.0,0.0,63,1000.9,997.1,100,1,94,98,9.2,111,23.0,7.0,0.0,7.0,0.0,1,offday,train,-0.8660254037844386,0.5000000000000001,1.2246467991473532e-16,-1.0,True,420.1305756288371,0.10258711467270132,special_case
2022-04-09 14:00:00,2022-04-09,14,2022,4,9,Saturday,True,spring,3380,267728,79.20946745562131,0.0977777335148833,330.4887392803057,420.2576480344877,68.68850945830684,True,,False,False,True,True,,,217213.0,285529.0,0.0,0.0,0.0,0.0,0.0,0.0,0.0,0.0,4,52.0,22,0,False,True,False,False,맑음,20.8,46,8.7,19.0,0.0,0.0,0.0,0.0,0,1014.0,1010.1,0,0,0,0,18.3,225,36.7,794.0,619.0,175.0,3600.0,1,offday,train,-0.4999999999999998,-0.8660254037844388,0.8660254037844387,-0.49999999999999983,True,420.2331627435098,0.02448529097790697,special_case
2023-05-07 20:00:00,2023-05-07,20,2023,5,7,Sunday,True,spring,3406,382650,112.3458602466236,0.0570144493127863,194.19121435935028,420.3517492143962,-116.38215941698246,True,,False,False,True,True,116767.0,115349.0,387992.0,275162.0,591.0,17320.0,2306817.08,632.0,0.0,0.0,0.0,0.0,4,52.0,22,0,True,True,True,False,맑음,11.4,63,4.8,8.9,0.0,0.0,0.0,0.0,0,1013.2,1009.2,0,0,0,0,8.7,97,15.5,5.0,1.0,4.0,0.0,1,offday,train,-0.8660254037844386,0.5000000000000001,0.49999999999999994,-0.8660254037844387,True,420.2576480344877,0.09410117990847766,special_case
2024-04-21 15:00:00,2024-04-21,15,2024,4,21,Sunday,True,spring,2292,244049,106.47862129144852,0.1077131147753142,246.8784590650203,420.48119529180383,49.08852730532635,True,,False,False,True,True,134685.0,137880.0,333807.0,394074.0,829.0,30892.0,3445233.64,793.0,0.0,0.0,0.0,0.0,4,52.0,22,0,True,True,True,False,흐림,19.8,55,10.5,17.6,0.0,0.0,0.0,0.0,3,1010.7,1006.8,100,80,100,100,15.8,66,33.5,134.0,8.0,126.0,0.0,1,offday,valid,-0.7071067811865471,-0.7071067811865479,0.8660254037844387,-0.49999999999999983,True,420.3517492143962,0.12944607740763558,special_case
2025-09-06 19:00:00,2025-09-06,19,2025,9,6,Saturday,True,fall,3931,345164,87.8056474179598,0.0671035658554383,263.78411737772797,420.8286544580272,-103.79990277695232,True,,False,False,True,True,168331.0,176580.0,458639.0,471841.0,0.0,0.0,0.0,0.0,15.0,14.0,1.0,7.0,4,52.0,22,0,True,True,False,True,강한 비,25.1,96,24.5,29.8,12.5,12.5,0.0,0.0,65,1005.8,1002.0,100,99,41,90,12.2,221,33.1,13.0,2.0,11.0,0.0,1,offday,test,-0.9659258262890684,0.2588190451025203,-1.0,-1.8369701987210297e-16,True,420.48119529180383,0.34745916622335926,special_case
2025-04-27 12:00:00,2025-04-27,12,2025,4,27,Sunday,True,spring,3968,435330,109.7101814516129,0.0657770680274524,261.0034059329313,420.8608345230153,118.23178804136114,True,,False,False,True,True,119821.0,115406.0,254261.0,351039.0,0.0,0.0,0.0,0.0,4.0,4.0,0.0,3.0,4,52.0,22,0,True,True,False,True,흐림,16.8,47,5.3,14.1,0.0,0.0,0.0,0.0,3,1015.7,1011.8,100,0,0,100,16.5,225,38.5,715.0,374.0,341.0,3600.0,1,offday,test,1.2246467991473532e-16,-1.0,0.8660254037844387,-0.49999999999999983,True,420.8286544580272,0.032180064988097,special_case
2022-04-10 20:00:00,2022-04-10,20,2022,4,10,Sunday,True,spring,4027,392401,97.44251303700024,0.0570144493127863,229.5971873825906,420.862606676879,-120.31851857996838,True,,False,False,True,True,,,302873.0,211185.0,0.0,0.0,0.0,0.0,0.0,0.0,0.0,0.0,4,52.0,22,0,False,True,False,False,흐림,11.0,87,8.9,9.2,0.0,0.0,0.0,0.0,3,1016.3,1012.3,86,0,0,86,10.5,239,12.6,0.0,0.0,0.0,0.0,1,offday,train,-0.8660254037844386,0.5000000000000001,0.8660254037844387,-0.49999999999999983,True,420.8608345230153,0.0017721538637260892,special_case
2024-06-23 19:00:00,2024-06-23,19,2024,6,23,Sunday,True,summer,2575,265375,103.05825242718448,0.0912420622822565,234.9483103768107,421.69764893613495,-32.13737907553519,True,,False,False,True,True,149204.0,159733.0,424734.0,459943.0,689.0,21912.0,2751229.65,695.0,0.0,0.0,0.0,0.0,4,52.0,22,0,True,True,True,False,흐림,23.8,85,21.1,26.3,0.0,0.0,0.0,0.0,3,999.1,995.3,98,37,1,96,13.5,254,33.1,106.0,21.0,85.0,642.52,1,offday,valid,-0.9659258262890684,0.2588190451025203,1.2246467991473532e-16,-1.0,True,420.862606676879,0.8350422592559426,special_case
2022-09-11 15:00:00,2022-09-11,15,2022,9,11,Sunday,True,fall,2753,229018,83.18852161278605,0.1124759978651691,309.6464221228105,421.7415635817643,34.26661269126237,True,추석,True,False,True,True,,,278702.0,322443.0,0.0,0.0,0.0,0.0,0.0,0.0,0.0,0.0,4,52.0,22,0,False,True,False,False,흐림,24.2,66,17.5,26.2,0.0,0.0,0.0,0.0,3,1014.4,1010.6,100,0,100,100,4.5,14,10.8,279.0,28.0,251.0,0.0,1,offday,train,-0.7071067811865471,-0.7071067811865479,-1.0,-1.8369701987210297e-16,True,421.69764893613495,0.043914645629342886,special_case
2022-04-17 13:00:00,2022-04-17,13,2022,4,17,Sunday,True,spring,3440,330896,96.1906976744186,0.0829554972469645,285.36691052955814,421.8499415486534,94.68146413877425,True,,False,False,True,True,,,206340.0,299990.0,0.0,0.0,0.0,0.0,0.0,0.0,0.0,0.0,4,52.0,22,0,False,True,False,False,맑음,17.6,37,2.7,15.7,0.0,0.0,0.0,0.0,0,1018.9,1015.0,0,0,0,0,13.6,233,29.9,871.0,684.0,187.0,3600.0,1,offday,train,-0.2588190451025208,-0.9659258262890683,0.8660254037844387,-0.49999999999999983,True,421.7415635817643,0.10837796688912249,special_case
2022-07-17 18:00:00,2022-07-17,18,2022,7,17,Sunday,True,summer,2422,246742,101.87530966143684,0.1010593940343581,244.7658523512153,421.8663539700336,-4.293617664248359,True,,False,False,True,True,,,645306.0,625086.0,0.0,0.0,0.0,0.0,0.0,0.0,0.0,0.0,4,52.0,22,0,False,True,False,False,부분적으로 흐림,25.1,79,21.3,28.2,0.0,0.0,0.0,0.0,2,999.6,995.8,54,1,3,53,9.8,246,24.5,209.0,42.0,167.0,1075.92,1,offday,train,-1.0,-1.8369701987210297e-16,-0.4999999999999998,-0.8660254037844388,True,421.8499415486534,0.016412421380152864,special_case
2022-04-24 13:00:00,2022-04-24,13,2022,4,24,Sunday,True,spring,3199,335005,104.72178805876835,0.0829554972469645,265.3746356930397,422.2145729821645,95.8494838389455,True,,False,False,True,True,,,206340.0,299990.0,0.0,0.0,0.0,0.0,0.0,0.0,0.0,0.0,4,52.0,22,0,False,True,False,False,대체로 맑음,21.0,58,12.4,21.1,0.0,0.0,0.0,0.0,1,1010.6,1006.7,29,26,0,4,12.8,230,27.7,760.0,469.0,291.0,3600.0,1,offday,train,-0.2588190451025208,-0.9659258262890683,0.8660254037844387,-0.49999999999999983,True,421.8663539700336,0.3482190121309259,special_case
2023-07-01 18:00:00,2023-07-01,18,2023,7,1,Saturday,True,summer,2589,247330,95.53109308613364,0.1010593940343581,261.6427711549531,422.27335568212766,-5.34995256081595,True,,False,False,True,True,225223.0,216799.0,664503.0,674596.0,0.0,0.0,0.0,0.0,0.0,0.0,0.0,0.0,4,52.0,22,0,True,True,False,False,맑음,28.5,76,23.9,33.2,0.0,0.0,0.0,0.0,0,1005.4,1001.7,11,9,0,2,9.4,266,22.7,328.0,211.0,117.0,3600.0,1,offday,train,-1.0,-1.8369701987210297e-16,-0.4999999999999998,-0.8660254037844388,True,422.2145729821645,0.05878269996316021,special_case
2024-10-27 16:00:00,2024-10-27,16,2024,10,27,Sunday,True,fall,2344,226831,96.77090443686006,0.1113266708276356,260.949716419978,422.5233619532578,7.534149454236058,True,,False,False,True,True,174451.0,175854.0,448421.0,473981.0,584.0,19446.0,2015996.19,570.0,0.0,0.0,0.0,0.0,4,52.0,22,0,True,True,True,False,흐림,18.0,71,12.6,17.8,0.0,0.0,0.0,0.0,3,1012.6,1008.7,100,15,12,100,6.7,308,14.4,200.0,56.0,144.0,2682.3,1,offday,valid,-0.8660254037844384,-0.5000000000000004,-0.8660254037844386,0.5000000000000001,True,422.27335568212766,0.2500062711301325,special_case
2023-08-15 18:00:00,2023-08-15,18,2023,8,15,Tuesday,False,summer,2294,273047,119.02659110723629,0.0849768175437643,194.9368194453953,422.9671580205926,-58.23705277449534,False,광복절,True,False,True,False,223546.0,212481.0,652294.0,644555.0,0.0,0.0,0.0,0.0,0.0,0.0,0.0,0.0,4,52.0,22,0,True,True,False,False,대체로 맑음,29.5,70,23.6,34.1,0.0,0.0,0.0,0.0,1,1002.9,999.2,37,2,0,36,8.8,282,16.6,267.0,175.0,92.0,3600.0,1,offday,train,-1.0,-1.8369701987210297e-16,-0.8660254037844384,-0.5000000000000004,True,422.5233619532578,0.4437960673348016,special_case
2023-10-29 17:00:00,2023-10-29,17,2023,10,29,Sunday,True,fall,2458,240441,97.81977217249796,0.1019646238147499,250.62904533665528,423.1130227834526,-24.79262140327569,True,,False,False,True,True,192091.0,182164.0,545967.0,518680.0,0.0,0.0,0.0,0.0,0.0,0.0,0.0,0.0,4,52.0,22,0,True,True,False,False,맑음,17.1,63,10.1,16.7,0.0,0.0,0.0,0.0,0,1020.9,1016.9,0,0,0,0,3.0,284,6.8,136.0,74.0,62.0,3600.0,1,offday,train,-0.9659258262890683,-0.25881904510252063,-0.8660254037844386,0.5000000000000001,True,422.9671580205926,0.1458647628600147,special_case
2025-05-06 13:00:00,2025-05-06,13,2025,5,6,Tuesday,False,spring,2428,240602,99.09472817133444,0.111787395763264,271.4197969132051,423.7598131394252,69.2634165243619,False,대체공휴일,True,True,True,True,131842.0,124440.0,292232.0,438367.0,0.0,0.0,0.0,0.0,6.0,5.0,1.0,3.0,4,52.0,22,0,True,True,False,True,흐림,17.9,42,4.8,16.1,0.0,0.0,0.0,0.0,3,1007.1,1003.2,100,0,100,100,10.7,320,27.0,732.0,361.0,371.0,3600.0,1,offday,test,-0.2588190451025208,-0.9659258262890683,0.49999999999999994,-0.8660254037844387,True,423.1130227834526,0.6467903559725983,special_case
2024-10-12 13:00:00,2024-10-12,13,2024,10,12,Saturday,True,fall,4146,284640,68.65412445730824,0.0915726254037753,379.6601049240528,423.8006957016482,84.83991757406977,True,,False,False,True,True,137374.0,134469.0,296007.0,431650.0,821.0,31282.0,3034258.15,670.0,0.0,0.0,0.0,0.0,4,52.0,22,0,True,True,True,False,맑음,20.4,51,9.9,20.6,0.0,0.0,0.0,0.0,0,1023.8,1019.9,0,0,0,0,4.1,285,14.4,684.0,553.0,131.0,3600.0,1,offday,valid,-0.2588190451025208,-0.9659258262890683,-0.8660254037844386,0.5000000000000001,True,423.7598131394252,0.040882562222975594,special_case
2025-08-10 16:00:00,2025-08-10,16,2025,8,10,Sunday,True,summer,2598,258098,99.3448806774442,0.1019931999973653,264.9783335931552,424.3150646892045,43.349206918928985,True,,False,False,True,True,158565.0,159279.0,412716.0,443693.0,0.0,0.0,0.0,0.0,14.0,13.0,1.0,8.0,4,52.0,22,0,True,True,False,True,맑음,30.5,54,20.1,33.5,0.0,0.0,0.0,0.0,0,1001.1,997.4,19,7,12,0,5.9,322,20.5,545.0,342.0,203.0,3600.0,1,offday,test,-0.8660254037844384,-0.5000000000000004,-0.8660254037844384,-0.5000000000000004,True,423.8006957016482,0.5143689875563382,special_case
2023-07-08 17:00:00,2023-07-08,17,2023,7,8,Saturday,True,summer,2528,245536,97.126582278481,0.1047704649595659,264.8597354177828,424.4042984003281,20.263387085659588,True,,False,False,True,True,181065.0,175578.0,500982.0,517822.0,0.0,0.0,0.0,0.0,0.0,0.0,0.0,0.0,4,52.0,22,0,True,True,False,False,부분적으로 흐림,29.0,68,22.5,33.5,0.0,0.0,0.0,0.0,2,1001.3,997.6,72,72,0,0,4.7,189,15.5,279.0,82.0,197.0,2172.51,1,offday,train,-0.9659258262890683,-0.25881904510252063,-0.4999999999999998,-0.8660254037844388,True,424.3150646892045,0.08923371112359746,special_case
2023-05-21 18:00:00,2023-05-21,18,2023,5,21,Sunday,True,spring,2560,258878,101.12421875,0.093388398805632,239.0743009424181,424.4773681870252,-40.200000489043134,True,,False,False,True,True,217467.0,206106.0,654107.0,639882.0,798.0,25779.0,3199501.97,900.0,0.0,0.0,0.0,0.0,4,52.0,22,0,True,True,True,False,흐림,17.4,67,11.1,15.6,0.0,0.0,0.0,0.0,3,1008.4,1004.5,100,0,100,100,14.3,236,32.0,159.0,41.0,118.0,1277.49,1,offday,train,-1.0,-1.8369701987210297e-16,0.49999999999999994,-0.8660254037844387,True,424.4042984003281,0.07306978669708997,special_case
2024-08-15 16:00:00,2024-08-15,16,2024,8,15,Thursday,False,summer,2148,229335,106.76675977653632,0.1105172193076455,237.39098707282272,424.4793072459738,8.725619900746267,False,광복절,True,False,True,False,156726.0,156151.0,394300.0,429929.0,281.0,7302.0,637931.78,323.0,0.0,0.0,0.0,0.0,4,52.0,22,0,True,True,True,False,약한 비,30.5,74,25.2,36.1,2.1,2.1,0.0,0.0,61,1007.1,1003.4,71,15,17,62,10.1,325,21.2,585.0,440.0,145.0,3600.0,1,offday,valid,-0.8660254037844384,-0.5000000000000004,-0.8660254037844384,-0.5000000000000004,True,424.4773681870252,0.001939058948607908,special_case
2025-06-07 19:00:00,2025-06-07,19,2025,6,7,Saturday,True,summer,2609,267631,102.5799156765044,0.0912420622822565,238.0505404944074,425.1636928722554,-32.48452821043736,True,,False,False,True,True,148375.0,157485.0,429973.0,444465.0,0.0,0.0,0.0,0.0,11.0,10.0,1.0,3.0,4,52.0,22,0,True,True,False,True,흐림,22.3,76,18.0,23.8,0.0,0.0,0.0,0.0,3,1007.4,1003.6,100,85,0,100,9.6,242,29.2,112.0,23.0,89.0,1060.49,1,offday,test,-0.9659258262890684,0.2588190451025203,1.2246467991473532e-16,-1.0,True,424.4793072459738,0.6843856262815962,special_case
2024-05-04 17:00:00,2024-05-04,17,2024,5,4,Saturday,True,spring,4896,241877,49.40298202614379,0.1056648495856345,517.3351035712666,425.964947053742,-20.15439445926745,True,,False,False,True,True,185130.0,180310.0,545807.0,538775.0,1103.0,41308.0,4884126.92,1143.0,0.0,0.0,0.0,0.0,4,52.0,22,0,True,True,True,False,부분적으로 흐림,23.9,34,6.9,20.4,0.0,0.0,0.0,0.0,2,1014.8,1011.0,60,0,0,60,18.5,249,34.9,418.0,241.0,177.0,3600.0,1,offday,valid,-0.9659258262890683,-0.25881904510252063,0.49999999999999994,-0.8660254037844387,True,425.1636928722554,0.8012541814865699,special_case
2022-09-11 16:00:00,2022-09-11,16,2022,9,11,Sunday,True,fall,2753,229018,83.18852161278605,0.1113266708276356,306.482324788481,426.15303731709207,4.411473735327718,True,추석,True,False,True,True,,,342287.0,362512.0,0.0,0.0,0.0,0.0,0.0,0.0,0.0,0.0,4,52.0,22,0,False,True,False,False,강한 이슬비,22.0,82,18.8,24.4,1.1,1.1,0.0,0.0,55,1014.1,1010.2,100,0,97,100,6.3,336,12.6,110.0,2.0,108.0,0.0,1,offday,train,-0.8660254037844384,-0.5000000000000004,-1.0,-1.8369701987210297e-16,True,425.964947053742,0.18809026335009094,special_case
2023-10-02 17:00:00,2023-10-02,17,2023,10,2,Monday,False,fall,3014,299070,99.2269409422694,0.0766806145388679,231.11537222014795,426.15791216631385,-100.62273768010516,False,임시공휴일,True,False,True,True,192091.0,182164.0,545967.0,518680.0,0.0,0.0,0.0,0.0,0.0,0.0,0.0,0.0,4,52.0,22,0,True,True,False,False,부분적으로 흐림,20.5,58,11.9,19.9,0.0,0.0,0.0,0.0,2,1017.6,1013.7,55,0,0,55,7.6,262,15.8,237.0,117.0,120.0,3600.0,1,offday,train,-0.9659258262890683,-0.25881904510252063,-0.8660254037844386,0.5000000000000001,True,426.15303731709207,0.004874849221778277,special_case
2022-07-17 17:00:00,2022-07-17,17,2022,7,17,Sunday,True,summer,2422,246742,101.87530966143684,0.1047704649595659,253.75406613206883,426.159971634282,21.03650959238672,True,,False,False,True,True,,,467738.0,460501.0,0.0,0.0,0.0,0.0,0.0,0.0,0.0,0.0,4,52.0,22,0,False,True,False,False,흐림,25.9,75,21.2,28.5,0.0,0.0,0.0,0.0,3,999.8,996.0,100,1,6,100,13.0,242,27.0,396.0,165.0,231.0,3600.0,1,offday,train,-0.9659258262890683,-0.25881904510252063,-0.4999999999999998,-0.8660254037844388,True,426.15791216631385,0.0020594679681380512,special_case
2022-09-18 20:00:00,2022-09-18,20,2022,9,18,Sunday,True,fall,6875,498703,72.53861818181818,0.0479786878750003,329.85347914062726,426.2622905978997,-158.92847410869825,True,,False,False,True,True,,,322656.0,233140.0,0.0,0.0,0.0,0.0,0.0,0.0,0.0,0.0,4,52.0,22,0,False,True,False,False,흐림,26.2,79,22.3,29.7,0.0,0.0,0.0,0.0,3,1002.3,998.5,100,1,0,100,10.9,73,17.3,0.0,0.0,0.0,0.0,1,offday,train,-0.8660254037844386,0.5000000000000001,-1.0,-1.8369701987210297e-16,True,426.159971634282,0.10231896361773352,special_case
2022-05-07 16:00:00,2022-05-07,16,2022,5,7,Saturday,True,spring,2686,233331,86.8693224125093,0.1106643479569391,297.2444386123385,426.8071587198253,19.877785674953714,True,,False,False,True,True,,,354655.0,373146.0,0.0,0.0,0.0,0.0,0.0,0.0,0.0,0.0,4,52.0,22,0,False,True,False,False,흐림,21.9,21,-1.8,17.0,0.0,0.0,0.0,0.0,3,1016.1,1012.2,100,0,0,100,19.4,313,39.6,603.0,377.0,226.0,3600.0,1,offday,train,-0.8660254037844384,-0.5000000000000004,0.49999999999999994,-0.8660254037844387,True,426.2622905978997,0.5448681219255604,special_case
2022-05-29 19:00:00,2022-05-29,19,2022,5,29,Sunday,True,spring,3060,308203,100.71993464052288,0.0761098888961958,232.8962600223593,426.8375042953288,-78.36695026521897,True,,False,False,True,True,,,408102.0,429243.0,0.0,0.0,0.0,0.0,0.0,0.0,0.0,0.0,4,52.0,22,0,False,True,False,False,맑음,22.5,60,14.2,22.6,0.0,0.0,0.0,0.0,0,1003.1,999.3,17,0,0,17,8.5,298,19.8,127.0,55.0,72.0,3600.0,1,offday,train,-0.9659258262890684,0.2588190451025203,0.49999999999999994,-0.8660254037844387,True,426.8071587198253,0.030345575503531563,special_case
2022-06-18 18:00:00,2022-06-18,18,2022,6,18,Saturday,True,summer,2527,249817,98.85912148793037,0.1010593940343581,255.3770887248229,426.84617785206456,-4.832558103113399,True,,False,False,True,True,,,610509.0,603790.0,0.0,0.0,0.0,0.0,0.0,0.0,0.0,0.0,4,52.0,22,0,False,True,False,False,대체로 맑음,24.0,74,19.1,25.4,0.0,0.0,0.0,0.0,1,1006.5,1002.7,31,14,0,19,14.7,253,28.8,296.0,162.0,134.0,3600.0,1,offday,train,-1.0,-1.8369701987210297e-16,1.2246467991473532e-16,-1.0,True,426.8375042953288,0.00867355673574366,special_case
2023-09-16 18:00:00,2023-09-16,18,2023,9,16,Saturday,True,fall,2539,274840,108.24734147302088,0.0862061061335171,218.87730347300004,427.0550770947811,-59.12505571062508,True,,False,False,True,True,207625.0,197076.0,605306.0,614091.0,0.0,0.0,0.0,0.0,0.0,0.0,0.0,0.0,4,52.0,22,0,True,True,False,False,약한 이슬비,24.4,93,23.2,29.0,0.2,0.2,0.0,0.0,51,1010.1,1006.3,100,48,57,100,6.3,103,10.4,63.0,2.0,61.0,0.0,1,offday,train,-1.0,-1.8369701987210297e-16,-1.0,-1.8369701987210297e-16,True,426.84617785206456,0.2088992427165408,special_case
2022-05-28 12:00:00,2022-05-28,12,2022,5,28,Saturday,True,spring,6869,389759,56.74173824428592,0.0657770680274524,451.8226802805708,427.2867376218639,111.4141317418003,True,,False,False,True,True,,,213834.0,325207.0,0.0,0.0,0.0,0.0,0.0,0.0,0.0,0.0,4,52.0,22,0,False,True,False,False,흐림,25.6,47,13.6,26.1,0.0,0.0,0.0,0.0,3,1005.5,1001.7,100,0,9,100,14.3,208,30.2,824.0,547.0,277.0,3600.0,1,offday,train,1.2246467991473532e-16,-1.0,0.49999999999999994,-0.8660254037844387,True,427.0550770947811,0.23166052708279494,special_case
2022-05-01 14:00:00,2022-05-01,14,2022,5,1,Sunday,True,spring,3000,276982,92.32733333333331,0.0977777335148833,293.33320054465,427.419701111402,72.23334917986841,True,,False,False,True,True,,,246708.0,328829.0,0.0,0.0,0.0,0.0,0.0,0.0,0.0,0.0,4,52.0,22,0,False,True,False,False,맑음,16.5,32,-0.2,12.2,0.0,0.0,0.0,0.0,0,1012.3,1008.4,11,0,11,0,24.9,236,46.1,870.0,679.0,191.0,3600.0,1,offday,train,-0.4999999999999998,-0.8660254037844388,0.49999999999999994,-0.8660254037844387,True,427.2867376218639,0.1329634895380991,special_case
2024-09-29 16:00:00,2024-09-29,16,2024,9,29,Sunday,True,fall,3998,230363,57.61955977988995,0.1113266708276356,445.0840299688874,427.4257645311106,-4.412707072455248,True,,False,False,True,True,157557.0,162508.0,383752.0,422775.0,1001.0,41010.0,4220431.66,934.0,0.0,0.0,0.0,0.0,4,52.0,22,0,True,True,True,False,맑음,26.5,57,17.2,27.9,0.0,0.0,0.0,0.0,0,1018.1,1014.3,4,3,1,0,8.6,54,18.4,413.0,287.0,126.0,3600.0,1,offday,valid,-0.8660254037844384,-0.5000000000000004,-1.0,-1.8369701987210297e-16,True,427.419701111402,0.0060634197085960295,special_case
2023-07-01 17:00:00,2023-07-01,17,2023,7,1,Saturday,True,summer,2589,247330,95.53109308613364,0.1047704649595659,271.25073378031635,427.6233082429436,20.169519981632103,True,,False,False,True,True,181065.0,175578.0,500982.0,517822.0,0.0,0.0,0.0,0.0,0.0,0.0,0.0,0.0,4,52.0,22,0,True,True,False,False,맑음,29.5,73,24.1,34.0,0.0,0.0,0.0,0.0,0,1005.2,1001.5,2,2,0,0,11.5,268,22.7,508.0,365.0,143.0,3600.0,1,offday,train,-0.9659258262890683,-0.25881904510252063,-0.4999999999999998,-0.8660254037844388,True,427.4257645311106,0.19754371183302055,special_case
2023-10-15 19:00:00,2023-10-15,19,2023,10,15,Sunday,True,fall,3994,350827,87.83850776164246,0.0671035658554383,268.0116420266206,427.7616140710768,-105.49791762770064,True,,False,False,True,True,158682.0,163534.0,451355.0,479665.0,0.0,0.0,0.0,0.0,0.0,0.0,0.0,0.0,4,52.0,22,0,True,True,False,False,맑음,15.9,82,12.9,15.1,0.0,0.0,0.0,0.0,0,1011.1,1007.2,2,2,2,0,11.9,265,19.4,0.0,0.0,0.0,0.0,1,offday,train,-0.9659258262890684,0.2588190451025203,-0.8660254037844386,0.5000000000000001,True,427.6233082429436,0.13830582813318415,special_case
2025-05-11 14:00:00,2025-05-11,14,2025,5,11,Sunday,True,spring,2729,280458,102.7695126419934,0.0977777335148833,266.8354347621167,428.2087635566369,73.86708113586735,True,,False,False,True,True,130403.0,126266.0,311472.0,410999.0,0.0,0.0,0.0,0.0,8.0,7.0,1.0,5.0,4,52.0,22,0,True,True,False,True,흐림,19.1,60,11.1,19.8,0.0,0.0,0.0,0.0,3,1005.2,1001.3,80,1,80,0,9.1,232,29.5,832.0,569.0,263.0,3600.0,1,offday,test,-0.4999999999999998,-0.8660254037844388,0.49999999999999994,-0.8660254037844387,True,427.7616140710768,0.4471494855600895,special_case
2023-03-26 16:00:00,2023-03-26,16,2023,3,26,Sunday,True,spring,2982,233665,78.35848423876593,0.1106643479569391,330.00108560759253,428.2803267471689,17.865784799310177,True,,False,False,True,True,157768.0,160886.0,394615.0,414692.0,961.0,35555.0,4221966.82,1029.0,0.0,0.0,0.0,0.0,4,52.0,22,0,True,True,True,False,맑음,12.2,20,-10.4,5.7,0.0,0.0,0.0,0.0,0,1016.5,1012.5,0,0,0,0,23.0,311,43.9,578.0,448.0,130.0,3600.0,1,offday,train,-0.8660254037844384,-0.5000000000000004,1.0,6.123233995736766e-17,True,428.2087635566369,0.07156319053200377,special_case
2022-06-06 14:00:00,2022-06-06,14,2022,6,6,Monday,False,summer,2874,255140,88.77522616562283,0.1049582705891367,301.6500696731789,428.3470070637027,60.57353059252739,False,현충일,True,False,True,True,,,231925.0,303651.0,0.0,0.0,0.0,0.0,0.0,0.0,0.0,0.0,4,52.0,22,0,False,True,False,False,흐림,20.9,57,12.1,19.2,0.0,0.0,0.0,0.0,3,1001.0,997.2,100,2,2,100,18.7,65,38.5,633.0,250.0,383.0,3600.0,1,offday,train,-0.4999999999999998,-0.8660254037844388,1.2246467991473532e-16,-1.0,True,428.2803267471689,0.06668031653379103,special_case
2024-04-06 15:00:00,2024-04-06,15,2024,4,6,Saturday,True,spring,2690,246652,91.6921933085502,0.1077131147753142,289.7482787455954,428.6774010391094,47.78659702910272,True,,False,False,True,True,134685.0,137880.0,333807.0,394074.0,1198.0,50940.0,5307400.24,1011.0,0.0,0.0,0.0,0.0,4,52.0,22,0,True,True,True,False,흐림,16.5,32,-0.4,12.2,0.0,0.0,0.0,0.0,3,1018.3,1014.3,100,0,0,100,14.2,243,28.1,481.0,154.0,327.0,3600.0,1,offday,valid,-0.7071067811865471,-0.7071067811865479,0.8660254037844387,-0.49999999999999983,True,428.3470070637027,0.33039397540670734,special_case
2022-06-01 19:00:00,2022-06-01,19,2022,6,1,Wednesday,False,summer,3020,344335,114.0182119205298,0.0654594220459456,197.68745457875588,428.7323400787891,-102.6229532337669,False,전국동시지방선거,True,False,True,False,,,375685.0,420065.0,0.0,0.0,0.0,0.0,0.0,0.0,0.0,0.0,4,52.0,22,0,False,True,False,False,맑음,20.4,54,10.6,19.3,0.0,0.0,0.0,0.0,0,1004.0,1000.2,0,0,0,0,8.3,252,24.5,134.0,60.0,74.0,3600.0,1,offday,train,-0.9659258262890684,0.2588190451025203,1.2246467991473532e-16,-1.0,True,428.6774010391094,0.05493903967970937,special_case
2024-11-03 15:00:00,2024-11-03,15,2024,11,3,Sunday,True,fall,2554,234502,91.8175411119812,0.1124759978651691,287.26369854764187,429.9541867402153,36.85236499165222,True,,False,False,True,True,144782.0,145895.0,349968.0,401272.0,0.0,0.0,0.0,0.0,0.0,0.0,0.0,0.0,4,52.0,22,0,True,True,False,False,대체로 맑음,20.9,61,12.9,19.5,0.0,0.0,0.0,0.0,1,1020.5,1016.6,33,32,13,0,15.8,232,28.8,421.0,313.0,108.0,3600.0,1,offday,valid,-0.7071067811865471,-0.7071067811865479,-0.5000000000000004,0.8660254037844384,True,428.7323400787891,1.2218466614261843,special_case
2022-04-09 18:00:00,2022-04-09,18,2022,4,9,Saturday,True,spring,3380,267728,79.20946745562131,0.093388398805632,315.65278796303636,429.9962438613044,-46.90452747394278,True,,False,False,True,True,,,587875.0,562370.0,0.0,0.0,0.0,0.0,0.0,0.0,0.0,0.0,4,52.0,22,0,False,True,False,False,맑음,15.9,64,9.1,14.3,0.0,0.0,0.0,0.0,0,1014.1,1010.2,0,0,0,0,9.5,241,25.9,199.0,110.0,89.0,3600.0,1,offday,train,-1.0,-1.8369701987210297e-16,0.8660254037844387,-0.49999999999999983,True,429.9541867402153,0.0420571210891012,special_case
2024-05-19 13:00:00,2024-05-19,13,2024,5,19,Sunday,True,spring,3297,340677,103.32939035486808,0.0829554972469645,273.50427442324224,430.1161845432051,97.47351229044024,True,,False,False,True,True,129171.0,124826.0,291672.0,434999.0,771.0,28686.0,3035072.91,696.0,0.0,0.0,0.0,0.0,4,52.0,22,0,True,True,True,False,맑음,24.8,51,14.0,27.3,0.0,0.0,0.0,0.0,0,1015.0,1011.2,8,0,8,0,4.9,234,16.2,865.0,656.0,209.0,3600.0,1,offday,valid,-0.2588190451025208,-0.9659258262890683,0.49999999999999994,-0.8660254037844387,True,429.9962438613044,0.11994068190074358,special_case
2022-10-08 14:00:00,2022-10-08,14,2022,10,8,Saturday,True,fall,3141,253689,80.76695319961796,0.1053558771818858,330.9228102283035,430.4759899360179,62.599812900848235,True,,False,False,True,True,,,276284.0,355207.0,0.0,0.0,0.0,0.0,0.0,0.0,0.0,0.0,4,52.0,22,0,False,True,False,False,맑음,18.9,50,8.3,17.0,0.0,0.0,0.0,0.0,0,1023.7,1019.8,18,12,16,0,10.2,98,21.6,566.0,358.0,208.0,3600.0,1,offday,train,-0.4999999999999998,-0.8660254037844388,-0.8660254037844386,0.5000000000000001,True,430.1161845432051,0.35980539281280244,special_case
2025-07-05 18:00:00,2025-07-05,18,2025,7,5,Saturday,True,summer,2437,251741,103.29954862535904,0.1010593940343581,246.28174326173067,430.5398138117034,-4.159550243458739,True,,False,False,True,True,239169.0,231250.0,702804.0,702349.0,0.0,0.0,0.0,0.0,12.0,11.0,1.0,6.0,4,52.0,22,0,True,True,False,True,흐림,28.0,78,24.0,32.5,0.0,0.0,0.0,0.0,3,1004.3,1000.5,100,1,0,100,11.0,246,29.2,304.0,172.0,132.0,3600.0,1,offday,test,-1.0,-1.8369701987210297e-16,-0.4999999999999998,-0.8660254037844388,True,430.4759899360179,0.0638238756855003,special_case
2025-08-16 15:00:00,2025-08-16,15,2025,8,16,Saturday,True,summer,2622,294606,112.35926773455378,0.0935275965658001,245.229358195528,430.547812788163,66.43795947428282,True,,False,False,True,True,142475.0,139526.0,342579.0,398731.0,0.0,0.0,0.0,0.0,14.0,13.0,1.0,8.0,4,52.0,22,0,True,True,False,True,흐림,29.5,71,23.8,33.7,0.0,0.0,0.0,0.0,3,1012.9,1009.1,98,23,0,97,14.1,235,32.8,597.0,380.0,217.0,3600.0,1,offday,test,-0.7071067811865471,-0.7071067811865479,-0.8660254037844384,-0.5000000000000004,True,430.5398138117034,0.007998976459589358,special_case
2023-06-18 21:00:00,2023-06-18,21,2023,6,18,Sunday,True,summer,3819,385582,100.96412673474732,0.0603261742431433,230.38565943456445,430.85535256034336,-100.67335322653857,True,,False,False,True,True,103298.0,103596.0,407365.0,227984.0,708.0,21054.0,2871646.25,866.0,0.0,0.0,0.0,0.0,4,52.0,22,0,True,True,True,False,맑음,21.5,85,18.9,24.4,0.0,0.0,0.0,0.0,0,1006.5,1002.7,3,0,0,0,3.6,276,7.6,0.0,0.0,0.0,0.0,1,offday,train,-0.7071067811865477,0.7071067811865474,1.2246467991473532e-16,-1.0,True,430.547812788163,0.30753977218034834,special_case
2024-05-01 12:00:00,2024-05-01,12,2024,5,1,Wednesday,False,spring,2654,297262,112.00527505651846,0.096293809375837,255.56377008347147,431.0612214517231,101.26301414075829,False,,False,False,False,False,127195.0,117440.0,269436.0,392811.0,739.0,25033.0,2699901.25,715.0,0.0,0.0,0.0,0.0,4,52.0,22,0,True,True,True,False,흐림,20.2,32,3.1,19.0,0.0,0.0,0.0,0.0,3,1012.6,1008.7,95,0,1,95,8.0,95,24.1,800.0,547.0,253.0,3600.0,1,weekday,valid,1.2246467991473532e-16,-1.0,0.49999999999999994,-0.8660254037844387,True,430.85535256034336,0.20586889137973685,special_case
2025-06-08 16:00:00,2025-06-08,16,2025,6,8,Sunday,True,summer,2482,263165,106.02941176470588,0.1019931999973653,253.1471223934608,431.23146022112473,44.87989948610221,True,,False,False,True,True,154793.0,157040.0,397001.0,425028.0,0.0,0.0,0.0,0.0,10.0,10.0,0.0,3.0,4,52.0,22,0,True,True,False,True,대체로 맑음,29.7,43,15.8,30.3,0.0,0.0,0.0,0.0,1,1006.0,1002.3,20,3,0,17,12.6,244,33.5,629.0,448.0,181.0,3600.0,1,offday,test,-0.8660254037844384,-0.5000000000000004,1.2246467991473532e-16,-1.0,True,431.0612214517231,0.17023876940163518,special_case
2024-10-20 13:00:00,2024-10-20,13,2024,10,20,Sunday,True,fall,3071,306369,99.76196678606316,0.0915726254037753,281.21953261499425,431.441477967876,92.69298891889832,True,,False,False,True,True,137374.0,134469.0,296007.0,431650.0,739.0,25892.0,2724789.01,637.0,0.0,0.0,0.0,0.0,4,52.0,22,0,True,True,True,False,대체로 맑음,16.2,50,5.8,13.0,0.0,0.0,0.0,0.0,1,1031.5,1027.5,37,0,0,37,18.2,87,36.7,646.0,512.0,134.0,3600.0,1,offday,valid,-0.2588190451025208,-0.9659258262890683,-0.8660254037844386,0.5000000000000001,True,431.23146022112473,0.21001774675124807,special_case
2022-05-15 13:00:00,2022-05-15,13,2022,5,15,Sunday,True,spring,3542,338077,95.44805194805195,0.0829554972469645,293.8283712487485,431.47456008746263,96.73695491123408,True,,False,False,True,True,,,232173.0,351954.0,0.0,0.0,0.0,0.0,0.0,0.0,0.0,0.0,4,52.0,22,0,False,True,False,False,대체로 맑음,20.5,25,-0.1,18.4,0.0,0.0,0.0,0.0,1,1014.1,1010.2,25,0,1,24,14.0,296,31.0,916.0,706.0,210.0,3600.0,1,offday,train,-0.2588190451025208,-0.9659258262890683,0.49999999999999994,-0.8660254037844387,True,431.441477967876,0.03308211958665197,special_case
2022-06-18 17:00:00,2022-06-18,17,2022,6,18,Saturday,True,summer,2527,249817,98.85912148793037,0.1047704649595659,264.75496495282323,431.6787359551779,20.87309622897118,True,,False,False,True,True,,,435526.0,441346.0,0.0,0.0,0.0,0.0,0.0,0.0,0.0,0.0,4,52.0,22,0,False,True,False,False,대체로 맑음,25.2,70,19.4,26.7,0.0,0.0,0.0,0.0,1,1006.5,1002.7,27,9,0,20,14.6,254,29.2,436.0,241.0,195.0,3600.0,1,offday,train,-0.9659258262890683,-0.25881904510252063,1.2246467991473532e-16,-1.0,True,431.47456008746263,0.2041758677152643,special_case
2024-09-29 15:00:00,2024-09-29,15,2024,9,29,Sunday,True,fall,3998,230363,57.61955977988995,0.1124759978651691,449.6790394649461,431.83847160356584,27.336872682719672,True,,False,False,True,True,138586.0,141284.0,321614.0,389738.0,941.0,35065.0,3959326.64,837.0,0.0,0.0,0.0,0.0,4,52.0,22,0,True,True,True,False,맑음,26.6,56,17.2,28.0,0.0,0.0,0.0,0.0,0,1018.6,1014.8,2,1,1,0,9.0,75,21.6,571.0,442.0,129.0,3600.0,1,offday,valid,-0.7071067811865471,-0.7071067811865479,-1.0,-1.8369701987210297e-16,True,431.6787359551779,0.15973564838793664,special_case
2025-09-27 21:00:00,2025-09-27,21,2025,9,27,Saturday,True,fall,5508,653955,118.72821350762528,0.0314479356316109,173.21522945891286,431.88033046500834,-194.1583817686252,True,,False,False,True,True,118719.0,112215.0,457839.0,243338.0,0.0,0.0,0.0,0.0,17.0,15.0,2.0,9.0,4,52.0,22,0,True,True,False,True,흐림,21.9,90,20.1,25.3,0.0,0.0,0.0,0.0,3,1015.9,1012.0,100,13,43,100,3.5,168,9.4,0.0,0.0,0.0,0.0,1,offday,test,-0.7071067811865477,0.7071067811865474,-1.0,-1.8369701987210297e-16,True,431.83847160356584,0.04185886144250617,special_case
2024-04-07 13:00:00,2024-04-07,13,2024,4,7,Sunday,True,spring,3221,343484,106.63893200869296,0.0829554972469645,267.1996566324729,431.8878944217398,98.27383738000869,True,,False,False,True,True,124599.0,120970.0,274597.0,401986.0,960.0,39567.0,4048433.0,773.0,0.0,0.0,0.0,0.0,4,52.0,22,0,True,True,True,False,맑음,19.6,27,-0.1,18.5,0.0,0.0,0.0,0.0,0,1017.9,1014.0,6,0,0,6,5.2,236,18.4,838.0,665.0,173.0,3600.0,1,offday,valid,-0.2588190451025208,-0.9659258262890683,0.8660254037844387,-0.49999999999999983,True,431.88033046500834,0.007563956731473809,special_case
2022-10-01 17:00:00,2022-10-01,17,2022,10,1,Saturday,True,fall,2838,247292,87.13601127554615,0.1019646238147499,289.37560238626025,432.2670952825582,-28.044688986145218,True,,False,False,True,True,,,504403.0,483441.0,0.0,0.0,0.0,0.0,0.0,0.0,0.0,0.0,4,52.0,22,0,False,True,False,False,흐림,23.3,63,15.8,24.4,0.0,0.0,0.0,0.0,3,1017.2,1013.3,100,0,0,100,6.3,257,10.1,188.0,44.0,144.0,2115.59,1,offday,train,-0.9659258262890683,-0.25881904510252063,-0.8660254037844386,0.5000000000000001,True,431.8878944217398,0.37920086081840054,special_case
2024-05-12 19:00:00,2024-05-12,19,2024,5,12,Sunday,True,spring,3001,311072,103.65611462845716,0.0761098888961958,228.40577657748372,432.32245831620816,-78.65884773137947,True,,False,False,True,True,157446.0,164058.0,460814.0,477492.0,920.0,30868.0,3693241.41,1026.0,0.0,0.0,0.0,0.0,4,52.0,22,0,True,True,True,False,맑음,17.5,57,9.1,15.6,0.0,0.0,0.0,0.0,0,1009.4,1005.5,0,0,0,0,12.0,303,20.2,102.0,40.0,62.0,3600.0,1,offday,valid,-0.9659258262890684,0.2588190451025203,0.49999999999999994,-0.8660254037844387,True,432.2670952825582,0.05536303364993955,special_case
2024-04-13 13:00:00,2024-04-13,13,2024,4,13,Saturday,True,spring,3291,343106,104.25584928593132,0.0829554972469645,273.00654143976044,432.6759889385328,98.16768825318366,True,,False,False,True,True,124599.0,120970.0,274597.0,401986.0,841.0,30551.0,3391511.88,779.0,0.0,0.0,0.0,0.0,4,52.0,22,0,True,True,True,False,맑음,25.5,25,3.9,25.4,0.0,0.0,0.0,0.0,0,1017.5,1013.7,0,0,0,0,3.4,288,16.6,845.0,668.0,177.0,3600.0,1,offday,valid,-0.2588190451025208,-0.9659258262890683,0.8660254037844387,-0.49999999999999983,True,432.32245831620816,0.3535306223246266,special_case
2022-09-18 11:00:00,2022-09-18,11,2022,9,18,Sunday,True,fall,6875,498703,72.53861818181818,0.0550655360577097,378.5755603967544,433.0164628781066,138.0903370242027,True,,False,False,True,True,,,174692.0,265622.0,0.0,0.0,0.0,0.0,0.0,0.0,0.0,0.0,4,52.0,22,0,False,True,False,False,대체로 맑음,27.6,70,21.8,31.3,0.0,0.0,0.0,0.0,1,1006.1,1002.3,28,0,17,26,10.8,356,22.3,640.0,501.0,139.0,3600.0,1,offday,train,0.258819045102521,-0.9659258262890682,-1.0,-1.8369701987210297e-16,True,432.6759889385328,0.3404739395738261,special_case
2023-09-03 20:00:00,2023-09-03,20,2023,9,3,Sunday,True,fall,3849,453195,117.7435697583788,0.0479786878750003,184.66996963087627,433.23835345088366,-144.37224017177925,True,,False,False,True,True,108480.0,108267.0,358249.0,265242.0,0.0,0.0,0.0,0.0,0.0,0.0,0.0,0.0,4,52.0,22,0,True,True,False,False,흐림,25.9,87,23.6,31.4,0.0,0.0,0.0,0.0,3,1011.9,1008.1,100,3,7,100,2.6,34,4.7,0.0,0.0,0.0,0.0,1,offday,train,-0.8660254037844386,0.5000000000000001,-1.0,-1.8369701987210297e-16,True,433.0164628781066,0.22189057277705615,special_case
2025-04-20 13:00:00,2025-04-20,13,2025,4,20,Sunday,True,spring,3755,336440,89.59786950732357,0.0829554972469645,311.497892162352,433.3389478385364,96.27480460203331,True,,False,False,True,True,126274.0,119948.0,277611.0,389087.0,0.0,0.0,0.0,0.0,2.0,2.0,0.0,1.0,4,52.0,22,0,True,True,False,True,맑음,20.0,57,11.2,22.1,0.0,0.0,0.0,0.0,0,1013.6,1009.7,2,2,0,0,2.3,29,15.5,853.0,643.0,210.0,3600.0,1,offday,test,-0.2588190451025208,-0.9659258262890683,0.8660254037844387,-0.49999999999999983,True,433.23835345088366,0.10059438765273399,special_case
2022-05-22 12:00:00,2022-05-22,12,2022,5,22,Sunday,True,spring,6410,399059,62.25569422776911,0.0657770680274524,421.63100605597015,433.34902156919713,113.61743583821884,True,,False,False,True,True,,,213834.0,325207.0,0.0,0.0,0.0,0.0,0.0,0.0,0.0,0.0,4,52.0,22,0,False,True,False,False,맑음,23.0,53,12.9,23.4,0.0,0.0,0.0,0.0,0,1008.1,1004.3,15,6,10,0,12.5,229,30.6,800.0,554.0,246.0,3600.0,1,offday,train,1.2246467991473532e-16,-1.0,0.49999999999999994,-0.8660254037844387,True,433.3389478385364,0.010073730660735691,special_case
2024-05-18 19:00:00,2024-05-18,19,2024,5,18,Saturday,True,spring,3302,315232,95.46698970321016,0.0761098888961958,251.31485313523868,433.596555817325,-81.01563478341916,True,,False,False,True,True,157446.0,164058.0,460814.0,477492.0,967.0,32750.0,4147103.58,998.0,0.0,0.0,0.0,0.0,4,52.0,22,0,True,True,True,False,맑음,19.0,79,15.2,19.5,0.0,0.0,0.0,0.0,0,1015.9,1012.0,0,0,0,0,8.1,257,22.7,108.0,43.0,65.0,3600.0,1,offday,valid,-0.9659258262890684,0.2588190451025203,0.49999999999999994,-0.8660254037844387,True,433.34902156919713,0.24753424812786307,special_case
2022-04-23 19:00:00,2022-04-23,19,2022,4,23,Saturday,True,spring,3263,314876,96.49892736745326,0.0761098888961958,248.34656746828705,433.71631320421295,-80.74771420274328,True,,False,False,True,True,,,363830.0,388931.0,0.0,0.0,0.0,0.0,0.0,0.0,0.0,0.0,4,52.0,22,0,False,True,False,False,맑음,18.1,54,8.8,16.7,0.0,0.0,0.0,0.0,0,1009.6,1005.7,8,0,0,8,8.0,275,11.2,71.0,23.0,48.0,3259.57,1,offday,train,-0.9659258262890684,0.2588190451025203,0.8660254037844387,-0.49999999999999983,True,433.596555817325,0.11975738688795445,special_case
2025-07-06 18:00:00,2025-07-06,18,2025,7,6,Sunday,True,summer,2222,253203,113.95274527452746,0.1010593940343581,224.55397354434368,433.89060105680454,-2.696885338086929,True,,False,False,True,True,239169.0,231250.0,702804.0,702349.0,0.0,0.0,0.0,0.0,11.0,10.0,1.0,5.0,4,52.0,22,0,True,True,False,True,흐림,28.9,77,24.4,34.0,0.0,0.0,0.0,0.0,3,1003.5,999.8,98,0,0,98,8.5,242,24.8,298.0,153.0,145.0,3600.0,1,offday,test,-1.0,-1.8369701987210297e-16,-0.4999999999999998,-0.8660254037844388,True,433.71631320421295,0.17428785259158985,special_case
2022-06-04 20:00:00,2022-06-04,20,2022,6,4,Saturday,True,summer,3062,314357,102.66394513389942,0.0768858847850752,235.42457921190027,434.08440071801954,-65.33372829802408,True,,False,False,True,True,,,325125.0,223799.0,0.0,0.0,0.0,0.0,0.0,0.0,0.0,0.0,4,52.0,22,0,False,True,False,False,흐림,25.0,54,15.1,25.3,0.0,0.0,0.0,0.0,3,1006.6,1002.8,91,0,90,71,9.3,347,19.4,19.0,2.0,17.0,0.0,1,offday,train,-0.8660254037844386,0.5000000000000001,1.2246467991473532e-16,-1.0,True,433.89060105680454,0.19379966121499592,special_case
2024-05-04 15:00:00,2024-05-04,15,2024,5,4,Saturday,True,spring,4896,241877,49.40298202614379,0.1077131147753142,527.3634099399387,434.2220843751449,40.05233688548759,True,,False,False,True,True,139083.0,140387.0,352075.0,417775.0,832.0,31306.0,3379571.52,695.0,0.0,0.0,0.0,0.0,4,52.0,22,0,True,True,True,False,흐림,26.8,26,5.6,25.1,0.0,0.0,0.0,0.0,3,1015.1,1011.3,100,0,0,100,12.2,236,27.7,767.0,573.0,194.0,3600.0,1,offday,valid,-0.7071067811865471,-0.7071067811865479,0.49999999999999994,-0.8660254037844387,True,434.08440071801954,0.1376836571253648,special_case
2022-06-11 19:00:00,2022-06-11,19,2022,6,11,Saturday,True,summer,2957,275073,93.02434900236726,0.0912420622822565,269.8027781686327,434.28199492925216,-35.069803475286335,True,,False,False,True,True,,,375685.0,420065.0,0.0,0.0,0.0,0.0,0.0,0.0,0.0,0.0,4,52.0,22,0,False,True,False,False,대체로 맑음,21.3,80,17.8,22.3,0.0,0.0,0.0,0.0,1,1011.9,1008.0,20,3,18,0,12.5,136,34.9,99.0,35.0,64.0,2458.24,1,offday,train,-0.9659258262890684,0.2588190451025203,1.2246467991473532e-16,-1.0,True,434.2220843751449,0.05991055410726176,special_case
2025-07-05 17:00:00,2025-07-05,17,2025,7,5,Saturday,True,summer,2437,251741,103.29954862535904,0.1047704649595659,255.32562310646233,434.69936405516216,21.65651037458616,True,,False,False,True,True,194675.0,190093.0,545836.0,535281.0,0.0,0.0,0.0,0.0,12.0,11.0,1.0,6.0,4,52.0,22,0,True,True,False,True,흐림,29.1,72,23.6,33.2,0.0,0.0,0.0,0.0,3,1004.1,1000.4,100,8,0,100,12.8,236,30.2,482.0,316.0,166.0,3600.0,1,offday,test,-0.9659258262890683,-0.25881904510252063,-0.4999999999999998,-0.8660254037844388,True,434.28199492925216,0.41736912590999964,special_case
2023-10-22 15:00:00,2023-10-22,15,2023,10,22,Sunday,True,fall,2336,238091,101.92251712328768,0.1124759978651691,262.743931013035,434.7040378180228,39.12939574751863,True,,False,False,True,True,143101.0,142544.0,352489.0,399129.0,0.0,0.0,0.0,0.0,0.0,0.0,0.0,0.0,4,52.0,22,0,True,True,False,False,흐림,16.8,61,9.1,14.8,0.0,0.0,0.0,0.0,3,1021.8,1017.8,99,5,1,99,11.8,230,23.4,432.0,245.0,187.0,3600.0,1,offday,train,-0.7071067811865471,-0.7071067811865479,-0.8660254037844386,0.5000000000000001,True,434.69936405516216,0.004673762860647912,special_case
2025-09-07 19:00:00,2025-09-07,19,2025,9,7,Sunday,True,fall,4363,360584,82.64588585835435,0.0671035658554383,292.77285782727733,434.73132633421113,-109.29445958286664,True,,False,False,True,True,168331.0,176580.0,458639.0,471841.0,0.0,0.0,0.0,0.0,14.0,14.0,0.0,7.0,4,52.0,22,0,True,True,False,True,대체로 맑음,23.8,84,21.0,27.3,0.0,0.0,0.0,0.0,1,1008.3,1004.5,36,2,0,35,5.7,242,12.6,12.0,0.0,12.0,0.0,1,offday,test,-0.9659258262890684,0.2588190451025203,-1.0,-1.8369701987210297e-16,True,434.7040378180228,0.027288516188320955,special_case
2023-10-03 12:00:00,2023-10-03,12,2023,10,3,Tuesday,False,fall,2469,267960,108.52976913730257,0.1065118396644879,262.97773213162066,434.7474537362938,96.49153169199906,False,개천절,True,False,True,True,121558.0,116166.0,246525.0,380684.0,0.0,0.0,0.0,0.0,0.0,0.0,0.0,0.0,4,52.0,22,0,True,True,False,False,흐림,18.7,66,12.3,18.1,0.0,0.0,0.0,0.0,3,1019.2,1015.3,100,0,100,100,9.4,113,18.7,301.0,31.0,270.0,0.0,1,offday,train,1.2246467991473532e-16,-1.0,-0.8660254037844386,0.5000000000000001,True,434.73132633421113,0.016127402082645403,special_case
2024-06-23 16:00:00,2024-06-23,16,2024,6,23,Sunday,True,summer,2575,265375,103.05825242718448,0.1019931999973653,262.63248999321576,435.463694480434,44.963134117764525,True,,False,False,True,True,154396.0,157144.0,385186.0,425241.0,607.0,20348.0,2176647.55,578.0,0.0,0.0,0.0,0.0,4,52.0,22,0,True,True,True,False,맑음,27.1,69,21.0,29.0,0.0,0.0,0.0,0.0,0,998.2,994.5,4,4,0,0,20.0,240,39.2,644.0,461.0,183.0,3600.0,1,offday,valid,-0.8660254037844384,-0.5000000000000004,1.2246467991473532e-16,-1.0,True,434.7474537362938,0.7162407441402365,special_case
2025-05-04 18:00:00,2025-05-04,18,2025,5,4,Sunday,True,spring,3130,269269,86.02843450479233,0.093388398805632,292.30568826162835,435.7791821098293,-45.21369315493797,True,,False,False,True,True,213771.0,207825.0,667668.0,673068.0,0.0,0.0,0.0,0.0,4.0,4.0,0.0,2.0,4,52.0,22,0,True,True,False,True,대체로 맑음,14.4,60,6.7,11.5,0.0,0.0,0.0,0.0,1,1011.5,1007.5,22,0,0,22,14.0,250,40.3,261.0,154.0,107.0,3600.0,1,offday,test,-1.0,-1.8369701987210297e-16,0.49999999999999994,-0.8660254037844387,True,435.463694480434,0.3154876293953066,special_case
2024-06-16 20:00:00,2024-06-16,20,2024,6,16,Sunday,True,summer,3487,319548,91.63980498996273,0.0768858847850752,268.1010802455572,435.8769843701706,-68.11210055843571,True,,False,False,True,True,111676.0,112065.0,388116.0,280230.0,761.0,25432.0,3416791.11,828.0,0.0,0.0,0.0,0.0,4,52.0,22,0,True,True,True,False,맑음,21.9,63,14.6,21.3,0.0,0.0,0.0,0.0,0,1007.3,1003.5,0,0,0,0,14.1,232,25.2,27.0,6.0,21.0,425.39,1,offday,valid,-0.8660254037844386,0.5000000000000001,1.2246467991473532e-16,-1.0,True,435.7791821098293,0.09780226034126827,special_case
2023-05-01 14:00:00,2023-05-01,14,2023,5,1,Monday,False,spring,2500,223690,89.476,0.1194960865470364,298.7402163675911,436.03376959750653,38.30043330758923,False,,False,False,False,False,119940.0,114747.0,271180.0,349432.0,949.0,35165.0,3959060.22,863.0,0.0,0.0,0.0,0.0,4,52.0,22,0,True,True,True,False,맑음,18.8,33,2.0,16.9,0.0,0.0,0.0,0.0,0,1018.2,1014.3,6,0,6,0,12.3,263,32.4,856.0,660.0,196.0,3600.0,1,weekday,train,-0.4999999999999998,-0.8660254037844388,0.49999999999999994,-0.8660254037844387,True,435.8769843701706,0.1567852273359449,special_case
2025-09-28 19:00:00,2025-09-28,19,2025,9,28,Sunday,True,fall,4023,357249,88.80164056674124,0.0671035658554383,269.9576454364283,436.43456729617,-107.28158095882378,True,,False,False,True,True,168331.0,176580.0,458639.0,471841.0,0.0,0.0,0.0,0.0,15.0,14.0,1.0,9.0,4,52.0,22,0,True,True,False,True,흐림,20.1,81,16.7,21.1,0.0,0.0,0.0,0.0,3,1010.5,1006.6,100,8,0,100,9.0,325,18.4,3.0,0.0,3.0,0.0,1,offday,test,-0.9659258262890684,0.2588190451025203,-1.0,-1.8369701987210297e-16,True,436.03376959750653,0.40079769866343895,special_case
2022-05-14 15:00:00,2022-05-14,15,2022,5,14,Saturday,True,spring,2936,249959,85.1358991825613,0.1077131147753142,316.2457049803227,436.5106875747373,47.40138295289421,True,,False,False,True,True,,,285323.0,338698.0,0.0,0.0,0.0,0.0,0.0,0.0,0.0,0.0,4,52.0,22,0,False,True,False,False,흐림,18.3,31,0.8,12.6,0.0,0.0,0.0,0.0,3,1011.6,1007.7,100,0,1,100,25.3,265,46.1,551.0,203.0,348.0,3600.0,1,offday,train,-0.7071067811865471,-0.7071067811865479,0.49999999999999994,-0.8660254037844387,True,436.43456729617,0.07612027856731629,special_case
2025-07-06 17:00:00,2025-07-06,17,2025,7,6,Sunday,True,summer,2222,253203,113.95274527452746,0.1047704649595659,232.79997314015563,436.5874863948914,23.08578168244867,True,,False,False,True,True,194675.0,190093.0,545836.0,535281.0,0.0,0.0,0.0,0.0,11.0,10.0,1.0,5.0,4,52.0,22,0,True,True,False,True,흐림,29.8,73,24.3,34.5,0.0,0.0,0.0,0.0,3,1003.6,999.9,100,2,0,100,10.4,242,28.4,456.0,264.0,192.0,3600.0,1,offday,test,-0.9659258262890683,-0.25881904510252063,-0.4999999999999998,-0.8660254037844388,True,436.5106875747373,0.07679882015412431,special_case
2022-09-24 12:00:00,2022-09-24,12,2022,9,24,Saturday,True,fall,4584,382094,83.35383944153578,0.0738136969525007,338.36198683026333,436.6117517822977,116.5821286164819,True,,False,False,True,True,,,203808.0,301768.0,0.0,0.0,0.0,0.0,0.0,0.0,0.0,0.0,4,52.0,22,0,False,True,False,False,맑음,20.6,57,11.9,21.1,0.0,0.0,0.0,0.0,0,1018.3,1014.4,0,0,0,0,9.2,301,21.2,756.0,628.0,128.0,3600.0,1,offday,train,1.2246467991473532e-16,-1.0,-1.0,-1.8369701987210297e-16,True,436.5874863948914,0.02426538740627393,special_case
2025-10-18 12:00:00,2025-10-18,12,2025,10,18,Saturday,True,fall,3839,397366,103.50768429278456,0.0738136969525007,283.3707826006503,436.6603863602341,119.77968989014232,True,,False,False,True,True,127375.0,121081.0,263189.0,392489.0,0.0,0.0,0.0,0.0,20.0,17.0,3.0,12.0,4,52.0,22,0,True,True,False,True,흐림,16.6,75,12.2,15.7,0.0,0.0,0.0,0.0,3,1020.3,1016.3,100,34,0,100,11.1,323,29.9,426.0,144.0,282.0,3600.0,1,offday,test,1.2246467991473532e-16,-1.0,-0.8660254037844386,0.5000000000000001,True,436.6117517822977,0.04863457793641146,special_case
2024-11-03 16:00:00,2024-11-03,16,2024,11,3,Sunday,True,fall,2554,234502,91.8175411119812,0.1113266708276356,284.3283172937815,436.6620596024376,6.707872862222359,True,,False,False,True,True,168730.0,167255.0,438997.0,452770.0,0.0,0.0,0.0,0.0,0.0,0.0,0.0,0.0,4,52.0,22,0,True,True,False,False,대체로 맑음,19.8,71,14.3,19.3,0.0,0.0,0.0,0.0,1,1020.3,1016.4,37,21,25,0,13.0,233,28.4,222.0,123.0,99.0,3600.0,1,offday,valid,-0.8660254037844384,-0.5000000000000004,-0.5000000000000004,0.8660254037844384,True,436.6603863602341,0.0016732422034806405,special_case
2022-05-05 19:00:00,2022-05-05,19,2022,5,5,Thursday,False,spring,4234,493800,116.62730278696267,0.0428154951531178,181.28080647830083,437.0355587156426,-178.93823491337224,False,어린이날,True,False,True,False,,,408102.0,429243.0,0.0,0.0,0.0,0.0,0.0,0.0,0.0,0.0,4,52.0,22,0,False,True,False,False,맑음,16.5,68,10.6,16.1,0.0,0.0,0.0,0.0,0,1016.9,1013.0,16,0,0,16,4.3,275,21.2,90.0,34.0,56.0,3600.0,1,offday,train,-0.9659258262890684,0.2588190451025203,0.49999999999999994,-0.8660254037844387,True,436.6620596024376,0.37349911320501405,special_case
2023-04-23 13:00:00,2023-04-23,13,2023,4,23,Sunday,True,spring,3301,347232,105.18994244168434,0.0829554972469645,273.83609641223006,437.3710429420823,99.3473934106354,True,,False,False,True,True,119997.0,113194.0,254833.0,374954.0,719.0,28358.0,3059894.63,573.0,0.0,0.0,0.0,0.0,4,52.0,22,0,True,True,True,False,흐림,20.6,22,-1.9,18.1,0.0,0.0,0.0,0.0,3,1023.6,1019.7,90,0,88,17,10.1,90,24.5,777.0,435.0,342.0,3600.0,1,offday,train,-0.2588190451025208,-0.9659258262890683,0.8660254037844387,-0.49999999999999983,True,437.0355587156426,0.33548422643968934,special_case
2023-04-02 13:00:00,2023-04-02,13,2023,4,2,Sunday,True,spring,3509,344368,98.13850099743516,0.0829554972469645,291.0908398395987,437.8043975058971,98.53436438639405,True,,False,False,True,True,119997.0,113194.0,254833.0,374954.0,962.0,40633.0,4268988.78,827.0,0.0,0.0,0.0,0.0,4,52.0,22,0,True,True,True,False,맑음,23.3,12,-7.4,19.7,0.0,0.0,0.0,0.0,0,1019.4,1015.5,0,0,0,0,14.4,103,31.3,830.0,666.0,164.0,3600.0,1,offday,train,-0.2588190451025208,-0.9659258262890683,0.8660254037844387,-0.49999999999999983,True,437.3710429420823,0.43335456381481663,special_case
2024-04-21 17:00:00,2024-04-21,17,2024,4,21,Sunday,True,spring,2292,244049,106.47862129144852,0.1056648495856345,242.1838352502743,438.6665406420205,-6.218984940274993,True,,False,False,True,True,180620.0,177297.0,518563.0,511859.0,838.0,26440.0,3368677.77,873.0,0.0,0.0,0.0,0.0,4,52.0,22,0,True,True,True,False,흐림,17.9,61,10.2,15.4,0.0,0.0,0.0,0.0,3,1010.9,1007.0,100,2,100,98,17.8,58,30.6,74.0,2.0,72.0,0.0,1,offday,valid,-0.9659258262890683,-0.25881904510252063,0.8660254037844387,-0.49999999999999983,True,437.8043975058971,0.8621431361233931,special_case
2025-05-18 13:00:00,2025-05-18,13,2025,5,18,Sunday,True,spring,3378,347214,102.78685612788632,0.0829554972469645,280.2236697002463,438.6740488715765,99.34434205411104,True,,False,False,True,True,131842.0,124440.0,292232.0,438367.0,0.0,0.0,0.0,0.0,7.0,6.0,1.0,4.0,4,52.0,22,0,True,True,False,True,맑음,19.2,45,6.8,19.5,0.0,0.0,0.0,0.0,0,1012.2,1008.3,2,0,2,0,7.6,277,23.0,913.0,717.0,196.0,3600.0,1,offday,test,-0.2588190451025208,-0.9659258262890683,0.49999999999999994,-0.8660254037844387,True,438.6665406420205,0.007508229555980961,special_case
2024-10-26 19:00:00,2024-10-26,19,2024,10,26,Saturday,True,fall,3356,350067,104.31078665077472,0.0671035658554383,225.19956701085096,438.8570907574665,-103.16482332028396,True,,False,False,True,True,164915.0,170671.0,476306.0,482174.0,547.0,17407.0,1988393.84,634.0,0.0,0.0,0.0,0.0,4,52.0,22,0,True,True,True,False,맑음,14.8,90,13.1,14.6,0.0,0.0,0.0,0.0,0,1019.5,1015.5,11,1,0,10,8.4,45,10.8,0.0,0.0,0.0,0.0,1,offday,valid,-0.9659258262890684,0.2588190451025203,-0.8660254037844386,0.5000000000000001,True,438.6740488715765,0.18304188589002024,special_case
2023-10-07 14:00:00,2023-10-07,14,2023,10,7,Saturday,True,fall,2886,261707,90.68156618156618,0.1053558771818858,304.05706154692257,439.19841590739094,65.98679525787708,True,,False,False,True,True,128103.0,125637.0,300223.0,395149.0,0.0,0.0,0.0,0.0,0.0,0.0,0.0,0.0,4,52.0,22,0,True,True,False,False,흐림,20.9,50,9.9,19.5,0.0,0.0,0.0,0.0,3,1022.0,1018.1,100,0,0,100,9.0,106,19.8,532.0,247.0,285.0,3600.0,1,offday,train,-0.4999999999999998,-0.8660254037844388,-0.8660254037844386,0.5000000000000001,True,438.8570907574665,0.34132514992444385,special_case
2025-06-07 16:00:00,2025-06-07,16,2025,6,7,Saturday,True,summer,2609,267631,102.5799156765044,0.1019931999973653,266.1002587931262,439.26816262798127,45.296091744614046,True,,False,False,True,True,154793.0,157040.0,397001.0,425028.0,0.0,0.0,0.0,0.0,11.0,10.0,1.0,3.0,4,52.0,22,0,True,True,False,True,부분적으로 흐림,25.9,59,17.1,26.0,0.0,0.0,0.0,0.0,2,1007.3,1003.5,55,24,1,41,16.6,241,39.6,551.0,318.0,233.0,3600.0,1,offday,test,-0.8660254037844384,-0.5000000000000004,1.2246467991473532e-16,-1.0,True,439.19841590739094,0.06974672059033082,special_case
2025-08-23 19:00:00,2025-08-23,19,2025,8,23,Saturday,True,summer,2560,275770,107.72265625,0.0912420622822565,233.57967944257683,439.35344892886894,-32.68872820092406,True,,False,False,True,True,159464.0,167448.0,458192.0,454471.0,0.0,0.0,0.0,0.0,15.0,15.0,0.0,9.0,4,52.0,22,0,True,True,False,True,맑음,29.2,77,24.6,34.8,0.0,0.0,0.0,0.0,0,1010.1,1006.3,0,0,0,0,6.3,265,17.6,74.0,35.0,39.0,3600.0,1,offday,test,-0.9659258262890684,0.2588190451025203,-0.8660254037844384,-0.5000000000000004,True,439.26816262798127,0.08528630088767386,special_case
2025-06-06 13:00:00,2025-06-06,13,2025,6,6,Friday,False,summer,2994,310867,103.82999331997328,0.0919203898842977,275.2096473135875,439.5913407750672,89.30543647187363,False,현충일,True,False,True,True,126242.0,120332.0,275513.0,398781.0,0.0,0.0,0.0,0.0,10.0,10.0,0.0,3.0,4,52.0,22,0,True,True,False,True,흐림,29.6,29,9.9,29.3,0.0,0.0,0.0,0.0,3,1007.4,1003.7,100,0,0,100,14.4,224,36.4,881.0,639.0,242.0,3600.0,1,offday,test,-0.2588190451025208,-0.9659258262890683,1.2246467991473532e-16,-1.0,True,439.35344892886894,0.237891846198238,special_case
2023-10-29 15:00:00,2023-10-29,15,2023,10,29,Sunday,True,fall,2458,240441,97.81977217249796,0.1124759978651691,276.46600275258567,439.6991310643405,38.856337781925674,True,,False,False,True,True,143101.0,142544.0,352489.0,399129.0,0.0,0.0,0.0,0.0,0.0,0.0,0.0,0.0,4,52.0,22,0,True,True,False,False,맑음,18.6,50,8.1,17.7,0.0,0.0,0.0,0.0,0,1020.8,1016.9,0,0,0,0,3.4,162,13.3,451.0,339.0,112.0,3600.0,1,offday,train,-0.7071067811865471,-0.7071067811865479,-0.8660254037844386,0.5000000000000001,True,439.5913407750672,0.10779028927333911,special_case
2022-08-13 16:00:00,2022-08-13,16,2022,8,13,Saturday,True,summer,3960,260798,65.85808080808081,0.1019931999973653,403.8930719895668,440.05395840845733,38.37035765321349,True,,False,False,True,True,,,329289.0,353510.0,0.0,0.0,0.0,0.0,0.0,0.0,0.0,0.0,4,52.0,22,0,False,True,False,False,약한 비,24.8,95,24.0,29.9,1.6,1.6,0.0,0.0,61,1004.2,1000.4,100,100,29,95,6.4,142,17.3,61.0,0.0,61.0,0.0,1,offday,train,-0.8660254037844384,-0.5000000000000004,-0.8660254037844384,-0.5000000000000004,True,439.6991310643405,0.3548273441168135,special_case
2023-05-01 15:00:00,2023-05-01,15,2023,5,1,Monday,False,spring,2500,223690,89.476,0.1173799620909657,293.44990522741443,440.21101552159973,4.177245924093199,False,,False,False,False,False,132175.0,131307.0,314402.0,362761.0,1122.0,43497.0,5047580.74,956.0,0.0,0.0,0.0,0.0,4,52.0,22,0,True,True,True,False,맑음,18.7,32,1.5,15.7,0.0,0.0,0.0,0.0,0,1017.6,1013.7,0,0,0,0,15.5,252,31.0,762.0,576.0,186.0,3600.0,1,weekday,train,-0.7071067811865471,-0.7071067811865479,0.49999999999999994,-0.8660254037844387,True,440.05395840845733,0.15705711314240034,special_case
2025-06-03 13:00:00,2025-06-03,13,2025,6,3,Tuesday,False,summer,2829,313831,110.93354542241076,0.0919203898842977,260.0427829826784,440.5385848569732,90.37490637308856,False,임시공휴일(제21대 대통령 선거),True,False,True,False,126242.0,120332.0,275513.0,398781.0,0.0,0.0,0.0,0.0,7.0,7.0,0.0,2.0,4,52.0,22,0,True,True,False,True,맑음,24.0,45,11.1,23.1,0.0,0.0,0.0,0.0,0,999.2,995.4,7,0,7,0,17.8,252,46.1,823.0,562.0,261.0,3600.0,1,offday,test,-0.2588190451025208,-0.9659258262890683,1.2246467991473532e-16,-1.0,True,440.21101552159973,0.3275693353734823,special_case
2022-08-13 18:00:00,2022-08-13,18,2022,8,13,Saturday,True,summer,3960,260798,65.85808080808081,0.1010593940343581,400.1952003760581,440.7029544782582,-13.62205765393776,True,,False,False,True,True,,,630644.0,594851.0,0.0,0.0,0.0,0.0,0.0,0.0,0.0,0.0,4,52.0,22,0,False,True,False,False,보통 비,25.0,95,24.2,30.0,4.7,4.7,0.0,0.0,63,1004.0,1000.2,100,100,18,0,9.1,198,15.8,88.0,0.0,88.0,0.0,1,offday,train,-1.0,-1.8369701987210297e-16,-0.8660254037844384,-0.5000000000000004,True,440.5385848569732,0.16436962128500454,special_case
2025-08-10 18:00:00,2025-08-10,18,2025,8,10,Sunday,True,summer,2598,258098,99.3448806774442,0.1010593940343581,262.55230570126236,441.042762155211,-4.909921098586324,True,,False,False,True,True,222817.0,219460.0,654017.0,657481.0,0.0,0.0,0.0,0.0,14.0,13.0,1.0,8.0,4,52.0,22,0,True,True,False,True,대체로 맑음,29.6,60,21.1,33.2,0.0,0.0,0.0,0.0,1,1001.3,997.6,38,34,6,0,5.4,300,13.0,275.0,180.0,95.0,3600.0,1,offday,test,-1.0,-1.8369701987210297e-16,-0.8660254037844384,-0.5000000000000004,True,440.7029544782582,0.33980767695277336,special_case
2025-10-09 12:00:00,2025-10-09,12,2025,10,9,Thursday,False,fall,2317,274547,118.49244712990937,0.1065118396644879,246.7879325026185,441.07465475196375,99.390445017689,False,한글날,True,False,True,True,127375.0,121081.0,263189.0,392489.0,0.0,0.0,0.0,0.0,13.0,12.0,1.0,7.0,4,52.0,22,0,True,True,False,True,흐림,20.9,70,15.1,20.5,0.0,0.0,0.0,0.0,3,1020.3,1016.4,100,50,100,0,14.0,75,30.6,247.0,24.0,223.0,0.0,1,offday,test,1.2246467991473532e-16,-1.0,-0.8660254037844386,0.5000000000000001,True,441.042762155211,0.0318925967527548,special_case
2022-06-05 15:00:00,2022-06-05,15,2022,6,5,Sunday,True,summer,2693,301765,112.05532862978092,0.0935275965658001,251.8698175516998,441.1015495350669,68.03685536187419,True,,False,False,True,True,,,265436.0,314411.0,0.0,0.0,0.0,0.0,0.0,0.0,0.0,0.0,4,52.0,22,0,False,True,False,False,흐림,25.1,45,12.5,23.2,0.0,0.0,0.0,0.0,3,1001.7,997.9,100,0,20,100,19.0,127,36.4,311.0,47.0,264.0,0.0,1,offday,train,-0.7071067811865471,-0.7071067811865479,1.2246467991473532e-16,-1.0,True,441.07465475196375,0.026894783103159625,special_case
2022-10-08 17:00:00,2022-10-08,17,2022,10,8,Saturday,True,fall,3141,253689,80.76695319961796,0.1019646238147499,320.27088340212947,441.2996735923936,-30.655680556328605,True,,False,False,True,True,,,504403.0,483441.0,0.0,0.0,0.0,0.0,0.0,0.0,0.0,0.0,4,52.0,22,0,False,True,False,False,맑음,17.5,57,8.9,15.7,0.0,0.0,0.0,0.0,0,1022.4,1018.4,3,3,0,0,10.2,39,19.1,228.0,144.0,84.0,3600.0,1,offday,train,-0.9659258262890683,-0.25881904510252063,-0.8660254037844386,0.5000000000000001,True,441.1015495350669,0.19812405732670868,special_case
2025-03-23 15:00:00,2025-03-23,15,2025,3,23,Sunday,True,spring,2724,254202,93.31938325991187,0.1077131147753142,293.4105246479561,441.3189021359201,49.48557535589458,True,,False,False,True,True,143499.0,144189.0,358188.0,418226.0,0.0,0.0,0.0,0.0,0.0,0.0,0.0,0.0,4,52.0,22,0,True,True,False,False,흐림,20.8,42,7.3,19.4,0.0,0.0,0.0,0.0,3,1008.6,1004.7,85,0,0,85,10.1,207,24.5,687.0,549.0,138.0,3600.0,1,offday,test,-0.7071067811865471,-0.7071067811865479,1.0,6.123233995736766e-17,True,441.2996735923936,0.019228543526480735,special_case
2025-09-13 19:00:00,2025-09-13,19,2025,9,13,Saturday,True,fall,3830,358122,93.50443864229766,0.0671035658554383,257.00665722632874,441.3756564140819,-106.86547102989454,True,,False,False,True,True,168331.0,176580.0,458639.0,471841.0,0.0,0.0,0.0,0.0,17.0,17.0,0.0,8.0,4,52.0,22,0,True,True,False,True,흐림,23.9,83,20.8,27.6,0.0,0.0,0.0,0.0,3,1008.0,1004.2,100,27,0,100,3.7,23,7.2,16.0,3.0,13.0,0.0,1,offday,test,-0.9659258262890684,0.2588190451025203,-1.0,-1.8369701987210297e-16,True,441.3189021359201,0.05675427816180445,special_case
2024-04-06 17:00:00,2024-04-06,17,2024,4,6,Saturday,True,spring,2690,246652,91.6921933085502,0.1056648495856345,284.23844538535684,441.4777285857731,-9.25534176547808,True,,False,False,True,True,180620.0,177297.0,518563.0,511859.0,1252.0,47051.0,4916373.68,1325.0,0.0,0.0,0.0,0.0,4,52.0,22,0,True,True,True,False,맑음,14.2,32,-2.2,10.2,0.0,0.0,0.0,0.0,0,1017.3,1013.3,0,0,0,0,11.1,257,31.0,381.0,247.0,134.0,3600.0,1,offday,valid,-0.9659258262890683,-0.25881904510252063,0.8660254037844387,-0.49999999999999983,True,441.3756564140819,0.10207217169119076,special_case
2023-04-16 19:00:00,2023-04-16,19,2023,4,16,Sunday,True,spring,3321,320677,96.5603733815116,0.0761098888961958,252.76094102426637,441.74326132065687,-82.22476181516367,True,,False,False,True,True,156764.0,162060.0,435667.0,457838.0,394.0,10566.0,1329046.48,404.0,0.0,0.0,0.0,0.0,4,52.0,22,0,True,True,True,False,맑음,11.9,62,4.8,9.9,0.0,0.0,0.0,0.0,0,1006.8,1002.8,8,0,8,0,5.1,262,23.0,57.0,18.0,39.0,2874.06,1,offday,train,-0.9659258262890684,0.2588190451025203,0.8660254037844387,-0.49999999999999983,True,441.4777285857731,0.26553273488377727,special_case
2023-09-23 14:00:00,2023-09-23,14,2023,9,23,Saturday,True,fall,2796,264230,94.50286123032905,0.1053558771818858,294.57503260055284,441.8085521455897,67.09136909983795,True,,False,False,True,True,114872.0,111185.0,261221.0,333016.0,0.0,0.0,0.0,0.0,0.0,0.0,0.0,0.0,4,52.0,22,0,True,True,False,False,흐림,25.0,53,14.8,25.1,0.0,0.0,0.0,0.0,3,1020.1,1016.3,100,0,0,100,10.7,76,22.3,565.0,264.0,301.0,3600.0,1,offday,train,-0.4999999999999998,-0.8660254037844388,-1.0,-1.8369701987210297e-16,True,441.74326132065687,0.06529082493284477,special_case
2024-10-03 17:00:00,2024-10-03,17,2024,10,3,Thursday,False,fall,3120,309997,99.35801282051284,0.0766806145388679,239.24351736126795,441.8201796108606,-104.2771166413313,False,개천절,True,False,True,False,198076.0,193165.0,559339.0,551762.0,1138.0,39965.0,4392503.4,1216.0,0.0,0.0,0.0,0.0,4,52.0,22,0,True,True,True,False,흐림,18.9,64,11.9,19.0,0.0,0.0,0.0,0.0,3,1021.6,1017.7,97,2,96,85,2.8,281,7.2,138.0,40.0,98.0,1900.51,1,offday,valid,-0.9659258262890683,-0.25881904510252063,-0.8660254037844386,0.5000000000000001,True,441.8085521455897,0.011627465270862558,special_case
2025-05-06 16:00:00,2025-05-06,16,2025,5,6,Tuesday,False,spring,2428,240602,99.09472817133444,0.1055049249323951,256.16595773585544,441.8649704291664,-32.180369647995064,False,대체공휴일,True,True,True,True,160972.0,163661.0,434271.0,467528.0,0.0,0.0,0.0,0.0,6.0,5.0,1.0,3.0,4,52.0,22,0,True,True,False,True,흐림,17.2,48,6.1,14.7,0.0,0.0,0.0,0.0,3,1006.0,1002.1,100,1,100,100,10.5,335,25.9,233.0,4.0,229.0,0.0,1,offday,test,-0.8660254037844384,-0.5000000000000004,0.49999999999999994,-0.8660254037844387,True,441.8201796108606,0.04479081830584164,special_case
2022-10-15 13:00:00,2022-10-15,13,2022,10,15,Saturday,True,fall,3436,309646,90.11816065192085,0.0915726254037753,314.64354088737224,441.9549449344804,93.35588113121872,True,,False,False,True,True,,,257977.0,384947.0,0.0,0.0,0.0,0.0,0.0,0.0,0.0,0.0,4,52.0,22,0,False,True,False,False,대체로 맑음,20.4,49,9.4,20.6,0.0,0.0,0.0,0.0,1,1019.4,1015.5,45,0,0,45,2.6,56,13.0,654.0,478.0,176.0,3600.0,1,offday,train,-0.2588190451025208,-0.9659258262890683,-0.8660254037844386,0.5000000000000001,True,441.8649704291664,0.08997450531398954,special_case
2025-09-14 19:00:00,2025-09-14,19,2025,9,14,Sunday,True,fall,3695,356876,96.58349120433016,0.0671035658554383,247.94767583584456,442.1642858809164,-106.0867760954734,True,,False,False,True,True,168331.0,176580.0,458639.0,471841.0,0.0,0.0,0.0,0.0,17.0,17.0,0.0,8.0,4,52.0,22,0,True,True,False,True,맑음,23.5,86,21.0,27.2,0.0,0.0,0.0,0.0,0,1012.2,1008.4,0,0,0,0,4.5,265,16.9,19.0,6.0,13.0,596.34,1,offday,test,-0.9659258262890684,0.2588190451025203,-1.0,-1.8369701987210297e-16,True,441.9549449344804,0.20934094643598655,special_case
2022-04-03 14:00:00,2022-04-03,14,2022,4,3,Sunday,True,spring,3371,283907,84.22040937407297,0.0977777335148833,329.6087396786718,442.49319774072035,73.34187863391264,True,,False,False,True,True,,,217213.0,285529.0,0.0,0.0,0.0,0.0,0.0,0.0,0.0,0.0,4,52.0,22,0,False,True,False,False,맑음,14.2,43,1.7,12.4,0.0,0.0,0.0,0.0,0,1028.2,1024.2,0,0,0,0,9.8,278,23.4,810.0,641.0,169.0,3600.0,1,offday,train,-0.4999999999999998,-0.8660254037844388,0.8660254037844387,-0.49999999999999983,True,442.1642858809164,0.3289118598039522,special_case
2022-06-06 17:00:00,2022-06-06,17,2022,6,6,Monday,False,summer,2874,255140,88.77522616562283,0.1010421936422181,290.39526452773504,442.7248318067732,-28.92290060583912,False,현충일,True,False,True,True,,,435526.0,441346.0,0.0,0.0,0.0,0.0,0.0,0.0,0.0,0.0,4,52.0,22,0,False,True,False,False,맑음,21.8,50,10.9,19.6,0.0,0.0,0.0,0.0,0,1001.5,997.7,2,2,0,0,16.8,80,32.0,486.0,328.0,158.0,3600.0,1,offday,train,-0.9659258262890683,-0.25881904510252063,1.2246467991473532e-16,-1.0,True,442.49319774072035,0.231634066052834,special_case
2023-05-13 15:00:00,2023-05-13,15,2023,5,13,Saturday,True,spring,2846,254340,89.3675333801827,0.1077131147753142,306.5515246505445,442.75590743677697,48.92347018839729,True,,False,False,True,True,132175.0,131307.0,314402.0,362761.0,903.0,35663.0,4097607.48,838.0,0.0,0.0,0.0,0.0,4,52.0,22,0,True,True,True,False,흐림,22.0,46,9.7,21.2,0.0,0.0,0.0,0.0,3,1011.4,1007.5,100,0,100,97,10.6,288,24.8,700.0,403.0,297.0,3600.0,1,offday,train,-0.7071067811865471,-0.7071067811865479,0.49999999999999994,-0.8660254037844387,True,442.7248318067732,0.031075630003783772,special_case
2024-06-15 21:00:00,2024-06-15,21,2024,6,15,Saturday,True,summer,4097,398638,97.29997559189653,0.0603261742431433,247.1563358741583,442.98212155891866,-104.40983963636592,True,,False,False,True,True,105508.0,104506.0,442923.0,242724.0,749.0,24344.0,3125856.8,779.0,0.0,0.0,0.0,0.0,4,52.0,22,0,True,True,True,False,약한 이슬비,20.3,86,17.9,22.1,0.3,0.3,0.0,0.0,51,1003.8,1000.0,6,1,5,0,7.1,285,24.5,0.0,0.0,0.0,0.0,1,offday,valid,-0.7071067811865477,0.7071067811865474,1.2246467991473532e-16,-1.0,True,442.75590743677697,0.22621412214169823,special_case
2024-10-13 19:00:00,2024-10-13,19,2024,10,13,Sunday,True,fall,3900,360223,92.3648717948718,0.0671035658554383,261.7039068362094,443.057129077725,-107.65136337247816,True,,False,False,True,True,164915.0,170671.0,476306.0,482174.0,627.0,18298.0,2387653.27,712.0,0.0,0.0,0.0,0.0,4,52.0,22,0,True,True,True,False,흐림,17.9,75,13.4,18.1,0.0,0.0,0.0,0.0,3,1022.4,1018.4,100,0,100,99,5.9,110,10.4,0.0,0.0,0.0,0.0,1,offday,valid,-0.9659258262890684,0.2588190451025203,-0.8660254037844386,0.5000000000000001,True,442.98212155891866,0.07500751880633061,special_case
2024-09-22 17:00:00,2024-09-22,17,2024,9,22,Sunday,True,fall,4411,260877,59.14237134436636,0.1019646238147499,449.7659556468618,443.3370861153419,-40.70571230967664,True,,False,False,True,True,177953.0,178514.0,487048.0,505092.0,1434.0,56428.0,6250679.14,1314.0,0.0,0.0,0.0,0.0,4,52.0,22,0,True,True,True,False,약한 이슬비,22.5,65,15.7,22.7,0.1,0.1,0.0,0.0,51,1013.7,1009.8,38,11,33,0,11.6,60,23.4,274.0,175.0,99.0,3600.0,1,offday,valid,-0.9659258262890683,-0.25881904510252063,-1.0,-1.8369701987210297e-16,True,443.057129077725,0.27995703761689583,special_case
2025-04-26 20:00:00,2025-04-26,20,2025,4,26,Saturday,True,spring,4412,415974,94.2824116047144,0.0570144493127863,251.54775036801337,443.41316928643346,-127.80647507270044,True,,False,False,True,True,115758.0,117431.0,394137.0,294462.0,0.0,0.0,0.0,0.0,4.0,4.0,0.0,3.0,4,52.0,22,0,True,True,False,True,맑음,11.9,74,7.4,9.8,0.0,0.0,0.0,0.0,0,1017.3,1013.3,0,0,0,0,10.4,210,20.9,2.0,0.0,2.0,0.0,1,offday,test,-0.8660254037844386,0.5000000000000001,0.8660254037844387,-0.49999999999999983,True,443.3370861153419,0.07608317109156815,special_case
2025-06-01 19:00:00,2025-06-01,19,2025,6,1,Sunday,True,summer,2685,278968,103.89869646182495,0.0912420622822565,244.98493722785892,443.51274816188766,-33.649810884599276,True,,False,False,True,True,148375.0,157485.0,429973.0,444465.0,0.0,0.0,0.0,0.0,7.0,7.0,0.0,2.0,4,52.0,22,0,True,True,False,True,흐림,23.1,48,11.6,22.3,0.0,0.0,0.0,0.0,3,1008.2,1004.4,100,0,0,100,8.6,271,25.2,83.0,4.0,79.0,0.0,1,offday,test,-0.9659258262890684,0.2588190451025203,1.2246467991473532e-16,-1.0,True,443.41316928643346,0.09957887545419908,special_case
2023-10-22 16:00:00,2023-10-22,16,2023,10,22,Sunday,True,fall,2336,238091,101.92251712328768,0.1113266708276356,260.0591030533569,443.64055216892154,8.936514350898733,True,,False,False,True,True,167258.0,165845.0,428915.0,434112.0,0.0,0.0,0.0,0.0,0.0,0.0,0.0,0.0,4,52.0,22,0,True,True,False,False,흐림,16.5,64,9.8,14.7,0.0,0.0,0.0,0.0,3,1021.7,1017.7,100,29,0,100,12.1,233,23.4,308.0,180.0,128.0,3600.0,1,offday,train,-0.8660254037844384,-0.5000000000000004,-0.8660254037844386,0.5000000000000001,True,443.51274816188766,0.1278040070338875,special_case
2023-10-09 16:00:00,2023-10-09,16,2023,10,9,Monday,False,fall,2470,251608,101.8655870445344,0.0989812433119339,244.48367098047697,444.2948853964414,-55.0541102490846,False,한글날,True,False,True,True,167258.0,165845.0,428915.0,434112.0,0.0,0.0,0.0,0.0,0.0,0.0,0.0,0.0,4,52.0,22,0,True,True,False,False,맑음,19.3,62,11.8,19.4,0.0,0.0,0.0,0.0,0,1018.3,1014.4,7,0,7,0,2.8,320,8.3,209.0,39.0,170.0,714.19,1,offday,train,-0.8660254037844384,-0.5000000000000004,-0.8660254037844386,0.5000000000000001,True,443.64055216892154,0.6543332275198281,special_case
2022-09-03 18:00:00,2022-09-03,18,2022,9,3,Saturday,True,fall,5996,309256,51.577051367578385,0.0862061061335171,516.8918123765689,444.32925930711633,-81.22360240045532,True,,False,False,True,True,,,611046.0,611210.0,0.0,0.0,0.0,0.0,0.0,0.0,0.0,0.0,4,52.0,22,0,False,True,False,False,흐림,25.4,69,19.2,27.2,0.0,0.0,0.0,0.0,3,1013.1,1009.3,100,21,100,100,11.6,106,22.7,114.0,10.0,104.0,0.0,1,offday,train,-1.0,-1.8369701987210297e-16,-1.0,-1.8369701987210297e-16,True,444.2948853964414,0.0343739106749581,special_case
2023-09-02 12:00:00,2023-09-02,12,2023,9,2,Saturday,True,fall,3905,404509,103.58745198463508,0.0738136969525007,288.24248659951536,444.4533170469606,121.92809378181757,True,,False,False,True,True,114019.0,106991.0,224885.0,326978.0,0.0,0.0,0.0,0.0,0.0,0.0,0.0,0.0,4,52.0,22,0,True,True,False,False,부분적으로 흐림,27.4,55,17.6,31.1,0.0,0.0,0.0,0.0,2,1012.7,1008.9,77,0,0,77,4.9,73,15.1,818.0,683.0,135.0,3600.0,1,offday,train,1.2246467991473532e-16,-1.0,-1.0,-1.8369701987210297e-16,True,444.32925930711633,0.12405773984426105,special_case
2024-04-21 16:00:00,2024-04-21,16,2024,4,21,Sunday,True,spring,2292,244049,106.47862129144852,0.1106643479569391,253.6426855173045,444.8855255822955,24.404330290491657,True,,False,False,True,True,157356.0,160397.0,402836.0,424654.0,825.0,30566.0,3553653.92,883.0,0.0,0.0,0.0,0.0,4,52.0,22,0,True,True,True,False,흐림,18.7,58,10.3,16.4,0.0,0.0,0.0,0.0,3,1010.9,1007.0,100,8,100,100,16.2,53,27.7,89.0,0.0,89.0,0.0,1,offday,valid,-0.8660254037844384,-0.5000000000000004,0.8660254037844387,-0.49999999999999983,True,444.4533170469606,0.4322085353348939,special_case
2022-04-16 15:00:00,2022-04-16,15,2022,4,16,Saturday,True,spring,3208,253615,79.05704488778055,0.1077131147753142,345.54367219920823,445.1710345064148,46.97532665411603,True,,False,False,True,True,,,247697.0,292531.0,0.0,0.0,0.0,0.0,0.0,0.0,0.0,0.0,4,52.0,22,0,False,True,False,False,맑음,16.7,32,-0.2,12.7,0.0,0.0,0.0,0.0,0,1016.9,1013.0,0,0,0,0,19.7,261,37.8,749.0,576.0,173.0,3600.0,1,offday,train,-0.7071067811865471,-0.7071067811865479,0.8660254037844387,-0.49999999999999983,True,444.8855255822955,0.2855089241193127,special_case
2024-06-01 14:00:00,2024-06-01,14,2024,6,1,Saturday,True,summer,4711,340856,72.35321587773296,0.0809922881834863,381.554669632404,445.8811916146728,83.65659388766272,True,,False,False,True,True,120402.0,116099.0,282830.0,361605.0,791.0,28243.0,3115775.9,707.0,0.0,0.0,0.0,0.0,4,52.0,22,0,True,True,True,False,맑음,25.7,31,7.3,24.2,0.0,0.0,0.0,0.0,0,1009.8,1006.0,1,0,1,0,16.6,312,34.6,867.0,666.0,201.0,3600.0,1,offday,valid,-0.4999999999999998,-0.8660254037844388,1.2246467991473532e-16,-1.0,True,445.1710345064148,0.7101571082579881,special_case
2025-08-10 17:00:00,2025-08-10,17,2025,8,10,Sunday,True,summer,2598,258098,99.3448806774442,0.1047704649595659,272.19366796495245,445.9526832537973,21.6376185645928,True,,False,False,True,True,189367.0,185561.0,528242.0,527555.0,0.0,0.0,0.0,0.0,14.0,13.0,1.0,8.0,4,52.0,22,0,True,True,False,True,부분적으로 흐림,30.5,54,20.2,33.7,0.0,0.0,0.0,0.0,2,1001.2,997.5,59,49,15,6,5.0,330,15.5,423.0,287.0,136.0,3600.0,1,offday,test,-0.9659258262890683,-0.25881904510252063,-0.8660254037844384,-0.5000000000000004,True,445.8811916146728,0.07149163912453105,special_case
2024-05-04 16:00:00,2024-05-04,16,2024,5,4,Saturday,True,spring,4896,241877,49.40298202614379,0.1106643479569391,541.812647597174,446.11934151300943,11.897257137864528,True,,False,False,True,True,161705.0,163357.0,435204.0,452888.0,1077.0,41883.0,4859220.19,869.0,0.0,0.0,0.0,0.0,4,52.0,22,0,True,True,True,False,흐림,26.0,28,6.2,23.1,0.0,0.0,0.0,0.0,3,1014.5,1010.7,100,0,0,100,14.3,245,29.2,582.0,344.0,238.0,3600.0,1,offday,valid,-0.8660254037844384,-0.5000000000000004,0.49999999999999994,-0.8660254037844387,True,445.9526832537973,0.16665825921211308,special_case
2022-05-14 17:00:00,2022-05-14,17,2022,5,14,Saturday,True,spring,2936,249959,85.1358991825613,0.1056648495856345,310.23199838342293,446.3473019646587,-11.048559591971468,True,,False,False,True,True,,,472300.0,452585.0,0.0,0.0,0.0,0.0,0.0,0.0,0.0,0.0,4,52.0,22,0,False,True,False,False,흐림,17.5,36,2.4,11.8,0.0,0.0,0.0,0.0,3,1011.7,1007.8,100,0,0,100,27.8,267,51.1,413.0,200.0,213.0,3600.0,1,offday,train,-0.9659258262890683,-0.25881904510252063,0.49999999999999994,-0.8660254037844387,True,446.11934151300943,0.22796045164926682,special_case
2023-04-22 14:00:00,2023-04-22,14,2023,4,22,Saturday,True,spring,2993,291040,97.24022719679252,0.0977777335148833,292.64875641004585,446.7524184624904,76.27474849666123,True,,False,False,True,True,115768.0,111751.0,264100.0,346494.0,812.0,28387.0,3272715.57,731.0,0.0,0.0,0.0,0.0,4,52.0,22,0,True,True,True,False,흐림,18.1,17,-7.4,12.7,0.0,0.0,0.0,0.0,3,1020.4,1016.5,100,0,96,99,16.4,57,30.6,372.0,54.0,318.0,50.49,1,offday,train,-0.4999999999999998,-0.8660254037844388,0.8660254037844387,-0.49999999999999983,True,446.3473019646587,0.40511649783172743,special_case
2023-05-21 15:00:00,2023-05-21,15,2023,5,21,Sunday,True,spring,2560,258878,101.12421875,0.1077131147753142,275.7455738248046,447.3096443078027,51.44216585693573,True,,False,False,True,True,132175.0,131307.0,314402.0,362761.0,834.0,33164.0,3575822.35,813.0,0.0,0.0,0.0,0.0,4,52.0,22,0,True,True,True,False,흐림,20.4,57,11.5,18.9,0.0,0.0,0.0,0.0,3,1008.9,1005.0,100,0,1,100,18.2,240,37.1,706.0,408.0,298.0,3600.0,1,offday,train,-0.7071067811865471,-0.7071067811865479,0.49999999999999994,-0.8660254037844387,True,446.7524184624904,0.5572258453123027,special_case
2023-10-01 14:00:00,2023-10-01,14,2023,10,1,Sunday,True,fall,2918,266846,91.44825222755313,0.1053558771818858,307.4284496167429,447.4826753301237,67.38062582618744,True,,False,False,True,True,128103.0,125637.0,300223.0,395149.0,0.0,0.0,0.0,0.0,0.0,0.0,0.0,0.0,4,52.0,22,0,True,True,False,False,맑음,21.4,48,9.9,20.3,0.0,0.0,0.0,0.0,0,1015.1,1011.2,4,1,4,0,13.6,310,27.4,702.0,573.0,129.0,3600.0,1,offday,train,-0.4999999999999998,-0.8660254037844388,-0.8660254037844386,0.5000000000000001,True,447.3096443078027,0.1730310223209699,special_case
2023-10-29 16:00:00,2023-10-29,16,2023,10,29,Sunday,True,fall,2458,240441,97.81977217249796,0.1113266708276356,273.6409568943285,447.9056441867283,8.206513122387776,True,,False,False,True,True,167258.0,165845.0,428915.0,434112.0,0.0,0.0,0.0,0.0,0.0,0.0,0.0,0.0,4,52.0,22,0,True,True,False,False,맑음,18.2,51,8.1,17.3,0.0,0.0,0.0,0.0,0,1020.7,1016.8,0,0,0,0,2.7,203,11.2,303.0,209.0,94.0,3600.0,1,offday,train,-0.8660254037844384,-0.5000000000000004,-0.8660254037844386,0.5000000000000001,True,447.4826753301237,0.42296885660459793,special_case
2023-08-15 14:00:00,2023-08-15,14,2023,8,15,Tuesday,False,summer,2294,273047,119.02659110723629,0.1049582705891367,240.77427273147964,448.2186766158647,67.73552564681097,False,광복절,True,False,True,False,114849.0,109096.0,257468.0,338044.0,0.0,0.0,0.0,0.0,0.0,0.0,0.0,0.0,4,52.0,22,0,True,True,False,False,흐림,30.5,64,23.0,34.9,0.0,0.0,0.0,0.0,3,1004.7,1001.0,100,4,1,100,6.7,286,14.8,483.0,151.0,332.0,3261.33,1,offday,train,-0.4999999999999998,-0.8660254037844388,-0.8660254037844384,-0.5000000000000004,True,447.9056441867283,0.31303242913639906,special_case
2022-08-28 21:00:00,2022-08-28,21,2022,8,28,Sunday,True,summer,4557,408972,89.74588545095457,0.0603261742431433,274.90637602600424,448.6069669324462,-107.89607714121564,True,,False,False,True,True,,,369397.0,184250.0,0.0,0.0,0.0,0.0,0.0,0.0,0.0,0.0,4,52.0,22,0,False,True,False,False,흐림,20.1,88,18.1,22.4,0.0,0.0,0.0,0.0,3,1015.2,1011.3,100,0,0,100,5.2,16,9.7,0.0,0.0,0.0,0.0,1,offday,train,-0.7071067811865477,0.7071067811865474,-0.8660254037844384,-0.5000000000000004,True,448.2186766158647,0.3882903165815037,special_case
2025-06-22 20:00:00,2025-06-22,20,2025,6,22,Sunday,True,summer,2907,322514,110.9439284485724,0.0768858847850752,223.5072670702136,448.71396659735535,-65.96487345923504,True,,False,False,True,True,111537.0,113196.0,396301.0,280771.0,0.0,0.0,0.0,0.0,12.0,12.0,0.0,3.0,4,52.0,22,0,True,True,False,True,맑음,20.9,85,18.3,23.1,0.0,0.0,0.0,0.0,0,1006.8,1002.9,0,0,0,0,5.5,234,15.5,29.0,7.0,22.0,711.72,1,offday,test,-0.8660254037844386,0.5000000000000001,1.2246467991473532e-16,-1.0,True,448.6069669324462,0.10699966490915358,special_case
2025-05-31 14:00:00,2025-05-31,14,2025,5,31,Saturday,True,spring,2982,292972,98.2468142186452,0.0977777335148833,291.5732013413822,449.2605408748956,76.85381203999714,True,,False,False,True,True,130403.0,126266.0,311472.0,410999.0,0.0,0.0,0.0,0.0,7.0,7.0,0.0,2.0,4,52.0,22,0,True,True,False,True,흐림,27.9,32,9.4,28.0,0.0,0.0,0.0,0.0,3,1010.2,1006.4,100,0,0,100,5.2,286,20.9,715.0,338.0,377.0,3600.0,1,offday,test,-0.4999999999999998,-0.8660254037844388,0.49999999999999994,-0.8660254037844387,True,448.71396659735535,0.5465742775402305,special_case
2023-05-28 14:00:00,2023-05-28,14,2023,5,28,Sunday,True,spring,3385,288986,85.3725258493353,0.0977777335148833,330.97762794788014,449.7228918904268,74.76304596602205,True,,False,False,True,True,119940.0,114747.0,271180.0,349432.0,11.0,273.0,16661.55,14.0,0.0,0.0,0.0,0.0,4,52.0,22,0,True,True,True,False,강한 이슬비,18.6,97,18.1,20.1,1.0,1.0,0.0,0.0,55,1011.8,1007.9,100,100,100,100,10.4,226,22.7,90.0,0.0,90.0,0.0,1,offday,train,-0.4999999999999998,-0.8660254037844388,0.49999999999999994,-0.8660254037844387,True,449.2605408748956,0.46235101553122604,special_case
2023-05-20 15:00:00,2023-05-20,15,2023,5,20,Saturday,True,spring,2871,258545,90.05398815743644,0.1077131147753142,309.2443525199273,449.8568814587892,49.84009053832011,True,,False,False,True,True,132175.0,131307.0,314402.0,362761.0,818.0,30365.0,3090758.07,701.0,0.0,0.0,0.0,0.0,4,52.0,22,0,True,True,True,False,흐림,22.9,56,13.6,21.6,0.0,0.0,0.0,0.0,3,1009.6,1005.8,95,0,0,95,24.0,246,44.6,769.0,585.0,184.0,3600.0,1,offday,train,-0.7071067811865471,-0.7071067811865479,0.49999999999999994,-0.8660254037844387,True,449.7228918904268,0.13398956836238085,special_case
2023-06-24 19:00:00,2023-06-24,19,2023,6,24,Saturday,True,summer,2812,283710,100.89260312944523,0.0912420622822565,256.5726791377055,450.2530078045528,-34.718604315070365,True,,False,False,True,True,154191.0,161742.0,411173.0,450584.0,724.0,24355.0,2818357.3,705.0,0.0,0.0,0.0,0.0,4,52.0,22,0,True,True,True,False,맑음,25.6,74,20.6,28.6,0.0,0.0,0.0,0.0,0,1013.2,1009.4,4,3,3,0,8.3,272,16.2,144.0,65.0,79.0,3600.0,1,offday,train,-0.9659258262890684,0.2588190451025203,1.2246467991473532e-16,-1.0,True,449.8568814587892,0.39612634576360506,special_case
2025-06-08 18:00:00,2025-06-08,18,2025,6,8,Sunday,True,summer,2482,263165,106.02941176470588,0.1010593940343581,250.8294159932768,450.3211121483704,-3.9227341095891006,True,,False,False,True,True,207660.0,202811.0,622823.0,627356.0,0.0,0.0,0.0,0.0,10.0,10.0,0.0,3.0,4,52.0,22,0,True,True,False,True,맑음,26.5,59,17.9,27.6,0.0,0.0,0.0,0.0,0,1006.7,1002.9,6,0,0,6,11.7,247,33.8,261.0,128.0,133.0,3600.0,1,offday,test,-1.0,-1.8369701987210297e-16,1.2246467991473532e-16,-1.0,True,450.2530078045528,0.06810434381759478,special_case
2025-09-20 20:00:00,2025-09-20,20,2025,9,20,Saturday,True,fall,3574,456305,127.6734750979295,0.0479786878750003,171.47583046525116,450.7073491777828,-143.82774864606927,True,,False,False,True,True,121342.0,124092.0,393938.0,283739.0,0.0,0.0,0.0,0.0,17.0,16.0,1.0,8.0,4,52.0,22,0,True,True,False,True,맑음,18.8,83,15.9,19.5,0.0,0.0,0.0,0.0,0,1012.0,1008.1,15,8,0,8,9.2,3,18.4,0.0,0.0,0.0,0.0,1,offday,test,-0.8660254037844386,0.5000000000000001,-1.0,-1.8369701987210297e-16,True,450.3211121483704,0.38623702941242755,special_case
2024-06-01 20:00:00,2024-06-01,20,2024,6,1,Saturday,True,summer,4711,340856,72.35321587773296,0.0768858847850752,362.2094032224893,450.7081208321259,-77.15410949997658,True,,False,False,True,True,111676.0,112065.0,388116.0,280230.0,852.0,27306.0,3471786.29,894.0,0.0,0.0,0.0,0.0,4,52.0,22,0,True,True,True,False,맑음,20.4,49,9.2,18.1,0.0,0.0,0.0,0.0,0,1008.7,1004.8,0,0,0,0,14.3,304,30.2,19.0,4.0,15.0,0.0,1,offday,valid,-0.8660254037844386,0.5000000000000001,1.2246467991473532e-16,-1.0,True,450.7073491777828,0.0007716543431115497,special_case
2024-04-06 16:00:00,2024-04-06,16,2024,4,6,Saturday,True,spring,2690,246652,91.6921933085502,0.1106643479569391,297.6870960041663,450.7330703512512,22.055669312141788,True,,False,False,True,True,157356.0,160397.0,402836.0,424654.0,1245.0,48732.0,5133444.95,1231.0,0.0,0.0,0.0,0.0,4,52.0,22,0,True,True,True,False,부분적으로 흐림,14.6,32,-2.0,9.9,0.0,0.0,0.0,0.0,2,1017.7,1013.7,76,0,0,76,15.8,246,33.5,490.0,246.0,244.0,3600.0,1,offday,valid,-0.8660254037844384,-0.5000000000000004,0.8660254037844387,-0.49999999999999983,True,450.7081208321259,0.02494951912524357,special_case
2022-05-01 18:00:00,2022-05-01,18,2022,5,1,Sunday,True,spring,3000,276982,92.32733333333331,0.093388398805632,280.16519641689615,450.9583371254629,-44.910374857438455,True,,False,False,True,True,,,655645.0,618874.0,0.0,0.0,0.0,0.0,0.0,0.0,0.0,0.0,4,52.0,22,0,False,True,False,False,대체로 맑음,13.1,58,5.1,8.4,0.0,0.0,0.0,0.0,1,1010.8,1006.8,41,0,41,0,23.7,229,47.2,252.0,144.0,108.0,3600.0,1,offday,train,-1.0,-1.8369701987210297e-16,0.49999999999999994,-0.8660254037844387,True,450.7330703512512,0.22526677421171826,special_case
2024-06-09 19:00:00,2024-06-09,19,2024,6,9,Sunday,True,summer,2737,283801,103.69053708439898,0.0912420622822565,249.72952446653625,451.1425811002458,-34.266263210623265,True,,False,False,True,True,149204.0,159733.0,424734.0,459943.0,881.0,29728.0,3938281.32,900.0,0.0,0.0,0.0,0.0,4,52.0,22,0,True,True,True,False,맑음,22.0,68,15.8,22.4,0.0,0.0,0.0,0.0,0,1007.4,1003.6,1,0,1,0,10.7,250,27.4,139.0,62.0,77.0,3600.0,1,offday,valid,-0.9659258262890684,0.2588190451025203,1.2246467991473532e-16,-1.0,True,450.9583371254629,0.1842439747829303,special_case
2025-08-23 16:00:00,2025-08-23,16,2025,8,23,Saturday,True,summer,2560,275770,107.72265625,0.1019931999973653,261.1025919932553,451.5403665339854,47.19592186926167,True,,False,False,True,True,158565.0,159279.0,412716.0,443693.0,0.0,0.0,0.0,0.0,15.0,15.0,0.0,9.0,4,52.0,22,0,True,True,False,True,맑음,32.2,63,24.1,37.1,0.0,0.0,0.0,0.0,0,1009.4,1005.7,7,7,0,0,9.6,249,26.6,587.0,457.0,130.0,3600.0,1,offday,test,-0.8660254037844384,-0.5000000000000004,-0.8660254037844384,-0.5000000000000004,True,451.1425811002458,0.397785433739557,special_case
2022-04-16 17:00:00,2022-04-16,17,2022,4,16,Saturday,True,spring,3208,253615,79.05704488778055,0.1056648495856345,338.97283747071555,451.73058600984007,-13.031330099167974,True,,False,False,True,True,,,413695.0,408748.0,0.0,0.0,0.0,0.0,0.0,0.0,0.0,0.0,4,52.0,22,0,False,True,False,False,맑음,13.9,38,-0.1,9.2,0.0,0.0,0.0,0.0,0,1016.4,1012.4,0,0,0,0,17.9,251,37.1,419.0,286.0,133.0,3600.0,1,offday,train,-0.9659258262890683,-0.25881904510252063,0.8660254037844387,-0.49999999999999983,True,451.5403665339854,0.1902194758546898,special_case
2022-05-21 12:00:00,2022-05-21,12,2022,5,21,Saturday,True,spring,7059,413591,58.59059356849412,0.0657770680274524,464.32032320578674,453.4133890423679,118.22660198025676,True,,False,False,True,True,,,213834.0,325207.0,0.0,0.0,0.0,0.0,0.0,0.0,0.0,0.0,4,52.0,22,0,False,True,False,False,대체로 맑음,22.1,56,12.9,21.8,0.0,0.0,0.0,0.0,1,1010.6,1006.8,48,44,8,0,13.5,236,30.2,690.0,380.0,310.0,3600.0,1,offday,train,1.2246467991473532e-16,-1.0,0.49999999999999994,-0.8660254037844387,True,451.73058600984007,1.6828030325278291,special_case
2023-05-27 19:00:00,2023-05-27,19,2023,5,27,Saturday,True,spring,3432,329453,95.99446386946389,0.0761098888961958,261.2091386917441,453.4849565193465,-84.57562591261922,True,부처님오신날,True,False,True,True,155641.0,162800.0,428335.0,454837.0,14.0,341.0,21857.22,15.0,0.0,0.0,0.0,0.0,4,52.0,22,0,True,True,True,False,강한 이슬비,19.0,94,18.0,20.7,1.0,1.0,0.0,0.0,55,1015.5,1011.6,100,58,100,100,7.9,141,15.1,28.0,0.0,28.0,0.0,1,offday,train,-0.9659258262890684,0.2588190451025203,0.49999999999999994,-0.8660254037844387,True,453.4133890423679,0.07156747697860055,special_case
2022-06-11 16:00:00,2022-06-11,16,2022,6,11,Saturday,True,summer,2957,275073,93.02434900236726,0.1019931999973653,301.59389239220934,453.8147321828774,45.434630504773224,True,,False,False,True,True,,,324835.0,354235.0,0.0,0.0,0.0,0.0,0.0,0.0,0.0,0.0,4,52.0,22,0,False,True,False,False,대체로 맑음,30.1,38,14.2,30.2,0.0,0.0,0.0,0.0,1,1009.8,1006.1,28,9,23,1,12.3,345,26.3,639.0,458.0,181.0,3600.0,1,offday,train,-0.8660254037844384,-0.5000000000000004,1.2246467991473532e-16,-1.0,True,453.4849565193465,0.3297756635308815,special_case
2024-06-23 18:00:00,2024-06-23,18,2024,6,23,Sunday,True,summer,2575,265375,103.05825242718448,0.1010593940343581,260.2279396384721,453.83502801167015,-4.423853421010335,True,,False,False,True,True,208191.0,204607.0,622922.0,652074.0,677.0,20691.0,2475155.67,679.0,0.0,0.0,0.0,0.0,4,52.0,22,0,True,True,True,False,흐림,25.0,79,21.2,26.9,0.0,0.0,0.0,0.0,3,998.4,994.6,90,26,0,86,17.7,243,36.4,309.0,181.0,128.0,3600.0,1,offday,valid,-1.0,-1.8369701987210297e-16,1.2246467991473532e-16,-1.0,True,453.8147321828774,0.02029582879276859,special_case
2025-06-08 17:00:00,2025-06-08,17,2025,6,8,Sunday,True,summer,2482,263165,106.02941176470588,0.1047704649595659,260.0402940296428,454.2438462579595,23.012386036834755,True,,False,False,True,True,176838.0,175943.0,504210.0,503700.0,0.0,0.0,0.0,0.0,10.0,10.0,0.0,3.0,4,52.0,22,0,True,True,False,True,맑음,28.0,52,17.2,28.6,0.0,0.0,0.0,0.0,0,1006.4,1002.6,12,3,0,9,13.5,245,34.6,441.0,272.0,169.0,3600.0,1,offday,test,-0.9659258262890683,-0.25881904510252063,1.2246467991473532e-16,-1.0,True,453.83502801167015,0.4088182462893428,special_case
2022-08-13 17:00:00,2022-08-13,17,2022,8,13,Saturday,True,summer,3960,260798,65.85808080808081,0.1047704649595659,414.8910412398813,454.325012132196,14.271053723738646,True,,False,False,True,True,,,452968.0,432382.0,0.0,0.0,0.0,0.0,0.0,0.0,0.0,0.0,4,52.0,22,0,False,True,False,False,보통 비,24.6,96,23.9,30.0,3.8,3.8,0.0,0.0,63,1004.3,1000.5,100,100,51,82,4.8,193,15.1,201.0,8.0,193.0,0.0,1,offday,train,-0.9659258262890683,-0.25881904510252063,-0.8660254037844384,-0.5000000000000004,True,454.2438462579595,0.0811658742364898,special_case
2022-10-01 15:00:00,2022-10-01,15,2022,10,1,Saturday,True,fall,2838,247292,87.13601127554615,0.1124759978651691,319.2068819413499,454.43466216687307,37.8981655980885,True,,False,False,True,True,,,328205.0,367696.0,0.0,0.0,0.0,0.0,0.0,0.0,0.0,0.0,4,52.0,22,0,False,True,False,False,흐림,25.0,47,13.0,25.5,0.0,0.0,0.0,0.0,3,1016.9,1013.1,100,0,0,100,3.3,257,13.3,553.0,350.0,203.0,3600.0,1,offday,train,-0.7071067811865471,-0.7071067811865479,-0.8660254037844386,0.5000000000000001,True,454.325012132196,0.10965003467708812,special_case
2023-09-16 14:00:00,2023-09-16,14,2023,9,16,Saturday,True,fall,2539,274840,108.24734147302088,0.1053558771818858,267.4985721648082,454.4593490308496,71.25348851930823,True,,False,False,True,True,114872.0,111185.0,261221.0,333016.0,0.0,0.0,0.0,0.0,0.0,0.0,0.0,0.0,4,52.0,22,0,True,True,False,False,약한 이슬비,26.1,80,22.4,30.8,0.2,0.2,0.0,0.0,51,1011.6,1007.8,100,24,89,100,3.3,354,10.8,328.0,38.0,290.0,0.0,1,offday,train,-0.4999999999999998,-0.8660254037844388,-1.0,-1.8369701987210297e-16,True,454.43466216687307,0.02468686397651254,special_case
2023-05-13 17:00:00,2023-05-13,17,2023,5,13,Saturday,True,spring,2846,254340,89.3675333801827,0.1056648495856345,300.72216192071585,454.87759862473206,-10.117504542729534,True,,False,False,True,True,179956.0,175771.0,500796.0,501279.0,912.0,32440.0,3836322.63,948.0,0.0,0.0,0.0,0.0,4,52.0,22,0,True,True,True,False,부분적으로 흐림,20.7,52,10.4,19.7,0.0,0.0,0.0,0.0,2,1010.2,1006.3,79,0,4,79,7.8,283,23.0,392.0,184.0,208.0,3600.0,1,offday,train,-0.9659258262890683,-0.25881904510252063,0.49999999999999994,-0.8660254037844387,True,454.4593490308496,0.4182495938824786,special_case
2023-06-17 14:00:00,2023-06-17,14,2023,6,17,Saturday,True,summer,3966,358951,90.50706001008572,0.0809922881834863,321.2154149357067,454.9519298363301,88.41312695161082,True,,False,False,True,True,116833.0,111408.0,264572.0,340237.0,573.0,15776.0,1696471.57,527.0,0.0,0.0,0.0,0.0,4,52.0,22,0,True,True,True,False,흐림,28.1,45,15.1,30.0,0.0,0.0,0.0,0.0,3,1012.8,1009.0,100,0,0,100,10.1,266,22.0,823.0,553.0,270.0,3600.0,1,offday,train,-0.4999999999999998,-0.8660254037844388,1.2246467991473532e-16,-1.0,True,454.87759862473206,0.07433121159806433,special_case
2025-03-23 17:00:00,2025-03-23,17,2025,3,23,Sunday,True,spring,2724,254202,93.31938325991187,0.1056648495856345,287.83105027126845,455.2330094257303,-9.154303129589834,True,,False,False,True,True,187761.0,184245.0,547784.0,544089.0,0.0,0.0,0.0,0.0,0.0,0.0,0.0,0.0,4,52.0,22,0,True,True,False,False,흐림,17.0,57,8.4,15.0,0.0,0.0,0.0,0.0,3,1008.2,1004.3,100,0,0,100,10.9,237,27.7,327.0,179.0,148.0,3600.0,1,offday,test,-0.9659258262890683,-0.25881904510252063,1.0,6.123233995736766e-17,True,454.9519298363301,0.2810795894001785,special_case
2022-04-17 19:00:00,2022-04-17,19,2022,4,17,Sunday,True,spring,3440,330896,96.1906976744186,0.0761098888961958,261.8180178029137,455.5927194313465,-84.91089102691365,True,,False,False,True,True,,,363830.0,388931.0,0.0,0.0,0.0,0.0,0.0,0.0,0.0,0.0,4,52.0,22,0,False,True,False,False,흐림,10.6,73,6.1,8.7,0.0,0.0,0.0,0.0,3,1017.5,1013.5,100,0,0,100,6.3,211,19.4,59.0,19.0,40.0,2983.97,1,offday,train,-0.9659258262890684,0.2588190451025203,0.8660254037844387,-0.49999999999999983,True,455.2330094257303,0.3597100056161935,special_case
2025-10-08 17:00:00,2025-10-08,17,2025,10,8,Wednesday,False,fall,3158,318894,100.97973400886636,0.0766806145388679,242.1573807137449,455.6500244132554,-106.99432813351387,False,대체공휴일,True,True,True,True,189815.0,184775.0,540270.0,529223.0,0.0,0.0,0.0,0.0,13.0,12.0,1.0,7.0,4,52.0,22,0,True,True,False,True,맑음,24.0,58,15.2,24.5,0.0,0.0,0.0,0.0,0,1015.9,1012.1,7,0,7,0,8.4,335,22.3,219.0,140.0,79.0,3600.0,1,offday,test,-0.9659258262890683,-0.25881904510252063,-0.8660254037844386,0.5000000000000001,True,455.5927194313465,0.05730498190888511,special_case
2022-09-04 13:00:00,2022-09-04,13,2022,9,4,Sunday,True,fall,3837,315442,82.21058118321605,0.0915726254037753,351.3641636742862,456.2066783690531,94.77027126380555,True,,False,False,True,True,,,222483.0,326414.0,0.0,0.0,0.0,0.0,0.0,0.0,0.0,0.0,4,52.0,22,0,False,True,False,False,약한 비,24.3,85,21.6,26.3,1.3,1.3,0.0,0.0,61,1008.5,1004.7,100,22,100,100,18.8,133,40.7,273.0,10.0,263.0,0.0,1,offday,train,-0.2588190451025208,-0.9659258262890683,-1.0,-1.8369701987210297e-16,True,455.6500244132554,0.5566539557977421,special_case
2024-10-05 14:00:00,2024-10-05,14,2024,10,5,Saturday,True,fall,3224,270065,83.76705955334988,0.1053558771818858,339.6673480344,456.6132217271382,67.11683527561019,True,,False,False,True,True,137145.0,135034.0,317937.0,400793.0,819.0,31613.0,3037532.17,720.0,0.0,0.0,0.0,0.0,4,52.0,22,0,True,True,True,False,흐림,20.9,53,10.9,20.6,0.0,0.0,0.0,0.0,3,1022.9,1019.0,100,0,0,100,3.5,336,13.3,538.0,232.0,306.0,3600.0,1,offday,valid,-0.4999999999999998,-0.8660254037844388,-0.8660254037844386,0.5000000000000001,True,456.2066783690531,0.4065433580850595,special_case
2025-10-19 18:00:00,2025-10-19,18,2025,10,19,Sunday,True,fall,2856,295270,103.38585434173667,0.0862061061335171,246.20463911732497,456.77858139875264,-64.34051392037861,True,,False,False,True,True,214109.0,206349.0,647618.0,648165.0,0.0,0.0,0.0,0.0,19.0,17.0,2.0,11.0,4,52.0,22,0,True,True,False,True,부분적으로 흐림,13.8,65,7.3,10.8,0.0,0.0,0.0,0.0,2,1024.1,1020.1,68,0,0,68,16.0,319,32.8,25.0,2.0,23.0,0.0,1,offday,test,-1.0,-1.8369701987210297e-16,-0.8660254037844386,0.5000000000000001,True,456.6132217271382,0.16535967161445342,special_case
2023-06-25 19:00:00,2023-06-25,19,2023,6,25,Sunday,True,summer,2562,286263,111.73419203747072,0.0912420622822565,233.76216356714136,457.00741795874006,-33.34994517621459,True,,False,False,True,True,154191.0,161742.0,411173.0,450584.0,748.0,22785.0,2881092.84,687.0,0.0,0.0,0.0,0.0,4,52.0,22,0,True,True,True,False,흐림,28.2,70,22.1,32.1,0.0,0.0,0.0,0.0,3,1008.9,1005.1,100,0,2,100,7.8,68,12.6,91.0,4.0,87.0,0.0,1,offday,train,-0.9659258262890684,0.2588190451025203,1.2246467991473532e-16,-1.0,True,456.77858139875264,0.22883655998742825,special_case
2024-04-27 14:00:00,2024-04-27,14,2024,4,27,Saturday,True,spring,3026,298158,98.53205551883674,0.0977777335148833,295.87542161603704,457.0828394160633,78.23492844900017,True,,False,False,True,True,121205.0,117543.0,291812.0,369919.0,808.0,29509.0,3225074.06,703.0,0.0,0.0,0.0,0.0,4,52.0,22,0,True,True,True,False,대체로 맑음,24.2,37,8.4,24.4,0.0,0.0,0.0,0.0,1,1010.9,1007.1,27,0,0,27,8.3,265,23.4,855.0,669.0,186.0,3600.0,1,offday,valid,-0.4999999999999998,-0.8660254037844388,0.8660254037844387,-0.49999999999999983,True,457.00741795874006,0.07542145732321615,special_case
2023-05-06 13:00:00,2023-05-06,13,2023,5,6,Saturday,True,spring,3386,364001,107.50177200236269,0.0829554972469645,280.8873136782221,457.2148036549467,104.14318909925156,True,,False,False,True,True,122764.0,116539.0,259824.0,381217.0,11.0,270.0,18004.95,16.0,0.0,0.0,0.0,0.0,4,52.0,22,0,True,True,True,False,약한 비,11.4,87,9.3,7.9,2.3,2.3,0.0,0.0,61,1007.6,1003.6,100,4,100,100,22.7,67,39.2,93.0,0.0,93.0,0.0,1,offday,train,-0.2588190451025208,-0.9659258262890683,0.49999999999999994,-0.8660254037844387,True,457.0828394160633,0.1319642388834268,special_case
2022-05-14 16:00:00,2022-05-14,16,2022,5,14,Saturday,True,spring,2936,249959,85.1358991825613,0.1106643479569391,324.9105256015733,457.3958615566302,20.885173981892933,True,,False,False,True,True,,,354655.0,373146.0,0.0,0.0,0.0,0.0,0.0,0.0,0.0,0.0,4,52.0,22,0,False,True,False,False,흐림,18.2,31,0.9,12.2,0.0,0.0,0.0,0.0,3,1011.1,1007.2,100,0,0,100,27.8,267,50.4,539.0,241.0,298.0,3600.0,1,offday,train,-0.8660254037844384,-0.5000000000000004,0.49999999999999994,-0.8660254037844387,True,457.2148036549467,0.18105790168351632,special_case
2025-06-01 16:00:00,2025-06-01,16,2025,6,1,Sunday,True,summer,2685,278968,103.89869646182495,0.1019931999973653,273.85174199292595,457.58358785988815,47.35534068719534,True,,False,False,True,True,154793.0,157040.0,397001.0,425028.0,0.0,0.0,0.0,0.0,7.0,7.0,0.0,2.0,4,52.0,22,0,True,True,False,True,흐림,27.4,34,10.1,26.0,0.0,0.0,0.0,0.0,3,1008.3,1004.5,99,0,1,99,12.9,255,35.3,635.0,439.0,196.0,3600.0,1,offday,test,-0.8660254037844384,-0.5000000000000004,1.2246467991473532e-16,-1.0,True,457.3958615566302,0.18772630325793216,special_case
2024-05-25 14:00:00,2024-05-25,14,2024,5,25,Saturday,True,spring,3100,297748,96.04774193548388,0.0977777335148833,303.1109738961384,457.6128223353683,77.94318423758222,True,,False,False,True,True,125232.0,122594.0,306752.0,401290.0,727.0,23743.0,2894170.15,676.0,0.0,0.0,0.0,0.0,4,52.0,22,0,True,True,True,False,흐림,25.1,47,13.1,25.3,0.0,0.0,0.0,0.0,3,1015.3,1011.5,99,98,13,25,12.1,153,28.4,728.0,410.0,318.0,3600.0,1,offday,valid,-0.4999999999999998,-0.8660254037844388,0.49999999999999994,-0.8660254037844387,True,457.58358785988815,0.02923447548016611,special_case
2025-06-07 18:00:00,2025-06-07,18,2025,6,7,Saturday,True,summer,2609,267631,102.5799156765044,0.1010593940343581,263.6639590356403,457.6482210826928,-4.540031678603498,True,,False,False,True,True,207660.0,202811.0,622823.0,627356.0,0.0,0.0,0.0,0.0,11.0,10.0,1.0,3.0,4,52.0,22,0,True,True,False,True,흐림,23.6,71,18.0,24.7,0.0,0.0,0.0,0.0,3,1007.5,1003.7,97,37,0,95,12.2,246,36.7,281.0,143.0,138.0,3600.0,1,offday,test,-1.0,-1.8369701987210297e-16,1.2246467991473532e-16,-1.0,True,457.6128223353683,0.035398747324506985,special_case
2024-03-24 13:00:00,2024-03-24,13,2024,3,24,Sunday,True,spring,3466,363489,104.8727639930756,0.0829554972469645,287.52375345797924,458.02778034534,103.999007499137,True,,False,False,True,True,120819.0,115262.0,277246.0,422421.0,874.0,39330.0,4066628.87,695.0,0.0,0.0,0.0,0.0,4,52.0,22,0,True,True,True,False,부분적으로 흐림,18.2,41,4.6,15.5,0.0,0.0,0.0,0.0,2,1018.0,1014.1,51,0,51,0,10.7,78,25.2,569.0,254.0,315.0,3600.0,1,offday,valid,-0.2588190451025208,-0.9659258262890683,1.0,6.123233995736766e-17,True,457.6482210826928,0.3795592626471489,special_case
2024-09-22 14:00:00,2024-09-22,14,2024,9,22,Sunday,True,fall,4411,260877,59.14237134436636,0.1053558771818858,464.7247742492985,458.08208619298057,59.92888956863533,True,,False,False,True,True,123791.0,120526.0,276892.0,362326.0,924.0,37198.0,3878723.73,848.0,0.0,0.0,0.0,0.0,4,52.0,22,0,True,True,True,False,대체로 맑음,23.8,60,15.4,23.9,0.0,0.0,0.0,0.0,1,1012.8,1009.0,31,25,10,0,12.5,41,25.2,566.0,407.0,159.0,3600.0,1,offday,valid,-0.4999999999999998,-0.8660254037844388,-1.0,-1.8369701987210297e-16,True,458.02778034534,0.054305847640591765,special_case
2023-09-17 19:00:00,2023-09-17,19,2023,9,17,Sunday,True,fall,3716,368243,99.09660925726588,0.0671035658554383,249.35685071880872,458.0948793420717,-109.14245174471672,True,,False,False,True,True,150472.0,156667.0,405066.0,444026.0,0.0,0.0,0.0,0.0,0.0,0.0,0.0,0.0,4,52.0,22,0,True,True,False,False,맑음,22.5,94,21.5,26.4,0.0,0.0,0.0,0.0,0,1010.3,1006.5,18,12,13,0,5.9,223,8.3,14.0,4.0,10.0,128.61,1,offday,train,-0.9659258262890684,0.2588190451025203,-1.0,-1.8369701987210297e-16,True,458.08208619298057,0.012793149091123723,special_case
2024-06-23 17:00:00,2024-06-23,17,2024,6,23,Sunday,True,summer,2575,265375,103.05825242718448,0.1047704649595659,269.78394727088244,458.2588814326805,22.795186952246468,True,,False,False,True,True,175070.0,174567.0,493672.0,512001.0,686.0,22994.0,2630008.0,633.0,0.0,0.0,0.0,0.0,4,52.0,22,0,True,True,True,False,대체로 맑음,25.9,75,21.1,27.6,0.0,0.0,0.0,0.0,1,998.4,994.6,30,28,1,1,19.0,243,39.2,492.0,338.0,154.0,3600.0,1,offday,valid,-0.9659258262890683,-0.25881904510252063,1.2246467991473532e-16,-1.0,True,458.0948793420717,0.16400209060878979,special_case
2024-04-14 13:00:00,2024-04-14,13,2024,4,14,Sunday,True,spring,3287,366759,111.57864313964102,0.0829554972469645,272.67471945077256,458.5376917225436,104.9288818629018,True,,False,False,True,True,124599.0,120970.0,274597.0,401986.0,767.0,28715.0,3198201.35,706.0,0.0,0.0,0.0,0.0,4,52.0,22,0,True,True,True,False,흐림,27.0,25,5.6,26.8,0.0,0.0,0.0,0.0,3,1016.7,1012.9,88,0,0,88,6.0,123,22.0,834.0,633.0,201.0,3600.0,1,offday,valid,-0.2588190451025208,-0.9659258262890683,0.8660254037844387,-0.49999999999999983,True,458.2588814326805,0.27881028986314504,special_case
2023-10-07 17:00:00,2023-10-07,17,2023,10,7,Saturday,True,fall,2886,261707,90.68156618156618,0.1019646238147499,294.2699043293682,458.5639496922791,-28.715025365729502,True,,False,False,True,True,192091.0,182164.0,545967.0,518680.0,0.0,0.0,0.0,0.0,0.0,0.0,0.0,0.0,4,52.0,22,0,True,True,False,False,흐림,19.9,64,12.9,20.4,0.0,0.0,0.0,0.0,3,1021.3,1017.4,100,1,0,100,2.9,97,13.7,161.0,28.0,133.0,932.62,1,offday,train,-0.9659258262890683,-0.25881904510252063,-0.8660254037844386,0.5000000000000001,True,458.5376917225436,0.026257969735468123,special_case
2022-04-03 18:00:00,2022-04-03,18,2022,4,3,Sunday,True,spring,3371,283907,84.22040937407297,0.093388398805632,314.8122923737857,458.59925860909067,-48.18714963808674,True,,False,False,True,True,,,587875.0,562370.0,0.0,0.0,0.0,0.0,0.0,0.0,0.0,0.0,4,52.0,22,0,False,True,False,False,맑음,9.9,64,3.5,6.7,0.0,0.0,0.0,0.0,0,1027.2,1023.1,0,0,0,0,11.3,248,27.0,194.0,108.0,86.0,3600.0,1,offday,train,-1.0,-1.8369701987210297e-16,0.8660254037844387,-0.49999999999999983,True,458.5639496922791,0.035308916811573,special_case
2025-04-20 19:00:00,2025-04-20,19,2025,4,20,Sunday,True,spring,3755,336440,89.59786950732357,0.0761098888961958,285.79263280521536,458.7790768595145,-87.6208837047576,True,,False,False,True,True,162339.0,167546.0,456192.0,482239.0,0.0,0.0,0.0,0.0,2.0,2.0,0.0,1.0,4,52.0,22,0,True,True,False,True,맑음,17.8,69,11.9,17.4,0.0,0.0,0.0,0.0,0,1012.8,1008.9,0,0,0,0,6.1,275,11.2,64.0,22.0,42.0,3340.42,1,offday,test,-0.9659258262890684,0.2588190451025203,0.8660254037844387,-0.49999999999999983,True,458.59925860909067,0.17981825042380706,special_case
2023-05-14 19:00:00,2023-05-14,19,2023,5,14,Sunday,True,spring,3229,331034,102.51904614431712,0.0761098888961958,245.75883124581637,459.4532783394905,-83.88369238739716,True,,False,False,True,True,155641.0,162800.0,428335.0,454837.0,924.0,29922.0,3816332.52,998.0,0.0,0.0,0.0,0.0,4,52.0,22,0,True,True,True,False,맑음,16.9,69,11.1,16.5,0.0,0.0,0.0,0.0,0,1007.8,1003.9,0,0,0,0,5.1,266,13.0,103.0,39.0,64.0,3600.0,1,offday,train,-0.9659258262890684,0.2588190451025203,0.49999999999999994,-0.8660254037844387,True,458.7790768595145,0.6742014799760341,special_case
2022-10-01 16:00:00,2022-10-01,16,2022,10,1,Saturday,True,fall,2838,247292,87.13601127554615,0.1113266708276356,315.94509180883006,460.31178426870343,5.877122101830366,True,,False,False,True,True,,,398333.0,402531.0,0.0,0.0,0.0,0.0,0.0,0.0,0.0,0.0,4,52.0,22,0,False,True,False,False,흐림,24.7,50,13.6,25.4,0.0,0.0,0.0,0.0,3,1016.8,1013.0,100,0,0,100,3.3,257,11.5,361.0,152.0,209.0,3600.0,1,offday,train,-0.8660254037844384,-0.5000000000000004,-0.8660254037844386,0.5000000000000001,True,459.4532783394905,0.8585059292129245,special_case
2025-05-11 18:00:00,2025-05-11,18,2025,5,11,Sunday,True,spring,2729,280458,102.7695126419934,0.093388398805632,254.85694034056988,460.4067722395047,-43.2279583603256,True,,False,False,True,True,213771.0,207825.0,667668.0,673068.0,0.0,0.0,0.0,0.0,8.0,7.0,1.0,5.0,4,52.0,22,0,True,True,False,True,맑음,15.9,69,10.4,14.7,0.0,0.0,0.0,0.0,0,1004.6,1000.7,13,0,13,0,9.6,257,25.2,264.0,148.0,116.0,3600.0,1,offday,test,-1.0,-1.8369701987210297e-16,0.49999999999999994,-0.8660254037844387,True,460.31178426870343,0.09498797080124177,special_case
2022-06-12 20:00:00,2022-06-12,20,2022,6,12,Sunday,True,summer,2988,331115,110.81492637215528,0.0768858847850752,229.7350237378047,460.63066584824514,-67.7398344712501,True,,False,False,True,True,,,325125.0,223799.0,0.0,0.0,0.0,0.0,0.0,0.0,0.0,0.0,4,52.0,22,0,False,True,False,False,흐림,21.4,78,17.4,23.0,0.0,0.0,0.0,0.0,3,1011.3,1007.4,100,0,0,100,6.6,241,24.5,19.0,0.0,19.0,0.0,1,offday,train,-0.8660254037844386,0.5000000000000001,1.2246467991473532e-16,-1.0,True,460.4067722395047,0.22389360874046815,special_case
2024-06-06 14:00:00,2024-06-06,14,2024,6,6,Thursday,False,summer,2869,276505,96.37678633670268,0.1049582705891367,301.12527832023324,461.0131364914788,66.5605680359846,False,현충일,True,False,True,False,120402.0,116099.0,282830.0,361605.0,597.0,21875.0,2185021.63,551.0,0.0,0.0,0.0,0.0,4,52.0,22,0,True,True,True,False,대체로 맑음,29.4,35,12.4,31.0,0.0,0.0,0.0,0.0,1,1015.2,1011.4,23,0,23,0,4.6,141,18.7,802.0,567.0,235.0,3600.0,1,offday,valid,-0.4999999999999998,-0.8660254037844388,1.2246467991473532e-16,-1.0,True,460.63066584824514,0.38247064323365976,special_case
2024-09-21 13:00:00,2024-09-21,13,2024,9,21,Saturday,True,fall,4008,316973,79.08507984031937,0.0915726254037753,367.0230826183318,461.12693463479246,95.07950308812968,True,,False,False,True,True,124352.0,120608.0,258882.0,380199.0,510.0,13847.0,1530840.83,466.0,0.0,0.0,0.0,0.0,4,52.0,22,0,True,True,True,False,보통 이슬비,21.0,79,17.2,20.6,0.5,0.5,0.0,0.0,53,1008.2,1004.3,98,97,43,6,19.7,66,35.3,351.0,115.0,236.0,2535.92,1,offday,valid,-0.2588190451025208,-0.9659258262890683,-1.0,-1.8369701987210297e-16,True,461.0131364914788,0.11379814331365878,special_case
2024-04-28 19:00:00,2024-04-28,19,2024,4,28,Sunday,True,spring,3102,330803,106.6418439716312,0.0761098888961958,236.0928753559995,461.2881037625872,-83.20116654245606,True,,False,False,True,True,160119.0,165308.0,454878.0,486517.0,945.0,31124.0,4165495.91,1040.0,0.0,0.0,0.0,0.0,4,52.0,22,0,True,True,True,False,흐림,19.1,62,11.8,18.8,0.0,0.0,0.0,0.0,3,1011.8,1007.9,100,0,0,100,6.5,273,13.3,69.0,9.0,60.0,0.0,1,offday,valid,-0.9659258262890684,0.2588190451025203,0.8660254037844387,-0.49999999999999983,True,461.12693463479246,0.1611691277947216,special_case
2022-09-24 19:00:00,2022-09-24,19,2022,9,24,Saturday,True,fall,4584,382094,83.35383944153578,0.0671035658554383,307.6027458813292,461.4145539816217,-115.68291716549165,True,,False,False,True,True,,,386364.0,429821.0,0.0,0.0,0.0,0.0,0.0,0.0,0.0,0.0,4,52.0,22,0,False,True,False,False,흐림,16.9,78,13.0,16.7,0.0,0.0,0.0,0.0,3,1016.2,1012.3,100,0,0,100,7.5,253,12.6,7.0,1.0,6.0,0.0,1,offday,train,-0.9659258262890684,0.2588190451025203,-1.0,-1.8369701987210297e-16,True,461.2881037625872,0.1264502190344956,special_case
2025-06-07 17:00:00,2025-06-07,17,2025,6,7,Saturday,True,summer,2609,267631,102.5799156765044,0.1047704649595659,273.34614307950767,462.1882527612962,22.920090133315,True,,False,False,True,True,176838.0,175943.0,504210.0,503700.0,0.0,0.0,0.0,0.0,11.0,10.0,1.0,3.0,4,52.0,22,0,True,True,False,True,부분적으로 흐림,25.0,64,17.8,25.6,0.0,0.0,0.0,0.0,2,1007.3,1003.5,78,21,0,72,15.7,245,40.0,428.0,251.0,177.0,3600.0,1,offday,test,-0.9659258262890683,-0.25881904510252063,1.2246467991473532e-16,-1.0,True,461.4145539816217,0.7736987796745325,special_case
2023-05-20 17:00:00,2023-05-20,17,2023,5,20,Saturday,True,spring,2871,258545,90.05398815743644,0.1056648495856345,303.3637831603567,462.5083375514316,-10.109440572740482,True,,False,False,True,True,179956.0,175771.0,500796.0,501279.0,958.0,34280.0,3747749.94,942.0,0.0,0.0,0.0,0.0,4,52.0,22,0,True,True,True,False,부분적으로 흐림,19.8,71,14.3,18.5,0.0,0.0,0.0,0.0,2,1009.3,1005.4,77,2,0,77,18.3,238,41.4,457.0,306.0,151.0,3600.0,1,offday,train,-0.9659258262890683,-0.25881904510252063,0.49999999999999994,-0.8660254037844387,True,462.1882527612962,0.3200847901354109,special_case
2023-09-10 12:00:00,2023-09-10,12,2023,9,10,Sunday,True,fall,3847,425511,110.60852612425266,0.0738136969525007,283.9612921762703,462.6406968531298,127.84783859766084,True,,False,False,True,True,114019.0,106991.0,224885.0,326978.0,0.0,0.0,0.0,0.0,0.0,0.0,0.0,0.0,4,52.0,22,0,True,True,False,False,흐림,26.0,73,20.6,29.4,0.0,0.0,0.0,0.0,3,1011.2,1007.4,100,7,51,100,5.0,249,13.0,250.0,37.0,213.0,0.0,1,offday,train,1.2246467991473532e-16,-1.0,-1.0,-1.8369701987210297e-16,True,462.5083375514316,0.13235930169815902,special_case
2022-06-04 15:00:00,2022-06-04,15,2022,6,4,Saturday,True,summer,3062,314357,102.66394513389942,0.0935275965658001,286.38150068448005,462.7246598749151,70.32762316844077,True,,False,False,True,True,,,265436.0,314411.0,0.0,0.0,0.0,0.0,0.0,0.0,0.0,0.0,4,52.0,22,0,False,True,False,False,흐림,29.1,41,14.6,29.7,0.0,0.0,0.0,0.0,3,1008.2,1004.4,100,3,58,100,5.8,277,19.4,371.0,50.0,321.0,0.0,1,offday,train,-0.7071067811865471,-0.7071067811865479,1.2246467991473532e-16,-1.0,True,462.6406968531298,0.08396302178533688,special_case
2023-09-24 18:00:00,2023-09-24,18,2023,9,24,Sunday,True,fall,2753,297833,108.18488921176898,0.0862061061335171,237.3254101855727,462.7572975672064,-64.08159288310594,True,,False,False,True,True,207625.0,197076.0,605306.0,614091.0,0.0,0.0,0.0,0.0,0.0,0.0,0.0,0.0,4,52.0,22,0,True,True,False,False,흐림,22.2,62,14.6,23.2,0.0,0.0,0.0,0.0,3,1018.5,1014.6,100,0,0,100,3.8,107,7.2,62.0,1.0,61.0,0.0,1,offday,train,-1.0,-1.8369701987210297e-16,-1.0,-1.8369701987210297e-16,True,462.7246598749151,0.032637692291302756,special_case
2023-09-23 17:00:00,2023-09-23,17,2023,9,23,Saturday,True,fall,2796,264230,94.50286123032905,0.1019646238147499,285.09308818604075,464.08782043174097,-28.02420976987611,True,,False,False,True,True,176035.0,170252.0,477431.0,487098.0,0.0,0.0,0.0,0.0,0.0,0.0,0.0,0.0,4,52.0,22,0,True,True,False,False,흐림,24.0,57,15.1,24.2,0.0,0.0,0.0,0.0,3,1019.3,1015.4,97,0,0,97,10.5,59,17.6,285.0,169.0,116.0,3600.0,1,offday,train,-0.9659258262890683,-0.25881904510252063,-1.0,-1.8369701987210297e-16,True,462.7572975672064,1.3305228645345437,special_case
2025-03-23 16:00:00,2025-03-23,16,2025,3,23,Sunday,True,spring,2724,254202,93.31938325991187,0.1106643479569391,301.4496838347022,464.38731255532014,23.06841041940004,True,,False,False,True,True,163721.0,165454.0,444577.0,462072.0,0.0,0.0,0.0,0.0,0.0,0.0,0.0,0.0,4,52.0,22,0,True,True,False,False,흐림,19.9,46,8.0,17.6,0.0,0.0,0.0,0.0,3,1008.1,1004.2,98,0,0,98,12.0,220,27.0,521.0,360.0,161.0,3600.0,1,offday,test,-0.8660254037844384,-0.5000000000000004,1.0,6.123233995736766e-17,True,464.08782043174097,0.29949212357917077,special_case
2023-05-21 17:00:00,2023-05-21,17,2023,5,21,Sunday,True,spring,2560,258878,101.12421875,0.1056648495856345,270.50201493922435,464.67736867606834,-7.620383715621415,True,,False,False,True,True,179956.0,175771.0,500796.0,501279.0,941.0,30971.0,3839350.21,986.0,0.0,0.0,0.0,0.0,4,52.0,22,0,True,True,True,False,흐림,18.6,62,11.1,16.5,0.0,0.0,0.0,0.0,3,1008.3,1004.4,100,0,97,100,17.0,238,34.9,386.0,163.0,223.0,3600.0,1,offday,train,-0.9659258262890683,-0.25881904510252063,0.49999999999999994,-0.8660254037844387,True,464.38731255532014,0.2900561207482042,special_case
2022-04-16 16:00:00,2022-04-16,16,2022,4,16,Saturday,True,spring,3208,253615,79.05704488778055,0.1106643479569391,355.01122824586076,464.761916109008,19.59088160259324,True,,False,False,True,True,,,304514.0,329249.0,0.0,0.0,0.0,0.0,0.0,0.0,0.0,0.0,4,52.0,22,0,False,True,False,False,맑음,15.7,34,-0.1,11.0,0.0,0.0,0.0,0.0,0,1016.5,1012.5,0,0,0,0,19.6,253,38.2,603.0,446.0,157.0,3600.0,1,offday,train,-0.8660254037844384,-0.5000000000000004,0.8660254037844387,-0.49999999999999983,True,464.67736867606834,0.08454743293964384,special_case
2023-05-13 16:00:00,2023-05-13,16,2023,5,13,Saturday,True,spring,2846,254340,89.3675333801827,0.1106643479569391,314.9507342854488,464.9951031674616,22.239195730684628,True,,False,False,True,True,157452.0,158753.0,397206.0,406437.0,981.0,39191.0,4284525.04,910.0,0.0,0.0,0.0,0.0,4,52.0,22,0,True,True,True,False,흐림,21.1,49,10.1,19.5,0.0,0.0,0.0,0.0,3,1010.8,1006.9,91,0,86,49,11.4,283,23.4,432.0,123.0,309.0,3324.32,1,offday,train,-0.8660254037844384,-0.5000000000000004,0.49999999999999994,-0.8660254037844387,True,464.761916109008,0.2331870584536091,special_case
2022-05-15 19:00:00,2022-05-15,19,2022,5,15,Sunday,True,spring,3542,338077,95.44805194805195,0.0761098888961958,269.58122647032565,465.00734628430473,-86.89038760896926,True,,False,False,True,True,,,408102.0,429243.0,0.0,0.0,0.0,0.0,0.0,0.0,0.0,0.0,4,52.0,22,0,False,True,False,False,맑음,15.3,42,2.5,11.4,0.0,0.0,0.0,0.0,0,1011.9,1008.0,0,0,0,0,14.8,252,36.4,109.0,44.0,65.0,3600.0,1,offday,train,-0.9659258262890684,0.2588190451025203,0.49999999999999994,-0.8660254037844387,True,464.9951031674616,0.012243116843137614,special_case
2024-06-09 16:00:00,2024-06-09,16,2024,6,9,Sunday,True,summer,2737,283801,103.69053708439898,0.1019931999973653,279.15538839278895,465.5574471417048,48.15343511995184,True,,False,False,True,True,154396.0,157144.0,385186.0,425241.0,790.0,27307.0,3030170.62,707.0,0.0,0.0,0.0,0.0,4,52.0,22,0,True,True,True,False,흐림,26.9,47,14.5,27.0,0.0,0.0,0.0,0.0,3,1006.7,1002.9,91,0,0,91,11.8,239,27.4,617.0,391.0,226.0,3600.0,1,offday,valid,-0.8660254037844384,-0.5000000000000004,1.2246467991473532e-16,-1.0,True,465.00734628430473,0.5501008574000821,special_case
2024-04-10 12:00:00,2024-04-10,12,2024,4,10,Wednesday,False,spring,2764,322664,116.73806078147612,0.096293809375837,266.15608911481354,465.5606210979372,110.02604164500224,False,국회의원선거,True,False,True,False,118947.0,113763.0,254785.0,361161.0,757.0,28550.0,2888773.54,628.0,0.0,0.0,0.0,0.0,4,52.0,22,0,True,True,True,False,흐림,16.4,53,6.8,13.6,0.0,0.0,0.0,0.0,3,1026.0,1022.0,100,27,0,100,13.8,219,29.2,498.0,171.0,327.0,3600.0,1,offday,valid,1.2246467991473532e-16,-1.0,0.8660254037844387,-0.49999999999999983,True,465.5574471417048,0.003173956232387809,special_case
2022-06-06 15:00:00,2022-06-06,15,2022,6,6,Monday,False,summer,2874,255140,88.77522616562283,0.111744554381455,321.1538492923018,465.8213322543286,37.474325190625905,False,현충일,True,False,True,True,,,265436.0,314411.0,0.0,0.0,0.0,0.0,0.0,0.0,0.0,0.0,4,52.0,22,0,False,True,False,False,맑음,21.3,53,11.4,19.8,0.0,0.0,0.0,0.0,0,1001.3,997.5,1,1,0,0,18.5,69,36.7,708.0,424.0,284.0,3600.0,1,offday,train,-0.7071067811865471,-0.7071067811865479,1.2246467991473532e-16,-1.0,True,465.5606210979372,0.2607111563913804,special_case
2023-06-24 16:00:00,2023-06-24,16,2023,6,24,Saturday,True,summer,2812,283710,100.89260312944523,0.1019931999973653,286.8048783925914,466.05051721094736,47.82919536426584,True,,False,False,True,True,153885.0,155559.0,377288.0,391651.0,576.0,16673.0,1876405.36,542.0,0.0,0.0,0.0,0.0,4,52.0,22,0,True,True,True,False,대체로 맑음,28.6,62,20.5,31.6,0.0,0.0,0.0,0.0,1,1013.3,1009.5,23,20,13,0,7.9,273,19.1,555.0,349.0,206.0,3600.0,1,offday,train,-0.8660254037844384,-0.5000000000000004,1.2246467991473532e-16,-1.0,True,465.8213322543286,0.2291849566187807,special_case
2022-04-24 19:00:00,2022-04-24,19,2022,4,24,Sunday,True,spring,3199,335005,104.72178805876835,0.0761098888961958,243.4755345789305,466.152389164393,-84.54612704763736,True,,False,False,True,True,,,363830.0,388931.0,0.0,0.0,0.0,0.0,0.0,0.0,0.0,0.0,4,52.0,22,0,False,True,False,False,흐림,14.2,86,12.0,13.4,0.0,0.0,0.0,0.0,3,1011.1,1007.1,100,100,0,28,9.8,242,23.0,58.0,15.0,43.0,1432.8,1,offday,train,-0.9659258262890684,0.2588190451025203,0.8660254037844387,-0.49999999999999983,True,466.05051721094736,0.10187195344565225,special_case
2025-05-06 14:00:00,2025-05-06,14,2025,5,6,Tuesday,False,spring,2428,240602,99.09472817133444,0.1194960865470364,290.13649813620447,466.98788448021367,43.22807134078846,False,대체공휴일,True,True,True,True,130403.0,126266.0,311472.0,410999.0,0.0,0.0,0.0,0.0,6.0,5.0,1.0,3.0,4,52.0,22,0,True,True,False,True,흐림,17.5,42,4.3,14.5,0.0,0.0,0.0,0.0,3,1006.7,1002.8,100,2,100,100,11.4,335,27.4,424.0,75.0,349.0,685.69,1,offday,test,-0.4999999999999998,-0.8660254037844388,0.49999999999999994,-0.8660254037844387,True,466.152389164393,0.8354953158206513,special_case
2023-05-28 18:00:00,2023-05-28,18,2023,5,28,Sunday,True,spring,3385,288986,85.3725258493353,0.093388398805632,316.1197299570645,467.37191781559466,-48.712234508939446,True,,False,False,True,True,217467.0,206106.0,654107.0,639882.0,18.0,312.0,42966.05,14.0,0.0,0.0,0.0,0.0,4,52.0,22,0,True,True,True,False,약한 비,18.1,98,17.8,20.1,1.4,1.4,0.0,0.0,61,1011.0,1007.1,100,100,100,100,6.0,205,14.4,35.0,0.0,35.0,0.0,1,offday,train,-1.0,-1.8369701987210297e-16,0.49999999999999994,-0.8660254037844387,True,466.98788448021367,0.38403333538099105,special_case
2023-10-01 17:00:00,2023-10-01,17,2023,10,1,Sunday,True,fall,2918,266846,91.44825222755313,0.1019646238147499,297.53277229144027,467.7994935442538,-29.07627226570554,True,,False,False,True,True,192091.0,182164.0,545967.0,518680.0,0.0,0.0,0.0,0.0,0.0,0.0,0.0,0.0,4,52.0,22,0,True,True,False,False,맑음,20.1,57,11.2,19.3,0.0,0.0,0.0,0.0,0,1015.2,1011.3,0,0,0,0,8.4,317,25.9,271.0,185.0,86.0,3600.0,1,offday,train,-0.9659258262890683,-0.25881904510252063,-0.8660254037844386,0.5000000000000001,True,467.37191781559466,0.4275757286591215,special_case
2022-10-08 15:00:00,2022-10-08,15,2022,10,8,Saturday,True,fall,3141,253689,80.76695319961796,0.1124759978651691,353.28710929449613,467.8247511727834,37.34876123676548,True,,False,False,True,True,,,328205.0,367696.0,0.0,0.0,0.0,0.0,0.0,0.0,0.0,0.0,4,52.0,22,0,False,True,False,False,맑음,19.0,49,7.9,16.9,0.0,0.0,0.0,0.0,0,1023.2,1019.3,15,5,14,0,10.8,92,22.0,465.0,273.0,192.0,3600.0,1,offday,train,-0.7071067811865471,-0.7071067811865479,-0.8660254037844386,0.5000000000000001,True,467.7994935442538,0.025257628529629983,special_case
2023-06-25 16:00:00,2023-06-25,16,2023,6,25,Sunday,True,summer,2562,286263,111.73419203747072,0.1019931999973653,261.30657839325005,467.9137155869308,49.379998973620445,True,,False,False,True,True,153885.0,155559.0,377288.0,391651.0,595.0,15851.0,1910086.35,558.0,0.0,0.0,0.0,0.0,4,52.0,22,0,True,True,True,False,흐림,31.5,51,20.2,34.2,0.0,0.0,0.0,0.0,3,1009.7,1006.0,100,7,21,100,8.9,140,21.6,459.0,237.0,222.0,3600.0,1,offday,train,-0.8660254037844384,-0.5000000000000004,1.2246467991473532e-16,-1.0,True,467.8247511727834,0.08896441414736955,special_case
2024-10-09 11:00:00,2024-10-09,11,2024,10,9,Wednesday,False,fall,3382,372716,110.20579538734476,0.0860138816247737,290.8989476549848,469.2933653891529,138.02210080314285,False,한글날,True,False,True,False,120632.0,113626.0,236195.0,363817.0,589.0,21447.0,2169436.04,503.0,0.0,0.0,0.0,0.0,4,52.0,22,0,True,True,True,False,대체로 맑음,20.0,63,12.9,19.7,0.0,0.0,0.0,0.0,1,1018.2,1014.3,24,0,0,24,9.6,84,22.3,588.0,462.0,126.0,3600.0,1,offday,valid,0.258819045102521,-0.9659258262890682,-0.8660254037844386,0.5000000000000001,True,467.9137155869308,1.3796498022221044,special_case
2022-06-11 18:00:00,2022-06-11,18,2022,6,11,Saturday,True,summer,2957,275073,93.02434900236726,0.1010593940343581,298.8326281595969,469.3517984045385,-6.4534991366100485,True,,False,False,True,True,,,610509.0,603790.0,0.0,0.0,0.0,0.0,0.0,0.0,0.0,0.0,4,52.0,22,0,False,True,False,False,보통 이슬비,23.6,65,16.7,23.4,0.5,0.5,0.0,0.0,53,1011.4,1007.6,66,11,65,0,17.8,97,34.9,184.0,79.0,105.0,3600.0,1,offday,train,-1.0,-1.8369701987210297e-16,1.2246467991473532e-16,-1.0,True,469.2933653891529,0.05843301538561718,special_case
2022-09-17 18:00:00,2022-09-17,18,2022,9,17,Saturday,True,fall,6267,326802,52.14648157012925,0.0862061061335171,540.253667138752,469.5387982774279,-85.83191825437041,True,,False,False,True,True,,,611046.0,611210.0,0.0,0.0,0.0,0.0,0.0,0.0,0.0,0.0,4,52.0,22,0,False,True,False,False,맑음,25.5,83,22.4,29.6,0.0,0.0,0.0,0.0,0,1007.2,1003.4,0,0,0,0,6.6,279,15.8,139.0,79.0,60.0,3600.0,1,offday,train,-1.0,-1.8369701987210297e-16,-1.0,-1.8369701987210297e-16,True,469.3517984045385,0.18699987288937336,special_case
2022-04-09 15:00:00,2022-04-09,15,2022,4,9,Saturday,True,spring,3380,267728,79.20946745562131,0.1077131147753142,364.07032794056227,469.87887263480144,49.62122460031373,True,,False,False,True,True,,,247697.0,292531.0,0.0,0.0,0.0,0.0,0.0,0.0,0.0,0.0,4,52.0,22,0,False,True,False,False,맑음,20.1,48,8.9,18.0,0.0,0.0,0.0,0.0,0,1013.5,1009.6,5,0,0,5,18.2,231,36.0,706.0,541.0,165.0,3600.0,1,offday,train,-0.7071067811865471,-0.7071067811865479,0.8660254037844387,-0.49999999999999983,True,469.5387982774279,0.3400743573735667,special_case
2025-05-04 15:00:00,2025-05-04,15,2025,5,4,Sunday,True,spring,3130,269269,86.02843450479233,0.1077131147753142,337.14204924673373,469.9062854421343,51.22362278700007,True,,False,False,True,True,145162.0,145607.0,361252.0,431423.0,0.0,0.0,0.0,0.0,4.0,4.0,0.0,2.0,4,52.0,22,0,True,True,False,True,맑음,16.9,44,4.6,13.2,0.0,0.0,0.0,0.0,0,1011.3,1007.4,0,0,0,0,23.5,256,52.2,785.0,607.0,178.0,3600.0,1,offday,test,-0.7071067811865471,-0.7071067811865479,0.49999999999999994,-0.8660254037844387,True,469.87887263480144,0.02741280733283702,special_case
2023-09-09 12:00:00,2023-09-09,12,2023,9,9,Saturday,True,fall,4206,426609,101.4286733238231,0.0738136969525007,310.4604093822181,470.3789859242158,128.72760252700925,True,,False,False,True,True,114019.0,106991.0,224885.0,326978.0,0.0,0.0,0.0,0.0,0.0,0.0,0.0,0.0,4,52.0,22,0,True,True,False,False,부분적으로 흐림,27.5,66,20.5,32.4,0.0,0.0,0.0,0.0,2,1012.1,1008.3,60,0,0,60,4.7,279,15.8,786.0,656.0,130.0,3600.0,1,offday,train,1.2246467991473532e-16,-1.0,-1.0,-1.8369701987210297e-16,True,469.9062854421343,0.47270048208150683,special_case
2025-08-16 19:00:00,2025-08-16,19,2025,8,16,Saturday,True,summer,2622,294606,112.35926773455378,0.0912420622822565,239.23668730407675,470.47068679409153,-34.232345237978336,True,,False,False,True,True,159464.0,167448.0,458192.0,454471.0,0.0,0.0,0.0,0.0,14.0,13.0,1.0,8.0,4,52.0,22,0,True,True,False,True,흐림,26.9,86,24.3,31.9,0.0,0.0,0.0,0.0,3,1012.8,1009.0,93,4,0,92,8.7,246,26.3,95.0,48.0,47.0,3600.0,1,offday,test,-0.9659258262890684,0.2588190451025203,-0.8660254037844384,-0.5000000000000004,True,470.3789859242158,0.09170086987575132,special_case
2024-10-05 17:00:00,2024-10-05,17,2024,10,5,Saturday,True,fall,3224,270065,83.76705955334988,0.1019646238147499,328.73394717875374,470.9073830482135,-31.651025973726973,True,,False,False,True,True,198076.0,193165.0,559339.0,551762.0,1124.0,45078.0,4342758.81,1049.0,0.0,0.0,0.0,0.0,4,52.0,22,0,True,True,True,False,맑음,19.1,59,11.0,18.3,0.0,0.0,0.0,0.0,0,1022.7,1018.8,3,0,0,3,7.6,301,16.6,219.0,104.0,115.0,3600.0,1,offday,valid,-0.9659258262890683,-0.25881904510252063,-0.8660254037844386,0.5000000000000001,True,470.47068679409153,0.436696254121955,special_case
2022-05-29 14:00:00,2022-05-29,14,2022,5,29,Sunday,True,spring,3060,308203,100.71993464052288,0.0977777335148833,299.19986455554306,471.4749282799352,81.03077324714593,True,,False,False,True,True,,,246708.0,328829.0,0.0,0.0,0.0,0.0,0.0,0.0,0.0,0.0,4,52.0,22,0,False,True,False,False,흐림,26.7,45,13.7,27.4,0.0,0.0,0.0,0.0,3,1004.0,1000.2,100,2,0,100,7.1,210,18.7,635.0,232.0,403.0,3600.0,1,offday,train,-0.4999999999999998,-0.8660254037844388,0.49999999999999994,-0.8660254037844387,True,470.9073830482135,0.5675452317217378,special_case
2022-06-06 16:00:00,2022-06-06,16,2022,6,6,Monday,False,summer,2874,255140,88.77522616562283,0.1105172193076455,317.6264882901734,471.6477324126123,5.826400158283718,False,현충일,True,False,True,True,,,324835.0,354235.0,0.0,0.0,0.0,0.0,0.0,0.0,0.0,0.0,4,52.0,22,0,False,True,False,False,맑음,21.9,50,11.1,20.3,0.0,0.0,0.0,0.0,0,1001.2,997.4,0,0,0,0,16.4,71,35.6,648.0,460.0,188.0,3600.0,1,offday,train,-0.8660254037844384,-0.5000000000000004,1.2246467991473532e-16,-1.0,True,471.4749282799352,0.17280413267707218,special_case
2025-06-22 15:00:00,2025-06-22,15,2025,6,22,Sunday,True,summer,2907,322514,110.9439284485724,0.0935275965658001,271.884723216781,471.7925886542014,72.65338963829151,True,,False,False,True,True,140061.0,140461.0,334487.0,385706.0,0.0,0.0,0.0,0.0,12.0,12.0,0.0,3.0,4,52.0,22,0,True,True,False,True,맑음,25.5,62,17.7,28.0,0.0,0.0,0.0,0.0,0,1006.0,1002.2,8,2,7,0,11.8,236,29.5,799.0,617.0,182.0,3600.0,1,offday,test,-0.7071067811865471,-0.7071067811865479,1.2246467991473532e-16,-1.0,True,471.6477324126123,0.14485624158908195,special_case
2024-05-01 17:00:00,2024-05-01,17,2024,5,1,Wednesday,False,spring,2654,297262,112.00527505651846,0.0863329331814696,229.12760466362047,471.8276171472712,-78.19940575196017,False,,False,False,False,False,185130.0,180310.0,545807.0,538775.0,1153.0,41982.0,4904403.37,1145.0,0.0,0.0,0.0,0.0,4,52.0,22,0,True,True,True,False,흐림,22.4,26,1.9,19.5,0.0,0.0,0.0,0.0,3,1011.0,1007.2,100,0,72,100,7.3,123,25.2,282.0,75.0,207.0,2359.35,1,weekday,valid,-0.9659258262890683,-0.25881904510252063,0.49999999999999994,-0.8660254037844387,True,471.7925886542014,0.0350284930698308,special_case
2022-10-08 16:00:00,2022-10-08,16,2022,10,8,Saturday,True,fall,3141,253689,80.76695319961796,0.1113266708276356,349.67707306960364,471.9553541487222,4.130602975938814,True,,False,False,True,True,,,398333.0,402531.0,0.0,0.0,0.0,0.0,0.0,0.0,0.0,0.0,4,52.0,22,0,False,True,False,False,맑음,18.8,49,7.7,16.6,0.0,0.0,0.0,0.0,0,1022.8,1018.9,0,0,0,0,10.4,70,21.2,374.0,243.0,131.0,3600.0,1,offday,train,-0.8660254037844384,-0.5000000000000004,-0.8660254037844386,0.5000000000000001,True,471.8276171472712,0.12773700145100975,special_case
2022-09-03 13:00:00,2022-09-03,13,2022,9,3,Saturday,True,fall,5996,309256,51.577051367578385,0.0915726254037753,549.0694619210373,471.9897306978327,91.53425295212328,True,,False,False,True,True,,,222483.0,326414.0,0.0,0.0,0.0,0.0,0.0,0.0,0.0,0.0,4,52.0,22,0,False,True,False,False,흐림,26.9,61,18.8,28.3,0.0,0.0,0.0,0.0,3,1013.9,1010.1,96,59,2,89,16.6,90,32.4,661.0,380.0,281.0,3600.0,1,offday,train,-0.2588190451025208,-0.9659258262890683,-1.0,-1.8369701987210297e-16,True,471.9553541487222,0.034376549110504584,special_case
2025-08-23 18:00:00,2025-08-23,18,2025,8,23,Saturday,True,summer,2560,275770,107.72265625,0.1010593940343581,258.7120487279567,472.042177129793,-3.8453672279980537,True,,False,False,True,True,222817.0,219460.0,654017.0,657481.0,0.0,0.0,0.0,0.0,15.0,15.0,0.0,9.0,4,52.0,22,0,True,True,False,True,맑음,30.5,69,24.2,35.6,0.0,0.0,0.0,0.0,0,1009.6,1005.9,0,0,0,0,7.9,254,21.2,240.0,159.0,81.0,3600.0,1,offday,test,-1.0,-1.8369701987210297e-16,-0.8660254037844384,-0.5000000000000004,True,471.9897306978327,0.052446431960277096,special_case
2022-10-15 18:00:00,2022-10-15,18,2022,10,15,Saturday,True,fall,3436,309646,90.11816065192085,0.0862061061335171,296.2041806747649,472.06936500965173,-70.29361337230728,True,,False,False,True,True,,,655605.0,631425.0,0.0,0.0,0.0,0.0,0.0,0.0,0.0,0.0,4,52.0,22,0,False,True,False,False,흐림,15.4,78,11.6,14.5,0.0,0.0,0.0,0.0,3,1018.3,1014.3,100,0,100,96,9.2,329,11.2,37.0,10.0,27.0,1425.48,1,offday,train,-1.0,-1.8369701987210297e-16,-0.8660254037844386,0.5000000000000001,True,472.042177129793,0.027187879858729502,special_case
2024-10-20 18:00:00,2024-10-20,18,2024,10,20,Sunday,True,fall,3071,306369,99.76196678606316,0.0862061061335171,264.7389519360311,472.2522560926194,-67.44757777734026,True,,False,False,True,True,233692.0,220077.0,692280.0,672491.0,656.0,18042.0,2050135.29,845.0,0.0,0.0,0.0,0.0,4,52.0,22,0,True,True,True,False,맑음,13.8,55,4.9,10.6,0.0,0.0,0.0,0.0,0,1029.4,1025.4,15,0,0,15,13.1,98,24.1,28.0,9.0,19.0,1377.48,1,offday,valid,-1.0,-1.8369701987210297e-16,-0.8660254037844386,0.5000000000000001,True,472.06936500965173,0.18289108296767154,special_case
2023-05-21 16:00:00,2023-05-21,16,2023,5,21,Sunday,True,spring,2560,258878,101.12421875,0.1106643479569391,283.3007307697642,472.29775239168976,24.988108083887028,True,,False,False,True,True,157452.0,158753.0,397206.0,406437.0,880.0,31658.0,3628702.67,849.0,0.0,0.0,0.0,0.0,4,52.0,22,0,True,True,True,False,흐림,19.9,57,11.1,17.8,0.0,0.0,0.0,0.0,3,1008.5,1004.6,100,0,38,100,18.1,239,36.0,589.0,343.0,246.0,3600.0,1,offday,train,-0.8660254037844384,-0.5000000000000004,0.49999999999999994,-0.8660254037844387,True,472.2522560926194,0.04549629907035069,special_case
2023-06-06 13:00:00,2023-06-06,13,2023,6,6,Tuesday,False,summer,3191,334549,104.84142901911626,0.0919203898842977,293.31796412079416,472.5586092297251,96.14377612673388,False,현충일,True,False,True,False,120185.0,113904.0,249942.0,367950.0,724.0,25016.0,2570406.34,712.0,0.0,0.0,0.0,0.0,4,52.0,22,0,True,True,True,False,부분적으로 흐림,22.5,59,14.2,22.8,0.0,0.0,0.0,0.0,2,1006.6,1002.8,60,0,60,0,12.9,252,27.0,697.0,388.0,309.0,3600.0,1,offday,train,-0.2588190451025208,-0.9659258262890683,1.2246467991473532e-16,-1.0,True,472.29775239168976,0.26085683803535176,special_case
2023-05-20 16:00:00,2023-05-20,16,2023,5,20,Saturday,True,spring,2871,258545,90.05398815743644,0.1106643479569391,317.71734298437224,472.6177781241721,22.760896665382916,True,,False,False,True,True,157452.0,158753.0,397206.0,406437.0,962.0,33955.0,3846797.96,899.0,0.0,0.0,0.0,0.0,4,52.0,22,0,True,True,True,False,맑음,20.3,67,13.9,18.5,0.0,0.0,0.0,0.0,0,1009.8,1005.9,14,2,0,12,22.1,246,46.4,589.0,362.0,227.0,3600.0,1,offday,train,-0.8660254037844384,-0.5000000000000004,0.49999999999999994,-0.8660254037844387,True,472.5586092297251,0.05916889444699791,special_case
2022-09-12 12:00:00,2022-09-12,12,2022,9,12,Monday,False,fall,2888,288719,99.97195290858726,0.1065118396644879,307.6061929510411,473.095467632412,103.40258169324647,False,대체공휴일,True,True,True,True,,,203808.0,301768.0,0.0,0.0,0.0,0.0,0.0,0.0,0.0,0.0,4,52.0,22,0,False,True,False,False,흐림,26.1,66,19.4,29.8,0.0,0.0,0.0,0.0,3,1014.5,1010.7,100,9,3,100,1.1,72,13.0,594.0,281.0,313.0,3600.0,1,offday,train,1.2246467991473532e-16,-1.0,-1.0,-1.8369701987210297e-16,True,472.6177781241721,0.4776895082399051,special_case
2024-05-19 19:00:00,2024-05-19,19,2024,5,19,Sunday,True,spring,3297,340677,103.32939035486808,0.0761098888961958,250.93430369075767,473.2874118270274,-86.1968626560581,True,,False,False,True,True,157446.0,164058.0,460814.0,477492.0,988.0,34088.0,4374494.11,1147.0,0.0,0.0,0.0,0.0,4,52.0,22,0,True,True,True,False,맑음,19.6,67,13.3,19.8,0.0,0.0,0.0,0.0,0,1013.8,1009.9,8,0,0,8,6.5,276,17.3,114.0,48.0,66.0,3600.0,1,offday,valid,-0.9659258262890684,0.2588190451025203,0.49999999999999994,-0.8660254037844387,True,473.095467632412,0.19194419461541656,special_case
2025-05-06 15:00:00,2025-05-06,15,2025,5,6,Tuesday,False,spring,2428,240602,99.09472817133444,0.1173799620909657,284.9985479568649,474.0453400771615,7.057455596947818,False,대체공휴일,True,True,True,True,145162.0,145607.0,361252.0,431423.0,0.0,0.0,0.0,0.0,6.0,5.0,1.0,3.0,4,52.0,22,0,True,True,False,True,흐림,17.6,42,4.7,14.7,0.0,0.0,0.0,0.0,3,1006.4,1002.5,100,1,100,100,11.5,337,27.7,360.0,61.0,299.0,407.49,1,offday,test,-0.7071067811865471,-0.7071067811865479,0.49999999999999994,-0.8660254037844387,True,473.2874118270274,0.7579282501340572,special_case
2024-05-12 14:00:00,2024-05-12,14,2024,5,12,Sunday,True,spring,3001,311072,103.65611462845716,0.0977777335148833,293.43097827816496,474.5670717001536,81.99120385513629,True,,False,False,True,True,125232.0,122594.0,306752.0,401290.0,920.0,37423.0,4111027.62,811.0,0.0,0.0,0.0,0.0,4,52.0,22,0,True,True,True,False,맑음,21.1,41,7.3,20.0,0.0,0.0,0.0,0.0,0,1009.4,1005.5,4,1,0,3,14.8,315,32.0,870.0,677.0,193.0,3600.0,1,offday,valid,-0.4999999999999998,-0.8660254037844388,0.49999999999999994,-0.8660254037844387,True,474.0453400771615,0.5217316229920925,special_case
2024-06-16 15:00:00,2024-06-16,15,2024,6,16,Sunday,True,summer,3487,319548,91.63980498996273,0.0935275965658001,326.1307292249451,475.0593487367397,70.68899382298787,True,,False,False,True,True,135633.0,134648.0,323366.0,377916.0,602.0,19972.0,2010935.69,555.0,0.0,0.0,0.0,0.0,4,52.0,22,0,True,True,True,False,대체로 맑음,29.0,34,11.5,28.4,0.0,0.0,0.0,0.0,1,1005.7,1002.0,22,0,22,0,14.0,282,31.0,713.0,527.0,186.0,3600.0,1,offday,valid,-0.7071067811865471,-0.7071067811865479,1.2246467991473532e-16,-1.0,True,474.5670717001536,0.4922770365861311,special_case
2023-04-02 19:00:00,2023-04-02,19,2023,4,2,Sunday,True,spring,3509,344368,98.13850099743516,0.0761098888961958,267.0696001367512,475.3693107260867,-88.01250552198121,True,,False,False,True,True,156764.0,162060.0,435667.0,457838.0,964.0,34305.0,3895783.04,1172.0,0.0,0.0,0.0,0.0,4,52.0,22,0,True,True,True,False,맑음,19.5,22,-2.8,14.7,0.0,0.0,0.0,0.0,0,1019.0,1015.1,0,0,0,0,15.3,120,27.0,37.0,13.0,24.0,2235.84,1,offday,train,-0.9659258262890684,0.2588190451025203,0.8660254037844387,-0.49999999999999983,True,475.0593487367397,0.30996198934701624,special_case
2025-06-06 18:00:00,2025-06-06,18,2025,6,6,Friday,False,summer,2994,310867,103.82999331997328,0.0849768175437643,254.4205917260303,475.4116574774864,-68.8227225887216,False,현충일,True,False,True,True,207660.0,202811.0,622823.0,627356.0,0.0,0.0,0.0,0.0,10.0,10.0,0.0,3.0,4,52.0,22,0,True,True,False,True,흐림,25.2,42,11.4,23.4,0.0,0.0,0.0,0.0,3,1007.1,1003.3,92,0,0,92,15.8,226,41.0,303.0,176.0,127.0,3600.0,1,offday,test,-1.0,-1.8369701987210297e-16,1.2246467991473532e-16,-1.0,True,475.3693107260867,0.04234675139969113,special_case
2024-09-21 18:00:00,2024-09-21,18,2024,9,21,Saturday,True,fall,4008,316973,79.08507984031937,0.0862061061335171,345.51407338313675,475.5070728741645,-75.09565656899207,True,,False,False,True,True,209964.0,204962.0,616716.0,626970.0,821.0,23856.0,2770994.45,873.0,0.0,0.0,0.0,0.0,4,52.0,22,0,True,True,True,False,흐림,21.0,67,14.8,20.1,0.0,0.0,0.0,0.0,3,1007.4,1003.5,100,100,100,0,16.8,45,32.4,29.0,1.0,28.0,0.0,1,offday,valid,-1.0,-1.8369701987210297e-16,-1.0,-1.8369701987210297e-16,True,475.4116574774864,0.09541539667810639,special_case
2022-09-04 18:00:00,2022-09-04,18,2022,9,4,Sunday,True,fall,3837,315442,82.21058118321605,0.0862061061335171,330.7728292343053,475.5999820799822,-73.76297185175923,True,,False,False,True,True,,,611046.0,611210.0,0.0,0.0,0.0,0.0,0.0,0.0,0.0,0.0,4,52.0,22,0,False,True,False,False,보통 비,23.3,95,22.5,26.8,3.3,3.3,0.0,0.0,63,1006.8,1003.0,100,45,88,100,11.4,169,32.0,38.0,0.0,38.0,0.0,1,offday,train,-1.0,-1.8369701987210297e-16,-1.0,-1.8369701987210297e-16,True,475.5070728741645,0.09290920581770479,special_case
2023-04-22 18:00:00,2023-04-22,18,2023,4,22,Saturday,True,spring,2993,291040,97.24022719679252,0.093388398805632,279.51147762525676,475.8015465388371,-46.03081865897434,True,,False,False,True,True,217630.0,205218.0,656393.0,636217.0,990.0,34851.0,3870244.96,1043.0,0.0,0.0,0.0,0.0,4,52.0,22,0,True,True,True,False,흐림,17.4,29,-0.9,13.5,0.0,0.0,0.0,0.0,3,1020.5,1016.5,99,0,86,94,11.1,65,24.1,141.0,32.0,109.0,1087.24,1,offday,train,-1.0,-1.8369701987210297e-16,0.8660254037844387,-0.49999999999999983,True,475.5999820799822,0.20156445885487528,special_case
2022-06-11 17:00:00,2022-06-11,17,2022,6,11,Saturday,True,summer,2957,275073,93.02434900236726,0.1047704649595659,309.80626488543663,475.80529754114855,21.99056535827117,True,,False,False,True,True,,,435526.0,441346.0,0.0,0.0,0.0,0.0,0.0,0.0,0.0,0.0,4,52.0,22,0,False,True,False,False,대체로 맑음,29.4,39,14.2,28.8,0.0,0.0,0.0,0.0,1,1010.1,1006.3,47,8,45,1,13.4,352,25.9,468.0,310.0,158.0,3600.0,1,offday,train,-0.9659258262890683,-0.25881904510252063,1.2246467991473532e-16,-1.0,True,475.8015465388371,0.0037510023114464275,special_case
2025-08-23 17:00:00,2025-08-23,17,2025,8,23,Saturday,True,summer,2560,275770,107.72265625,0.1047704649595659,268.21239029648893,475.88754435779106,24.34717782380568,True,,False,False,True,True,189367.0,185561.0,528242.0,527555.0,0.0,0.0,0.0,0.0,15.0,15.0,0.0,9.0,4,52.0,22,0,True,True,False,True,맑음,31.5,65,24.0,36.3,0.0,0.0,0.0,0.0,0,1009.4,1005.7,5,5,0,0,8.8,251,23.8,429.0,324.0,105.0,3600.0,1,offday,test,-0.9659258262890683,-0.25881904510252063,-0.8660254037844384,-0.5000000000000004,True,475.80529754114855,0.08224681664250966,special_case
2023-10-03 16:00:00,2023-10-03,16,2023,10,3,Tuesday,False,fall,2469,267960,108.52976913730257,0.0989812433119339,244.38468973716505,475.9081667536517,-57.128451960418374,False,개천절,True,False,True,True,167258.0,165845.0,428915.0,434112.0,0.0,0.0,0.0,0.0,0.0,0.0,0.0,0.0,4,52.0,22,0,True,True,False,False,부분적으로 흐림,21.0,57,12.2,20.6,0.0,0.0,0.0,0.0,2,1016.5,1012.6,76,0,76,0,7.2,177,18.7,345.0,167.0,178.0,3600.0,1,offday,train,-0.8660254037844384,-0.5000000000000004,-0.8660254037844386,0.5000000000000001,True,475.88754435779106,0.020622395860641518,special_case
2025-04-27 20:00:00,2025-04-27,20,2025,4,27,Sunday,True,spring,3968,435330,109.7101814516129,0.0570144493127863,226.2333348731362,476.4445946193799,-132.57380559424053,True,,False,False,True,True,115758.0,117431.0,394137.0,294462.0,0.0,0.0,0.0,0.0,4.0,4.0,0.0,3.0,4,52.0,22,0,True,True,False,True,부분적으로 흐림,11.6,70,6.4,9.5,0.0,0.0,0.0,0.0,2,1012.7,1008.7,68,0,11,66,8.4,235,24.5,2.0,0.0,2.0,0.0,1,offday,test,-0.8660254037844386,0.5000000000000001,0.8660254037844387,-0.49999999999999983,True,475.9081667536517,0.5364278657282284,special_case
2022-04-09 17:00:00,2022-04-09,17,2022,4,9,Saturday,True,spring,3380,267728,79.20946745562131,0.1056648495856345,357.1471915994447,476.9007713352472,-13.704676694733962,True,,False,False,True,True,,,413695.0,408748.0,0.0,0.0,0.0,0.0,0.0,0.0,0.0,0.0,4,52.0,22,0,False,True,False,False,맑음,17.2,58,8.9,14.9,0.0,0.0,0.0,0.0,0,1013.7,1009.8,0,0,0,0,14.0,235,31.7,387.0,261.0,126.0,3600.0,1,offday,train,-0.9659258262890683,-0.25881904510252063,0.8660254037844387,-0.49999999999999983,True,476.4445946193799,0.4561767158672865,special_case
2025-06-01 18:00:00,2025-06-01,18,2025,6,1,Sunday,True,summer,2685,278968,103.89869646182495,0.1010593940343581,271.3444729822515,477.16255904648693,-4.508380991438742,True,,False,False,True,True,207660.0,202811.0,622823.0,627356.0,0.0,0.0,0.0,0.0,7.0,7.0,0.0,2.0,4,52.0,22,0,True,True,False,True,흐림,24.5,43,11.0,23.3,0.0,0.0,0.0,0.0,3,1007.9,1004.1,100,0,2,100,10.5,262,29.9,220.0,48.0,172.0,1625.19,1,offday,test,-1.0,-1.8369701987210297e-16,1.2246467991473532e-16,-1.0,True,476.9007713352472,0.26178771123971956,special_case
2024-04-13 19:00:00,2024-04-13,19,2024,4,13,Saturday,True,spring,3291,343106,104.25584928593132,0.0761098888961958,250.4776443573805,477.1717565647986,-86.66384195035857,True,,False,False,True,True,160119.0,165308.0,454878.0,486517.0,929.0,32421.0,3958172.7,1099.0,0.0,0.0,0.0,0.0,4,52.0,22,0,True,True,True,False,맑음,19.1,39,4.7,16.5,0.0,0.0,0.0,0.0,0,1016.9,1013.0,0,0,0,0,9.6,283,22.3,52.0,18.0,34.0,3155.77,1,offday,valid,-0.9659258262890684,0.2588190451025203,0.8660254037844387,-0.49999999999999983,True,477.16255904648693,0.009197518311680142,special_case
2025-09-20 12:00:00,2025-09-20,12,2025,9,20,Saturday,True,fall,3574,456305,127.6734750979295,0.0738136969525007,263.8101529082376,477.934445951921,134.7533141665,True,,False,False,True,True,126915.0,121371.0,254165.0,356827.0,0.0,0.0,0.0,0.0,17.0,16.0,1.0,8.0,4,52.0,22,0,True,True,False,True,흐림,21.9,71,16.5,23.7,0.0,0.0,0.0,0.0,3,1009.4,1005.6,91,91,14,0,8.9,310,24.1,702.0,508.0,194.0,3600.0,1,offday,test,1.2246467991473532e-16,-1.0,-1.0,-1.8369701987210297e-16,True,477.1717565647986,0.762689387122407,special_case
2023-05-07 13:00:00,2023-05-07,13,2023,5,7,Sunday,True,spring,3406,382650,112.3458602466236,0.0829554972469645,282.54642362316133,478.00298126673624,109.474622453314,True,,False,False,True,True,122764.0,116539.0,259824.0,381217.0,624.0,22920.0,2603172.65,526.0,0.0,0.0,0.0,0.0,4,52.0,22,0,True,True,True,False,흐림,16.1,49,5.5,13.2,0.0,0.0,0.0,0.0,3,1013.4,1009.5,100,0,98,100,12.6,53,22.3,298.0,16.0,282.0,0.0,1,offday,train,-0.2588190451025208,-0.9659258262890683,0.49999999999999994,-0.8660254037844387,True,477.934445951921,0.06853531481522168,special_case
2024-04-07 19:00:00,2024-04-07,19,2024,4,7,Sunday,True,spring,3221,343484,106.63893200869296,0.0761098888961958,245.1499521346468,478.9695991709346,-86.39103945121218,True,,False,False,True,True,160119.0,165308.0,454878.0,486517.0,739.0,23368.0,2810500.3,979.0,0.0,0.0,0.0,0.0,4,52.0,22,0,True,True,True,False,맑음,12.7,30,-4.4,9.0,0.0,0.0,0.0,0.0,0,1017.3,1013.3,7,0,0,7,6.8,288,19.8,45.0,16.0,29.0,2972.42,1,offday,valid,-0.9659258262890684,0.2588190451025203,0.8660254037844387,-0.49999999999999983,True,478.00298126673624,0.9666179041983582,special_case
2025-05-31 18:00:00,2025-05-31,18,2025,5,31,Saturday,True,spring,2982,292972,98.2468142186452,0.093388398805632,278.4842052383948,479.33899565407455,-46.1117560300346,True,,False,False,True,True,213771.0,207825.0,667668.0,673068.0,0.0,0.0,0.0,0.0,7.0,7.0,0.0,2.0,4,52.0,22,0,True,True,False,True,흐림,23.8,48,12.1,22.8,0.0,0.0,0.0,0.0,3,1009.4,1005.6,100,0,0,100,11.6,263,33.1,247.0,81.0,166.0,3600.0,1,offday,test,-1.0,-1.8369701987210297e-16,0.49999999999999994,-0.8660254037844387,True,478.9695991709346,0.3693964831399512,special_case
2023-10-07 15:00:00,2023-10-07,15,2023,10,7,Saturday,True,fall,2886,261707,90.68156618156618,0.1124759978651691,324.605729838878,480.0881774526188,40.88976154522789,True,,False,False,True,True,143101.0,142544.0,352489.0,399129.0,0.0,0.0,0.0,0.0,0.0,0.0,0.0,0.0,4,52.0,22,0,True,True,False,False,흐림,21.0,47,9.4,19.5,0.0,0.0,0.0,0.0,3,1021.5,1017.6,100,0,1,100,9.6,103,19.4,467.0,227.0,240.0,3600.0,1,offday,train,-0.7071067811865471,-0.7071067811865479,-0.8660254037844386,0.5000000000000001,True,479.33899565407455,0.7491817985442708,special_case
2023-10-09 13:00:00,2023-10-09,13,2023,10,9,Monday,False,fall,2470,251608,101.8655870445344,0.1201225009099709,296.70257724762814,480.27218251471754,68.94588069252234,False,한글날,True,False,True,True,128155.0,126336.0,273010.0,420242.0,0.0,0.0,0.0,0.0,0.0,0.0,0.0,0.0,4,52.0,22,0,True,True,False,False,흐림,19.5,59,11.4,20.1,0.0,0.0,0.0,0.0,3,1020.1,1016.2,95,0,39,92,3.8,107,16.2,646.0,456.0,190.0,3600.0,1,offday,train,-0.2588190451025208,-0.9659258262890683,-0.8660254037844386,0.5000000000000001,True,480.0881774526188,0.18400506209871992,special_case
2022-08-27 14:00:00,2022-08-27,14,2022,8,27,Saturday,True,summer,4495,375388,83.5123470522803,0.0809922881834863,364.06033538477095,480.8817914171791,92.35159172871865,True,,False,False,True,True,,,234997.0,314740.0,0.0,0.0,0.0,0.0,0.0,0.0,0.0,0.0,4,52.0,22,0,False,True,False,False,맑음,23.0,53,13.0,23.4,0.0,0.0,0.0,0.0,0,1010.5,1006.7,1,1,0,0,15.3,311,32.4,852.0,714.0,138.0,3600.0,1,offday,train,-0.4999999999999998,-0.8660254037844388,-0.8660254037844384,-0.5000000000000004,True,480.27218251471754,0.6096089024615594,special_case
2025-05-04 17:00:00,2025-05-04,17,2025,5,4,Sunday,True,spring,3130,269269,86.02843450479233,0.1056648495856345,330.73097920303604,480.9928752647673,-11.641196300953538,True,,False,False,True,True,185585.0,182734.0,545424.0,554442.0,0.0,0.0,0.0,0.0,4.0,4.0,0.0,2.0,4,52.0,22,0,True,True,False,True,맑음,15.4,51,5.4,11.5,0.0,0.0,0.0,0.0,0,1011.4,1007.5,0,0,0,0,19.3,256,49.3,456.0,316.0,140.0,3600.0,1,offday,test,-0.9659258262890683,-0.25881904510252063,0.49999999999999994,-0.8660254037844387,True,480.8817914171791,0.11108384758819057,special_case
2022-05-01 15:00:00,2022-05-01,15,2022,5,1,Sunday,True,spring,3000,276982,92.32733333333331,0.1077131147753142,323.13934432594283,481.1840135216164,53.764312410214416,True,,False,False,True,True,,,285323.0,338698.0,0.0,0.0,0.0,0.0,0.0,0.0,0.0,0.0,4,52.0,22,0,False,True,False,False,맑음,15.9,37,1.4,11.0,0.0,0.0,0.0,0.0,0,1011.6,1007.7,0,0,0,0,27.7,232,50.0,777.0,594.0,183.0,3600.0,1,offday,train,-0.7071067811865471,-0.7071067811865479,0.49999999999999994,-0.8660254037844387,True,480.9928752647673,0.1911382568491149,special_case
2023-08-15 17:00:00,2023-08-15,17,2023,8,15,Tuesday,False,summer,2294,273047,119.02659110723629,0.1010421936422181,231.7907922152485,481.20421079508793,-24.50553821547908,False,광복절,True,False,True,False,180545.0,173649.0,493091.0,488786.0,0.0,0.0,0.0,0.0,0.0,0.0,0.0,0.0,4,52.0,22,0,True,True,False,False,대체로 맑음,30.5,65,23.2,34.9,0.0,0.0,0.0,0.0,1,1003.2,999.5,21,3,3,18,8.0,297,16.2,447.0,322.0,125.0,3600.0,1,offday,train,-0.9659258262890683,-0.25881904510252063,-0.8660254037844384,-0.5000000000000004,True,481.1840135216164,0.020197273471524113,special_case
2025-08-16 16:00:00,2025-08-16,16,2025,8,16,Saturday,True,summer,2622,294606,112.35926773455378,0.1019931999973653,267.4261703930919,481.42666409529926,50.87885130713624,True,,False,False,True,True,158565.0,159279.0,412716.0,443693.0,0.0,0.0,0.0,0.0,14.0,13.0,1.0,8.0,4,52.0,22,0,True,True,False,True,맑음,29.2,74,24.2,33.7,0.0,0.0,0.0,0.0,0,1012.5,1008.7,17,6,0,12,11.8,231,32.0,516.0,325.0,191.0,3600.0,1,offday,test,-0.8660254037844384,-0.5000000000000004,-0.8660254037844384,-0.5000000000000004,True,481.20421079508793,0.2224533002113276,special_case
2025-06-01 17:00:00,2025-06-01,17,2025,6,1,Sunday,True,summer,2685,278968,103.89869646182495,0.1047704649595659,281.3086984164347,481.6709400379257,24.08735217803752,True,,False,False,True,True,176838.0,175943.0,504210.0,503700.0,0.0,0.0,0.0,0.0,7.0,7.0,0.0,2.0,4,52.0,22,0,True,True,False,True,흐림,26.0,38,10.7,24.4,0.0,0.0,0.0,0.0,3,1008.2,1004.4,100,0,1,100,12.4,262,32.8,400.0,182.0,218.0,3600.0,1,offday,test,-0.9659258262890683,-0.25881904510252063,1.2246467991473532e-16,-1.0,True,481.42666409529926,0.24427594262641605,special_case
2022-06-05 19:00:00,2022-06-05,19,2022,6,5,Sunday,True,summer,2693,301765,112.05532862978092,0.0912420622822565,245.71487372611696,481.8317262712251,-35.108682369247276,True,,False,False,True,True,,,375685.0,420065.0,0.0,0.0,0.0,0.0,0.0,0.0,0.0,0.0,4,52.0,22,0,False,True,False,False,약한 이슬비,21.8,59,13.4,21.3,0.1,0.1,0.0,0.0,51,1001.1,997.3,100,18,58,100,10.4,124,27.4,57.0,0.0,57.0,0.0,1,offday,train,-0.9659258262890684,0.2588190451025203,1.2246467991473532e-16,-1.0,True,481.6709400379257,0.16078623329940456,special_case
2022-06-01 13:00:00,2022-06-01,13,2022,6,1,Wednesday,False,summer,3020,344335,114.0182119205298,0.0919203898842977,277.59957745057926,481.95087377556206,99.2538146192776,False,전국동시지방선거,True,False,True,False,,,217587.0,326187.0,0.0,0.0,0.0,0.0,0.0,0.0,0.0,0.0,4,52.0,22,0,False,True,False,False,맑음,26.9,26,5.7,24.8,0.0,0.0,0.0,0.0,0,1005.5,1001.7,0,0,0,0,18.1,249,36.4,872.0,616.0,256.0,3600.0,1,offday,train,-0.2588190451025208,-0.9659258262890683,1.2246467991473532e-16,-1.0,True,481.8317262712251,0.11914750433697918,special_case
2025-05-18 19:00:00,2025-05-18,19,2025,5,18,Sunday,True,spring,3378,347214,102.78685612788632,0.0761098888961958,257.09920469134954,482.0625185742366,-87.93954875802342,True,,False,False,True,True,156142.0,160509.0,472948.0,469754.0,0.0,0.0,0.0,0.0,7.0,6.0,1.0,4.0,4,52.0,22,0,True,True,False,True,맑음,15.0,61,7.6,13.5,0.0,0.0,0.0,0.0,0,1010.6,1006.7,0,0,0,0,6.2,248,22.0,112.0,46.0,66.0,3600.0,1,offday,test,-0.9659258262890684,0.2588190451025203,0.49999999999999994,-0.8660254037844387,True,481.95087377556206,0.11164479867454702,special_case
2024-06-06 17:00:00,2024-06-06,17,2024,6,6,Thursday,False,summer,2869,276505,96.37678633670268,0.1010421936422181,289.89005355952395,482.12554677689775,-29.318695717080004,False,현충일,True,False,True,False,175070.0,174567.0,493672.0,512001.0,778.0,26738.0,2993616.64,764.0,0.0,0.0,0.0,0.0,4,52.0,22,0,True,True,True,False,약한 이슬비,27.8,41,13.4,26.9,0.1,0.1,0.0,0.0,51,1013.9,1010.1,33,0,32,6,12.8,259,26.6,450.0,293.0,157.0,3600.0,1,offday,valid,-0.9659258262890683,-0.25881904510252063,1.2246467991473532e-16,-1.0,True,482.0625185742366,0.06302820266114395,special_case
2023-06-18 14:00:00,2023-06-18,14,2023,6,18,Sunday,True,summer,3819,385582,100.96412673474732,0.0809922881834863,309.3095485727342,482.2315664425207,95.11248276748928,True,,False,False,True,True,116833.0,111408.0,264572.0,340237.0,476.0,13062.0,1405068.18,465.0,0.0,0.0,0.0,0.0,4,52.0,22,0,True,True,True,False,맑음,28.9,53,18.5,32.7,0.0,0.0,0.0,0.0,0,1006.4,1002.7,0,0,0,0,8.4,260,20.5,867.0,676.0,191.0,3600.0,1,offday,train,-0.4999999999999998,-0.8660254037844388,1.2246467991473532e-16,-1.0,True,482.12554677689775,0.10601966562296639,special_case
2025-06-03 18:00:00,2025-06-03,18,2025,6,3,Tuesday,False,summer,2829,313831,110.93354542241076,0.0849768175437643,240.3994168313092,483.05392889965685,-68.20338103514439,False,임시공휴일(제21대 대통령 선거),True,False,True,False,207660.0,202811.0,622823.0,627356.0,0.0,0.0,0.0,0.0,7.0,7.0,0.0,2.0,4,52.0,22,0,True,True,False,True,맑음,22.9,35,6.6,19.0,0.0,0.0,0.0,0.0,0,998.3,994.5,5,0,5,0,20.9,270,45.4,292.0,175.0,117.0,3600.0,1,offday,test,-1.0,-1.8369701987210297e-16,1.2246467991473532e-16,-1.0,True,482.2315664425207,0.822362457136137,special_case
2023-04-23 19:00:00,2023-04-23,19,2023,4,23,Sunday,True,spring,3301,347232,105.18994244168434,0.0761098888961958,251.23874324634247,483.42098035690486,-87.55807314029113,True,,False,False,True,True,156764.0,162060.0,435667.0,457838.0,609.0,17665.0,2360461.33,688.0,0.0,0.0,0.0,0.0,4,52.0,22,0,True,True,True,False,흐림,16.8,34,0.6,12.6,0.0,0.0,0.0,0.0,3,1022.5,1018.5,100,0,88,98,15.2,292,24.5,36.0,1.0,35.0,0.0,1,offday,train,-0.9659258262890684,0.2588190451025203,0.8660254037844387,-0.49999999999999983,True,483.05392889965685,0.36705145724801014,special_case
2022-04-23 14:00:00,2022-04-23,14,2022,4,23,Saturday,True,spring,3263,314876,96.49892736745326,0.0977777335148833,319.0487444590644,483.7098761278059,82.462993714336,True,,False,False,True,True,,,217213.0,285529.0,0.0,0.0,0.0,0.0,0.0,0.0,0.0,0.0,4,52.0,22,0,False,True,False,False,흐림,23.5,25,2.6,22.3,0.0,0.0,0.0,0.0,3,1011.6,1007.8,100,0,0,100,7.3,123,24.1,809.0,553.0,256.0,3600.0,1,offday,train,-0.4999999999999998,-0.8660254037844388,0.8660254037844387,-0.49999999999999983,True,483.42098035690486,0.2888957709010356,special_case
2023-09-23 15:00:00,2023-09-23,15,2023,9,23,Saturday,True,fall,2796,264230,94.50286123032905,0.1124759978651691,314.4828900310128,483.8775812266216,42.069029081031886,True,,False,False,True,True,129581.0,129207.0,302627.0,354386.0,0.0,0.0,0.0,0.0,0.0,0.0,0.0,0.0,4,52.0,22,0,True,True,False,False,흐림,25.0,51,14.2,24.8,0.0,0.0,0.0,0.0,3,1019.6,1015.8,100,0,0,100,11.0,67,21.2,468.0,159.0,309.0,3600.0,1,offday,train,-0.7071067811865471,-0.7071067811865479,-1.0,-1.8369701987210297e-16,True,483.7098761278059,0.16770509881570206,special_case
2024-09-22 16:00:00,2024-09-22,16,2024,9,22,Sunday,True,fall,4411,260877,59.14237134436636,0.1113266708276356,491.06194502070093,484.04279842501853,-4.9972164928434495,True,,False,False,True,True,157557.0,162508.0,383752.0,422775.0,1264.0,48172.0,5229116.62,1153.0,0.0,0.0,0.0,0.0,4,52.0,22,0,True,True,True,False,약한 이슬비,23.1,63,15.8,23.3,0.1,0.1,0.0,0.0,51,1013.3,1009.5,26,7,21,0,12.4,60,23.4,410.0,275.0,135.0,3600.0,1,offday,valid,-0.8660254037844384,-0.5000000000000004,-1.0,-1.8369701987210297e-16,True,483.8775812266216,0.16521719839693105,special_case
2025-05-11 15:00:00,2025-05-11,15,2025,5,11,Sunday,True,spring,2729,280458,102.7695126419934,0.1077131147753142,293.9490902218327,484.1561152283353,55.947351671698414,True,,False,False,True,True,145162.0,145607.0,361252.0,431423.0,0.0,0.0,0.0,0.0,8.0,7.0,1.0,5.0,4,52.0,22,0,True,True,False,True,대체로 맑음,19.0,59,10.8,18.8,0.0,0.0,0.0,0.0,1,1004.9,1001.0,36,3,35,0,11.0,236,30.2,739.0,500.0,239.0,3600.0,1,offday,test,-0.7071067811865471,-0.7071067811865479,0.49999999999999994,-0.8660254037844387,True,484.04279842501853,0.11331680331676353,special_case
2022-06-12 15:00:00,2022-06-12,15,2022,6,12,Sunday,True,summer,2988,331115,110.81492637215528,0.0935275965658001,279.46045853861085,484.4181931442715,74.58353185966814,True,,False,False,True,True,,,265436.0,314411.0,0.0,0.0,0.0,0.0,0.0,0.0,0.0,0.0,4,52.0,22,0,False,True,False,False,흐림,29.4,36,12.8,29.2,0.0,0.0,0.0,0.0,3,1010.5,1006.7,100,4,21,100,7.0,235,17.6,477.0,131.0,346.0,2702.07,1,offday,train,-0.7071067811865471,-0.7071067811865479,1.2246467991473532e-16,-1.0,True,484.1561152283353,0.2620779159362314,special_case
2024-05-18 14:00:00,2024-05-18,14,2024,5,18,Saturday,True,spring,3302,315232,95.46698970321016,0.0977777335148833,322.8620760661448,484.7801459592534,82.47302753592618,True,,False,False,True,True,125232.0,122594.0,306752.0,401290.0,856.0,32936.0,3531734.79,729.0,0.0,0.0,0.0,0.0,4,52.0,22,0,True,True,True,False,맑음,24.1,57,15.1,25.6,0.0,0.0,0.0,0.0,0,1016.0,1012.2,5,5,0,0,12.3,230,26.3,840.0,626.0,214.0,3600.0,1,offday,valid,-0.4999999999999998,-0.8660254037844388,0.49999999999999994,-0.8660254037844387,True,484.4181931442715,0.36195281498186205,special_case
2023-06-24 18:00:00,2023-06-24,18,2023,6,24,Saturday,True,summer,2812,283710,100.89260312944523,0.1010593940343581,284.17901602461495,484.9716121196232,-5.1129031416271005,True,,False,False,True,True,218649.0,207430.0,640457.0,629108.0,688.0,20003.0,2402870.03,660.0,0.0,0.0,0.0,0.0,4,52.0,22,0,True,True,True,False,맑음,27.5,65,20.5,30.3,0.0,0.0,0.0,0.0,0,1012.9,1009.1,3,2,2,0,9.1,277,15.8,296.0,166.0,130.0,3600.0,1,offday,train,-1.0,-1.8369701987210297e-16,1.2246467991473532e-16,-1.0,True,484.7801459592534,0.19146616036982778,special_case
2024-06-09 18:00:00,2024-06-09,18,2024,6,9,Sunday,True,summer,2737,283801,103.69053708439898,0.1010593940343581,276.5995614720381,485.4088443108691,-4.622065764878755,True,,False,False,True,True,208191.0,204607.0,622922.0,652074.0,922.0,31769.0,3885387.77,877.0,0.0,0.0,0.0,0.0,4,52.0,22,0,True,True,True,False,맑음,23.7,60,15.5,23.4,0.0,0.0,0.0,0.0,0,1007.1,1003.3,0,0,0,0,14.6,254,30.6,311.0,190.0,121.0,3600.0,1,offday,valid,-1.0,-1.8369701987210297e-16,1.2246467991473532e-16,-1.0,True,484.9716121196232,0.43723219124586876,special_case
2025-09-21 20:00:00,2025-09-21,20,2025,9,21,Sunday,True,fall,4673,514104,110.01583565161566,0.0479786878750003,224.20440843987657,485.5996388731509,-163.7825902018149,True,,False,False,True,True,121342.0,124092.0,393938.0,283739.0,0.0,0.0,0.0,0.0,17.0,16.0,1.0,8.0,4,52.0,22,0,True,True,False,True,흐림,20.2,71,14.9,20.5,0.0,0.0,0.0,0.0,3,1018.6,1014.7,100,0,0,100,9.2,73,16.9,0.0,0.0,0.0,0.0,1,offday,test,-0.8660254037844386,0.5000000000000001,-1.0,-1.8369701987210297e-16,True,485.4088443108691,0.19079456228183744,special_case
2023-09-16 17:00:00,2023-09-16,17,2023,9,16,Saturday,True,fall,2539,274840,108.24734147302088,0.1019646238147499,258.88817986565005,486.1801328054062,-26.11678006734769,True,,False,False,True,True,176035.0,170252.0,477431.0,487098.0,0.0,0.0,0.0,0.0,0.0,0.0,0.0,0.0,4,52.0,22,0,True,True,False,False,약한 이슬비,25.2,87,22.9,29.9,0.2,0.2,0.0,0.0,51,1010.4,1006.6,100,14,13,100,5.4,42,11.2,146.0,9.0,137.0,0.0,1,offday,train,-0.9659258262890683,-0.25881904510252063,-1.0,-1.8369701987210297e-16,True,485.5996388731509,0.5804939322552514,special_case
2022-09-25 12:00:00,2022-09-25,12,2022,9,25,Sunday,True,fall,4893,429828,87.84549356223177,0.0738136969525007,361.1704191885861,486.2132384684334,130.73109789465656,True,,False,False,True,True,,,203808.0,301768.0,0.0,0.0,0.0,0.0,0.0,0.0,0.0,0.0,4,52.0,22,0,False,True,False,False,대체로 맑음,22.0,52,11.8,23.0,0.0,0.0,0.0,0.0,1,1017.6,1013.7,39,0,12,38,2.2,171,15.1,661.0,411.0,250.0,3600.0,1,offday,train,1.2246467991473532e-16,-1.0,-1.0,-1.8369701987210297e-16,True,486.1801328054062,0.033105663027242827,special_case
2024-05-25 18:00:00,2024-05-25,18,2024,5,25,Saturday,True,spring,3100,297748,96.04774193548388,0.093388398805632,289.5040362974594,486.30129648905086,-47.36839648461671,True,,False,False,True,True,217852.0,210414.0,677290.0,670152.0,971.0,32881.0,3830578.0,995.0,0.0,0.0,0.0,0.0,4,52.0,22,0,True,True,True,False,흐림,20.6,75,16.0,21.0,0.0,0.0,0.0,0.0,3,1013.9,1010.0,100,1,1,100,12.1,233,29.2,216.0,48.0,168.0,1720.36,1,offday,valid,-1.0,-1.8369701987210297e-16,0.49999999999999994,-0.8660254037844387,True,486.2132384684334,0.08805802061743861,special_case
2023-10-07 16:00:00,2023-10-07,16,2023,10,7,Saturday,True,fall,2886,261707,90.68156618156618,0.1113266708276356,321.2887720085565,487.27897505800865,7.190797605389832,True,,False,False,True,True,167258.0,165845.0,428915.0,434112.0,0.0,0.0,0.0,0.0,0.0,0.0,0.0,0.0,4,52.0,22,0,True,True,False,False,흐림,20.9,49,9.6,19.6,0.0,0.0,0.0,0.0,3,1021.3,1017.4,100,1,4,100,8.0,108,19.1,338.0,144.0,194.0,3600.0,1,offday,train,-0.8660254037844384,-0.5000000000000004,-0.8660254037844386,0.5000000000000001,True,486.30129648905086,0.9776785689577991,special_case
2024-04-27 18:00:00,2024-04-27,18,2024,4,27,Saturday,True,spring,3026,298158,98.53205551883674,0.093388398805632,282.5932947858426,487.9317969856062,-46.86406524524375,True,,False,False,True,True,217718.0,210457.0,669925.0,669955.0,1020.0,35504.0,4245109.78,1048.0,0.0,0.0,0.0,0.0,4,52.0,22,0,True,True,True,False,맑음,19.0,58,10.5,17.3,0.0,0.0,0.0,0.0,0,1010.5,1006.6,2,2,0,0,13.0,246,28.4,241.0,137.0,104.0,3600.0,1,offday,valid,-1.0,-1.8369701987210297e-16,0.8660254037844387,-0.49999999999999983,True,487.27897505800865,0.6528219275975289,special_case
2023-09-03 12:00:00,2023-09-03,12,2023,9,3,Sunday,True,fall,3849,453195,117.7435697583788,0.0738136969525007,284.1089195701753,488.0854315119466,135.774590531914,True,,False,False,True,True,114019.0,106991.0,224885.0,326978.0,0.0,0.0,0.0,0.0,0.0,0.0,0.0,0.0,4,52.0,22,0,True,True,False,False,흐림,28.1,73,22.9,33.8,0.0,0.0,0.0,0.0,3,1013.2,1009.4,100,27,18,100,5.4,110,19.4,716.0,522.0,194.0,3600.0,1,offday,train,1.2246467991473532e-16,-1.0,-1.0,-1.8369701987210297e-16,True,487.9317969856062,0.15363452634039731,special_case
2023-06-17 20:00:00,2023-06-17,20,2023,6,17,Saturday,True,summer,3966,358951,90.50706001008572,0.0768858847850752,304.92941905760824,488.9205583508166,-76.73341305412998,True,,False,False,True,True,113291.0,111549.0,371016.0,267952.0,889.0,31786.0,3791104.81,840.0,0.0,0.0,0.0,0.0,4,52.0,22,0,True,True,True,False,흐림,20.1,80,16.5,21.5,0.0,0.0,0.0,0.0,3,1011.5,1007.6,100,0,0,100,6.2,249,18.7,16.0,0.0,16.0,0.0,1,offday,train,-0.8660254037844386,0.5000000000000001,1.2246467991473532e-16,-1.0,True,488.0854315119466,0.8351268388699964,special_case
2024-09-22 15:00:00,2024-09-22,15,2024,9,22,Sunday,True,fall,4411,260877,59.14237134436636,0.1124759978651691,496.13162658326087,489.040014917862,30.957928724881413,True,,False,False,True,True,138586.0,141284.0,321614.0,389738.0,1085.0,43135.0,4678463.21,999.0,0.0,0.0,0.0,0.0,4,52.0,22,0,True,True,True,False,약한 이슬비,23.5,62,15.8,23.7,0.1,0.1,0.0,0.0,51,1013.0,1009.2,62,19,53,0,12.0,46,25.2,506.0,326.0,180.0,3600.0,1,offday,valid,-0.7071067811865471,-0.7071067811865479,-1.0,-1.8369701987210297e-16,True,488.9205583508166,0.11945656704540397,special_case
2024-10-12 17:00:00,2024-10-12,17,2024,10,12,Saturday,True,fall,4146,284640,68.65412445730824,0.1019646238147499,422.7453303359531,489.3186794908792,-39.50234448386931,True,,False,False,True,True,198076.0,193165.0,559339.0,551762.0,1141.0,45150.0,4678626.57,1037.0,0.0,0.0,0.0,0.0,4,52.0,22,0,True,True,True,False,맑음,19.8,69,13.8,20.6,0.0,0.0,0.0,0.0,0,1023.0,1019.1,0,0,0,0,2.8,310,12.6,206.0,128.0,78.0,3600.0,1,offday,valid,-0.9659258262890683,-0.25881904510252063,-0.8660254037844386,0.5000000000000001,True,489.040014917862,0.2786645730172381,special_case
2023-10-01 15:00:00,2023-10-01,15,2023,10,1,Sunday,True,fall,2918,266846,91.44825222755313,0.1124759978651691,328.20496177056344,489.33975219511234,41.85707686498864,True,,False,False,True,True,143101.0,142544.0,352489.0,399129.0,0.0,0.0,0.0,0.0,0.0,0.0,0.0,0.0,4,52.0,22,0,True,True,False,False,맑음,21.7,43,8.5,19.4,0.0,0.0,0.0,0.0,0,1014.8,1010.9,4,0,4,0,14.6,310,27.4,584.0,456.0,128.0,3600.0,1,offday,train,-0.7071067811865471,-0.7071067811865479,-0.8660254037844386,0.5000000000000001,True,489.3186794908792,0.02107270423312002,special_case
2025-10-19 14:00:00,2025-10-19,14,2025,10,19,Sunday,True,fall,2856,295270,103.38585434173667,0.1053558771818858,300.896385231466,490.00911879449615,76.04011415157419,True,,False,False,True,True,134540.0,131055.0,316720.0,400504.0,0.0,0.0,0.0,0.0,19.0,17.0,2.0,11.0,4,52.0,22,0,True,True,False,True,대체로 맑음,18.1,69,12.2,17.3,0.0,0.0,0.0,0.0,1,1022.5,1018.6,30,30,0,0,10.3,308,25.9,504.0,322.0,182.0,3600.0,1,offday,test,-0.4999999999999998,-0.8660254037844388,-0.8660254037844386,0.5000000000000001,True,489.33975219511234,0.6693665993838067,special_case
2024-06-09 17:00:00,2024-06-09,17,2024,6,9,Sunday,True,summer,2737,283801,103.69053708439898,0.1047704649595659,286.7567625943321,490.03091007574784,24.473462934043084,True,,False,False,True,True,175070.0,174567.0,493672.0,512001.0,851.0,28063.0,3270830.85,824.0,0.0,0.0,0.0,0.0,4,52.0,22,0,True,True,True,False,부분적으로 흐림,25.5,53,15.4,25.2,0.0,0.0,0.0,0.0,2,1006.5,1002.7,54,0,0,54,14.4,248,28.4,482.0,316.0,166.0,3600.0,1,offday,valid,-0.9659258262890683,-0.25881904510252063,1.2246467991473532e-16,-1.0,True,490.00911879449615,0.021791281251694272,special_case
2023-04-30 14:00:00,2023-04-30,14,2023,4,30,Sunday,True,spring,4249,308886,72.69616380324783,0.0977777335148833,415.45758970473935,490.04287727948525,78.42480761365022,True,,False,False,True,True,115768.0,111751.0,264100.0,346494.0,771.0,28601.0,3226674.28,657.0,0.0,0.0,0.0,0.0,4,52.0,22,0,True,True,True,False,부분적으로 흐림,17.4,44,4.8,14.4,0.0,0.0,0.0,0.0,2,1009.3,1005.4,65,0,64,4,19.4,228,37.4,778.0,534.0,244.0,3600.0,1,offday,train,-0.4999999999999998,-0.8660254037844388,0.8660254037844387,-0.49999999999999983,True,490.03091007574784,0.011967203737413001,special_case
2023-06-24 17:00:00,2023-06-24,17,2023,6,24,Saturday,True,summer,2812,283710,100.89260312944523,0.1047704649595659,294.61454746629954,490.08451526125026,24.0339980503029,True,,False,False,True,True,179698.0,173173.0,491849.0,481958.0,647.0,19922.0,2224482.03,578.0,0.0,0.0,0.0,0.0,4,52.0,22,0,True,True,True,False,맑음,28.5,62,20.4,31.4,0.0,0.0,0.0,0.0,0,1012.9,1009.1,4,2,2,0,7.3,279,17.3,415.0,241.0,174.0,3600.0,1,offday,train,-0.9659258262890683,-0.25881904510252063,1.2246467991473532e-16,-1.0,True,490.04287727948525,0.04163798176500677,special_case
2024-10-26 13:00:00,2024-10-26,13,2024,10,26,Saturday,True,fall,3356,350067,104.31078665077472,0.0915726254037753,307.31773085507024,490.2612880669957,106.06534325217253,True,,False,False,True,True,137374.0,134469.0,296007.0,431650.0,735.0,24313.0,2527273.21,647.0,0.0,0.0,0.0,0.0,4,52.0,22,0,True,True,True,False,맑음,20.5,60,12.5,20.4,0.0,0.0,0.0,0.0,0,1020.7,1016.8,0,0,0,0,8.8,91,20.9,612.0,484.0,128.0,3600.0,1,offday,valid,-0.2588190451025208,-0.9659258262890683,-0.8660254037844386,0.5000000000000001,True,490.08451526125026,0.1767728057454292,special_case
2023-06-25 18:00:00,2023-06-25,18,2023,6,25,Sunday,True,summer,2562,286263,111.73419203747072,0.1010593940343581,258.91416751602543,490.35736313495465,-3.3726465456333017,True,,False,False,True,True,218649.0,207430.0,640457.0,629108.0,736.0,20985.0,2646999.49,732.0,0.0,0.0,0.0,0.0,4,52.0,22,0,True,True,True,False,흐림,29.3,65,22.0,33.5,0.0,0.0,0.0,0.0,3,1009.0,1005.2,100,0,8,100,4.7,99,14.4,147.0,9.0,138.0,0.0,1,offday,train,-1.0,-1.8369701987210297e-16,1.2246467991473532e-16,-1.0,True,490.2612880669957,0.0960750679589637,special_case
2023-10-02 12:00:00,2023-10-02,12,2023,10,2,Monday,False,fall,3014,299070,99.2269409422694,0.1065118396644879,321.02668474876657,490.5170384903832,107.05406807640423,False,임시공휴일,True,False,True,True,121558.0,116166.0,246525.0,380684.0,0.0,0.0,0.0,0.0,0.0,0.0,0.0,0.0,4,52.0,22,0,True,True,False,False,맑음,21.2,48,9.9,21.3,0.0,0.0,0.0,0.0,0,1019.9,1016.0,0,0,0,0,6.3,329,16.9,724.0,596.0,128.0,3600.0,1,offday,train,1.2246467991473532e-16,-1.0,-0.8660254037844386,0.5000000000000001,True,490.35736313495465,0.15967535542853284,special_case
2022-04-09 16:00:00,2022-04-09,16,2022,4,9,Saturday,True,spring,3380,267728,79.20946745562131,0.1106643479569391,374.0454960944543,490.6054480299811,20.72657539517968,True,,False,False,True,True,,,304514.0,329249.0,0.0,0.0,0.0,0.0,0.0,0.0,0.0,0.0,4,52.0,22,0,False,True,False,False,맑음,18.8,53,8.9,16.2,0.0,0.0,0.0,0.0,0,1013.7,1009.8,5,0,0,5,16.4,237,34.9,566.0,417.0,149.0,3600.0,1,offday,train,-0.8660254037844384,-0.5000000000000004,0.8660254037844387,-0.49999999999999983,True,490.5170384903832,0.08840953959793296,special_case
2025-10-09 16:00:00,2025-10-09,16,2025,10,9,Thursday,False,fall,2317,274547,118.49244712990937,0.0989812433119339,229.33954075375107,491.2130365775986,-56.55284497764279,False,한글날,True,False,True,True,169940.0,167366.0,450110.0,449807.0,0.0,0.0,0.0,0.0,13.0,12.0,1.0,7.0,4,52.0,22,0,True,True,False,True,흐림,20.8,72,15.4,21.0,0.0,0.0,0.0,0.0,3,1018.8,1014.9,100,4,100,0,10.6,51,21.6,94.0,2.0,92.0,0.0,1,offday,test,-0.8660254037844384,-0.5000000000000004,-0.8660254037844386,0.5000000000000001,True,490.6054480299811,0.6075885476174676,special_case
2024-10-12 14:00:00,2024-10-12,14,2024,10,12,Saturday,True,fall,4146,284640,68.65412445730824,0.1053558771818858,436.8054667960987,491.5658967875564,67.76520108590819,True,,False,False,True,True,137145.0,135034.0,317937.0,400793.0,898.0,34843.0,3516247.36,858.0,0.0,0.0,0.0,0.0,4,52.0,22,0,True,True,True,False,맑음,20.8,49,9.8,20.6,0.0,0.0,0.0,0.0,0,1023.2,1019.3,0,0,0,0,5.2,276,15.5,640.0,512.0,128.0,3600.0,1,offday,valid,-0.4999999999999998,-0.8660254037844388,-0.8660254037844386,0.5000000000000001,True,491.2130365775986,0.3528602099578393,special_case
2023-04-30 18:00:00,2023-04-30,18,2023,4,30,Sunday,True,spring,4249,308886,72.69616380324783,0.093388398805632,396.8073065251306,491.8105727875747,-56.6576883498704,True,,False,False,True,True,217630.0,205218.0,656393.0,636217.0,573.0,15433.0,2027907.58,756.0,0.0,0.0,0.0,0.0,4,52.0,22,0,True,True,True,False,부분적으로 흐림,13.1,73,8.4,10.3,0.0,0.0,0.0,0.0,2,1008.5,1004.5,65,0,64,11,16.6,228,38.9,103.0,2.0,101.0,0.0,1,offday,train,-1.0,-1.8369701987210297e-16,0.8660254037844387,-0.49999999999999983,True,491.5658967875564,0.2446760000182735,special_case
2023-09-23 16:00:00,2023-09-23,16,2023,9,23,Saturday,True,fall,2796,264230,94.50286123032905,0.1113266708276356,311.26937163406933,492.1120302016171,8.234448974995473,True,,False,False,True,True,153290.0,153243.0,371136.0,394601.0,0.0,0.0,0.0,0.0,0.0,0.0,0.0,0.0,4,52.0,22,0,True,True,False,False,흐림,24.8,54,14.9,25.0,0.0,0.0,0.0,0.0,3,1019.2,1015.4,99,0,1,99,9.6,56,20.2,370.0,135.0,235.0,3600.0,1,offday,train,-0.8660254037844384,-0.5000000000000004,-1.0,-1.8369701987210297e-16,True,491.8105727875747,0.3014574140423747,special_case
2024-09-28 12:00:00,2024-09-28,12,2024,9,28,Saturday,True,fall,5061,433205,85.59672001580715,0.0738136969525007,373.57112027660617,492.462201419873,131.9622836147817,True,,False,False,True,True,118989.0,114781.0,234418.0,344657.0,633.0,20681.0,2078532.54,597.0,0.0,0.0,0.0,0.0,4,52.0,22,0,True,True,True,False,맑음,25.0,58,16.2,25.8,0.0,0.0,0.0,0.0,0,1019.1,1015.3,3,3,0,0,15.0,80,30.6,702.0,561.0,141.0,3600.0,1,offday,valid,1.2246467991473532e-16,-1.0,-1.0,-1.8369701987210297e-16,True,492.1120302016171,0.3501712182559231,special_case
2023-09-24 14:00:00,2023-09-24,14,2023,9,24,Sunday,True,fall,2753,297833,108.18488921176898,0.1053558771818858,290.04472988173177,492.5011211765153,77.20821107592036,True,,False,False,True,True,114872.0,111185.0,261221.0,333016.0,0.0,0.0,0.0,0.0,0.0,0.0,0.0,0.0,4,52.0,22,0,True,True,False,False,흐림,24.1,48,12.2,23.6,0.0,0.0,0.0,0.0,3,1019.6,1015.7,100,0,0,100,11.5,92,25.2,643.0,368.0,275.0,3600.0,1,offday,train,-0.4999999999999998,-0.8660254037844388,-1.0,-1.8369701987210297e-16,True,492.462201419873,0.03891975664231495,special_case
2023-04-16 14:00:00,2023-04-16,14,2023,4,16,Sunday,True,spring,3321,320677,96.5603733815116,0.0977777335148833,324.7198530029276,492.5899798235059,83.98720232151663,True,,False,False,True,True,115768.0,111751.0,264100.0,346494.0,614.0,19796.0,2289036.51,550.0,0.0,0.0,0.0,0.0,4,52.0,22,0,True,True,True,False,맑음,14.2,54,5.0,11.2,0.0,0.0,0.0,0.0,0,1005.3,1001.4,3,2,1,1,15.5,271,35.3,639.0,263.0,376.0,3600.0,1,offday,train,-0.4999999999999998,-0.8660254037844388,0.8660254037844387,-0.49999999999999983,True,492.5011211765153,0.08885864699061585,special_case
2025-05-04 16:00:00,2025-05-04,16,2025,5,4,Sunday,True,spring,3130,269269,86.02843450479233,0.1106643479569391,346.3794091052195,492.6340715657208,22.72778612358655,True,,False,False,True,True,160972.0,163661.0,434271.0,467528.0,0.0,0.0,0.0,0.0,4.0,4.0,0.0,2.0,4,52.0,22,0,True,True,False,True,맑음,16.2,45,4.2,12.0,0.0,0.0,0.0,0.0,0,1011.1,1007.2,0,0,0,0,22.8,259,51.5,640.0,478.0,162.0,3600.0,1,offday,test,-0.8660254037844384,-0.5000000000000004,0.49999999999999994,-0.8660254037844387,True,492.5899798235059,0.04409174221484591,special_case
2022-06-05 16:00:00,2022-06-05,16,2022,6,5,Sunday,True,summer,2693,301765,112.05532862978092,0.1019931999973653,274.6676875929049,493.1871230025165,52.085573467449535,True,,False,False,True,True,,,324835.0,354235.0,0.0,0.0,0.0,0.0,0.0,0.0,0.0,0.0,4,52.0,22,0,False,True,False,False,흐림,24.8,46,12.6,22.9,0.0,0.0,0.0,0.0,3,1000.9,997.1,100,2,0,100,18.6,126,35.6,279.0,31.0,248.0,0.0,1,offday,train,-0.8660254037844384,-0.5000000000000004,1.2246467991473532e-16,-1.0,True,492.6340715657208,0.5530514367957267,special_case
2023-08-15 15:00:00,2023-08-15,15,2023,8,15,Tuesday,False,summer,2294,273047,119.02659110723629,0.111744554381455,256.34200775105785,493.21008351211174,44.991406896246986,False,광복절,True,False,True,False,127999.0,124144.0,299957.0,354817.0,0.0,0.0,0.0,0.0,0.0,0.0,0.0,0.0,4,52.0,22,0,True,True,False,False,대체로 맑음,30.5,64,23.0,35.0,0.0,0.0,0.0,0.0,1,1003.9,1000.2,30,3,3,26,7.3,279,16.6,560.0,229.0,331.0,3600.0,1,offday,train,-0.7071067811865471,-0.7071067811865479,-0.8660254037844384,-0.5000000000000004,True,493.1871230025165,0.022960509595236545,special_case
2025-05-25 14:00:00,2025-05-25,14,2025,5,25,Sunday,True,spring,4303,310877,72.24657215895887,0.0977777335148833,420.7375873145431,493.5960179549313,78.86761073719833,True,,False,False,True,True,130403.0,126266.0,311472.0,410999.0,0.0,0.0,0.0,0.0,10.0,9.0,1.0,6.0,4,52.0,22,0,True,True,False,True,맑음,20.9,51,10.4,20.5,0.0,0.0,0.0,0.0,0,1013.7,1009.8,17,1,16,0,13.1,261,33.8,805.0,593.0,212.0,3600.0,1,offday,test,-0.4999999999999998,-0.8660254037844388,0.49999999999999994,-0.8660254037844387,True,493.21008351211174,0.38593444281957545,special_case
2023-06-25 17:00:00,2023-06-25,17,2023,6,25,Sunday,True,summer,2562,286263,111.73419203747072,0.1047704649595659,268.42193122640805,493.7300096805879,25.81629409365712,True,,False,False,True,True,179698.0,173173.0,491849.0,481958.0,657.0,19549.0,2299748.14,599.0,0.0,0.0,0.0,0.0,4,52.0,22,0,True,True,True,False,흐림,29.8,60,21.2,33.0,0.0,0.0,0.0,0.0,3,1009.4,1005.7,100,0,18,100,8.4,160,18.4,228.0,17.0,211.0,0.0,1,offday,train,-0.9659258262890683,-0.25881904510252063,1.2246467991473532e-16,-1.0,True,493.5960179549313,0.13399172565658546,special_case
2023-04-29 14:00:00,2023-04-29,14,2023,4,29,Saturday,True,spring,4145,313019,75.51724969843184,0.0977777335148833,405.2887054191915,494.21561587631675,79.85315914668672,True,,False,False,True,True,115768.0,111751.0,264100.0,346494.0,222.0,5221.0,562201.0,160.0,0.0,0.0,0.0,0.0,4,52.0,22,0,True,True,True,False,흐림,12.6,89,10.9,10.6,0.0,0.0,0.0,0.0,3,1004.6,1000.6,90,46,7,81,16.4,244,29.9,156.0,0.0,156.0,0.0,1,offday,train,-0.4999999999999998,-0.8660254037844388,0.8660254037844387,-0.49999999999999983,True,493.7300096805879,0.4856061957288489,special_case
2022-05-28 19:00:00,2022-05-28,19,2022,5,28,Saturday,True,spring,6869,389759,56.74173824428592,0.0761098888961958,522.7988268279693,494.40856977153993,-112.24091239653244,True,,False,False,True,True,,,408102.0,429243.0,0.0,0.0,0.0,0.0,0.0,0.0,0.0,0.0,4,52.0,22,0,False,True,False,False,맑음,20.4,72,15.1,20.2,0.0,0.0,0.0,0.0,0,1004.8,1000.9,0,0,0,0,12.6,239,32.0,125.0,54.0,71.0,3600.0,1,offday,train,-0.9659258262890684,0.2588190451025203,0.49999999999999994,-0.8660254037844387,True,494.21561587631675,0.19295389522318374,special_case
2025-09-06 13:00:00,2025-09-06,13,2025,9,6,Saturday,True,fall,3931,345164,87.8056474179598,0.0915726254037753,359.9719904622411,494.4408626571767,103.96449738269791,True,,False,False,True,True,131791.0,126324.0,275145.0,387702.0,0.0,0.0,0.0,0.0,15.0,14.0,1.0,7.0,4,52.0,22,0,True,True,False,True,약한 이슬비,29.4,73,24.0,32.7,0.2,0.2,0.0,0.0,51,1007.2,1003.5,100,13,100,0,19.0,229,40.3,565.0,330.0,235.0,3600.0,1,offday,test,-0.2588190451025208,-0.9659258262890683,-1.0,-1.8369701987210297e-16,True,494.40856977153993,0.03229288563676391,special_case
2025-05-25 18:00:00,2025-05-25,18,2025,5,25,Sunday,True,spring,4303,310877,72.24657215895887,0.093388398805632,401.8502800606347,494.6539563708712,-57.21654380089461,True,,False,False,True,True,213771.0,207825.0,667668.0,673068.0,0.0,0.0,0.0,0.0,10.0,9.0,1.0,6.0,4,52.0,22,0,True,True,False,True,맑음,18.7,57,9.9,17.3,0.0,0.0,0.0,0.0,0,1014.2,1010.3,6,3,6,0,9.5,255,27.7,288.0,172.0,116.0,3600.0,1,offday,test,-1.0,-1.8369701987210297e-16,0.49999999999999994,-0.8660254037844387,True,494.4408626571767,0.21309371369449082,special_case
2022-05-01 17:00:00,2022-05-01,17,2022,5,1,Sunday,True,spring,3000,276982,92.32733333333331,0.1056648495856345,316.99454875690355,495.86871198290135,-10.228220173574869,True,,False,False,True,True,,,472300.0,452585.0,0.0,0.0,0.0,0.0,0.0,0.0,0.0,0.0,4,52.0,22,0,False,True,False,False,맑음,14.1,53,4.6,8.9,0.0,0.0,0.0,0.0,0,1011.1,1007.1,0,0,0,0,26.7,235,50.0,447.0,305.0,142.0,3600.0,1,offday,train,-0.9659258262890683,-0.25881904510252063,0.49999999999999994,-0.8660254037844387,True,494.6539563708712,1.2147556120301601,special_case
2022-04-03 15:00:00,2022-04-03,15,2022,4,3,Sunday,True,spring,3371,283907,84.22040937407297,0.1077131147753142,363.1009099075844,496.15522004574575,53.6620223050254,True,,False,False,True,True,,,247697.0,292531.0,0.0,0.0,0.0,0.0,0.0,0.0,0.0,0.0,4,52.0,22,0,False,True,False,False,맑음,13.9,45,2.2,11.3,0.0,0.0,0.0,0.0,0,1027.5,1023.5,0,0,0,0,12.6,267,26.6,720.0,560.0,160.0,3600.0,1,offday,train,-0.7071067811865471,-0.7071067811865479,0.8660254037844387,-0.49999999999999983,True,495.86871198290135,0.2865080628444048,special_case
2023-10-01 16:00:00,2023-10-01,16,2023,10,1,Sunday,True,fall,2918,266846,91.44825222755313,0.1113266708276356,324.8512254750409,496.8757658099593,7.536013614846979,True,,False,False,True,True,167258.0,165845.0,428915.0,434112.0,0.0,0.0,0.0,0.0,0.0,0.0,0.0,0.0,4,52.0,22,0,True,True,False,False,맑음,21.1,47,9.2,18.8,0.0,0.0,0.0,0.0,0,1014.9,1011.0,0,0,0,0,14.8,321,27.4,445.0,336.0,109.0,3600.0,1,offday,train,-0.8660254037844384,-0.5000000000000004,-0.8660254037844386,0.5000000000000001,True,496.15522004574575,0.7205457642135684,special_case
2024-10-05 15:00:00,2024-10-05,15,2024,10,5,Saturday,True,fall,3224,270065,83.76705955334988,0.1124759978651691,362.6226171173052,497.17085193500526,40.55763020786708,True,,False,False,True,True,151361.0,152876.0,372698.0,420149.0,893.0,35502.0,3376935.15,832.0,0.0,0.0,0.0,0.0,4,52.0,22,0,True,True,True,False,흐림,20.9,51,10.4,20.2,0.0,0.0,0.0,0.0,3,1022.3,1018.4,100,0,0,100,6.0,319,14.8,498.0,290.0,208.0,3600.0,1,offday,valid,-0.7071067811865471,-0.7071067811865479,-0.8660254037844386,0.5000000000000001,True,496.8757658099593,0.2950861250459411,special_case
2025-10-18 19:00:00,2025-10-18,19,2025,10,18,Saturday,True,fall,3839,397366,103.50768429278456,0.0671035658554383,257.61058931902767,497.5882740366416,-117.20268836463777,True,,False,False,True,True,154303.0,162380.0,451179.0,470255.0,0.0,0.0,0.0,0.0,20.0,17.0,3.0,12.0,4,52.0,22,0,True,True,False,True,흐림,14.2,82,11.3,13.6,0.0,0.0,0.0,0.0,3,1022.7,1018.7,100,0,0,100,7.0,314,14.0,0.0,0.0,0.0,0.0,1,offday,test,-0.9659258262890684,0.2588190451025203,-0.8660254037844386,0.5000000000000001,True,497.17085193500526,0.41742210163636173,special_case
2025-05-24 13:00:00,2025-05-24,13,2025,5,24,Saturday,True,spring,4978,376177,75.56789875451989,0.0829554972469645,412.9524652953897,497.91122264411433,107.66704064758414,True,,False,False,True,True,131842.0,124440.0,292232.0,438367.0,0.0,0.0,0.0,0.0,10.0,9.0,1.0,5.0,4,52.0,22,0,True,True,False,True,흐림,17.6,58,9.3,15.6,0.0,0.0,0.0,0.0,3,1009.8,1005.9,100,95,100,3,12.5,62,30.6,484.0,123.0,361.0,2062.3,1,offday,test,-0.2588190451025208,-0.9659258262890683,0.49999999999999994,-0.8660254037844387,True,497.5882740366416,0.3229486074727106,special_case
2022-09-17 13:00:00,2022-09-17,13,2022,9,17,Saturday,True,fall,6267,326802,52.14648157012925,0.0915726254037753,573.8856434054604,498.76861878674345,96.72755559555776,True,,False,False,True,True,,,222483.0,326414.0,0.0,0.0,0.0,0.0,0.0,0.0,0.0,0.0,4,52.0,22,0,False,True,False,False,흐림,25.9,81,22.4,29.4,0.0,0.0,0.0,0.0,3,1009.1,1005.3,99,18,0,99,10.8,249,22.3,391.0,104.0,287.0,2034.0,1,offday,train,-0.2588190451025208,-0.9659258262890683,-1.0,-1.8369701987210297e-16,True,497.91122264411433,0.8573961426291135,special_case
2023-10-09 15:00:00,2023-10-09,15,2023,10,9,Monday,False,fall,2470,251608,101.8655870445344,0.1159356419712001,286.3610356688644,499.348995645526,-12.923524258612474,False,한글날,True,False,True,True,143101.0,142544.0,352489.0,399129.0,0.0,0.0,0.0,0.0,0.0,0.0,0.0,0.0,4,52.0,22,0,True,True,False,False,흐림,19.6,60,11.7,20.1,0.0,0.0,0.0,0.0,3,1018.5,1014.6,98,0,92,69,0.5,135,11.9,350.0,151.0,199.0,3600.0,1,offday,train,-0.7071067811865471,-0.7071067811865479,-0.8660254037844386,0.5000000000000001,True,498.76861878674345,0.5803768587825289,special_case
2022-04-10 13:00:00,2022-04-10,13,2022,4,10,Sunday,True,spring,4027,392401,97.44251303700024,0.0829554972469645,334.06178741352636,499.3606556509814,112.27887195542434,True,,False,False,True,True,,,206340.0,299990.0,0.0,0.0,0.0,0.0,0.0,0.0,0.0,0.0,4,52.0,22,0,False,True,False,False,맑음,21.5,35,5.3,19.8,0.0,0.0,0.0,0.0,0,1016.4,1012.5,0,0,0,0,14.3,214,29.5,839.0,665.0,174.0,3600.0,1,offday,train,-0.2588190451025208,-0.9659258262890683,0.8660254037844387,-0.49999999999999983,True,499.348995645526,0.01166000545543966,special_case
2022-06-04 19:00:00,2022-06-04,19,2022,6,4,Saturday,True,summer,3062,314357,102.66394513389942,0.0912420622822565,279.3831947082696,499.4181290160436,-38.14072269920791,True,,False,False,True,True,,,375685.0,420065.0,0.0,0.0,0.0,0.0,0.0,0.0,0.0,0.0,4,52.0,22,0,False,True,False,False,흐림,27.1,47,14.9,27.2,0.0,0.0,0.0,0.0,3,1006.9,1003.1,99,0,71,99,10.8,345,18.4,101.0,14.0,87.0,0.0,1,offday,train,-0.9659258262890684,0.2588190451025203,1.2246467991473532e-16,-1.0,True,499.3606556509814,0.057473365062207904,special_case
2025-05-24 19:00:00,2025-05-24,19,2025,5,24,Saturday,True,spring,4978,376177,75.56789875451989,0.0761098888961958,378.8750269252629,499.4970392959307,-101.86889076413765,True,,False,False,True,True,156142.0,160509.0,472948.0,469754.0,0.0,0.0,0.0,0.0,10.0,9.0,1.0,5.0,4,52.0,22,0,True,True,False,True,맑음,16.6,58,8.4,14.8,0.0,0.0,0.0,0.0,0,1009.2,1005.3,4,3,1,0,9.1,58,23.4,99.0,28.0,71.0,2096.98,1,offday,test,-0.9659258262890684,0.2588190451025203,0.49999999999999994,-0.8660254037844387,True,499.4181290160436,0.07891027988705446,special_case
2023-04-29 18:00:00,2023-04-29,18,2023,4,29,Saturday,True,spring,4145,313019,75.51724969843184,0.093388398805632,387.0949130493449,500.3658707243186,-56.24526741217596,True,,False,False,True,True,217630.0,205218.0,656393.0,636217.0,383.0,8813.0,992537.85,412.0,0.0,0.0,0.0,0.0,4,52.0,22,0,True,True,True,False,흐림,11.6,71,6.5,7.1,0.0,0.0,0.0,0.0,3,1004.9,1000.9,100,100,0,100,24.8,251,42.5,164.0,23.0,141.0,170.19,1,offday,train,-1.0,-1.8369701987210297e-16,0.8660254037844387,-0.49999999999999983,True,499.4970392959307,0.8688314283879208,special_case
2023-09-16 15:00:00,2023-09-16,15,2023,9,16,Saturday,True,fall,2539,274840,108.24734147302088,0.1124759978651691,285.5765585796643,500.6781411593479,46.21879212849831,True,,False,False,True,True,129581.0,129207.0,302627.0,354386.0,0.0,0.0,0.0,0.0,0.0,0.0,0.0,0.0,4,52.0,22,0,True,True,False,False,약한 이슬비,25.6,83,22.5,30.3,0.2,0.2,0.0,0.0,51,1011.2,1007.4,100,8,79,100,3.3,13,10.8,160.0,0.0,160.0,0.0,1,offday,train,-0.7071067811865471,-0.7071067811865479,-1.0,-1.8369701987210297e-16,True,500.3658707243186,0.31227043502929064,special_case
2024-06-15 14:00:00,2024-06-15,14,2024,6,15,Saturday,True,summer,4097,398638,97.29997559189653,0.0809922881834863,331.8254046877434,500.7416607240063,98.28590297575072,True,,False,False,True,True,120402.0,116099.0,282830.0,361605.0,497.0,14151.0,1605109.8,457.0,0.0,0.0,0.0,0.0,4,52.0,22,0,True,True,True,False,부분적으로 흐림,26.8,61,18.7,30.0,0.0,0.0,0.0,0.0,2,1003.1,999.3,60,33,1,39,7.3,303,26.3,732.0,426.0,306.0,3600.0,1,offday,valid,-0.4999999999999998,-0.8660254037844388,1.2246467991473532e-16,-1.0,True,500.6781411593479,0.06351956465840658,special_case
2023-10-15 13:00:00,2023-10-15,13,2023,10,15,Sunday,True,fall,3994,350827,87.83850776164246,0.0915726254037753,365.7410658626789,502.52645791364057,105.67168965787648,True,,False,False,True,True,128155.0,126336.0,273010.0,420242.0,0.0,0.0,0.0,0.0,0.0,0.0,0.0,0.0,4,52.0,22,0,True,True,False,False,흐림,18.8,64,11.8,17.2,0.0,0.0,0.0,0.0,3,1011.1,1007.2,92,92,11,0,14.4,307,27.7,511.0,279.0,232.0,3600.0,1,offday,train,-0.2588190451025208,-0.9659258262890683,-0.8660254037844386,0.5000000000000001,True,500.7416607240063,1.7847971896342756,special_case
2024-10-05 16:00:00,2024-10-05,16,2024,10,5,Saturday,True,fall,3224,270065,83.76705955334988,0.1113266708276356,358.9171867482974,502.55840902194046,5.387557086935203,True,,False,False,True,True,174451.0,175854.0,448421.0,473981.0,1003.0,36820.0,3745163.16,955.0,0.0,0.0,0.0,0.0,4,52.0,22,0,True,True,True,False,흐림,20.2,51,9.6,18.9,0.0,0.0,0.0,0.0,3,1022.6,1018.7,91,0,0,91,8.7,307,15.8,313.0,118.0,195.0,3600.0,1,offday,valid,-0.8660254037844384,-0.5000000000000004,-0.8660254037844386,0.5000000000000001,True,502.52645791364057,0.031951108299892894,special_case
2024-06-06 15:00:00,2024-06-06,15,2024,6,6,Thursday,False,summer,2869,276505,96.37678633670268,0.111744554381455,320.5951265203945,503.1612916876487,42.14815519616991,False,현충일,True,False,True,False,135633.0,134648.0,323366.0,377916.0,611.0,20022.0,2274187.9,597.0,0.0,0.0,0.0,0.0,4,52.0,22,0,True,True,True,False,맑음,29.8,33,11.9,30.5,0.0,0.0,0.0,0.0,0,1014.3,1010.5,9,0,9,0,6.4,142,19.4,723.0,515.0,208.0,3600.0,1,offday,valid,-0.7071067811865471,-0.7071067811865479,1.2246467991473532e-16,-1.0,True,502.55840902194046,0.6028826657082504,special_case
2024-04-28 14:00:00,2024-04-28,14,2024,4,28,Sunday,True,spring,3102,330803,106.6418439716312,0.0977777335148833,303.3065293631681,503.3440328328777,87.40235481586183,True,,False,False,True,True,121205.0,117543.0,291812.0,369919.0,840.0,34577.0,3711171.42,731.0,0.0,0.0,0.0,0.0,4,52.0,22,0,True,True,True,False,흐림,26.5,26,5.6,26.1,0.0,0.0,0.0,0.0,3,1012.6,1008.8,100,0,0,100,4.7,157,17.3,781.0,471.0,310.0,3600.0,1,offday,valid,-0.4999999999999998,-0.8660254037844388,0.8660254037844387,-0.49999999999999983,True,503.1612916876487,0.182741145228988,special_case
2025-05-11 17:00:00,2025-05-11,17,2025,5,11,Sunday,True,spring,2729,280458,102.7695126419934,0.1056648495856345,288.3593745191966,503.6347305998303,-7.902597147075539,True,,False,False,True,True,185585.0,182734.0,545424.0,554442.0,0.0,0.0,0.0,0.0,8.0,7.0,1.0,5.0,4,52.0,22,0,True,True,False,True,대체로 맑음,17.6,60,9.8,16.0,0.0,0.0,0.0,0.0,1,1004.2,1000.3,21,0,21,0,10.8,234,28.1,450.0,294.0,156.0,3600.0,1,offday,test,-0.9659258262890683,-0.25881904510252063,0.49999999999999994,-0.8660254037844387,True,503.3440328328777,0.2906977669525759,special_case
2024-06-16 19:00:00,2024-06-16,19,2024,6,16,Sunday,True,summer,3487,319548,91.63980498996273,0.0912420622822565,318.16107117822867,503.9890849286063,-41.056953036850246,True,,False,False,True,True,149204.0,159733.0,424734.0,459943.0,837.0,30677.0,3819233.1,765.0,0.0,0.0,0.0,0.0,4,52.0,22,0,True,True,True,False,맑음,23.5,58,14.7,23.0,0.0,0.0,0.0,0.0,0,1006.7,1002.9,0,0,0,0,14.1,230,35.6,141.0,63.0,78.0,3600.0,1,offday,valid,-0.9659258262890684,0.2588190451025203,1.2246467991473532e-16,-1.0,True,503.6347305998303,0.3543543287760258,special_case
2023-04-22 15:00:00,2023-04-22,15,2023,4,22,Saturday,True,spring,2993,291040,97.24022719679252,0.1077131147753142,322.38535252251563,504.0237888153306,57.27137035284022,True,,False,False,True,True,128851.0,128817.0,304413.0,360146.0,877.0,34663.0,3923104.57,761.0,0.0,0.0,0.0,0.0,4,52.0,22,0,True,True,True,False,흐림,18.6,18,-5.9,13.5,0.0,0.0,0.0,0.0,3,1020.3,1016.4,100,0,100,100,15.5,59,31.7,473.0,151.0,322.0,3600.0,1,offday,train,-0.7071067811865471,-0.7071067811865479,0.8660254037844387,-0.49999999999999983,True,503.9890849286063,0.03470388672428726,special_case
2023-05-28 15:00:00,2023-05-28,15,2023,5,28,Sunday,True,spring,3385,288986,85.3725258493353,0.1077131147753142,364.6088935144389,504.5712005254268,54.84830863499997,True,,False,False,True,True,132175.0,131307.0,314402.0,362761.0,12.0,350.0,27869.63,10.0,0.0,0.0,0.0,0.0,4,52.0,22,0,True,True,True,False,보통 이슬비,18.5,98,18.1,20.1,0.7,0.7,0.0,0.0,53,1011.3,1007.4,100,100,100,100,8.7,222,19.4,102.0,0.0,102.0,0.0,1,offday,train,-0.7071067811865471,-0.7071067811865479,0.49999999999999994,-0.8660254037844387,True,504.0237888153306,0.5474117100961848,special_case
2025-09-14 13:00:00,2025-09-14,13,2025,9,14,Sunday,True,fall,3695,356876,96.58349120433016,0.0915726254037753,338.3608508669501,504.65818918780406,107.85759724603103,True,,False,False,True,True,131791.0,126324.0,275145.0,387702.0,0.0,0.0,0.0,0.0,17.0,17.0,0.0,8.0,4,52.0,22,0,True,True,False,True,흐림,27.1,64,19.6,31.0,0.0,0.0,0.0,0.0,3,1011.9,1008.1,99,96,0,63,4.7,302,16.6,697.0,502.0,195.0,3600.0,1,offday,test,-0.2588190451025208,-0.9659258262890683,-1.0,-1.8369701987210297e-16,True,504.5712005254268,0.08698866237727998,special_case
2025-08-16 18:00:00,2025-08-16,18,2025,8,16,Saturday,True,summer,2622,294606,112.35926773455378,0.1010593940343581,264.97773115808695,504.7030320320698,-3.375768005883799,True,,False,False,True,True,222817.0,219460.0,654017.0,657481.0,0.0,0.0,0.0,0.0,14.0,13.0,1.0,8.0,4,52.0,22,0,True,True,False,True,대체로 맑음,27.8,82,24.4,32.4,0.0,0.0,0.0,0.0,1,1012.4,1008.6,34,6,0,30,11.5,238,28.1,264.0,174.0,90.0,3600.0,1,offday,test,-1.0,-1.8369701987210297e-16,-0.8660254037844384,-0.5000000000000004,True,504.65818918780406,0.044842844265758686,special_case
2022-05-29 18:00:00,2022-05-29,18,2022,5,29,Sunday,True,spring,3060,308203,100.71993464052288,0.093388398805632,285.7685003452341,505.2044545605478,-47.94848097946863,True,,False,False,True,True,,,655645.0,618874.0,0.0,0.0,0.0,0.0,0.0,0.0,0.0,0.0,4,52.0,22,0,False,True,False,False,맑음,24.1,54,14.1,24.0,0.0,0.0,0.0,0.0,0,1003.1,999.3,0,0,0,0,10.1,276,23.0,301.0,185.0,116.0,3600.0,1,offday,train,-1.0,-1.8369701987210297e-16,0.49999999999999994,-0.8660254037844387,True,504.7030320320698,0.5014225284779741,special_case
2023-05-14 14:00:00,2023-05-14,14,2023,5,14,Sunday,True,spring,3229,331034,102.51904614431712,0.0977777335148833,315.7243015195583,505.54583550330426,87.16925526350474,True,,False,False,True,True,119940.0,114747.0,271180.0,349432.0,921.0,36163.0,3883834.54,804.0,0.0,0.0,0.0,0.0,4,52.0,22,0,True,True,True,False,부분적으로 흐림,21.7,40,7.6,20.5,0.0,0.0,0.0,0.0,2,1009.5,1005.6,51,15,5,40,14.0,252,29.9,821.0,585.0,236.0,3600.0,1,offday,train,-0.4999999999999998,-0.8660254037844388,0.49999999999999994,-0.8660254037844387,True,505.2044545605478,0.3413809427564729,special_case
2023-08-15 16:00:00,2023-08-15,16,2023,8,15,Tuesday,False,summer,2294,273047,119.02659110723629,0.1105172193076455,253.526501091739,505.709749010567,12.499665498455272,False,광복절,True,False,True,False,148198.0,149097.0,361345.0,391659.0,0.0,0.0,0.0,0.0,0.0,0.0,0.0,0.0,4,52.0,22,0,True,True,False,False,대체로 맑음,30.8,64,23.1,35.7,0.0,0.0,0.0,0.0,1,1003.5,999.8,29,2,4,26,6.5,289,17.3,596.0,436.0,160.0,3600.0,1,offday,train,-0.8660254037844384,-0.5000000000000004,-0.8660254037844384,-0.5000000000000004,True,505.54583550330426,0.16391350726274823,special_case
2024-03-24 19:00:00,2024-03-24,19,2024,3,24,Sunday,True,spring,3466,363489,104.8727639930756,0.0761098888961958,263.79687491421475,505.8736128782338,-91.70971723548928,True,,False,False,True,True,161357.0,168743.0,478804.0,500595.0,812.0,28111.0,3431374.8,1058.0,0.0,0.0,0.0,0.0,4,52.0,22,0,True,True,True,False,대체로 맑음,14.6,51,4.7,12.1,0.0,0.0,0.0,0.0,1,1015.4,1011.4,35,0,35,0,8.8,12,14.4,21.0,5.0,16.0,130.17,1,offday,valid,-0.9659258262890684,0.2588190451025203,1.0,6.123233995736766e-17,True,505.709749010567,0.16386386766680516,special_case
2022-05-01 16:00:00,2022-05-01,16,2022,5,1,Sunday,True,spring,3000,276982,92.32733333333331,0.1106643479569391,331.9930438708174,506.0969321564762,24.912918634859807,True,,False,False,True,True,,,354655.0,373146.0,0.0,0.0,0.0,0.0,0.0,0.0,0.0,0.0,4,52.0,22,0,False,True,False,False,맑음,14.9,48,4.0,9.8,0.0,0.0,0.0,0.0,0,1011.3,1007.4,0,0,0,0,27.8,236,50.8,632.0,467.0,165.0,3600.0,1,offday,train,-0.8660254037844384,-0.5000000000000004,0.49999999999999994,-0.8660254037844387,True,505.8736128782338,0.22331927824239983,special_case
2022-08-27 20:00:00,2022-08-27,20,2022,8,27,Saturday,True,summer,4495,375388,83.5123470522803,0.0768858847850752,345.602052108913,506.3219034170319,-81.82392048676536,True,,False,False,True,True,,,334500.0,225205.0,0.0,0.0,0.0,0.0,0.0,0.0,0.0,0.0,4,52.0,22,0,False,True,False,False,맑음,18.1,76,13.8,18.2,0.0,0.0,0.0,0.0,0,1011.2,1007.3,0,0,0,0,7.4,293,11.5,0.0,0.0,0.0,0.0,1,offday,train,-0.8660254037844386,0.5000000000000001,-0.8660254037844384,-0.5000000000000004,True,506.0969321564762,0.2249712605556624,special_case
2023-05-27 14:00:00,2023-05-27,14,2023,5,27,Saturday,True,spring,3432,329453,95.99446386946389,0.0977777335148833,335.57318142307963,506.36887211323426,86.2382964843971,True,부처님오신날,True,False,True,True,119940.0,114747.0,271180.0,349432.0,11.0,195.0,15105.1,13.0,0.0,0.0,0.0,0.0,4,52.0,22,0,True,True,True,False,약한 비,19.5,93,18.4,20.7,2.3,2.3,0.0,0.0,61,1017.4,1013.5,100,0,100,100,12.7,119,21.6,154.0,2.0,152.0,0.0,1,offday,train,-0.4999999999999998,-0.8660254037844388,0.49999999999999994,-0.8660254037844387,True,506.3219034170319,0.04696869620238431,special_case
2023-09-02 19:00:00,2023-09-02,19,2023,9,2,Saturday,True,fall,3905,404509,103.58745198463508,0.0671035658554383,262.0394246654866,506.5903433134836,-119.29944538598032,True,,False,False,True,True,150472.0,156667.0,405066.0,444026.0,0.0,0.0,0.0,0.0,0.0,0.0,0.0,0.0,4,52.0,22,0,True,True,False,False,부분적으로 흐림,23.4,89,21.5,26.8,0.0,0.0,0.0,0.0,2,1010.3,1006.5,66,0,0,66,8.5,332,10.4,49.0,21.0,28.0,3425.47,1,offday,train,-0.9659258262890684,0.2588190451025203,-1.0,-1.8369701987210297e-16,True,506.36887211323426,0.22147120024931155,special_case
2022-04-03 17:00:00,2022-04-03,17,2022,4,3,Sunday,True,spring,3371,283907,84.22040937407297,0.1056648495856345,356.19620795317394,506.7864082471774,-12.837320083332544,True,,False,False,True,True,,,413695.0,408748.0,0.0,0.0,0.0,0.0,0.0,0.0,0.0,0.0,4,52.0,22,0,False,True,False,False,맑음,11.8,55,3.0,8.0,0.0,0.0,0.0,0.0,0,1027.2,1023.1,0,0,0,0,14.5,256,29.2,389.0,266.0,123.0,3600.0,1,offday,train,-0.9659258262890683,-0.25881904510252063,0.8660254037844387,-0.49999999999999983,True,506.5903433134836,0.19606493369383315,special_case
2025-05-31 15:00:00,2025-05-31,15,2025,5,31,Saturday,True,spring,2982,292972,98.2468142186452,0.1077131147753142,321.2005082599872,507.06294264064513,57.80240176574955,True,,False,False,True,True,145162.0,145607.0,361252.0,431423.0,0.0,0.0,0.0,0.0,7.0,7.0,0.0,2.0,4,52.0,22,0,True,True,False,True,흐림,27.3,34,10.2,26.1,0.0,0.0,0.0,0.0,3,1009.5,1005.7,100,0,0,100,8.8,265,24.8,529.0,156.0,373.0,3600.0,1,offday,test,-0.7071067811865471,-0.7071067811865479,0.49999999999999994,-0.8660254037844387,True,506.7864082471774,0.27653439346772757,special_case
2025-09-27 11:00:00,2025-09-27,11,2025,9,27,Saturday,True,fall,5508,653955,118.72821350762528,0.0550655360577097,303.30097260586524,507.5893492302913,169.73680749678925,True,,False,False,True,True,115669.0,107010.0,220695.0,322793.0,0.0,0.0,0.0,0.0,17.0,15.0,2.0,9.0,4,52.0,22,0,True,True,False,True,흐림,24.4,69,18.2,26.7,0.0,0.0,0.0,0.0,3,1018.9,1015.0,90,0,0,90,8.6,100,22.3,632.0,506.0,126.0,3600.0,1,offday,test,0.258819045102521,-0.9659258262890682,-1.0,-1.8369701987210297e-16,True,507.06294264064513,0.5264065896461716,special_case
2023-05-06 19:00:00,2023-05-06,19,2023,5,6,Saturday,True,spring,3386,364001,107.50177200236269,0.0761098888961958,257.7080838025191,508.0528080074636,-91.41431155179066,True,,False,False,True,True,155641.0,162800.0,428335.0,454837.0,336.0,8731.0,1016860.37,334.0,0.0,0.0,0.0,0.0,4,52.0,22,0,True,True,True,False,흐림,12.0,71,7.0,8.6,0.0,0.0,0.0,0.0,3,1010.1,1006.1,100,1,100,73,18.0,61,31.7,40.0,4.0,36.0,0.0,1,offday,train,-0.9659258262890684,0.2588190451025203,0.49999999999999994,-0.8660254037844387,True,507.5893492302913,0.4634587771723204,special_case
2025-08-16 17:00:00,2025-08-16,17,2025,8,16,Saturday,True,summer,2622,294606,112.35926773455378,0.1047704649595659,274.708159123982,508.07880003795367,26.65213594265441,True,,False,False,True,True,189367.0,185561.0,528242.0,527555.0,0.0,0.0,0.0,0.0,14.0,13.0,1.0,8.0,4,52.0,22,0,True,True,False,True,맑음,28.7,77,24.4,33.2,0.0,0.0,0.0,0.0,0,1012.4,1008.6,6,6,0,0,12.4,230,28.1,442.0,313.0,129.0,3600.0,1,offday,test,-0.9659258262890683,-0.25881904510252063,-0.8660254037844384,-0.5000000000000004,True,508.0528080074636,0.025992030490044726,special_case
2024-10-03 12:00:00,2024-10-03,12,2024,10,3,Thursday,False,fall,3120,309997,99.35801282051284,0.1065118396644879,332.3169397532023,508.354383451158,110.97567009568375,False,개천절,True,False,True,False,130567.0,126480.0,266914.0,391643.0,765.0,31517.0,3088821.63,614.0,0.0,0.0,0.0,0.0,4,52.0,22,0,True,True,True,False,맑음,19.7,48,8.3,18.1,0.0,0.0,0.0,0.0,0,1023.1,1019.2,18,0,17,0,10.6,81,25.6,615.0,434.0,181.0,3600.0,1,offday,valid,1.2246467991473532e-16,-1.0,-0.8660254037844386,0.5000000000000001,True,508.07880003795367,0.27558341320434465,special_case
2022-04-17 14:00:00,2022-04-17,14,2022,4,17,Sunday,True,spring,3440,330896,96.1906976744186,0.0977777335148833,336.35540329119874,508.4825297121671,86.63258816351367,True,,False,False,True,True,,,217213.0,285529.0,0.0,0.0,0.0,0.0,0.0,0.0,0.0,0.0,4,52.0,22,0,False,True,False,False,맑음,17.8,36,2.5,15.4,0.0,0.0,0.0,0.0,0,1018.3,1014.4,0,0,0,0,15.0,235,31.0,842.0,659.0,183.0,3600.0,1,offday,train,-0.4999999999999998,-0.8660254037844388,0.8660254037844387,-0.49999999999999983,True,508.354383451158,0.12814626100907844,special_case
2025-09-13 13:00:00,2025-09-13,13,2025,9,13,Saturday,True,fall,3830,358122,93.50443864229766,0.0915726254037753,350.72315529645977,508.5885089687731,108.11338767407148,True,,False,False,True,True,131791.0,126324.0,275145.0,387702.0,0.0,0.0,0.0,0.0,17.0,17.0,0.0,8.0,4,52.0,22,0,True,True,False,True,대체로 맑음,25.6,71,19.9,28.3,0.0,0.0,0.0,0.0,1,1006.5,1002.7,26,26,0,0,7.7,79,20.5,448.0,81.0,367.0,1134.4,1,offday,test,-0.2588190451025208,-0.9659258262890683,-1.0,-1.8369701987210297e-16,True,508.4825297121671,0.10597925660601959,special_case
2022-09-12 16:00:00,2022-09-12,16,2022,9,12,Monday,False,fall,2888,288719,99.97195290858726,0.0989812433119339,285.85783068486535,508.9160735767549,-63.67409687179986,False,대체공휴일,True,True,True,True,,,342287.0,362512.0,0.0,0.0,0.0,0.0,0.0,0.0,0.0,0.0,4,52.0,22,0,False,True,False,False,흐림,26.1,63,18.6,28.6,0.0,0.0,0.0,0.0,3,1013.4,1009.6,100,1,1,100,5.4,307,12.6,291.0,40.0,251.0,203.61,1,offday,train,-0.8660254037844384,-0.5000000000000004,-1.0,-1.8369701987210297e-16,True,508.5885089687731,0.32756460798179887,special_case
2023-10-03 13:00:00,2023-10-03,13,2023,10,3,Tuesday,False,fall,2469,267960,108.52976913730257,0.1201225009099709,296.58245474671816,509.2865985567005,74.5391448204067,False,개천절,True,False,True,True,128155.0,126336.0,273010.0,420242.0,0.0,0.0,0.0,0.0,0.0,0.0,0.0,0.0,4,52.0,22,0,True,True,False,False,흐림,19.4,63,12.1,18.2,0.0,0.0,0.0,0.0,3,1018.1,1014.2,100,0,96,100,12.5,129,24.1,344.0,48.0,296.0,127.5,1,offday,train,-0.2588190451025208,-0.9659258262890683,-0.8660254037844386,0.5000000000000001,True,508.9160735767549,0.37052497994557143,special_case
2024-10-20 14:00:00,2024-10-20,14,2024,10,20,Sunday,True,fall,3071,306369,99.76196678606316,0.1053558771818858,323.54789882557145,509.91192741606494,78.4704494481889,True,,False,False,True,True,137145.0,135034.0,317937.0,400793.0,866.0,32125.0,3463513.48,748.0,0.0,0.0,0.0,0.0,4,52.0,22,0,True,True,True,False,부분적으로 흐림,17.0,48,5.8,13.8,0.0,0.0,0.0,0.0,2,1030.7,1026.7,60,1,0,59,16.4,88,34.9,599.0,466.0,133.0,3600.0,1,offday,valid,-0.4999999999999998,-0.8660254037844388,-0.8660254037844386,0.5000000000000001,True,509.2865985567005,0.6253288593644584,special_case
2022-05-22 19:00:00,2022-05-22,19,2022,5,22,Sunday,True,spring,6410,399059,62.25569422776911,0.0761098888961958,487.86438782461533,510.3694354634592,-113.7136685499538,True,,False,False,True,True,,,408102.0,429243.0,0.0,0.0,0.0,0.0,0.0,0.0,0.0,0.0,4,52.0,22,0,False,True,False,False,맑음,19.0,72,13.9,18.5,0.0,0.0,0.0,0.0,0,1006.7,1002.8,0,0,0,0,11.4,235,28.1,115.0,47.0,68.0,3600.0,1,offday,train,-0.9659258262890684,0.2588190451025203,0.49999999999999994,-0.8660254037844387,True,509.91192741606494,0.4575080473942421,special_case
2024-09-08 13:00:00,2024-09-08,13,2024,9,8,Sunday,True,fall,4690,347237,74.03773987206823,0.0915726254037753,429.4756131437066,510.4701525814031,103.86141891698406,True,,False,False,True,True,124352.0,120608.0,258882.0,380199.0,490.0,14124.0,1496960.97,440.0,0.0,0.0,0.0,0.0,4,52.0,22,0,True,True,True,False,대체로 맑음,29.5,58,20.5,34.3,0.0,0.0,0.0,0.0,1,1013.9,1010.1,31,31,0,0,3.4,162,14.4,737.0,535.0,202.0,3600.0,1,offday,valid,-0.2588190451025208,-0.9659258262890683,-1.0,-1.8369701987210297e-16,True,510.3694354634592,0.10071711794392968,special_case
2022-04-24 14:00:00,2022-04-24,14,2022,4,24,Sunday,True,spring,3199,335005,104.72178805876835,0.0977777335148833,312.79096951411185,510.591439741395,88.37686675923055,True,,False,False,True,True,,,217213.0,285529.0,0.0,0.0,0.0,0.0,0.0,0.0,0.0,0.0,4,52.0,22,0,False,True,False,False,대체로 맑음,21.4,57,12.6,21.5,0.0,0.0,0.0,0.0,1,1010.4,1006.5,43,10,0,37,14.0,244,30.2,786.0,535.0,251.0,3600.0,1,offday,train,-0.4999999999999998,-0.8660254037844388,0.8660254037844387,-0.49999999999999983,True,510.4701525814031,0.12128715999187989,special_case
2025-09-28 13:00:00,2025-09-28,13,2025,9,28,Sunday,True,fall,4023,357249,88.80164056674124,0.0915726254037753,368.3966719993884,510.9419928692102,107.6496800714536,True,,False,False,True,True,131791.0,126324.0,275145.0,387702.0,0.0,0.0,0.0,0.0,15.0,14.0,1.0,9.0,4,52.0,22,0,True,True,False,True,약한 이슬비,22.0,78,17.9,24.1,0.2,0.2,0.0,0.0,51,1010.3,1006.4,51,33,32,0,6.8,348,22.3,595.0,382.0,213.0,3600.0,1,offday,test,-0.2588190451025208,-0.9659258262890683,-1.0,-1.8369701987210297e-16,True,510.591439741395,0.3505531278152034,special_case
2024-05-12 18:00:00,2024-05-12,18,2024,5,12,Sunday,True,spring,3001,311072,103.65611462845716,0.093388398805632,280.2585848157018,510.9813060475876,-47.75820013447674,True,,False,False,True,True,217852.0,210414.0,677290.0,670152.0,1044.0,36973.0,4576969.83,1137.0,0.0,0.0,0.0,0.0,4,52.0,22,0,True,True,True,False,맑음,19.1,63,11.8,18.0,0.0,0.0,0.0,0.0,0,1008.9,1005.0,4,0,1,3,11.2,268,28.1,265.0,148.0,117.0,3600.0,1,offday,valid,-1.0,-1.8369701987210297e-16,0.49999999999999994,-0.8660254037844387,True,510.9419928692102,0.03931317837742654,special_case
2024-06-06 16:00:00,2024-06-06,16,2024,6,6,Thursday,False,summer,2869,276505,96.37678633670268,0.1105172193076455,317.0739021936352,511.44424249397775,8.28295080632904,False,현충일,True,False,True,False,154396.0,157144.0,385186.0,425241.0,748.0,26200.0,2788485.19,675.0,0.0,0.0,0.0,0.0,4,52.0,22,0,True,True,True,False,맑음,29.7,33,11.9,29.7,0.0,0.0,0.0,0.0,0,1014.0,1010.2,6,0,6,0,6.7,196,19.4,615.0,434.0,181.0,3600.0,1,offday,valid,-0.8660254037844384,-0.5000000000000004,1.2246467991473532e-16,-1.0,True,510.9813060475876,0.4629364463901311,special_case
2025-05-11 16:00:00,2025-05-11,16,2025,5,11,Sunday,True,spring,2729,280458,102.7695126419934,0.1106643479569391,302.0030055744869,511.5373277469058,27.38121251857052,True,,False,False,True,True,160972.0,163661.0,434271.0,467528.0,0.0,0.0,0.0,0.0,8.0,7.0,1.0,5.0,4,52.0,22,0,True,True,False,True,대체로 맑음,18.5,58,10.1,17.3,0.0,0.0,0.0,0.0,1,1004.3,1000.4,33,0,33,0,11.6,228,28.8,610.0,424.0,186.0,3600.0,1,offday,test,-0.8660254037844384,-0.5000000000000004,0.49999999999999994,-0.8660254037844387,True,511.44424249397775,0.0930852529280628,special_case
2023-06-06 18:00:00,2023-06-06,18,2023,6,6,Tuesday,False,summer,3191,334549,104.84142901911626,0.0849768175437643,271.16102478215186,512.1281322166744,-73.86081425417206,False,현충일,True,False,True,False,218649.0,207430.0,640457.0,629108.0,1005.0,33840.0,4145609.58,1072.0,0.0,0.0,0.0,0.0,4,52.0,22,0,True,True,True,False,대체로 맑음,19.6,78,15.6,19.6,0.0,0.0,0.0,0.0,1,1005.2,1001.3,24,10,15,0,13.4,246,29.5,284.0,148.0,136.0,3600.0,1,offday,train,-1.0,-1.8369701987210297e-16,1.2246467991473532e-16,-1.0,True,511.5373277469058,0.5908044697686137,special_case
2023-10-09 14:00:00,2023-10-09,14,2023,10,9,Monday,False,fall,2470,251608,101.8655870445344,0.1235811310401487,305.2453936691673,512.2725199041384,32.000337389420906,False,한글날,True,False,True,True,128103.0,125637.0,300223.0,395149.0,0.0,0.0,0.0,0.0,0.0,0.0,0.0,0.0,4,52.0,22,0,True,True,False,False,흐림,19.5,60,11.6,19.6,0.0,0.0,0.0,0.0,3,1019.0,1015.1,93,0,76,72,3.1,126,14.4,472.0,245.0,227.0,3600.0,1,offday,train,-0.4999999999999998,-0.8660254037844388,-0.8660254037844386,0.5000000000000001,True,512.1281322166744,0.1443876874640182,special_case
2023-09-16 16:00:00,2023-09-16,16,2023,9,16,Saturday,True,fall,2539,274840,108.24734147302088,0.1113266708276356,282.65841723136697,512.2969128727539,11.618771713405977,True,,False,False,True,True,153290.0,153243.0,371136.0,394601.0,0.0,0.0,0.0,0.0,0.0,0.0,0.0,0.0,4,52.0,22,0,True,True,False,False,약한 이슬비,25.4,85,22.6,30.0,0.4,0.4,0.0,0.0,51,1010.6,1006.8,100,4,27,100,5.0,30,10.8,170.0,4.0,166.0,0.0,1,offday,train,-0.8660254037844384,-0.5000000000000004,-1.0,-1.8369701987210297e-16,True,512.2725199041384,0.024392968615416066,special_case
2024-10-13 13:00:00,2024-10-13,13,2024,10,13,Sunday,True,fall,3900,360223,92.3648717948718,0.0915726254037753,357.13323907472403,512.4163435819823,108.70063950369126,True,,False,False,True,True,137374.0,134469.0,296007.0,431650.0,718.0,26602.0,2824030.14,614.0,0.0,0.0,0.0,0.0,4,52.0,22,0,True,True,True,False,흐림,22.2,58,13.5,22.0,0.0,0.0,0.0,0.0,3,1023.6,1019.7,100,0,0,100,9.2,106,19.8,492.0,187.0,305.0,3600.0,1,offday,valid,-0.2588190451025208,-0.9659258262890683,-0.8660254037844386,0.5000000000000001,True,512.2969128727539,0.11943070922848165,special_case
2024-04-14 19:00:00,2024-04-14,19,2024,4,14,Sunday,True,spring,3287,366759,111.57864313964102,0.0761098888961958,250.17320480179572,514.05613388693,-91.48341521883084,True,,False,False,True,True,160119.0,165308.0,454878.0,486517.0,852.0,28528.0,3621749.75,958.0,0.0,0.0,0.0,0.0,4,52.0,22,0,True,True,True,False,흐림,20.0,37,4.8,17.9,0.0,0.0,0.0,0.0,3,1014.5,1010.6,100,0,0,100,5.8,277,29.2,53.0,13.0,40.0,1685.46,1,offday,valid,-0.9659258262890684,0.2588190451025203,0.8660254037844387,-0.49999999999999983,True,512.4163435819823,1.63979030494761,special_case
2024-04-10 17:00:00,2024-04-10,17,2024,4,10,Wednesday,False,spring,2764,322664,116.73806078147612,0.0863329331814696,238.62422731358217,514.3859664402144,-84.02956565548607,False,국회의원선거,True,False,True,False,180620.0,177297.0,518563.0,511859.0,1058.0,38534.0,4099208.37,1199.0,0.0,0.0,0.0,0.0,4,52.0,22,0,True,True,True,False,흐림,15.4,58,7.2,12.2,0.0,0.0,0.0,0.0,3,1023.4,1019.4,100,0,3,100,17.3,249,33.1,287.0,76.0,211.0,2860.98,1,offday,valid,-0.9659258262890683,-0.25881904510252063,0.8660254037844387,-0.49999999999999983,True,514.05613388693,0.32983255328440464,special_case
2022-04-23 18:00:00,2022-04-23,18,2022,4,23,Saturday,True,spring,3263,314876,96.49892736745326,0.093388398805632,304.7263453027774,514.4640274069562,-49.98172986229622,True,,False,False,True,True,,,587875.0,562370.0,0.0,0.0,0.0,0.0,0.0,0.0,0.0,0.0,4,52.0,22,0,False,True,False,False,흐림,22.5,36,6.8,21.0,0.0,0.0,0.0,0.0,3,1009.4,1005.6,98,0,0,98,5.1,274,12.2,233.0,123.0,110.0,3600.0,1,offday,train,-1.0,-1.8369701987210297e-16,0.8660254037844387,-0.49999999999999983,True,514.3859664402144,0.07806096674187302,special_case
2024-05-18 18:00:00,2024-05-18,18,2024,5,18,Saturday,True,spring,3302,315232,95.46698970321016,0.093388398805632,308.36849285619707,514.6121906007442,-50.29519469657191,True,,False,False,True,True,217852.0,210414.0,677290.0,670152.0,1044.0,36692.0,4139901.53,1161.0,0.0,0.0,0.0,0.0,4,52.0,22,0,True,True,True,False,맑음,20.6,71,15.3,20.5,0.0,0.0,0.0,0.0,0,1015.5,1011.6,0,0,0,0,13.0,256,27.4,274.0,161.0,113.0,3600.0,1,offday,valid,-1.0,-1.8369701987210297e-16,0.49999999999999994,-0.8660254037844387,True,514.4640274069562,0.14816319378792286,special_case
2025-06-22 19:00:00,2025-06-22,19,2025,6,22,Sunday,True,summer,2907,322514,110.9439284485724,0.0912420622822565,265.2406750545199,514.6788400565904,-37.69877236332127,True,,False,False,True,True,148375.0,157485.0,429973.0,444465.0,0.0,0.0,0.0,0.0,12.0,12.0,0.0,3.0,4,52.0,22,0,True,True,False,True,맑음,22.2,77,18.0,24.1,0.0,0.0,0.0,0.0,0,1006.9,1003.1,1,0,1,0,7.3,240,20.2,147.0,67.0,80.0,3600.0,1,offday,test,-0.9659258262890684,0.2588190451025203,1.2246467991473532e-16,-1.0,True,514.6121906007442,0.06664945584623183,special_case
2025-06-06 14:00:00,2025-06-06,14,2025,6,6,Friday,False,summer,2994,310867,103.82999331997328,0.1049582705891367,314.2450621438753,515.285678866321,75.69433809125371,False,현충일,True,False,True,True,124546.0,121399.0,291512.0,373818.0,0.0,0.0,0.0,0.0,10.0,10.0,0.0,3.0,4,52.0,22,0,True,True,False,True,흐림,29.4,30,10.1,28.3,0.0,0.0,0.0,0.0,3,1007.0,1003.3,100,0,0,100,18.2,227,43.9,865.0,648.0,217.0,3600.0,1,offday,test,-0.4999999999999998,-0.8660254037844388,1.2246467991473532e-16,-1.0,True,514.6788400565904,0.6068388097305615,special_case
2022-06-04 16:00:00,2022-06-04,16,2022,6,4,Saturday,True,summer,3062,314357,102.66394513389942,0.1019931999973653,312.3031783919327,515.9392556013734,53.21459572645824,True,,False,False,True,True,,,324835.0,354235.0,0.0,0.0,0.0,0.0,0.0,0.0,0.0,0.0,4,52.0,22,0,False,True,False,False,흐림,29.1,41,14.4,29.8,0.0,0.0,0.0,0.0,3,1007.4,1003.7,100,0,69,100,4.8,312,15.8,295.0,36.0,259.0,0.0,1,offday,train,-0.8660254037844384,-0.5000000000000004,1.2246467991473532e-16,-1.0,True,515.285678866321,0.6535767350524111,special_case
2024-04-27 15:00:00,2024-04-27,15,2024,4,27,Saturday,True,spring,3026,298158,98.53205551883674,0.1077131147753142,325.93988531010103,515.9513548495738,58.86851543351054,True,,False,False,True,True,134685.0,137880.0,333807.0,394074.0,902.0,34387.0,3701069.63,802.0,0.0,0.0,0.0,0.0,4,52.0,22,0,True,True,True,False,맑음,23.8,43,10.4,23.5,0.0,0.0,0.0,0.0,0,1010.2,1006.4,0,0,0,0,10.9,253,25.2,762.0,585.0,177.0,3600.0,1,offday,valid,-0.7071067811865471,-0.7071067811865479,0.8660254037844387,-0.49999999999999983,True,515.9392556013734,0.012099248200456714,special_case
2024-05-25 15:00:00,2024-05-25,15,2024,5,25,Saturday,True,spring,3100,297748,96.04774193548388,0.1077131147753142,333.9106558034743,516.0184252171607,58.40560288179239,True,,False,False,True,True,139083.0,140387.0,352075.0,417775.0,803.0,29394.0,3203920.99,690.0,0.0,0.0,0.0,0.0,4,52.0,22,0,True,True,True,False,흐림,24.5,52,14.1,24.1,0.0,0.0,0.0,0.0,3,1014.9,1011.1,99,78,21,96,12.1,192,26.6,509.0,186.0,323.0,3600.0,1,offday,valid,-0.7071067811865471,-0.7071067811865479,0.49999999999999994,-0.8660254037844387,True,515.9513548495738,0.06707036758689355,special_case
2023-05-28 17:00:00,2023-05-28,17,2023,5,28,Sunday,True,spring,3385,288986,85.3725258493353,0.1056648495856345,357.6755158473728,516.0841523245341,-12.698808436248896,True,,False,False,True,True,179956.0,175771.0,500796.0,501279.0,18.0,712.0,66529.9,18.0,0.0,0.0,0.0,0.0,4,52.0,22,0,True,True,True,False,보통 이슬비,18.3,98,18.0,20.1,0.8,0.8,0.0,0.0,53,1011.3,1007.4,100,100,100,100,7.7,221,14.4,79.0,0.0,79.0,0.0,1,offday,train,-0.9659258262890683,-0.25881904510252063,0.49999999999999994,-0.8660254037844387,True,516.0184252171607,0.06572710737339094,special_case
2024-09-08 18:00:00,2024-09-08,18,2024,9,8,Sunday,True,fall,4690,347237,74.03773987206823,0.0862061061335171,404.3066377661954,516.1907200677236,-84.1802660781043,True,,False,False,True,True,209964.0,204962.0,616716.0,626970.0,696.0,22909.0,2557403.32,697.0,0.0,0.0,0.0,0.0,4,52.0,22,0,True,True,True,False,맑음,27.1,73,21.8,30.6,0.0,0.0,0.0,0.0,0,1012.8,1009.0,5,0,5,0,9.0,265,18.4,169.0,97.0,72.0,3600.0,1,offday,valid,-1.0,-1.8369701987210297e-16,-1.0,-1.8369701987210297e-16,True,516.0841523245341,0.10656774318954376,special_case
2022-06-05 18:00:00,2022-06-05,18,2022,6,5,Sunday,True,summer,2693,301765,112.05532862978092,0.1010593940343581,272.15294813452635,516.9404086404724,-3.5050658561498267,True,,False,False,True,True,,,610509.0,603790.0,0.0,0.0,0.0,0.0,0.0,0.0,0.0,0.0,4,52.0,22,0,False,True,False,False,흐림,22.9,51,12.2,21.3,0.0,0.0,0.0,0.0,3,1001.0,997.2,100,0,65,100,15.6,130,32.4,108.0,3.0,105.0,0.0,1,offday,train,-1.0,-1.8369701987210297e-16,1.2246467991473532e-16,-1.0,True,516.1907200677236,0.7496885727487097,special_case
2025-06-03 14:00:00,2025-06-03,14,2025,6,3,Tuesday,False,summer,2829,313831,110.93354542241076,0.1049582705891367,296.92694749666776,517.6752958103069,77.1367109533337,False,임시공휴일(제21대 대통령 선거),True,False,True,False,124546.0,121399.0,291512.0,373818.0,0.0,0.0,0.0,0.0,7.0,7.0,0.0,2.0,4,52.0,22,0,True,True,False,True,대체로 맑음,23.2,54,13.4,22.9,0.0,0.0,0.0,0.0,1,998.7,994.9,21,21,0,0,20.1,250,52.2,864.0,655.0,209.0,3600.0,1,offday,test,-0.4999999999999998,-0.8660254037844388,1.2246467991473532e-16,-1.0,True,516.9404086404724,0.7348871698345647,special_case
2024-05-01 13:00:00,2024-05-01,13,2024,5,1,Wednesday,False,spring,2654,297262,112.00527505651846,0.111787395763264,296.6837483557028,518.1948176502324,87.13359619850928,False,,False,False,False,False,129171.0,124826.0,291672.0,434999.0,819.0,26065.0,2912411.27,751.0,0.0,0.0,0.0,0.0,4,52.0,22,0,True,True,True,False,흐림,21.6,30,3.2,20.6,0.0,0.0,0.0,0.0,3,1011.9,1008.0,100,0,10,100,8.7,107,23.8,869.0,646.0,223.0,3600.0,1,weekday,valid,-0.2588190451025208,-0.9659258262890683,0.49999999999999994,-0.8660254037844387,True,517.6752958103069,0.51952183992546,special_case
2025-10-09 13:00:00,2025-10-09,13,2025,10,9,Thursday,False,fall,2317,274547,118.49244712990937,0.1201225009099709,278.3238346084026,518.9110028452202,77.83634809325645,False,한글날,True,False,True,True,133452.0,129282.0,289919.0,426437.0,0.0,0.0,0.0,0.0,13.0,12.0,1.0,7.0,4,52.0,22,0,True,True,False,True,흐림,21.0,70,15.2,20.9,0.0,0.0,0.0,0.0,3,1019.7,1015.8,100,25,100,0,12.3,72,30.6,193.0,4.0,189.0,0.0,1,offday,test,-0.2588190451025208,-0.9659258262890683,-0.8660254037844386,0.5000000000000001,True,518.1948176502324,0.7161851949878155,special_case
2022-08-28 14:00:00,2022-08-28,14,2022,8,28,Sunday,True,summer,4557,408972,89.74588545095457,0.0809922881834863,369.0818572521471,518.9132667603693,100.72163675333252,True,,False,False,True,True,,,234997.0,314740.0,0.0,0.0,0.0,0.0,0.0,0.0,0.0,0.0,4,52.0,22,0,False,True,False,False,흐림,25.5,52,15.1,28.2,0.0,0.0,0.0,0.0,3,1015.1,1011.3,100,0,0,100,4.7,99,17.3,822.0,625.0,197.0,3600.0,1,offday,train,-0.4999999999999998,-0.8660254037844388,-0.8660254037844384,-0.5000000000000004,True,518.9110028452202,0.002263915149114837,special_case
2023-09-17 13:00:00,2023-09-17,13,2023,9,17,Sunday,True,fall,3716,368243,99.09660925726588,0.0915726254037753,340.28387600042936,519.0151315729322,111.38866244623534,True,,False,False,True,True,118241.0,112923.0,246366.0,358598.0,0.0,0.0,0.0,0.0,0.0,0.0,0.0,0.0,4,52.0,22,0,True,True,False,False,약한 이슬비,26.8,75,22.0,30.8,0.2,0.2,0.0,0.0,51,1010.5,1006.7,100,77,16,100,6.1,220,16.6,543.0,262.0,281.0,3600.0,1,offday,train,-0.2588190451025208,-0.9659258262890683,-1.0,-1.8369701987210297e-16,True,518.9132667603693,0.10186481256289426,special_case
2024-06-01 15:00:00,2024-06-01,15,2024,6,1,Saturday,True,summer,4711,340856,72.35321587773296,0.0935275965658001,440.6085074214845,519.1656274735873,73.28443585891449,True,,False,False,True,True,135633.0,134648.0,323366.0,377916.0,856.0,31938.0,3530303.75,784.0,0.0,0.0,0.0,0.0,4,52.0,22,0,True,True,True,False,대체로 맑음,26.1,28,6.3,23.8,0.0,0.0,0.0,0.0,1,1009.1,1005.3,26,0,26,0,17.6,316,35.6,776.0,586.0,190.0,3600.0,1,offday,valid,-0.7071067811865471,-0.7071067811865479,1.2246467991473532e-16,-1.0,True,519.0151315729322,0.15049590065507346,special_case
2022-04-03 16:00:00,2022-04-03,16,2022,4,3,Sunday,True,spring,3371,283907,84.22040937407297,0.1106643479569391,373.04951696284184,519.62372833051,23.4685082847642,True,,False,False,True,True,,,304514.0,329249.0,0.0,0.0,0.0,0.0,0.0,0.0,0.0,0.0,4,52.0,22,0,False,True,False,False,맑음,13.1,49,2.7,9.4,0.0,0.0,0.0,0.0,0,1027.3,1023.3,0,0,0,0,14.7,259,29.2,574.0,429.0,145.0,3600.0,1,offday,train,-0.8660254037844384,-0.5000000000000004,0.8660254037844387,-0.49999999999999983,True,519.1656274735873,0.45810085692266966,special_case
2024-05-19 14:00:00,2024-05-19,14,2024,5,19,Sunday,True,spring,3297,340677,103.32939035486808,0.0977777335148833,322.3731873985704,519.8860785687308,89.76989402552567,True,,False,False,True,True,125232.0,122594.0,306752.0,401290.0,874.0,35804.0,3705992.96,797.0,0.0,0.0,0.0,0.0,4,52.0,22,0,True,True,True,False,맑음,25.4,50,14.3,27.6,0.0,0.0,0.0,0.0,0,1014.6,1010.8,11,0,2,9,7.1,240,18.7,845.0,643.0,202.0,3600.0,1,offday,valid,-0.4999999999999998,-0.8660254037844388,0.49999999999999994,-0.8660254037844387,True,519.62372833051,0.26235023822084713,special_case
2022-05-15 14:00:00,2022-05-15,14,2022,5,15,Sunday,True,spring,3542,338077,95.44805194805195,0.0977777335148833,346.32873210971684,519.9227882403356,88.44822815287301,True,,False,False,True,True,,,246708.0,328829.0,0.0,0.0,0.0,0.0,0.0,0.0,0.0,0.0,4,52.0,22,0,False,True,False,False,흐림,20.9,25,0.3,17.7,0.0,0.0,0.0,0.0,3,1013.2,1009.3,96,0,93,45,15.5,274,32.0,770.0,457.0,313.0,3600.0,1,offday,train,-0.4999999999999998,-0.8660254037844388,0.49999999999999994,-0.8660254037844387,True,519.8860785687308,0.03670967160485361,special_case
2022-10-15 14:00:00,2022-10-15,14,2022,10,15,Saturday,True,fall,3436,309646,90.11816065192085,0.1053558771818858,362.0027939969598,519.9442058725448,77.98926093806438,True,,False,False,True,True,,,276284.0,355207.0,0.0,0.0,0.0,0.0,0.0,0.0,0.0,0.0,4,52.0,22,0,False,True,False,False,대체로 맑음,21.0,46,9.1,20.9,0.0,0.0,0.0,0.0,1,1018.8,1014.9,21,0,0,21,2.7,23,11.9,627.0,493.0,134.0,3600.0,1,offday,train,-0.4999999999999998,-0.8660254037844388,-0.8660254037844386,0.5000000000000001,True,519.9227882403356,0.021417632209136173,special_case
2022-06-05 17:00:00,2022-06-05,17,2022,6,5,Sunday,True,summer,2693,301765,112.05532862978092,0.1047704649595659,282.1468621361112,520.4454744966222,27.25835149410574,True,,False,False,True,True,,,435526.0,441346.0,0.0,0.0,0.0,0.0,0.0,0.0,0.0,0.0,4,52.0,22,0,False,True,False,False,흐림,23.9,47,11.9,21.9,0.0,0.0,0.0,0.0,3,1001.1,997.3,100,4,31,100,17.9,130,34.6,198.0,13.0,185.0,0.0,1,offday,train,-0.9659258262890683,-0.25881904510252063,1.2246467991473532e-16,-1.0,True,519.9442058725448,0.5012686240773974,special_case
2025-04-20 14:00:00,2025-04-20,14,2025,4,20,Sunday,True,spring,3755,336440,89.59786950732357,0.0977777335148833,367.15538934838696,520.816622082181,87.47767424364457,True,,False,False,True,True,122185.0,120136.0,289418.0,358883.0,0.0,0.0,0.0,0.0,2.0,2.0,0.0,1.0,4,52.0,22,0,True,True,False,True,맑음,21.1,54,11.5,23.4,0.0,0.0,0.0,0.0,0,1013.2,1009.3,0,0,0,0,0.5,270,14.0,829.0,634.0,195.0,3600.0,1,offday,test,-0.4999999999999998,-0.8660254037844388,0.8660254037844387,-0.49999999999999983,True,520.4454744966222,0.3711475855587878,special_case
2025-09-07 13:00:00,2025-09-07,13,2025,9,7,Sunday,True,fall,4363,360584,82.64588585835435,0.0915726254037753,399.531364636672,521.0828398649201,108.35542631706016,True,,False,False,True,True,131791.0,126324.0,275145.0,387702.0,0.0,0.0,0.0,0.0,14.0,14.0,0.0,7.0,4,52.0,22,0,True,True,False,True,흐림,27.3,70,21.4,31.3,0.0,0.0,0.0,0.0,3,1008.0,1004.2,96,20,18,95,7.0,299,20.2,625.0,294.0,331.0,3600.0,1,offday,test,-0.2588190451025208,-0.9659258262890683,-1.0,-1.8369701987210297e-16,True,520.816622082181,0.2662177827390906,special_case
2025-10-19 17:00:00,2025-10-19,17,2025,10,19,Sunday,True,fall,2856,295270,103.38585434173667,0.1019646238147499,291.2109656149257,521.1190953191312,-29.111558155814578,True,,False,False,True,True,189815.0,184775.0,540270.0,529223.0,0.0,0.0,0.0,0.0,19.0,17.0,2.0,11.0,4,52.0,22,0,True,True,False,True,흐림,16.0,60,8.4,13.9,0.0,0.0,0.0,0.0,3,1023.5,1019.5,99,4,0,99,12.1,322,25.9,137.0,34.0,103.0,2359.78,1,offday,test,-0.9659258262890683,-0.25881904510252063,-0.8660254037844386,0.5000000000000001,True,521.0828398649201,0.03625545421118659,special_case
2023-04-22 17:00:00,2023-04-22,17,2023,4,22,Saturday,True,spring,2993,291040,97.24022719679252,0.1056648495856345,316.2548948098041,521.8323651978114,-9.481091118249536,True,,False,False,True,True,175832.0,171400.0,489740.0,480730.0,1014.0,35672.0,4175247.82,1116.0,0.0,0.0,0.0,0.0,4,52.0,22,0,True,True,True,False,흐림,18.1,23,-3.5,13.6,0.0,0.0,0.0,0.0,3,1020.4,1016.5,100,0,100,65,13.2,64,26.3,286.0,78.0,208.0,2714.75,1,offday,train,-0.9659258262890683,-0.25881904510252063,0.8660254037844387,-0.49999999999999983,True,521.1190953191312,0.7132698786801939,special_case
2025-10-08 12:00:00,2025-10-08,12,2025,10,8,Wednesday,False,fall,3158,318894,100.97973400886636,0.1065118396644879,336.36438966045284,521.8877309369274,114.28840721470316,False,대체공휴일,True,True,True,True,127375.0,121081.0,263189.0,392489.0,0.0,0.0,0.0,0.0,13.0,12.0,1.0,7.0,4,52.0,22,0,True,True,False,True,맑음,24.4,69,18.3,27.5,0.0,0.0,0.0,0.0,0,1018.2,1014.4,0,0,0,0,4.4,12,15.5,667.0,540.0,127.0,3600.0,1,offday,test,1.2246467991473532e-16,-1.0,-0.8660254037844386,0.5000000000000001,True,521.8323651978114,0.05536573911592768,special_case
2024-04-07 14:00:00,2024-04-07,14,2024,4,7,Sunday,True,spring,3221,343484,106.63893200869296,0.0977777335148833,314.94207965143926,522.640523291906,90.75262887016618,True,,False,False,True,True,121205.0,117543.0,291812.0,369919.0,1165.0,49241.0,5084106.15,1031.0,0.0,0.0,0.0,0.0,4,52.0,22,0,True,True,True,False,맑음,20.6,26,0.3,19.3,0.0,0.0,0.0,0.0,0,1017.1,1013.2,3,0,0,3,6.4,232,19.4,810.0,640.0,170.0,3600.0,1,offday,valid,-0.4999999999999998,-0.8660254037844388,0.8660254037844387,-0.49999999999999983,True,521.8877309369274,0.7527923549786237,special_case
2024-04-13 14:00:00,2024-04-13,14,2024,4,13,Saturday,True,spring,3291,343106,104.25584928593132,0.0977777335148833,321.7865209974811,523.1554601980046,90.47947125947178,True,,False,False,True,True,121205.0,117543.0,291812.0,369919.0,859.0,31608.0,3603139.36,803.0,0.0,0.0,0.0,0.0,4,52.0,22,0,True,True,True,False,맑음,26.5,23,3.8,25.7,0.0,0.0,0.0,0.0,0,1017.1,1013.3,0,0,0,0,6.2,277,19.8,816.0,643.0,173.0,3600.0,1,offday,valid,-0.4999999999999998,-0.8660254037844388,0.8660254037844387,-0.49999999999999983,True,522.640523291906,0.5149369060985691,special_case
2023-04-16 18:00:00,2023-04-16,18,2023,4,16,Sunday,True,spring,3321,320677,96.5603733815116,0.093388398805632,310.14287243350407,523.9680231358205,-50.88716126953307,True,,False,False,True,True,217630.0,205218.0,656393.0,636217.0,358.0,9333.0,1140456.43,452.0,0.0,0.0,0.0,0.0,4,52.0,22,0,True,True,True,False,맑음,13.6,50,3.4,10.0,0.0,0.0,0.0,0.0,0,1005.8,1001.9,2,0,2,0,13.8,279,36.0,208.0,104.0,104.0,3600.0,1,offday,train,-1.0,-1.8369701987210297e-16,0.8660254037844387,-0.49999999999999983,True,523.1554601980046,0.8125629378159829,special_case
2022-09-25 19:00:00,2022-09-25,19,2022,9,25,Sunday,True,fall,4893,429828,87.84549356223177,0.0671035658554383,328.33774773065966,524.0945735386505,-129.25317153118306,True,,False,False,True,True,,,386364.0,429821.0,0.0,0.0,0.0,0.0,0.0,0.0,0.0,0.0,4,52.0,22,0,False,True,False,False,흐림,17.2,80,13.6,17.3,0.0,0.0,0.0,0.0,3,1016.5,1012.6,89,0,0,89,7.3,259,14.4,6.0,1.0,5.0,0.0,1,offday,train,-0.9659258262890684,0.2588190451025203,-1.0,-1.8369701987210297e-16,True,523.9680231358205,0.12655040282993468,special_case
2025-09-06 18:00:00,2025-09-06,18,2025,9,6,Saturday,True,fall,3931,345164,87.8056474179598,0.0862061061335171,338.8762032108559,524.6285572349796,-79.0018861165338,True,,False,False,True,True,233826.0,230076.0,678014.0,700477.0,0.0,0.0,0.0,0.0,15.0,14.0,1.0,7.0,4,52.0,22,0,True,True,False,True,보통 비,26.1,92,24.7,30.2,6.3,6.3,0.0,0.0,63,1005.8,1002.0,99,76,34,93,16.8,240,33.8,103.0,34.0,69.0,1930.38,1,offday,test,-1.0,-1.8369701987210297e-16,-1.0,-1.8369701987210297e-16,True,524.0945735386505,0.5339836963290736,special_case
2022-05-21 19:00:00,2022-05-21,19,2022,5,21,Saturday,True,spring,7059,413591,58.59059356849412,0.0761098888961958,537.2597057182464,524.6394176411088,-119.10393653256062,True,,False,False,True,True,,,408102.0,429243.0,0.0,0.0,0.0,0.0,0.0,0.0,0.0,0.0,4,52.0,22,0,False,True,False,False,대체로 맑음,16.6,80,13.1,16.0,0.0,0.0,0.0,0.0,1,1008.4,1004.5,37,9,1,30,11.3,239,25.2,99.0,28.0,71.0,2230.21,1,offday,train,-0.9659258262890684,0.2588190451025203,0.49999999999999994,-0.8660254037844387,True,524.6285572349796,0.010860406129268085,special_case
2025-05-31 17:00:00,2025-05-31,17,2025,5,31,Saturday,True,spring,2982,292972,98.2468142186452,0.1056648495856345,315.0925814643621,525.4507516841092,-9.298603362719064,True,,False,False,True,True,185585.0,182734.0,545424.0,554442.0,0.0,0.0,0.0,0.0,7.0,7.0,0.0,2.0,4,52.0,22,0,True,True,False,True,흐림,24.8,45,12.1,23.4,0.0,0.0,0.0,0.0,3,1009.1,1005.3,100,0,0,100,13.8,263,34.9,383.0,149.0,234.0,3600.0,1,offday,test,-0.9659258262890683,-0.25881904510252063,0.49999999999999994,-0.8660254037844387,True,524.6394176411088,0.8113340430003291,special_case
2022-09-03 17:00:00,2022-09-03,17,2022,9,3,Saturday,True,fall,5996,309256,51.577051367578385,0.1019646238147499,611.3798843932404,525.5528617075717,-48.25448685028334,True,,False,False,True,True,,,450705.0,449410.0,0.0,0.0,0.0,0.0,0.0,0.0,0.0,0.0,4,52.0,22,0,False,True,False,False,흐림,26.8,63,19.2,28.2,0.0,0.0,0.0,0.0,3,1013.1,1009.3,100,9,76,100,13.6,107,25.6,312.0,153.0,159.0,3600.0,1,offday,train,-0.9659258262890683,-0.25881904510252063,-1.0,-1.8369701987210297e-16,True,525.4507516841092,0.10211002346250098,special_case
2024-09-28 19:00:00,2024-09-28,19,2024,9,28,Saturday,True,fall,5061,433205,85.59672001580715,0.0671035658554383,339.61114679437327,525.7373137788146,-130.70190923094526,True,,False,False,True,True,155691.0,160230.0,426210.0,447286.0,940.0,35025.0,4042252.19,1052.0,0.0,0.0,0.0,0.0,4,52.0,22,0,True,True,True,False,대체로 맑음,22.5,61,14.8,21.6,0.0,0.0,0.0,0.0,1,1019.0,1015.1,31,2,16,18,17.0,74,27.7,3.0,0.0,3.0,0.0,1,offday,valid,-0.9659258262890684,0.2588190451025203,-1.0,-1.8369701987210297e-16,True,525.5528617075717,0.18445207124295848,special_case
2023-10-02 16:00:00,2023-10-02,16,2023,10,2,Monday,False,fall,3014,299070,99.2269409422694,0.0989812433119339,298.32946734216904,526.780649846419,-66.16599376939132,False,임시공휴일,True,False,True,True,167258.0,165845.0,428915.0,434112.0,0.0,0.0,0.0,0.0,0.0,0.0,0.0,0.0,4,52.0,22,0,True,True,False,False,흐림,21.9,44,8.9,20.3,0.0,0.0,0.0,0.0,3,1017.6,1013.7,91,0,0,91,8.6,285,18.0,448.0,339.0,109.0,3600.0,1,offday,train,-0.8660254037844384,-0.5000000000000004,-0.8660254037844386,0.5000000000000001,True,525.7373137788146,1.0433360676044003,special_case
2023-09-24 17:00:00,2023-09-24,17,2023,9,24,Sunday,True,fall,2753,297833,108.18488921176898,0.1019646238147499,280.7086093620065,526.8388904503123,-28.314743418306534,True,,False,False,True,True,176035.0,170252.0,477431.0,487098.0,0.0,0.0,0.0,0.0,0.0,0.0,0.0,0.0,4,52.0,22,0,True,True,False,False,흐림,22.9,63,15.6,24.1,0.0,0.0,0.0,0.0,3,1018.6,1014.7,100,0,0,100,4.5,151,11.2,163.0,11.0,152.0,0.0,1,offday,train,-0.9659258262890683,-0.25881904510252063,-1.0,-1.8369701987210297e-16,True,526.780649846419,0.058240603893295884,special_case
2025-06-22 16:00:00,2025-06-22,16,2025,6,22,Sunday,True,summer,2907,322514,110.9439284485724,0.1019931999973653,296.4942323923411,527.3421638226012,55.54957516839977,True,,False,False,True,True,154793.0,157040.0,397001.0,425028.0,0.0,0.0,0.0,0.0,12.0,12.0,0.0,3.0,4,52.0,22,0,True,True,False,True,맑음,25.0,65,18.0,26.6,0.0,0.0,0.0,0.0,0,1006.3,1002.5,18,6,15,0,11.5,247,29.5,635.0,453.0,182.0,3600.0,1,offday,test,-0.8660254037844384,-0.5000000000000004,1.2246467991473532e-16,-1.0,True,526.8388904503123,0.5032733722888452,special_case
2024-06-16 16:00:00,2024-06-16,16,2024,6,16,Sunday,True,summer,3487,319548,91.63980498996273,0.1019931999973653,355.650288390813,527.6288329560062,52.56948421926654,True,,False,False,True,True,154396.0,157144.0,385186.0,425241.0,701.0,22183.0,2555839.93,599.0,0.0,0.0,0.0,0.0,4,52.0,22,0,True,True,True,False,약한 이슬비,28.3,38,12.8,27.1,0.1,0.1,0.0,0.0,51,1005.6,1001.8,30,0,30,0,16.6,271,33.5,612.0,439.0,173.0,3600.0,1,offday,valid,-0.8660254037844384,-0.5000000000000004,1.2246467991473532e-16,-1.0,True,527.3421638226012,0.28666913340509836,special_case
2024-06-01 19:00:00,2024-06-01,19,2024,6,1,Saturday,True,summer,4711,340856,72.35321587773296,0.0912420622822565,429.8413554117108,527.8622303321025,-49.84894127687346,True,,False,False,True,True,149204.0,159733.0,424734.0,459943.0,926.0,30454.0,3501532.43,961.0,0.0,0.0,0.0,0.0,4,52.0,22,0,True,True,True,False,맑음,21.5,55,12.1,19.5,0.0,0.0,0.0,0.0,0,1008.4,1004.5,13,0,13,0,17.6,270,35.3,123.0,48.0,75.0,3600.0,1,offday,valid,-0.9659258262890684,0.2588190451025203,1.2246467991473532e-16,-1.0,True,527.6288329560062,0.23339737609626354,special_case
2023-04-02 14:00:00,2023-04-02,14,2023,4,2,Sunday,True,spring,3509,344368,98.13850099743516,0.0977777335148833,343.1020669037257,528.1315383298387,90.3271408239416,True,,False,False,True,True,115768.0,111751.0,264100.0,346494.0,1086.0,49037.0,4916138.72,967.0,0.0,0.0,0.0,0.0,4,52.0,22,0,True,True,True,False,맑음,23.9,13,-6.6,20.2,0.0,0.0,0.0,0.0,0,1019.0,1015.1,0,0,0,0,14.8,89,31.3,811.0,651.0,160.0,3600.0,1,offday,train,-0.4999999999999998,-0.8660254037844388,0.8660254037844387,-0.49999999999999983,True,527.8622303321025,0.26930799773617764,special_case
2022-06-12 19:00:00,2022-06-12,19,2022,6,12,Sunday,True,summer,2988,331115,110.81492637215528,0.0912420622822565,272.63128209938264,528.3705003194952,-38.725361507428374,True,,False,False,True,True,,,375685.0,420065.0,0.0,0.0,0.0,0.0,0.0,0.0,0.0,0.0,4,52.0,22,0,False,True,False,False,흐림,23.0,69,17.0,23.4,0.0,0.0,0.0,0.0,3,1011.3,1007.5,100,0,5,100,14.3,258,27.4,92.0,5.0,87.0,0.0,1,offday,train,-0.9659258262890684,0.2588190451025203,1.2246467991473532e-16,-1.0,True,528.1315383298387,0.23896198965655913,special_case
2023-05-28 16:00:00,2023-05-28,16,2023,5,28,Sunday,True,spring,3385,288986,85.3725258493353,0.1106643479569391,374.59881783423896,528.782960760783,24.211760235356223,True,,False,False,True,True,157452.0,158753.0,397206.0,406437.0,16.0,756.0,113844.37,9.0,0.0,0.0,0.0,0.0,4,52.0,22,0,True,True,True,False,약한 비,18.2,98,17.9,20.2,1.7,1.7,0.0,0.0,61,1011.1,1007.2,100,100,100,100,6.1,220,16.6,54.0,0.0,54.0,0.0,1,offday,train,-0.8660254037844384,-0.5000000000000004,0.49999999999999994,-0.8660254037844387,True,528.3705003194952,0.41246044128774884,special_case
2024-10-12 16:00:00,2024-10-12,16,2024,10,12,Saturday,True,fall,4146,284640,68.65412445730824,0.1113266708276356,461.5603772513775,528.8210239747485,-0.5072777290102977,True,,False,False,True,True,174451.0,175854.0,448421.0,473981.0,1032.0,39046.0,4156137.96,1042.0,0.0,0.0,0.0,0.0,4,52.0,22,0,True,True,True,False,맑음,20.9,51,10.2,20.1,0.0,0.0,0.0,0.0,0,1022.8,1018.9,0,0,0,0,6.0,299,15.1,384.0,280.0,104.0,3600.0,1,offday,valid,-0.8660254037844384,-0.5000000000000004,-0.8660254037844386,0.5000000000000001,True,528.782960760783,0.03806321396552903,special_case
2023-04-23 14:00:00,2023-04-23,14,2023,4,23,Sunday,True,spring,3301,347232,105.18994244168434,0.0977777335148833,322.76429833262995,529.0082555880333,91.63721264595102,True,,False,False,True,True,115768.0,111751.0,264100.0,346494.0,860.0,32597.0,3701377.74,750.0,0.0,0.0,0.0,0.0,4,52.0,22,0,True,True,True,False,흐림,21.3,20,-2.3,18.9,0.0,0.0,0.0,0.0,3,1022.7,1018.8,100,0,100,1,8.6,92,24.1,779.0,486.0,293.0,3600.0,1,offday,train,-0.4999999999999998,-0.8660254037844388,0.8660254037844387,-0.49999999999999983,True,528.8210239747485,0.18723161328478,special_case
2024-10-12 15:00:00,2024-10-12,15,2024,10,12,Saturday,True,fall,4146,284640,68.65412445730824,0.1124759978651691,466.3254871489911,529.3283017037588,37.762404916202456,True,,False,False,True,True,151361.0,152876.0,372698.0,420149.0,978.0,38036.0,3977620.26,858.0,0.0,0.0,0.0,0.0,4,52.0,22,0,True,True,True,False,맑음,21.0,49,9.9,20.1,0.0,0.0,0.0,0.0,0,1022.9,1019.0,0,0,0,0,5.9,284,15.5,536.0,417.0,119.0,3600.0,1,offday,valid,-0.7071067811865471,-0.7071067811865479,-0.8660254037844386,0.5000000000000001,True,529.0082555880333,0.32004611572551767,special_case
2025-05-18 14:00:00,2025-05-18,14,2025,5,18,Sunday,True,spring,3378,347214,102.78685612788632,0.0977777335148833,330.29318381327596,530.1246811314888,91.45063225991235,True,,False,False,True,True,130403.0,126266.0,311472.0,410999.0,0.0,0.0,0.0,0.0,7.0,6.0,1.0,4.0,4,52.0,22,0,True,True,False,True,맑음,19.8,39,5.5,19.0,0.0,0.0,0.0,0.0,0,1011.6,1007.7,9,0,9,0,10.4,252,27.0,871.0,670.0,201.0,3600.0,1,offday,test,-0.4999999999999998,-0.8660254037844388,0.49999999999999994,-0.8660254037844387,True,529.3283017037588,0.7963794277300167,special_case
2023-04-22 16:00:00,2023-04-22,16,2023,4,22,Saturday,True,spring,2993,291040,97.24022719679252,0.1106643479569391,331.21839343511886,531.313456316061,27.28966750073039,True,,False,False,True,True,152870.0,154121.0,379330.0,394897.0,1274.0,47921.0,5667505.88,1095.0,0.0,0.0,0.0,0.0,4,52.0,22,0,True,True,True,False,흐림,18.3,20,-4.9,13.5,0.0,0.0,0.0,0.0,3,1020.3,1016.4,99,0,96,87,14.2,60,29.5,291.0,43.0,248.0,103.92,1,offday,train,-0.8660254037844384,-0.5000000000000004,0.8660254037844387,-0.49999999999999983,True,530.1246811314888,1.1887751845721368,special_case
2022-06-01 18:00:00,2022-06-01,18,2022,6,1,Wednesday,False,summer,3020,344335,114.0182119205298,0.0849768175437643,256.6299889821682,531.355293312556,-74.27924101615565,False,전국동시지방선거,True,False,True,False,,,610509.0,603790.0,0.0,0.0,0.0,0.0,0.0,0.0,0.0,0.0,4,52.0,22,0,False,True,False,False,맑음,22.0,43,9.1,19.9,0.0,0.0,0.0,0.0,0,1003.9,1000.1,0,0,0,0,12.9,257,31.0,308.0,192.0,116.0,3600.0,1,offday,train,-1.0,-1.8369701987210297e-16,1.2246467991473532e-16,-1.0,True,531.313456316061,0.041836996495021594,special_case
2023-06-18 20:00:00,2023-06-18,20,2023,6,18,Sunday,True,summer,3819,385582,100.96412673474732,0.0768858847850752,293.6271939942022,531.5287057868819,-80.42362542777346,True,,False,False,True,True,113291.0,111549.0,371016.0,267952.0,891.0,28729.0,3573208.8,824.0,0.0,0.0,0.0,0.0,4,52.0,22,0,True,True,True,False,맑음,22.1,83,19.1,24.9,0.0,0.0,0.0,0.0,0,1005.8,1002.0,0,0,0,0,4.3,246,13.0,27.0,6.0,21.0,414.94,1,offday,train,-0.8660254037844386,0.5000000000000001,1.2246467991473532e-16,-1.0,True,531.355293312556,0.17341247432591445,special_case
2025-04-26 13:00:00,2025-04-26,13,2025,4,26,Saturday,True,spring,4412,415974,94.2824116047144,0.0829554972469645,365.9996538536077,531.8170646440126,119.02777610149536,True,,False,False,True,True,126274.0,119948.0,277611.0,389087.0,0.0,0.0,0.0,0.0,4.0,4.0,0.0,3.0,4,52.0,22,0,True,True,False,True,맑음,16.4,49,5.8,14.7,0.0,0.0,0.0,0.0,0,1018.3,1014.3,0,0,0,0,15.6,233,37.4,875.0,681.0,194.0,3600.0,1,offday,test,-0.2588190451025208,-0.9659258262890683,0.8660254037844387,-0.49999999999999983,True,531.5287057868819,0.28835885713067455,special_case
2023-09-09 19:00:00,2023-09-09,19,2023,9,9,Saturday,True,fall,4206,426609,101.4286733238231,0.0671035658554383,282.2375979879735,532.5930611156273,-126.11038353355184,True,,False,False,True,True,150472.0,156667.0,405066.0,444026.0,0.0,0.0,0.0,0.0,0.0,0.0,0.0,0.0,4,52.0,22,0,True,True,False,False,흐림,23.8,74,18.9,26.1,0.0,0.0,0.0,0.0,3,1010.2,1006.4,100,0,90,100,6.8,288,17.3,28.0,6.0,22.0,349.88,1,offday,train,-0.9659258262890684,0.2588190451025203,-1.0,-1.8369701987210297e-16,True,531.8170646440126,0.7759964716146897,special_case
2022-05-29 15:00:00,2022-05-29,15,2022,5,29,Sunday,True,spring,3060,308203,100.71993464052288,0.1077131147753142,329.6021312124617,532.6587800317119,61.18385175177673,True,,False,False,True,True,,,285323.0,338698.0,0.0,0.0,0.0,0.0,0.0,0.0,0.0,0.0,4,52.0,22,0,False,True,False,False,흐림,26.2,47,13.9,25.7,0.0,0.0,0.0,0.0,3,1003.8,1000.0,100,0,0,100,13.3,237,27.4,579.0,203.0,376.0,3600.0,1,offday,train,-0.7071067811865471,-0.7071067811865479,0.49999999999999994,-0.8660254037844387,True,532.5930611156273,0.0657189160846201,special_case
2023-10-03 15:00:00,2023-10-03,15,2023,10,3,Tuesday,False,fall,2469,267960,108.52976913730257,0.1159356419712001,286.2451000268932,533.0366187140701,-11.969828141268865,False,개천절,True,False,True,True,143101.0,142544.0,352489.0,399129.0,0.0,0.0,0.0,0.0,0.0,0.0,0.0,0.0,4,52.0,22,0,True,True,False,False,부분적으로 흐림,21.1,57,12.2,20.9,0.0,0.0,0.0,0.0,2,1016.5,1012.6,59,0,59,0,8.6,147,24.8,594.0,473.0,121.0,3600.0,1,offday,train,-0.7071067811865471,-0.7071067811865479,-0.8660254037844386,0.5000000000000001,True,532.6587800317119,0.3778386823581741,special_case
2023-10-15 18:00:00,2023-10-15,18,2023,10,15,Sunday,True,fall,3994,350827,87.83850776164246,0.0862061061335171,344.3071878972675,533.2595316987774,-80.28848497253921,True,,False,False,True,True,226264.0,209395.0,676099.0,661603.0,0.0,0.0,0.0,0.0,0.0,0.0,0.0,0.0,4,52.0,22,0,True,True,False,False,맑음,16.1,82,12.9,15.9,0.0,0.0,0.0,0.0,0,1010.6,1006.7,1,0,1,0,8.1,249,18.7,38.0,14.0,24.0,2609.83,1,offday,train,-1.0,-1.8369701987210297e-16,-0.8660254037844386,0.5000000000000001,True,533.0366187140701,0.22291298470736365,special_case
2024-05-25 17:00:00,2024-05-25,17,2024,5,25,Saturday,True,spring,3100,297748,96.04774193548388,0.1056648495856345,327.56103371546703,533.6696929736676,-10.00187152470744,True,,False,False,True,True,185130.0,180310.0,545807.0,538775.0,1000.0,32413.0,3660736.62,995.0,0.0,0.0,0.0,0.0,4,52.0,22,0,True,True,True,False,흐림,21.7,72,16.4,21.8,0.0,0.0,0.0,0.0,3,1014.3,1010.4,100,1,1,100,14.7,239,31.0,409.0,215.0,194.0,3600.0,1,offday,valid,-0.9659258262890683,-0.25881904510252063,0.49999999999999994,-0.8660254037844387,True,533.2595316987774,0.4101612748901289,special_case
2023-06-17 15:00:00,2023-06-17,15,2023,6,17,Saturday,True,summer,3966,358951,90.50706001008572,0.0935275965658001,370.9304479799634,534.2527469734332,79.30081713710308,True,,False,False,True,True,130894.0,129443.0,304228.0,351124.0,613.0,20346.0,2189536.28,584.0,0.0,0.0,0.0,0.0,4,52.0,22,0,True,True,True,False,흐림,27.6,49,16.0,28.7,0.0,0.0,0.0,0.0,3,1012.2,1008.4,100,0,0,100,12.9,257,25.9,716.0,421.0,295.0,3600.0,1,offday,train,-0.7071067811865471,-0.7071067811865479,1.2246467991473532e-16,-1.0,True,533.6696929736676,0.5830539997656388,special_case
2022-09-04 14:00:00,2022-09-04,14,2022,9,4,Sunday,True,fall,3837,315442,82.21058118321605,0.1053558771818858,404.250500746896,534.3172054495718,78.1105270805187,True,,False,False,True,True,,,237928.0,302473.0,0.0,0.0,0.0,0.0,0.0,0.0,0.0,0.0,4,52.0,22,0,False,True,False,False,보통 비,23.1,93,22.0,25.8,4.1,4.1,0.0,0.0,63,1008.1,1004.3,100,24,100,100,15.5,138,36.7,86.0,0.0,86.0,0.0,1,offday,train,-0.4999999999999998,-0.8660254037844388,-1.0,-1.8369701987210297e-16,True,534.2527469734332,0.06445847613861133,special_case
2025-05-31 16:00:00,2025-05-31,16,2025,5,31,Saturday,True,spring,2982,292972,98.2468142186452,0.1106643479569391,330.00108560759253,534.7493550468282,27.68641240618308,True,,False,False,True,True,160972.0,163661.0,434271.0,467528.0,0.0,0.0,0.0,0.0,7.0,7.0,0.0,2.0,4,52.0,22,0,True,True,False,True,흐림,25.8,41,11.5,24.2,0.0,0.0,0.0,0.0,3,1009.3,1005.5,100,0,0,100,14.0,261,34.9,493.0,189.0,304.0,3600.0,1,offday,test,-0.8660254037844384,-0.5000000000000004,0.49999999999999994,-0.8660254037844387,True,534.3172054495718,0.432149597256398,special_case
2024-04-27 17:00:00,2024-04-27,17,2024,4,27,Saturday,True,spring,3026,298158,98.53205551883674,0.1056648495856345,319.7418348461301,534.7958622308499,-9.39335062971611,True,,False,False,True,True,180620.0,177297.0,518563.0,511859.0,1016.0,39277.0,4381105.94,989.0,0.0,0.0,0.0,0.0,4,52.0,22,0,True,True,True,False,맑음,21.5,49,10.2,19.4,0.0,0.0,0.0,0.0,0,1010.1,1006.2,0,0,0,0,14.5,247,28.8,439.0,304.0,135.0,3600.0,1,offday,valid,-0.9659258262890683,-0.25881904510252063,0.8660254037844387,-0.49999999999999983,True,534.7493550468282,0.046507184021720605,special_case
2023-05-07 19:00:00,2023-05-07,19,2023,5,7,Sunday,True,spring,3406,382650,112.3458602466236,0.0761098888961958,259.23028158044303,536.7339086313787,-95.33007824431706,True,,False,False,True,True,155641.0,162800.0,428335.0,454837.0,708.0,21817.0,2705104.58,788.0,0.0,0.0,0.0,0.0,4,52.0,22,0,True,True,True,False,맑음,13.9,61,6.4,11.6,0.0,0.0,0.0,0.0,0,1012.4,1008.4,0,0,0,0,9.0,95,14.4,81.0,15.0,66.0,789.71,1,offday,train,-0.9659258262890684,0.2588190451025203,0.49999999999999994,-0.8660254037844387,True,534.7958622308499,1.9380464005287195,special_case
2024-05-12 15:00:00,2024-05-12,15,2024,5,12,Sunday,True,spring,3001,311072,103.65611462845716,0.1077131147753142,323.24705744071815,536.7479978282498,62.18092612809619,True,,False,False,True,True,139083.0,140387.0,352075.0,417775.0,1086.0,45914.0,4945586.7,955.0,0.0,0.0,0.0,0.0,4,52.0,22,0,True,True,True,False,대체로 맑음,21.5,40,7.2,19.3,0.0,0.0,0.0,0.0,1,1009.0,1005.1,21,1,2,19,18.0,296,33.8,781.0,597.0,184.0,3600.0,1,offday,valid,-0.7071067811865471,-0.7071067811865479,0.49999999999999994,-0.8660254037844387,True,536.7339086313787,0.014089196871168497,special_case
2022-06-04 18:00:00,2022-06-04,18,2022,6,4,Saturday,True,summer,3062,314357,102.66394513389942,0.1010593940343581,309.4438645332045,537.5588517152515,-5.316406458536562,True,,False,False,True,True,,,610509.0,603790.0,0.0,0.0,0.0,0.0,0.0,0.0,0.0,0.0,4,52.0,22,0,False,True,False,False,흐림,27.8,44,14.6,28.2,0.0,0.0,0.0,0.0,3,1006.8,1003.0,95,0,4,95,7.4,337,15.1,87.0,0.0,87.0,0.0,1,offday,train,-1.0,-1.8369701987210297e-16,1.2246467991473532e-16,-1.0,True,536.7479978282498,0.8108538870017128,special_case
2023-09-10 19:00:00,2023-09-10,19,2023,9,10,Sunday,True,fall,3847,425511,110.60852612425266,0.0671035658554383,258.1474178458712,537.8733013332143,-124.62149854771737,True,,False,False,True,True,150472.0,156667.0,405066.0,444026.0,0.0,0.0,0.0,0.0,0.0,0.0,0.0,0.0,4,52.0,22,0,True,True,False,False,흐림,23.6,80,19.9,26.6,0.0,0.0,0.0,0.0,3,1009.7,1005.9,100,0,16,100,5.7,305,12.2,23.0,3.0,20.0,0.0,1,offday,train,-0.9659258262890684,0.2588190451025203,-1.0,-1.8369701987210297e-16,True,537.5588517152515,0.31444961796273674,special_case
2023-05-27 18:00:00,2023-05-27,18,2023,5,27,Saturday,True,spring,3432,329453,95.99446386946389,0.093388398805632,320.5089847009292,538.0605824319657,-52.42616294867469,True,부처님오신날,True,False,True,True,217467.0,206106.0,654107.0,639882.0,7.0,75.0,10263.84,6.0,0.0,0.0,0.0,0.0,4,52.0,22,0,True,True,True,False,보통 이슬비,19.0,94,18.0,20.7,0.5,0.5,0.0,0.0,53,1015.3,1011.4,100,41,100,100,8.8,125,18.4,43.0,0.0,43.0,0.0,1,offday,train,-1.0,-1.8369701987210297e-16,0.49999999999999994,-0.8660254037844387,True,537.8733013332143,0.18728109875144128,special_case
2025-10-19 15:00:00,2025-10-19,15,2025,10,19,Sunday,True,fall,2856,295270,103.38585434173667,0.1124759978651691,321.2314499029229,538.8088955963808,48.79977680188466,True,,False,False,True,True,149178.0,147634.0,366698.0,410984.0,0.0,0.0,0.0,0.0,19.0,17.0,2.0,11.0,4,52.0,22,0,True,True,False,True,흐림,18.0,65,11.3,16.9,0.0,0.0,0.0,0.0,3,1022.7,1018.7,91,25,0,88,10.6,288,28.4,446.0,294.0,152.0,3600.0,1,offday,test,-0.7071067811865471,-0.7071067811865479,-0.8660254037844386,0.5000000000000001,True,538.0605824319657,0.7483131644150944,special_case
2022-05-28 13:00:00,2022-05-28,13,2022,5,28,Saturday,True,spring,6869,389759,56.74173824428592,0.0829554972469645,569.8213105893997,538.8775275246611,111.59078990279716,True,,False,False,True,True,,,232173.0,351954.0,0.0,0.0,0.0,0.0,0.0,0.0,0.0,0.0,4,52.0,22,0,False,True,False,False,흐림,26.6,43,12.9,26.4,0.0,0.0,0.0,0.0,3,1004.9,1001.1,92,0,23,89,18.9,215,36.7,869.0,618.0,251.0,3600.0,1,offday,train,-0.2588190451025208,-0.9659258262890683,0.49999999999999994,-0.8660254037844387,True,538.8088955963808,0.06863192828029696,special_case
2024-09-21 14:00:00,2024-09-21,14,2024,9,21,Saturday,True,fall,4008,316973,79.08507984031937,0.1053558771818858,422.2663557449985,539.0107696618484,77.88383502705591,True,,False,False,True,True,123791.0,120526.0,276892.0,362326.0,588.0,18046.0,2048272.44,496.0,0.0,0.0,0.0,0.0,4,52.0,22,0,True,True,True,False,흐림,22.3,72,16.9,21.7,0.0,0.0,0.0,0.0,3,1007.8,1004.0,100,100,72,16,20.8,64,37.8,491.0,203.0,288.0,3600.0,1,offday,valid,-0.4999999999999998,-0.8660254037844388,-1.0,-1.8369701987210297e-16,True,538.8775275246611,0.13324213718726696,special_case
2024-10-09 17:00:00,2024-10-09,17,2024,10,9,Wednesday,False,fall,3382,372716,110.20579538734476,0.0766806145388679,259.33383837045136,539.4441581936704,-123.40054442298867,False,한글날,True,False,True,False,198076.0,193165.0,559339.0,551762.0,1147.0,42620.0,4726405.12,1200.0,0.0,0.0,0.0,0.0,4,52.0,22,0,True,True,True,False,흐림,20.6,67,14.2,21.4,0.0,0.0,0.0,0.0,3,1014.8,1010.9,100,1,15,100,4.0,32,9.7,166.0,52.0,114.0,3524.6,1,offday,valid,-0.9659258262890683,-0.25881904510252063,-0.8660254037844386,0.5000000000000001,True,539.0107696618484,0.43338853182206094,special_case
2024-10-20 17:00:00,2024-10-20,17,2024,10,20,Sunday,True,fall,3071,306369,99.76196678606316,0.1019646238147499,313.133359735097,539.6998338699597,-31.089899297008287,True,,False,False,True,True,198076.0,193165.0,559339.0,551762.0,998.0,32246.0,3419480.16,1172.0,0.0,0.0,0.0,0.0,4,52.0,22,0,True,True,True,False,맑음,15.4,53,5.8,12.3,0.0,0.0,0.0,0.0,0,1029.4,1025.4,1,0,0,1,13.8,97,28.1,170.0,97.0,73.0,3600.0,1,offday,valid,-0.9659258262890683,-0.25881904510252063,-0.8660254037844386,0.5000000000000001,True,539.4441581936704,0.25567567628922916,special_case
2022-04-17 18:00:00,2022-04-17,18,2022,4,17,Sunday,True,spring,3440,330896,96.1906976744186,0.093388398805632,321.2560918913743,540.5036104582601,-52.60461650377408,True,,False,False,True,True,,,587875.0,562370.0,0.0,0.0,0.0,0.0,0.0,0.0,0.0,0.0,4,52.0,22,0,False,True,False,False,부분적으로 흐림,13.1,60,5.5,10.4,0.0,0.0,0.0,0.0,2,1017.5,1013.5,66,0,0,66,10.4,236,28.4,223.0,124.0,99.0,3600.0,1,offday,train,-1.0,-1.8369701987210297e-16,0.8660254037844387,-0.49999999999999983,True,539.6998338699597,0.8037765883004795,special_case
2022-04-10 19:00:00,2022-04-10,19,2022,4,10,Sunday,True,spring,4027,392401,97.44251303700024,0.0761098888961958,306.49452258498064,541.1811252568474,-100.43148482295884,True,,False,False,True,True,,,363830.0,388931.0,0.0,0.0,0.0,0.0,0.0,0.0,0.0,0.0,4,52.0,22,0,False,True,False,False,맑음,13.2,74,8.7,11.9,0.0,0.0,0.0,0.0,0,1015.7,1011.7,0,0,0,0,6.6,248,15.8,48.0,17.0,31.0,3209.16,1,offday,train,-0.9659258262890684,0.2588190451025203,0.8660254037844387,-0.49999999999999983,True,540.5036104582601,0.6775147985872536,special_case
2022-06-12 16:00:00,2022-06-12,16,2022,6,12,Sunday,True,summer,2988,331115,110.81492637215528,0.1019931999973653,304.75568159212764,541.4350586682654,57.01686552399383,True,,False,False,True,True,,,324835.0,354235.0,0.0,0.0,0.0,0.0,0.0,0.0,0.0,0.0,4,52.0,22,0,False,True,False,False,흐림,27.9,41,13.6,27.0,0.0,0.0,0.0,0.0,3,1010.3,1006.5,100,0,16,100,14.4,248,27.0,258.0,26.0,232.0,0.0,1,offday,train,-0.8660254037844384,-0.5000000000000004,1.2246467991473532e-16,-1.0,True,541.1811252568474,0.253933411417961,special_case
2024-10-26 18:00:00,2024-10-26,18,2024,10,26,Saturday,True,fall,3356,350067,104.31078665077472,0.0862061061335171,289.3076921840835,542.0219140777505,-76.0889507573039,True,,False,False,True,True,233692.0,220077.0,692280.0,672491.0,840.0,25349.0,2904811.11,944.0,0.0,0.0,0.0,0.0,4,52.0,22,0,True,True,True,False,맑음,15.9,86,13.5,15.9,0.0,0.0,0.0,0.0,0,1019.4,1015.4,9,3,0,6,7.9,24,10.4,17.0,5.0,12.0,417.39,1,offday,valid,-1.0,-1.8369701987210297e-16,-0.8660254037844386,0.5000000000000001,True,541.4350586682654,0.5868554094851106,special_case
2022-10-15 17:00:00,2022-10-15,17,2022,10,15,Saturday,True,fall,3436,309646,90.11816065192085,0.1019646238147499,350.3504474274807,542.362978381959,-34.15031449971195,True,,False,False,True,True,,,504403.0,483441.0,0.0,0.0,0.0,0.0,0.0,0.0,0.0,0.0,4,52.0,22,0,False,True,False,False,흐림,19.1,68,13.1,19.6,0.0,0.0,0.0,0.0,3,1018.5,1014.6,81,0,57,59,4.1,322,9.7,180.0,90.0,90.0,3600.0,1,offday,train,-0.9659258262890683,-0.25881904510252063,-0.8660254037844386,0.5000000000000001,True,542.0219140777505,0.34106430420854394,special_case
2023-09-24 15:00:00,2023-09-24,15,2023,9,24,Sunday,True,fall,2753,297833,108.18488921176898,0.1124759978651691,309.6464221228105,542.5759750529555,50.074853876440216,True,,False,False,True,True,129581.0,129207.0,302627.0,354386.0,0.0,0.0,0.0,0.0,0.0,0.0,0.0,0.0,4,52.0,22,0,True,True,False,False,흐림,24.4,46,12.1,23.7,0.0,0.0,0.0,0.0,3,1019.1,1015.2,100,0,0,100,9.7,94,22.7,566.0,335.0,231.0,3600.0,1,offday,train,-0.7071067811865471,-0.7071067811865479,-1.0,-1.8369701987210297e-16,True,542.362978381959,0.21299667099651742,special_case
2022-06-04 17:00:00,2022-06-04,17,2022,6,4,Saturday,True,summer,3062,314357,102.66394513389942,0.1047704649595659,320.80716370619103,542.8752581737881,26.936002572414736,True,,False,False,True,True,,,435526.0,441346.0,0.0,0.0,0.0,0.0,0.0,0.0,0.0,0.0,4,52.0,22,0,False,True,False,False,흐림,28.8,41,14.3,29.1,0.0,0.0,0.0,0.0,3,1007.3,1003.5,100,1,1,100,7.4,299,15.1,162.0,3.0,159.0,0.0,1,offday,train,-0.9659258262890683,-0.25881904510252063,1.2246467991473532e-16,-1.0,True,542.5759750529555,0.2992831208325697,special_case
2022-09-03 14:00:00,2022-09-03,14,2022,9,3,Saturday,True,fall,5996,309256,51.577051367578385,0.1053558771818858,631.7138395825875,543.0322858960214,71.04255519818872,True,,False,False,True,True,,,237928.0,302473.0,0.0,0.0,0.0,0.0,0.0,0.0,0.0,0.0,4,52.0,22,0,False,True,False,False,부분적으로 흐림,27.0,61,19.0,28.2,0.0,0.0,0.0,0.0,2,1013.5,1009.7,60,53,5,15,15.3,98,30.2,515.0,200.0,315.0,3600.0,1,offday,train,-0.4999999999999998,-0.8660254037844388,-1.0,-1.8369701987210297e-16,True,542.8752581737881,0.1570277222333516,special_case
2023-05-14 18:00:00,2023-05-14,18,2023,5,14,Sunday,True,spring,3229,331034,102.51904614431712,0.093388398805632,301.55113974338593,543.3369707268877,-51.08067839179296,True,,False,False,True,True,217467.0,206106.0,654107.0,639882.0,975.0,32903.0,4116249.81,1089.0,0.0,0.0,0.0,0.0,4,52.0,22,0,True,True,True,False,맑음,19.2,48,7.9,17.7,0.0,0.0,0.0,0.0,0,1007.8,1003.9,9,0,0,9,6.8,267,20.5,267.0,149.0,118.0,3600.0,1,offday,train,-1.0,-1.8369701987210297e-16,0.49999999999999994,-0.8660254037844387,True,543.0322858960214,0.304684830866222,special_case
2024-05-25 16:00:00,2024-05-25,16,2024,5,25,Saturday,True,spring,3100,297748,96.04774193548388,0.1106643479569391,343.0594786665113,543.671564498375,27.653139281214298,True,,False,False,True,True,161705.0,163357.0,435204.0,452888.0,888.0,31295.0,3635215.85,830.0,0.0,0.0,0.0,0.0,4,52.0,22,0,True,True,True,False,흐림,22.7,67,16.3,22.7,0.0,0.0,0.0,0.0,3,1014.7,1010.8,84,2,13,81,15.0,235,29.2,336.0,92.0,244.0,1930.7,1,offday,valid,-0.8660254037844384,-0.5000000000000004,0.49999999999999994,-0.8660254037844387,True,543.3369707268877,0.3345937714873344,special_case
2025-09-28 18:00:00,2025-09-28,18,2025,9,28,Sunday,True,fall,4023,357249,88.80164056674124,0.0862061061335171,346.8071649751395,543.7161482549938,-81.47603372053379,True,,False,False,True,True,233826.0,230076.0,678014.0,700477.0,0.0,0.0,0.0,0.0,15.0,14.0,1.0,9.0,4,52.0,22,0,True,True,False,True,흐림,21.1,77,16.9,22.6,0.0,0.0,0.0,0.0,3,1010.0,1006.1,99,14,0,99,7.0,305,17.6,52.0,3.0,49.0,0.0,1,offday,test,-1.0,-1.8369701987210297e-16,-1.0,-1.8369701987210297e-16,True,543.671564498375,0.04458375661874925,special_case
2025-09-07 18:00:00,2025-09-07,18,2025,9,7,Sunday,True,fall,4363,360584,82.64588585835435,0.0862061061335171,376.1172410605353,544.0257859170778,-84.17120752757126,True,,False,False,True,True,233826.0,230076.0,678014.0,700477.0,0.0,0.0,0.0,0.0,14.0,14.0,0.0,7.0,4,52.0,22,0,True,True,False,True,흐림,24.9,78,20.6,28.2,0.0,0.0,0.0,0.0,3,1008.3,1004.5,100,0,0,100,6.1,258,14.4,98.0,4.0,94.0,0.0,1,offday,test,-1.0,-1.8369701987210297e-16,-1.0,-1.8369701987210297e-16,True,543.7161482549938,0.30963766208401466,special_case
2022-05-05 11:00:00,2022-05-05,11,2022,5,5,Thursday,False,spring,4234,493800,116.62730278696267,0.0762910773796575,323.01642162547023,544.1887557589995,163.9023528290889,False,어린이날,True,False,True,False,,,179817.0,291051.0,0.0,0.0,0.0,0.0,0.0,0.0,0.0,0.0,4,52.0,22,0,False,True,False,False,맑음,20.7,32,3.2,18.7,0.0,0.0,0.0,0.0,0,1020.7,1016.8,0,0,0,0,11.5,221,25.9,778.0,598.0,180.0,3600.0,1,offday,train,0.258819045102521,-0.9659258262890682,0.49999999999999994,-0.8660254037844387,True,544.0257859170778,0.16296984192172204,special_case
2024-04-27 16:00:00,2024-04-27,16,2024,4,27,Saturday,True,spring,3026,298158,98.53205551883674,0.1106643479569391,334.87031691769783,544.189212860566,28.237858010992227,True,,False,False,True,True,157356.0,160397.0,402836.0,424654.0,1023.0,39642.0,4302932.1,965.0,0.0,0.0,0.0,0.0,4,52.0,22,0,True,True,True,False,맑음,22.9,46,10.8,21.6,0.0,0.0,0.0,0.0,0,1009.9,1006.1,0,0,0,0,13.1,249,27.7,620.0,462.0,158.0,3600.0,1,offday,valid,-0.8660254037844384,-0.5000000000000004,0.8660254037844387,-0.49999999999999983,True,544.1887557589995,0.00045710156655331957,special_case
2025-06-06 17:00:00,2025-06-06,17,2025,6,6,Friday,False,summer,2994,310867,103.82999331997328,0.1010421936422181,302.52032776480127,544.234380066208,-31.052551837802863,False,현충일,True,False,True,True,176838.0,175943.0,504210.0,503700.0,0.0,0.0,0.0,0.0,10.0,10.0,0.0,3.0,4,52.0,22,0,True,True,False,True,흐림,26.2,40,11.4,24.1,0.0,0.0,0.0,0.0,3,1007.0,1003.2,100,0,0,100,18.0,229,45.4,485.0,322.0,163.0,3600.0,1,offday,test,-0.9659258262890683,-0.25881904510252063,1.2246467991473532e-16,-1.0,True,544.189212860566,0.04516720564197385,special_case
2024-04-28 18:00:00,2024-04-28,18,2024,4,28,Sunday,True,spring,3102,330803,106.6418439716312,0.093388398805632,289.69081309507067,544.4892703050433,-50.13725736715867,True,,False,False,True,True,217718.0,210457.0,669925.0,669955.0,1005.0,35043.0,4213701.51,1082.0,0.0,0.0,0.0,0.0,4,52.0,22,0,True,True,True,False,흐림,22.5,46,10.4,21.4,0.0,0.0,0.0,0.0,3,1012.1,1008.3,100,0,0,100,8.4,263,24.8,201.0,53.0,148.0,2747.45,1,offday,valid,-1.0,-1.8369701987210297e-16,0.8660254037844387,-0.49999999999999983,True,544.234380066208,0.25489023883528716,special_case
2023-10-03 14:00:00,2023-10-03,14,2023,10,3,Tuesday,False,fall,2469,267960,108.52976913730257,0.1235811310401487,305.12181253812713,545.0064468553389,35.71984829863845,False,개천절,True,False,True,True,128103.0,125637.0,300223.0,395149.0,0.0,0.0,0.0,0.0,0.0,0.0,0.0,0.0,4,52.0,22,0,True,True,False,False,맑음,19.5,63,12.3,18.3,0.0,0.0,0.0,0.0,0,1017.1,1013.2,16,0,16,0,12.5,134,24.5,276.0,39.0,237.0,0.0,1,offday,train,-0.4999999999999998,-0.8660254037844388,-0.8660254037844386,0.5000000000000001,True,544.4892703050433,0.5171765502956305,special_case
2024-06-16 18:00:00,2024-06-16,18,2024,6,16,Sunday,True,summer,3487,319548,91.63980498996273,0.1010593940343581,352.39410699780666,545.0460379654565,-7.833669503705437,True,,False,False,True,True,208191.0,204607.0,622922.0,652074.0,790.0,26369.0,3089304.33,755.0,0.0,0.0,0.0,0.0,4,52.0,22,0,True,True,True,False,맑음,25.5,50,14.4,24.2,0.0,0.0,0.0,0.0,0,1006.4,1002.6,6,0,6,0,19.3,243,35.6,275.0,153.0,122.0,3600.0,1,offday,valid,-1.0,-1.8369701987210297e-16,1.2246467991473532e-16,-1.0,True,545.0064468553389,0.039591110117612516,special_case
2025-04-27 13:00:00,2025-04-27,13,2025,4,27,Sunday,True,spring,3968,435330,109.7101814516129,0.0829554972469645,329.16741307595544,545.4095242162053,124.54868969319006,True,,False,False,True,True,126274.0,119948.0,277611.0,389087.0,0.0,0.0,0.0,0.0,4.0,4.0,0.0,3.0,4,52.0,22,0,True,True,False,True,흐림,16.8,49,5.8,14.1,0.0,0.0,0.0,0.0,3,1015.2,1011.3,100,0,9,100,16.0,231,38.2,679.0,280.0,399.0,3600.0,1,offday,test,-0.2588190451025208,-0.9659258262890683,0.8660254037844387,-0.49999999999999983,True,545.0460379654565,0.36348625074879237,special_case
2022-04-23 15:00:00,2022-04-23,15,2022,4,23,Saturday,True,spring,3263,314876,96.49892736745326,0.1077131147753142,351.4678935118505,545.5501760233262,61.840299895520275,True,,False,False,True,True,,,247697.0,292531.0,0.0,0.0,0.0,0.0,0.0,0.0,0.0,0.0,4,52.0,22,0,False,True,False,False,흐림,24.3,23,1.8,23.1,0.0,0.0,0.0,0.0,3,1010.6,1006.8,97,0,0,97,4.1,142,19.8,735.0,511.0,224.0,3600.0,1,offday,train,-0.7071067811865471,-0.7071067811865479,0.8660254037844387,-0.49999999999999983,True,545.4095242162053,0.14065180712088932,special_case
2023-04-30 15:00:00,2023-04-30,15,2023,4,30,Sunday,True,spring,4249,308886,72.69616380324783,0.1077131147753142,457.6730246803104,545.5849848835421,55.542107604056866,True,,False,False,True,True,128851.0,128817.0,304413.0,360146.0,794.0,31116.0,3493582.28,766.0,0.0,0.0,0.0,0.0,4,52.0,22,0,True,True,True,False,흐림,16.8,50,6.2,13.0,0.0,0.0,0.0,0.0,3,1009.0,1005.1,83,0,72,37,25.8,240,47.5,752.0,545.0,207.0,3600.0,1,offday,train,-0.7071067811865471,-0.7071067811865479,0.8660254037844387,-0.49999999999999983,True,545.5501760233262,0.03480886021588958,special_case
2024-10-03 16:00:00,2024-10-03,16,2024,10,3,Thursday,False,fall,3120,309997,99.35801282051284,0.0989812433119339,308.82147913323405,546.0972962521919,-68.54510917023833,False,개천절,True,False,True,False,174451.0,175854.0,448421.0,473981.0,1040.0,41231.0,4589107.42,1074.0,0.0,0.0,0.0,0.0,4,52.0,22,0,True,True,True,False,흐림,19.6,45,7.3,18.5,0.0,0.0,0.0,0.0,3,1021.5,1017.6,95,1,94,15,3.0,194,9.0,223.0,80.0,143.0,3075.86,1,offday,valid,-0.8660254037844384,-0.5000000000000004,-0.8660254037844386,0.5000000000000001,True,545.5849848835421,0.5123113686497618,special_case
2025-04-20 18:00:00,2025-04-20,18,2025,4,20,Sunday,True,spring,3755,336440,89.59786950732357,0.093388398805632,350.6734375151484,546.3999605642721,-55.35881016202245,True,,False,False,True,True,224909.0,215977.0,679735.0,685285.0,0.0,0.0,0.0,0.0,2.0,2.0,0.0,1.0,4,52.0,22,0,True,True,False,True,맑음,21.0,58,12.3,21.0,0.0,0.0,0.0,0.0,0,1012.5,1008.6,0,0,0,0,4.9,276,10.4,225.0,126.0,99.0,3600.0,1,offday,test,-1.0,-1.8369701987210297e-16,0.8660254037844387,-0.49999999999999983,True,546.0972962521919,0.3026643120801964,special_case
2024-05-18 15:00:00,2024-05-18,15,2024,5,18,Saturday,True,spring,3302,315232,95.46698970321016,0.1077131147753142,355.66870498808777,546.5178037780047,61.7376578187513,True,,False,False,True,True,139083.0,140387.0,352075.0,417775.0,935.0,37548.0,3785149.81,851.0,0.0,0.0,0.0,0.0,4,52.0,22,0,True,True,True,False,맑음,23.8,59,15.4,24.8,0.0,0.0,0.0,0.0,0,1015.4,1011.6,0,0,0,0,13.2,241,27.0,764.0,575.0,189.0,3600.0,1,offday,valid,-0.7071067811865471,-0.7071067811865479,0.49999999999999994,-0.8660254037844387,True,546.3999605642721,0.11784321373261264,special_case
2024-06-15 20:00:00,2024-06-15,20,2024,6,15,Saturday,True,summer,4097,398638,97.29997559189653,0.0768858847850752,315.0014699644531,547.3919611952846,-83.82167593416295,True,,False,False,True,True,111676.0,112065.0,388116.0,280230.0,763.0,24594.0,3051331.51,769.0,0.0,0.0,0.0,0.0,4,52.0,22,0,True,True,True,False,대체로 맑음,22.3,77,18.1,23.6,0.0,0.0,0.0,0.0,1,1003.2,999.4,47,32,19,11,11.3,277,24.5,22.0,4.0,18.0,0.0,1,offday,valid,-0.8660254037844386,0.5000000000000001,1.2246467991473532e-16,-1.0,True,546.5178037780047,0.8741574172798892,special_case
2022-05-22 13:00:00,2022-05-22,13,2022,5,22,Sunday,True,spring,6410,399059,62.25569422776911,0.0829554972469645,531.744737353043,547.5959144631919,114.24689289399475,True,,False,False,True,True,,,232173.0,351954.0,0.0,0.0,0.0,0.0,0.0,0.0,0.0,0.0,4,52.0,22,0,False,True,False,False,맑음,24.0,50,13.1,24.9,0.0,0.0,0.0,0.0,0,1007.6,1003.8,5,5,0,0,12.9,234,29.9,866.0,650.0,216.0,3600.0,1,offday,train,-0.2588190451025208,-0.9659258262890683,0.49999999999999994,-0.8660254037844387,True,547.3919611952846,0.20395326790730905,special_case
2025-10-09 15:00:00,2025-10-09,15,2025,10,9,Thursday,False,fall,2317,274547,118.49244712990937,0.1159356419712001,268.6228824472708,547.7658815552413,-9.902302078543698,False,한글날,True,False,True,True,149178.0,147634.0,366698.0,410984.0,0.0,0.0,0.0,0.0,13.0,12.0,1.0,7.0,4,52.0,22,0,True,True,False,True,흐림,21.4,70,15.6,21.7,0.0,0.0,0.0,0.0,3,1018.9,1015.0,100,8,100,0,10.4,62,26.6,156.0,7.0,149.0,0.0,1,offday,test,-0.7071067811865471,-0.7071067811865479,-0.8660254037844386,0.5000000000000001,True,547.5959144631919,0.16996709204943272,special_case
2025-09-13 18:00:00,2025-09-13,18,2025,9,13,Saturday,True,fall,3830,358122,93.50443864229766,0.0862061061335171,330.1693864913707,548.2411274439764,-80.3777326655802,True,,False,False,True,True,233826.0,230076.0,678014.0,700477.0,0.0,0.0,0.0,0.0,17.0,17.0,0.0,8.0,4,52.0,22,0,True,True,False,True,흐림,25.0,75,20.3,28.6,0.0,0.0,0.0,0.0,3,1007.7,1003.9,98,22,1,98,3.4,6,7.6,70.0,13.0,57.0,0.0,1,offday,test,-1.0,-1.8369701987210297e-16,-1.0,-1.8369701987210297e-16,True,547.7658815552413,0.47524588873511675,special_case
2025-09-14 18:00:00,2025-09-14,18,2025,9,14,Sunday,True,fall,3695,356876,96.58349120433016,0.0862061061335171,318.5315621633459,548.2510619763898,-79.31979061571906,True,,False,False,True,True,233826.0,230076.0,678014.0,700477.0,0.0,0.0,0.0,0.0,17.0,17.0,0.0,8.0,4,52.0,22,0,True,True,False,True,맑음,25.0,78,21.0,28.2,0.0,0.0,0.0,0.0,0,1011.7,1007.9,12,12,0,0,8.4,260,22.0,143.0,75.0,68.0,3600.0,1,offday,test,-1.0,-1.8369701987210297e-16,-1.0,-1.8369701987210297e-16,True,548.2411274439764,0.009934532413353736,special_case
2023-04-30 17:00:00,2023-04-30,17,2023,4,30,Sunday,True,spring,4249,308886,72.69616380324783,0.1056648495856345,448.96994588936104,548.4682611374451,-18.589414826074517,True,,False,False,True,True,175832.0,171400.0,489740.0,480730.0,760.0,23300.0,3029167.98,881.0,0.0,0.0,0.0,0.0,4,52.0,22,0,True,True,True,False,흐림,14.2,66,8.1,10.5,0.0,0.0,0.0,0.0,3,1008.5,1004.6,100,0,100,34,22.2,238,43.6,307.0,110.0,197.0,3600.0,1,offday,train,-0.9659258262890683,-0.25881904510252063,0.8660254037844387,-0.49999999999999983,True,548.2510619763898,0.217199161055305,special_case
2022-09-04 17:00:00,2022-09-04,17,2022,9,4,Sunday,True,fall,3837,315442,82.21058118321605,0.1019646238147499,391.23826157719543,549.3629539317415,-37.55464020165391,True,,False,False,True,True,,,450705.0,449410.0,0.0,0.0,0.0,0.0,0.0,0.0,0.0,0.0,4,52.0,22,0,False,True,False,False,약한 이슬비,24.5,88,22.4,27.7,0.2,0.2,0.0,0.0,51,1006.4,1002.6,100,7,100,100,14.0,134,25.2,102.0,12.0,90.0,0.0,1,offday,train,-0.9659258262890683,-0.25881904510252063,-1.0,-1.8369701987210297e-16,True,548.4682611374451,0.8946927942963612,special_case
2025-05-25 15:00:00,2025-05-25,15,2025,5,25,Sunday,True,spring,4303,310877,72.24657215895887,0.1077131147753142,463.4895328781774,549.3660865954075,55.77006864047621,True,,False,False,True,True,145162.0,145607.0,361252.0,431423.0,0.0,0.0,0.0,0.0,10.0,9.0,1.0,6.0,4,52.0,22,0,True,True,False,True,대체로 맑음,20.8,51,10.3,20.0,0.0,0.0,0.0,0.0,1,1013.5,1009.6,21,0,21,0,12.5,264,33.5,718.0,527.0,191.0,3600.0,1,offday,test,-0.7071067811865471,-0.7071067811865479,0.49999999999999994,-0.8660254037844387,True,549.3629539317415,0.0031326636660651275,special_case
2024-05-01 16:00:00,2024-05-01,16,2024,5,1,Wednesday,False,spring,2654,297262,112.00527505651846,0.1055049249323951,280.0100707705767,550.0270228992314,-36.38421078010958,False,,False,False,False,False,161705.0,163357.0,435204.0,452888.0,1026.0,38691.0,4448022.08,966.0,0.0,0.0,0.0,0.0,4,52.0,22,0,True,True,True,False,흐림,23.0,26,2.4,19.6,0.0,0.0,0.0,0.0,3,1010.8,1007.0,100,0,54,100,11.8,102,26.3,507.0,264.0,243.0,3600.0,1,weekday,valid,-0.8660254037844384,-0.5000000000000004,0.49999999999999994,-0.8660254037844387,True,549.3660865954075,0.6609363038238598,special_case
2025-10-19 16:00:00,2025-10-19,16,2025,10,19,Sunday,True,fall,2856,295270,103.38585434173667,0.1113266708276356,317.9489718837275,550.2306534749458,11.421757878565018,True,,False,False,True,True,169940.0,167366.0,450110.0,449807.0,0.0,0.0,0.0,0.0,19.0,17.0,2.0,11.0,4,52.0,22,0,True,True,False,True,흐림,17.5,64,10.5,16.2,0.0,0.0,0.0,0.0,3,1022.9,1018.9,98,6,0,98,9.9,315,25.2,302.0,165.0,137.0,3600.0,1,offday,test,-0.8660254037844384,-0.5000000000000004,-0.8660254037844386,0.5000000000000001,True,550.0270228992314,0.20363057571444187,special_case
2024-09-21 17:00:00,2024-09-21,17,2024,9,21,Saturday,True,fall,4008,316973,79.08507984031937,0.1019646238147499,408.67421224951767,550.6027294431566,-38.988342312346845,True,,False,False,True,True,177953.0,178514.0,487048.0,505092.0,829.0,26282.0,2961390.08,834.0,0.0,0.0,0.0,0.0,4,52.0,22,0,True,True,True,False,흐림,21.5,68,15.4,20.6,0.0,0.0,0.0,0.0,3,1007.6,1003.8,100,100,100,0,18.2,51,31.3,115.0,13.0,102.0,0.0,1,offday,valid,-0.9659258262890683,-0.25881904510252063,-1.0,-1.8369701987210297e-16,True,550.2306534749458,0.3720759682107655,special_case
2022-04-24 18:00:00,2022-04-24,18,2022,4,24,Sunday,True,spring,3199,335005,104.72178805876835,0.093388398805632,298.74948777921696,550.6985162120304,-51.19325328673938,True,,False,False,True,True,,,587875.0,562370.0,0.0,0.0,0.0,0.0,0.0,0.0,0.0,0.0,4,52.0,22,0,False,True,False,False,부분적으로 흐림,15.8,80,12.3,14.7,0.0,0.0,0.0,0.0,2,1010.7,1006.8,71,59,0,29,12.4,253,29.5,197.0,88.0,109.0,3600.0,1,offday,train,-1.0,-1.8369701987210297e-16,0.8660254037844387,-0.49999999999999983,True,550.6027294431566,0.09578676887383608,special_case
2024-10-13 18:00:00,2024-10-13,18,2024,10,13,Sunday,True,fall,3900,360223,92.3648717948718,0.0862061061335171,336.20381392071687,550.7084924502032,-81.15331329193248,True,,False,False,True,True,233692.0,220077.0,692280.0,672491.0,816.0,25611.0,3130464.75,922.0,0.0,0.0,0.0,0.0,4,52.0,22,0,True,True,True,False,흐림,17.6,77,13.5,17.5,0.0,0.0,0.0,0.0,3,1022.4,1018.4,100,0,100,100,8.5,89,10.1,35.0,3.0,32.0,0.0,1,offday,valid,-1.0,-1.8369701987210297e-16,-0.8660254037844386,0.5000000000000001,True,550.6985162120304,0.00997623817272597,special_case
2025-06-03 17:00:00,2025-06-03,17,2025,6,3,Tuesday,False,summer,2829,313831,110.93354542241076,0.1010421936422181,285.84836581383524,551.2573099348012,-29.752313242832088,False,임시공휴일(제21대 대통령 선거),True,False,True,False,176838.0,175943.0,504210.0,503700.0,0.0,0.0,0.0,0.0,7.0,7.0,0.0,2.0,4,52.0,22,0,True,True,False,True,맑음,23.4,48,11.7,21.3,0.0,0.0,0.0,0.0,0,998.2,994.4,7,2,5,0,17.7,258,42.1,451.0,304.0,147.0,3600.0,1,offday,test,-0.9659258262890683,-0.25881904510252063,1.2246467991473532e-16,-1.0,True,550.7084924502032,0.5488174845980893,special_case
2023-04-29 15:00:00,2023-04-29,15,2023,4,29,Saturday,True,spring,4145,313019,75.51724969843184,0.1077131147753142,446.4708607436777,551.2869614427407,57.07134556642393,True,,False,False,True,True,128851.0,128817.0,304413.0,360146.0,313.0,9024.0,1068504.03,254.0,0.0,0.0,0.0,0.0,4,52.0,22,0,True,True,True,False,대체로 맑음,14.8,67,8.6,10.9,0.0,0.0,0.0,0.0,1,1004.7,1000.8,47,21,17,32,26.0,260,46.8,608.0,327.0,281.0,3600.0,1,offday,train,-0.7071067811865471,-0.7071067811865479,0.8660254037844387,-0.49999999999999983,True,551.2573099348012,0.02965150793943394,special_case
2022-09-24 13:00:00,2022-09-24,13,2022,9,24,Saturday,True,fall,4584,382094,83.35383944153578,0.0915726254037753,419.7689148509064,551.4697734101233,114.85802162782556,True,,False,False,True,True,,,222483.0,326414.0,0.0,0.0,0.0,0.0,0.0,0.0,0.0,0.0,4,52.0,22,0,False,True,False,False,맑음,21.7,50,10.8,21.5,0.0,0.0,0.0,0.0,0,1017.6,1013.7,17,17,0,0,11.9,305,24.8,784.0,655.0,129.0,3600.0,1,offday,train,-0.2588190451025208,-0.9659258262890683,-1.0,-1.8369701987210297e-16,True,551.2869614427407,0.18281196738257677,special_case
2022-09-12 13:00:00,2022-09-12,13,2022,9,12,Monday,False,fall,2888,288719,99.97195290858726,0.1201225009099709,346.913782627996,551.840786945143,78.745319312731,False,대체공휴일,True,True,True,True,,,222483.0,326414.0,0.0,0.0,0.0,0.0,0.0,0.0,0.0,0.0,4,52.0,22,0,False,True,False,False,흐림,26.5,63,19.0,29.8,0.0,0.0,0.0,0.0,3,1014.1,1010.3,100,5,3,100,1.1,360,10.8,563.0,226.0,337.0,3600.0,1,offday,train,-0.2588190451025208,-0.9659258262890683,-1.0,-1.8369701987210297e-16,True,551.4697734101233,0.3710135350197561,special_case
2025-05-25 17:00:00,2025-05-25,17,2025,5,25,Sunday,True,spring,4303,310877,72.24657215895887,0.1056648495856345,454.6758477669853,551.8705001717658,-18.920822575522266,True,,False,False,True,True,185585.0,182734.0,545424.0,554442.0,0.0,0.0,0.0,0.0,10.0,9.0,1.0,6.0,4,52.0,22,0,True,True,False,True,맑음,19.6,54,10.1,18.0,0.0,0.0,0.0,0.0,0,1013.9,1010.0,6,1,6,0,11.3,262,29.9,466.0,314.0,152.0,3600.0,1,offday,test,-0.9659258262890683,-0.25881904510252063,0.49999999999999994,-0.8660254037844387,True,551.840786945143,0.02971322662278908,special_case
2022-05-15 18:00:00,2022-05-15,18,2022,5,15,Sunday,True,spring,3542,338077,95.44805194805195,0.093388398805632,330.78170856954875,551.897733893274,-53.9452222795336,True,,False,False,True,True,,,655645.0,618874.0,0.0,0.0,0.0,0.0,0.0,0.0,0.0,0.0,4,52.0,22,0,False,True,False,False,맑음,16.8,34,1.0,11.8,0.0,0.0,0.0,0.0,0,1012.0,1008.1,0,0,0,0,20.8,252,42.1,284.0,171.0,113.0,3600.0,1,offday,train,-1.0,-1.8369701987210297e-16,0.49999999999999994,-0.8660254037844387,True,551.8705001717658,0.02723372150819614,special_case
2025-06-22 18:00:00,2025-06-22,18,2025,6,22,Sunday,True,summer,2907,322514,110.9439284485724,0.1010593940343581,293.779658457879,552.3776124199117,-3.933145224376972,True,,False,False,True,True,207660.0,202811.0,622823.0,627356.0,0.0,0.0,0.0,0.0,12.0,12.0,0.0,3.0,4,52.0,22,0,True,True,False,True,맑음,23.4,71,17.8,25.0,0.0,0.0,0.0,0.0,0,1006.3,1002.5,6,0,6,0,8.7,243,23.4,298.0,174.0,124.0,3600.0,1,offday,test,-1.0,-1.8369701987210297e-16,1.2246467991473532e-16,-1.0,True,551.897733893274,0.4798785266376626,special_case
2024-06-16 17:00:00,2024-06-16,17,2024,6,16,Sunday,True,summer,3487,319548,91.63980498996273,0.1047704649595659,365.3346113140066,552.879707469162,25.250874513155736,True,,False,False,True,True,175070.0,174567.0,493672.0,512001.0,759.0,25964.0,2858705.87,760.0,0.0,0.0,0.0,0.0,4,52.0,22,0,True,True,True,False,대체로 맑음,27.1,44,13.7,25.8,0.0,0.0,0.0,0.0,1,1005.8,1002.0,20,0,20,0,17.7,253,34.6,445.0,284.0,161.0,3600.0,1,offday,valid,-0.9659258262890683,-0.25881904510252063,1.2246467991473532e-16,-1.0,True,552.3776124199117,0.5020950492503289,special_case
2022-05-29 17:00:00,2022-05-29,17,2022,5,29,Sunday,True,spring,3060,308203,100.71993464052288,0.1056648495856345,323.33443973204163,553.1529355400164,-9.169589880692117,True,,False,False,True,True,,,472300.0,452585.0,0.0,0.0,0.0,0.0,0.0,0.0,0.0,0.0,4,52.0,22,0,False,True,False,False,맑음,24.4,53,14.2,24.1,0.0,0.0,0.0,0.0,0,1003.0,999.2,0,0,0,0,11.2,266,28.4,422.0,209.0,213.0,3600.0,1,offday,train,-0.9659258262890683,-0.25881904510252063,0.49999999999999994,-0.8660254037844387,True,552.879707469162,0.27322807085442946,special_case
2023-05-06 14:00:00,2023-05-06,14,2023,5,6,Saturday,True,spring,3386,364001,107.50177200236269,0.0977777335148833,331.075405681395,553.4528245597122,96.23802090476543,True,,False,False,True,True,119940.0,114747.0,271180.0,349432.0,59.0,1433.0,182208.02,37.0,0.0,0.0,0.0,0.0,4,52.0,22,0,True,True,True,False,약한 비,11.2,86,9.0,7.7,1.8,1.8,0.0,0.0,61,1008.0,1004.0,100,3,100,100,22.1,68,42.5,127.0,5.0,122.0,0.0,1,offday,train,-0.4999999999999998,-0.8660254037844388,0.49999999999999994,-0.8660254037844387,True,553.1529355400164,0.2998890196957973,special_case
2024-03-24 14:00:00,2024-03-24,14,2024,3,24,Sunday,True,spring,3466,363489,104.8727639930756,0.0977777335148833,338.8976243625857,553.930716551305,95.90293620596492,True,,False,False,True,True,117722.0,116668.0,296005.0,401026.0,1141.0,51809.0,5629309.5,846.0,0.0,0.0,0.0,0.0,4,52.0,22,0,True,True,True,False,부분적으로 흐림,19.5,36,4.2,17.4,0.0,0.0,0.0,0.0,2,1017.0,1013.1,78,0,78,0,9.9,71,24.1,692.0,472.0,220.0,3600.0,1,offday,valid,-0.4999999999999998,-0.8660254037844388,1.0,6.123233995736766e-17,True,553.4528245597122,0.47789199159274176,special_case
2023-06-06 14:00:00,2023-06-06,14,2023,6,6,Tuesday,False,summer,3191,334549,104.84142901911626,0.1049582705891367,334.92184144993524,554.1351192525066,81.57651002278146,False,현충일,True,False,True,False,116833.0,111408.0,264572.0,340237.0,539.0,19303.0,1965578.91,625.0,0.0,0.0,0.0,0.0,4,52.0,22,0,True,True,True,False,대체로 맑음,22.8,58,14.1,23.0,0.0,0.0,0.0,0.0,1,1006.2,1002.4,23,0,23,0,15.0,260,30.6,752.0,433.0,319.0,3600.0,1,offday,train,-0.4999999999999998,-0.8660254037844388,1.2246467991473532e-16,-1.0,True,553.930716551305,0.20440270120161586,special_case
2023-09-24 16:00:00,2023-09-24,16,2023,9,24,Sunday,True,fall,2753,297833,108.18488921176898,0.1113266708276356,306.482324788481,555.1536338686188,12.577658815663312,True,,False,False,True,True,153290.0,153243.0,371136.0,394601.0,0.0,0.0,0.0,0.0,0.0,0.0,0.0,0.0,4,52.0,22,0,True,True,False,False,흐림,24.4,46,12.1,24.1,0.0,0.0,0.0,0.0,3,1018.7,1014.8,100,0,0,100,6.2,111,19.1,367.0,133.0,234.0,3600.0,1,offday,train,-0.8660254037844384,-0.5000000000000004,-1.0,-1.8369701987210297e-16,True,554.1351192525066,1.0185146161122702,special_case
2022-09-17 17:00:00,2022-09-17,17,2022,9,17,Saturday,True,fall,6267,326802,52.14648157012925,0.1019646238147499,639.0122974470377,555.3707165317983,-50.99226146508488,True,,False,False,True,True,,,450705.0,449410.0,0.0,0.0,0.0,0.0,0.0,0.0,0.0,0.0,4,52.0,22,0,False,True,False,False,맑음,26.6,76,22.1,30.3,0.0,0.0,0.0,0.0,0,1007.2,1003.4,1,0,0,0,8.5,282,16.6,305.0,205.0,100.0,3600.0,1,offday,train,-0.9659258262890683,-0.25881904510252063,-1.0,-1.8369701987210297e-16,True,555.1536338686188,0.2170826631794398,special_case
2023-04-16 15:00:00,2023-04-16,15,2023,4,16,Sunday,True,spring,3321,320677,96.5603733815116,0.1077131147753142,357.7152541688187,555.5799053384286,62.989925514922675,True,,False,False,True,True,128851.0,128817.0,304413.0,360146.0,679.0,24009.0,2610832.34,625.0,0.0,0.0,0.0,0.0,4,52.0,22,0,True,True,True,False,흐림,15.4,38,1.0,11.3,0.0,0.0,0.0,0.0,3,1005.0,1001.1,82,0,82,0,20.8,288,39.6,724.0,527.0,197.0,3600.0,1,offday,train,-0.7071067811865471,-0.7071067811865479,0.8660254037844387,-0.49999999999999983,True,555.3707165317983,0.2091888066303227,special_case
2024-04-14 14:00:00,2024-04-14,14,2024,4,14,Sunday,True,spring,3287,366759,111.57864313964102,0.0977777335148833,321.3954100634216,555.798610859307,97.26091913676343,True,,False,False,True,True,121205.0,117543.0,291812.0,369919.0,824.0,30487.0,3316303.48,769.0,0.0,0.0,0.0,0.0,4,52.0,22,0,True,True,True,False,흐림,27.8,25,6.0,27.6,0.0,0.0,0.0,0.0,3,1015.9,1012.1,96,0,0,96,5.4,188,20.5,812.0,628.0,184.0,3600.0,1,offday,valid,-0.4999999999999998,-0.8660254037844388,0.8660254037844387,-0.49999999999999983,True,555.5799053384286,0.21870552087841588,special_case
2025-06-22 17:00:00,2025-06-22,17,2025,6,22,Sunday,True,summer,2907,322514,110.9439284485724,0.1047704649595659,304.5677416374583,556.3107576442886,28.968593821687477,True,,False,False,True,True,176838.0,175943.0,504210.0,503700.0,0.0,0.0,0.0,0.0,12.0,12.0,0.0,3.0,4,52.0,22,0,True,True,False,True,맑음,24.2,68,17.9,25.7,0.0,0.0,0.0,0.0,0,1006.1,1002.3,19,1,18,0,9.8,246,27.7,456.0,296.0,160.0,3600.0,1,offday,test,-0.9659258262890683,-0.25881904510252063,1.2246467991473532e-16,-1.0,True,555.798610859307,0.5121467849816099,special_case
2022-08-28 20:00:00,2022-08-28,20,2022,8,28,Sunday,True,summer,4557,408972,89.74588545095457,0.0768858847850752,350.3689769655877,556.5030440736618,-87.60041674900322,True,,False,False,True,True,,,334500.0,225205.0,0.0,0.0,0.0,0.0,0.0,0.0,0.0,0.0,4,52.0,22,0,False,True,False,False,흐림,19.8,88,17.7,21.5,0.0,0.0,0.0,0.0,3,1015.1,1011.2,100,0,0,100,7.7,41,10.4,0.0,0.0,0.0,0.0,1,offday,train,-0.8660254037844386,0.5000000000000001,-0.8660254037844384,-0.5000000000000004,True,556.3107576442886,0.19228642937321183,special_case
2023-04-29 17:00:00,2023-04-29,17,2023,4,29,Saturday,True,spring,4145,313019,75.51724969843184,0.1056648495856345,437.9808015324551,556.6111381364946,-17.559247965575423,True,,False,False,True,True,175832.0,171400.0,489740.0,480730.0,430.0,10757.0,1324343.99,438.0,0.0,0.0,0.0,0.0,4,52.0,22,0,True,True,True,False,흐림,12.9,63,6.1,8.4,0.0,0.0,0.0,0.0,3,1005.1,1001.1,100,38,0,100,23.6,263,48.6,377.0,178.0,199.0,3600.0,1,offday,train,-0.9659258262890683,-0.25881904510252063,0.8660254037844387,-0.49999999999999983,True,556.5030440736618,0.10809406283271983,special_case
2025-10-18 13:00:00,2025-10-18,13,2025,10,18,Saturday,True,fall,3839,397366,103.50768429278456,0.0915726254037753,351.5473089250937,557.0274180449002,120.36703168466612,True,,False,False,True,True,133452.0,129282.0,289919.0,426437.0,0.0,0.0,0.0,0.0,20.0,17.0,3.0,12.0,4,52.0,22,0,True,True,False,True,흐림,16.8,73,11.9,15.9,0.0,0.0,0.0,0.0,3,1020.2,1016.2,100,25,0,100,10.2,307,27.4,296.0,16.0,280.0,0.0,1,offday,test,-0.2588190451025208,-0.9659258262890683,-0.8660254037844386,0.5000000000000001,True,556.6111381364946,0.41627990840561324,special_case
2025-10-09 14:00:00,2025-10-09,14,2025,10,9,Thursday,False,fall,2317,274547,118.49244712990937,0.1235811310401487,286.33748062002456,557.668183633785,38.757180788564824,False,한글날,True,False,True,True,134540.0,131055.0,316720.0,400504.0,0.0,0.0,0.0,0.0,13.0,12.0,1.0,7.0,4,52.0,22,0,True,True,False,True,흐림,21.1,69,15.2,21.0,0.0,0.0,0.0,0.0,3,1019.4,1015.5,100,22,100,0,12.6,65,26.6,162.0,6.0,156.0,0.0,1,offday,test,-0.4999999999999998,-0.8660254037844388,-0.8660254037844386,0.5000000000000001,True,557.0274180449002,0.6407655888848467,special_case
2024-05-12 17:00:00,2024-05-12,17,2024,5,12,Sunday,True,spring,3001,311072,103.65611462845716,0.1056648495856345,317.1002136064892,558.7395061820644,-8.559378585767945,True,,False,False,True,True,185130.0,180310.0,545807.0,538775.0,1171.0,43238.0,4769047.47,1259.0,0.0,0.0,0.0,0.0,4,52.0,22,0,True,True,True,False,흐림,19.5,56,10.6,17.5,0.0,0.0,0.0,0.0,3,1009.0,1005.1,84,0,2,83,15.3,255,34.2,464.0,322.0,142.0,3600.0,1,offday,valid,-0.9659258262890683,-0.25881904510252063,0.49999999999999994,-0.8660254037844387,True,557.668183633785,1.0713225482793405,special_case
2025-09-21 12:00:00,2025-09-21,12,2025,9,21,Sunday,True,fall,4673,514104,110.01583565161566,0.0738136969525007,344.9314058590359,559.4336950182385,154.5056854930321,True,,False,False,True,True,126915.0,121371.0,254165.0,356827.0,0.0,0.0,0.0,0.0,17.0,16.0,1.0,8.0,4,52.0,22,0,True,True,False,True,맑음,24.2,56,14.9,25.8,0.0,0.0,0.0,0.0,0,1018.7,1014.8,12,10,3,0,6.4,47,21.2,692.0,534.0,158.0,3600.0,1,offday,test,1.2246467991473532e-16,-1.0,-1.0,-1.8369701987210297e-16,True,558.7395061820644,0.6941888361741348,special_case
2024-05-19 18:00:00,2024-05-19,18,2024,5,19,Sunday,True,spring,3297,340677,103.32939035486808,0.093388398805632,307.9015508621689,559.4842744830855,-52.37901386882572,True,,False,False,True,True,217852.0,210414.0,677290.0,670152.0,1178.0,41724.0,5108555.55,1081.0,0.0,0.0,0.0,0.0,4,52.0,22,0,True,True,True,False,맑음,22.5,52,12.0,21.6,0.0,0.0,0.0,0.0,0,1013.5,1009.6,0,0,0,0,10.1,264,22.3,285.0,172.0,113.0,3600.0,1,offday,valid,-1.0,-1.8369701987210297e-16,0.49999999999999994,-0.8660254037844387,True,559.4336950182385,0.050579464847032796,special_case
2024-10-20 15:00:00,2024-10-20,15,2024,10,20,Sunday,True,fall,3071,306369,99.76196678606316,0.1124759978651691,345.4137894439343,559.8288028906493,49.916875474584344,True,,False,False,True,True,151361.0,152876.0,372698.0,420149.0,1075.0,43705.0,4588891.93,895.0,0.0,0.0,0.0,0.0,4,52.0,22,0,True,True,True,False,대체로 맑음,17.1,46,5.4,13.7,0.0,0.0,0.0,0.0,1,1030.2,1026.2,48,1,0,47,16.2,93,31.3,494.0,372.0,122.0,3600.0,1,offday,valid,-0.7071067811865471,-0.7071067811865479,-0.8660254037844386,0.5000000000000001,True,559.4842744830855,0.34452840756375736,special_case
2024-04-10 13:00:00,2024-04-10,13,2024,4,10,Wednesday,False,spring,2764,322664,116.73806078147612,0.111787395763264,308.9803618896618,560.6667012489329,95.1060801509957,False,국회의원선거,True,False,True,False,124599.0,120970.0,274597.0,401986.0,918.0,35977.0,3659245.84,779.0,0.0,0.0,0.0,0.0,4,52.0,22,0,True,True,True,False,흐림,17.5,47,6.2,14.9,0.0,0.0,0.0,0.0,3,1025.1,1021.1,100,7,0,100,13.2,225,29.5,608.0,266.0,342.0,3600.0,1,offday,valid,-0.2588190451025208,-0.9659258262890683,0.8660254037844387,-0.49999999999999983,True,559.8288028906493,0.8378983582836099,special_case
2022-05-29 16:00:00,2022-05-29,16,2022,5,29,Sunday,True,spring,3060,308203,100.71993464052288,0.1106643479569391,338.6329047482337,562.3225254207085,29.66374538899663,True,,False,False,True,True,,,354655.0,373146.0,0.0,0.0,0.0,0.0,0.0,0.0,0.0,0.0,4,52.0,22,0,False,True,False,False,흐림,24.7,52,14.3,24.0,0.0,0.0,0.0,0.0,3,1003.5,999.7,95,0,0,95,14.3,258,29.2,465.0,152.0,313.0,3600.0,1,offday,train,-0.8660254037844384,-0.5000000000000004,0.49999999999999994,-0.8660254037844387,True,560.6667012489329,1.6558241717756346,special_case
2025-10-08 16:00:00,2025-10-08,16,2025,10,8,Wednesday,False,fall,3158,318894,100.97973400886636,0.0989812433119339,312.58276637908756,562.6443525467693,-70.03254633877759,False,대체공휴일,True,True,True,True,169940.0,167366.0,450110.0,449807.0,0.0,0.0,0.0,0.0,13.0,12.0,1.0,7.0,4,52.0,22,0,True,True,False,True,맑음,25.3,49,13.9,25.0,0.0,0.0,0.0,0.0,0,1016.0,1012.2,0,0,0,0,10.5,335,23.8,396.0,292.0,104.0,3600.0,1,offday,test,-0.8660254037844384,-0.5000000000000004,-0.8660254037844386,0.5000000000000001,True,562.3225254207085,0.3218271260607253,special_case
2022-08-27 15:00:00,2022-08-27,15,2022,8,27,Saturday,True,summer,4495,375388,83.5123470522803,0.0935275965658001,420.40654656327166,563.0717624555433,82.1899710383642,True,,False,False,True,True,,,273883.0,323254.0,0.0,0.0,0.0,0.0,0.0,0.0,0.0,0.0,4,52.0,22,0,False,True,False,False,맑음,23.2,54,13.4,23.3,0.0,0.0,0.0,0.0,0,1010.2,1006.4,1,1,0,0,15.0,312,29.9,767.0,642.0,125.0,3600.0,1,offday,train,-0.7071067811865471,-0.7071067811865479,-0.8660254037844384,-0.5000000000000004,True,562.6443525467693,0.4274099087740524,special_case
2023-04-02 18:00:00,2023-04-02,18,2023,4,2,Sunday,True,spring,3509,344368,98.13850099743516,0.093388398805632,327.6998914089629,563.3818162480679,-54.22928025427779,True,,False,False,True,True,217630.0,205218.0,656393.0,636217.0,1159.0,41180.0,4702258.81,1278.0,0.0,0.0,0.0,0.0,4,52.0,22,0,True,True,True,False,맑음,22.4,17,-4.2,17.5,0.0,0.0,0.0,0.0,0,1018.5,1014.6,0,0,0,0,15.1,118,28.4,192.0,110.0,82.0,3600.0,1,offday,train,-1.0,-1.8369701987210297e-16,0.8660254037844387,-0.49999999999999983,True,563.0717624555433,0.31005379252462717,special_case
2024-04-13 18:00:00,2024-04-13,18,2024,4,13,Saturday,True,spring,3291,343106,104.25584928593132,0.093388398805632,307.3412204693351,563.8355985151572,-52.5377485134386,True,,False,False,True,True,217718.0,210457.0,669925.0,669955.0,1093.0,38005.0,4609244.37,1163.0,0.0,0.0,0.0,0.0,4,52.0,22,0,True,True,True,False,맑음,22.5,32,5.2,19.4,0.0,0.0,0.0,0.0,0,1016.4,1012.5,0,0,0,0,13.3,273,29.5,209.0,116.0,93.0,3600.0,1,offday,valid,-1.0,-1.8369701987210297e-16,0.8660254037844387,-0.49999999999999983,True,563.3818162480679,0.45378226708930924,special_case
2025-06-06 15:00:00,2025-06-06,15,2025,6,6,Friday,False,summer,2994,310867,103.82999331997328,0.111744554381455,334.5631958180764,564.119178728087,48.833499861766086,False,현충일,True,False,True,True,140061.0,140461.0,334487.0,385706.0,0.0,0.0,0.0,0.0,10.0,10.0,0.0,3.0,4,52.0,22,0,True,True,False,True,부분적으로 흐림,28.6,31,9.9,26.9,0.0,0.0,0.0,0.0,2,1006.9,1003.1,64,0,2,63,19.8,228,46.8,785.0,584.0,201.0,3600.0,1,offday,test,-0.7071067811865471,-0.7071067811865479,1.2246467991473532e-16,-1.0,True,563.8355985151572,0.28358021292979174,special_case
2022-04-23 17:00:00,2022-04-23,17,2022,4,23,Saturday,True,spring,3263,314876,96.49892736745326,0.1056648495856345,344.7844041979254,564.4457572692525,-10.455362068920408,True,,False,False,True,True,,,413695.0,408748.0,0.0,0.0,0.0,0.0,0.0,0.0,0.0,0.0,4,52.0,22,0,False,True,False,False,흐림,24.2,27,3.9,22.0,0.0,0.0,0.0,0.0,3,1009.5,1005.7,99,0,0,99,5.2,214,14.4,436.0,299.0,137.0,3600.0,1,offday,train,-0.9659258262890683,-0.25881904510252063,0.8660254037844387,-0.49999999999999983,True,564.119178728087,0.32657854116541785,special_case
2024-05-18 17:00:00,2024-05-18,17,2024,5,18,Saturday,True,spring,3302,315232,95.46698970321016,0.1056648495856345,348.9053333317652,564.9073852973161,-10.747929949273724,True,,False,False,True,True,185130.0,180310.0,545807.0,538775.0,1093.0,40903.0,4722615.96,1025.0,0.0,0.0,0.0,0.0,4,52.0,22,0,True,True,True,False,맑음,21.9,67,15.4,21.6,0.0,0.0,0.0,0.0,0,1015.3,1011.4,0,0,0,0,14.5,256,29.2,459.0,313.0,146.0,3600.0,1,offday,valid,-0.9659258262890683,-0.25881904510252063,0.49999999999999994,-0.8660254037844387,True,564.4457572692525,0.4616280280636147,special_case
2024-04-07 18:00:00,2024-04-07,18,2024,4,7,Sunday,True,spring,3221,343484,106.63893200869296,0.093388398805632,300.80403255294084,565.3606386221468,-52.05985868456901,True,,False,False,True,True,217718.0,210457.0,669925.0,669955.0,1061.0,36140.0,4219943.57,1252.0,0.0,0.0,0.0,0.0,4,52.0,22,0,True,True,True,False,맑음,16.3,25,-3.5,12.0,0.0,0.0,0.0,0.0,0,1016.8,1012.8,0,0,0,0,11.9,272,30.2,202.0,114.0,88.0,3600.0,1,offday,valid,-1.0,-1.8369701987210297e-16,0.8660254037844387,-0.49999999999999983,True,564.9073852973161,0.4532533248307118,special_case
2023-06-17 19:00:00,2023-06-17,19,2023,6,17,Saturday,True,summer,3966,358951,90.50706001008572,0.0912420622822565,361.8660190114296,565.6539714049466,-46.41897410069839,True,,False,False,True,True,154191.0,161742.0,411173.0,450584.0,954.0,35460.0,4187688.07,921.0,0.0,0.0,0.0,0.0,4,52.0,22,0,True,True,True,False,흐림,21.3,74,16.5,22.0,0.0,0.0,0.0,0.0,3,1011.3,1007.4,100,0,0,100,10.8,249,23.8,85.0,3.0,82.0,0.0,1,offday,train,-0.9659258262890684,0.2588190451025203,1.2246467991473532e-16,-1.0,True,565.3606386221468,0.29333278279978003,special_case
2022-06-01 14:00:00,2022-06-01,14,2022,6,1,Wednesday,False,summer,3020,344335,114.0182119205298,0.1049582705891367,316.9739771791929,566.8978572421082,84.94698346654616,False,전국동시지방선거,True,False,True,False,,,231925.0,303651.0,0.0,0.0,0.0,0.0,0.0,0.0,0.0,0.0,4,52.0,22,0,False,True,False,False,맑음,26.8,26,5.7,24.5,0.0,0.0,0.0,0.0,0,1005.2,1001.4,9,0,9,0,19.6,256,38.9,890.0,700.0,190.0,3600.0,1,offday,train,-0.4999999999999998,-0.8660254037844388,1.2246467991473532e-16,-1.0,True,565.6539714049466,1.2438858371616561,special_case
2023-09-02 13:00:00,2023-09-02,13,2023,9,2,Saturday,True,fall,3905,404509,103.58745198463508,0.0915726254037753,357.5911022017429,566.9870279448795,122.53371089791892,True,,False,False,True,True,118241.0,112923.0,246366.0,358598.0,0.0,0.0,0.0,0.0,0.0,0.0,0.0,0.0,4,52.0,22,0,True,True,False,False,부분적으로 흐림,28.2,50,16.6,31.6,0.0,0.0,0.0,0.0,2,1012.2,1008.4,59,0,0,59,4.8,63,15.1,825.0,630.0,195.0,3600.0,1,offday,train,-0.2588190451025208,-0.9659258262890683,-1.0,-1.8369701987210297e-16,True,566.8978572421082,0.08917070277129824,special_case
2023-04-30 16:00:00,2023-04-30,16,2023,4,30,Sunday,True,spring,4249,308886,72.69616380324783,0.1106643479569391,470.2128144690344,567.0576759635196,21.472691079977498,True,,False,False,True,True,152870.0,154121.0,379330.0,394897.0,879.0,30768.0,3827408.16,879.0,0.0,0.0,0.0,0.0,4,52.0,22,0,True,True,True,False,흐림,15.6,58,7.3,11.4,0.0,0.0,0.0,0.0,3,1008.4,1004.5,100,0,100,12,24.2,233,47.5,526.0,283.0,243.0,3600.0,1,offday,train,-0.8660254037844384,-0.5000000000000004,0.8660254037844387,-0.49999999999999983,True,566.9870279448795,0.07064801864009951,special_case
2022-06-12 18:00:00,2022-06-12,18,2022,6,12,Sunday,True,summer,2988,331115,110.81492637215528,0.1010593940343581,301.965469374662,567.0958618269236,-4.0605794989256765,True,,False,False,True,True,,,610509.0,603790.0,0.0,0.0,0.0,0.0,0.0,0.0,0.0,0.0,4,52.0,22,0,False,True,False,False,흐림,25.4,53,15.1,25.1,0.0,0.0,0.0,0.0,3,1010.4,1006.6,100,0,8,100,13.7,252,28.4,219.0,48.0,171.0,1506.44,1,offday,train,-1.0,-1.8369701987210297e-16,1.2246467991473532e-16,-1.0,True,567.0576759635196,0.03818586340400998,special_case
2023-09-17 18:00:00,2023-09-17,18,2023,9,17,Sunday,True,fall,3716,368243,99.09660925726588,0.0862061061335171,320.3418903921497,567.2373310867883,-81.22775630634555,True,,False,False,True,True,207625.0,197076.0,605306.0,614091.0,0.0,0.0,0.0,0.0,0.0,0.0,0.0,0.0,4,52.0,22,0,True,True,False,False,맑음,24.5,86,22.0,29.0,0.0,0.0,0.0,0.0,0,1010.0,1006.2,9,7,5,0,3.1,216,12.2,131.0,60.0,71.0,3600.0,1,offday,train,-1.0,-1.8369701987210297e-16,-1.0,-1.8369701987210297e-16,True,567.0958618269236,0.1414692598647207,special_case
2024-05-12 16:00:00,2024-05-12,16,2024,5,12,Sunday,True,spring,3001,311072,103.65611462845716,0.1106643479569391,332.10370821877433,567.2988847678323,30.550886939582483,True,,False,False,True,True,161705.0,163357.0,435204.0,452888.0,1189.0,46782.0,5067000.3,1095.0,0.0,0.0,0.0,0.0,4,52.0,22,0,True,True,True,False,맑음,20.0,52,9.9,17.8,0.0,0.0,0.0,0.0,0,1009.0,1005.1,6,0,0,6,18.0,258,35.3,639.0,472.0,167.0,3600.0,1,offday,valid,-0.8660254037844384,-0.5000000000000004,0.49999999999999994,-0.8660254037844387,True,567.2373310867883,0.06155368104396075,special_case
2022-10-15 15:00:00,2022-10-15,15,2022,10,15,Saturday,True,fall,3436,309646,90.11816065192085,0.1124759978651691,386.46752866472104,568.181833765465,48.23762789292016,True,,False,False,True,True,,,328205.0,367696.0,0.0,0.0,0.0,0.0,0.0,0.0,0.0,0.0,4,52.0,22,0,False,True,False,False,흐림,21.1,47,9.5,20.5,0.0,0.0,0.0,0.0,3,1018.5,1014.6,94,0,1,94,3.6,360,11.5,523.0,401.0,122.0,3600.0,1,offday,train,-0.7071067811865471,-0.7071067811865479,-0.8660254037844386,0.5000000000000001,True,567.2988847678323,0.8829489976326386,special_case
2025-06-03 15:00:00,2025-06-03,15,2025,6,3,Tuesday,False,summer,2829,313831,110.93354542241076,0.111744554381455,316.12534434513634,568.184380469458,50.509084659151085,False,임시공휴일(제21대 대통령 선거),True,False,True,False,140061.0,140461.0,334487.0,385706.0,0.0,0.0,0.0,0.0,7.0,7.0,0.0,2.0,4,52.0,22,0,True,True,False,True,맑음,23.2,52,12.9,22.4,0.0,0.0,0.0,0.0,0,998.4,994.6,3,3,0,0,19.0,251,48.2,762.0,554.0,208.0,3600.0,1,offday,test,-0.7071067811865471,-0.7071067811865479,1.2246467991473532e-16,-1.0,True,568.181833765465,0.002546703993061783,special_case
2023-06-18 15:00:00,2023-06-18,15,2023,6,18,Sunday,True,summer,3819,385582,100.96412673474732,0.0935275965658001,357.18189128479077,568.3584837514735,86.12691730895278,True,,False,False,True,True,130894.0,129443.0,304228.0,351124.0,542.0,15213.0,1662167.87,510.0,0.0,0.0,0.0,0.0,4,52.0,22,0,True,True,True,False,맑음,28.7,57,19.4,32.0,0.0,0.0,0.0,0.0,0,1005.9,1002.2,0,0,0,0,11.0,251,23.4,788.0,608.0,180.0,3600.0,1,offday,train,-0.7071067811865471,-0.7071067811865479,1.2246467991473532e-16,-1.0,True,568.184380469458,0.1741032820154942,special_case
2024-04-28 15:00:00,2024-04-28,15,2024,4,28,Sunday,True,spring,3102,330803,106.6418439716312,0.1077131147753142,334.1260820330249,569.9056790019226,66.56164616904493,True,,False,False,True,True,134685.0,137880.0,333807.0,394074.0,901.0,33502.0,3819466.37,858.0,0.0,0.0,0.0,0.0,4,52.0,22,0,True,True,True,False,흐림,26.9,27,6.4,26.1,0.0,0.0,0.0,0.0,3,1012.2,1008.4,100,0,0,100,5.6,220,16.6,700.0,418.0,282.0,3600.0,1,offday,valid,-0.7071067811865471,-0.7071067811865479,0.8660254037844387,-0.49999999999999983,True,568.3584837514735,1.5471952504491355,special_case
2025-05-18 18:00:00,2025-05-18,18,2025,5,18,Sunday,True,spring,3378,347214,102.78685612788632,0.093388398805632,315.4660111654251,570.00206733226,-53.51314236148403,True,,False,False,True,True,213771.0,207825.0,667668.0,673068.0,0.0,0.0,0.0,0.0,7.0,6.0,1.0,4.0,4,52.0,22,0,True,True,False,True,맑음,16.5,50,6.2,14.1,0.0,0.0,0.0,0.0,0,1010.5,1006.6,1,0,1,0,10.0,262,27.4,281.0,167.0,114.0,3600.0,1,offday,test,-1.0,-1.8369701987210297e-16,0.49999999999999994,-0.8660254037844387,True,569.9056790019226,0.09638833033739047,special_case
2024-10-20 16:00:00,2024-10-20,16,2024,10,20,Sunday,True,fall,3071,306369,99.76196678606316,0.1113266708276356,341.88420611166913,570.789733166968,10.960930276318663,True,,False,False,True,True,174451.0,175854.0,448421.0,473981.0,1159.0,38068.0,4022913.23,1156.0,0.0,0.0,0.0,0.0,4,52.0,22,0,True,True,True,False,맑음,16.6,47,5.3,13.2,0.0,0.0,0.0,0.0,0,1029.7,1025.7,2,0,0,2,16.0,97,30.2,343.0,240.0,103.0,3600.0,1,offday,valid,-0.8660254037844384,-0.5000000000000004,-0.8660254037844386,0.5000000000000001,True,570.00206733226,0.7876658347079228,special_case
2025-05-25 16:00:00,2025-05-25,16,2025,5,25,Sunday,True,spring,4303,310877,72.24657215895887,0.1106643479569391,476.1886892587091,570.7913227472881,21.42523615188054,True,,False,False,True,True,160972.0,163661.0,434271.0,467528.0,0.0,0.0,0.0,0.0,10.0,9.0,1.0,6.0,4,52.0,22,0,True,True,False,True,맑음,20.4,52,10.2,19.0,0.0,0.0,0.0,0.0,0,1013.5,1009.6,11,1,11,0,12.0,262,31.7,602.0,417.0,185.0,3600.0,1,offday,test,-0.8660254037844384,-0.5000000000000004,0.49999999999999994,-0.8660254037844387,True,570.789733166968,0.0015895803201146919,special_case
2023-04-23 18:00:00,2023-04-23,18,2023,4,23,Sunday,True,spring,3301,347232,105.18994244168434,0.093388398805632,308.2751044573914,570.979053497196,-52.95431687552559,True,,False,False,True,True,217630.0,205218.0,656393.0,636217.0,720.0,21426.0,2719848.06,809.0,0.0,0.0,0.0,0.0,4,52.0,22,0,True,True,True,False,흐림,18.5,28,-0.4,14.4,0.0,0.0,0.0,0.0,3,1022.4,1018.5,100,0,99,99,13.0,276,25.6,104.0,7.0,97.0,0.0,1,offday,train,-1.0,-1.8369701987210297e-16,0.8660254037844387,-0.49999999999999983,True,570.7913227472881,0.18773074990792793,special_case
2023-05-27 15:00:00,2023-05-27,15,2023,5,27,Saturday,True,spring,3432,329453,95.99446386946389,0.1077131147753142,369.6714099088786,570.98435581378,64.61548370054572,True,부처님오신날,True,False,True,True,132175.0,131307.0,314402.0,362761.0,26.0,414.0,40390.97,23.0,0.0,0.0,0.0,0.0,4,52.0,22,0,True,True,True,False,약한 비,19.5,93,18.2,20.8,2.4,2.4,0.0,0.0,61,1016.5,1012.6,100,7,100,100,11.7,124,21.6,98.0,2.0,96.0,0.0,1,offday,train,-0.7071067811865471,-0.7071067811865479,0.49999999999999994,-0.8660254037844387,True,570.979053497196,0.005302316583993161,special_case
2022-06-12 17:00:00,2022-06-12,17,2022,6,12,Sunday,True,summer,2988,331115,110.81492637215528,0.1047704649595659,313.05414929918317,571.1564413258493,29.721382657583945,True,,False,False,True,True,,,435526.0,441346.0,0.0,0.0,0.0,0.0,0.0,0.0,0.0,0.0,4,52.0,22,0,False,True,False,False,흐림,26.8,47,14.4,26.0,0.0,0.0,0.0,0.0,3,1010.2,1006.4,100,0,14,100,15.2,256,30.2,313.0,94.0,219.0,2823.56,1,offday,train,-0.9659258262890683,-0.25881904510252063,1.2246467991473532e-16,-1.0,True,570.98435581378,0.17208551206931588,special_case
2024-06-01 16:00:00,2024-06-01,16,2024,6,1,Saturday,True,summer,4711,340856,72.35321587773296,0.1019931999973653,480.48996518758815,571.2054986833099,52.039871209722605,True,,False,False,True,True,154396.0,157144.0,385186.0,425241.0,1013.0,37895.0,4141080.7,929.0,0.0,0.0,0.0,0.0,4,52.0,22,0,True,True,True,False,부분적으로 흐림,25.9,28,5.9,22.9,0.0,0.0,0.0,0.0,2,1008.4,1004.6,61,0,61,0,16.1,290,35.3,633.0,453.0,180.0,3600.0,1,offday,valid,-0.8660254037844384,-0.5000000000000004,1.2246467991473532e-16,-1.0,True,571.1564413258493,0.04905735746058326,special_case
2025-04-26 19:00:00,2025-04-26,19,2025,4,26,Saturday,True,spring,4412,415974,94.2824116047144,0.0761098888961958,335.79682981001605,571.2196443591339,-107.1804904917409,True,,False,False,True,True,162339.0,167546.0,456192.0,482239.0,0.0,0.0,0.0,0.0,4.0,4.0,0.0,3.0,4,52.0,22,0,True,True,False,True,맑음,12.7,70,7.4,10.6,0.0,0.0,0.0,0.0,0,1016.7,1012.7,0,0,0,0,10.1,213,26.3,73.0,25.0,48.0,3357.91,1,offday,test,-0.9659258262890684,0.2588190451025203,0.8660254037844387,-0.49999999999999983,True,571.2054986833099,0.01414567582401105,special_case
2023-05-14 15:00:00,2023-05-14,15,2023,5,14,Sunday,True,spring,3229,331034,102.51904614431712,0.1077131147753142,347.8056476094898,571.5439166960298,65.99808119272552,True,,False,False,True,True,132175.0,131307.0,314402.0,362761.0,946.0,40367.0,4343531.71,820.0,0.0,0.0,0.0,0.0,4,52.0,22,0,True,True,True,False,흐림,21.6,39,7.2,20.0,0.0,0.0,0.0,0.0,3,1008.8,1005.0,89,3,5,89,13.3,251,28.8,751.0,536.0,215.0,3600.0,1,offday,train,-0.7071067811865471,-0.7071067811865479,0.49999999999999994,-0.8660254037844387,True,571.2196443591339,0.32427233689588775,special_case
2022-05-21 13:00:00,2022-05-21,13,2022,5,21,Saturday,True,spring,7059,413591,58.59059356849412,0.0829554972469645,585.582855066323,571.8274510311554,118.41406198878748,True,,False,False,True,True,,,232173.0,351954.0,0.0,0.0,0.0,0.0,0.0,0.0,0.0,0.0,4,52.0,22,0,False,True,False,False,맑음,22.4,56,13.1,22.1,0.0,0.0,0.0,0.0,0,1009.5,1005.7,13,8,6,0,15.1,232,32.4,734.0,364.0,370.0,3600.0,1,offday,train,-0.2588190451025208,-0.9659258262890683,0.49999999999999994,-0.8660254037844387,True,571.5439166960298,0.28353433512563697,special_case
2023-10-02 13:00:00,2023-10-02,13,2023,10,2,Monday,False,fall,3014,299070,99.2269409422694,0.1201225009099709,362.04921774265233,571.9307978015257,81.41375931114248,False,임시공휴일,True,False,True,True,128155.0,126336.0,273010.0,420242.0,0.0,0.0,0.0,0.0,0.0,0.0,0.0,0.0,4,52.0,22,0,True,True,False,False,맑음,22.0,40,7.7,20.8,0.0,0.0,0.0,0.0,0,1019.2,1015.3,10,0,0,10,11.5,340,23.4,747.0,618.0,129.0,3600.0,1,offday,train,-0.2588190451025208,-0.9659258262890683,-0.8660254037844386,0.5000000000000001,True,571.8274510311554,0.10334677037030815,special_case
2022-09-12 15:00:00,2022-09-12,15,2022,9,12,Monday,False,fall,2888,288719,99.97195290858726,0.1159356419712001,334.8221340128261,572.5901704485548,-15.4258257044969,False,대체공휴일,True,True,True,True,,,278702.0,322443.0,0.0,0.0,0.0,0.0,0.0,0.0,0.0,0.0,4,52.0,22,0,False,True,False,False,흐림,26.5,62,18.7,29.1,0.0,0.0,0.0,0.0,3,1013.5,1009.7,100,1,0,100,4.8,318,12.6,434.0,102.0,332.0,2420.09,1,offday,train,-0.7071067811865471,-0.7071067811865479,-1.0,-1.8369701987210297e-16,True,571.9307978015257,0.6593726470290449,special_case
2022-04-17 15:00:00,2022-04-17,15,2022,4,17,Sunday,True,spring,3440,330896,96.1906976744186,0.1077131147753142,370.53311482708114,573.4153933548964,64.93286364272933,True,,False,False,True,True,,,247697.0,292531.0,0.0,0.0,0.0,0.0,0.0,0.0,0.0,0.0,4,52.0,22,0,False,True,False,False,맑음,16.1,42,3.1,12.7,0.0,0.0,0.0,0.0,0,1018.3,1014.3,6,0,0,6,19.3,243,38.5,752.0,579.0,173.0,3600.0,1,offday,train,-0.7071067811865471,-0.7071067811865479,0.8660254037844387,-0.49999999999999983,True,572.5901704485548,0.8252229063416507,special_case
2022-09-03 16:00:00,2022-09-03,16,2022,9,3,Saturday,True,fall,5996,309256,51.577051367578385,0.1113266708276356,667.5147182825035,573.807348557855,-5.9239380386572975,True,,False,False,True,True,,,342287.0,362512.0,0.0,0.0,0.0,0.0,0.0,0.0,0.0,0.0,4,52.0,22,0,False,True,False,False,흐림,27.4,60,19.0,28.5,0.0,0.0,0.0,0.0,3,1013.0,1009.2,100,11,23,100,15.2,104,28.8,442.0,270.0,172.0,3600.0,1,offday,train,-0.8660254037844384,-0.5000000000000004,-1.0,-1.8369701987210297e-16,True,573.4153933548964,0.3919552029585702,special_case
2022-09-17 14:00:00,2022-09-17,14,2022,9,17,Saturday,True,fall,6267,326802,52.14648157012925,0.1053558771818858,660.2652822988787,573.8418562465777,75.07323745983422,True,,False,False,True,True,,,237928.0,302473.0,0.0,0.0,0.0,0.0,0.0,0.0,0.0,0.0,4,52.0,22,0,False,True,False,False,대체로 맑음,26.9,77,22.5,30.7,0.0,0.0,0.0,0.0,1,1008.3,1004.5,25,18,2,9,10.3,245,23.0,561.0,278.0,283.0,3600.0,1,offday,train,-0.4999999999999998,-0.8660254037844388,-1.0,-1.8369701987210297e-16,True,573.807348557855,0.03450768872266963,special_case
2023-04-29 16:00:00,2023-04-29,16,2023,4,29,Saturday,True,spring,4145,313019,75.51724969843184,0.1106643479569391,458.70372228151274,574.17038610207,22.883424659329307,True,,False,False,True,True,152870.0,154121.0,379330.0,394897.0,422.0,12127.0,1374059.1,372.0,0.0,0.0,0.0,0.0,4,52.0,22,0,True,True,True,False,흐림,14.4,56,5.8,9.6,0.0,0.0,0.0,0.0,3,1004.8,1000.9,100,6,1,100,26.7,266,49.0,576.0,372.0,204.0,3600.0,1,offday,train,-0.8660254037844384,-0.5000000000000004,0.8660254037844387,-0.49999999999999983,True,573.8418562465777,0.32852985549232017,special_case
2024-05-01 14:00:00,2024-05-01,14,2024,5,1,Wednesday,False,spring,2654,297262,112.00527505651846,0.1194960865470364,317.1426136958347,574.2946126631218,56.09979501288944,False,,False,False,False,False,125232.0,122594.0,306752.0,401290.0,928.0,34237.0,3908309.3,811.0,0.0,0.0,0.0,0.0,4,52.0,22,0,True,True,True,False,흐림,22.0,28,2.5,19.9,0.0,0.0,0.0,0.0,3,1011.4,1007.5,99,0,33,99,9.3,126,24.1,698.0,346.0,352.0,3600.0,1,weekday,valid,-0.4999999999999998,-0.8660254037844388,0.49999999999999994,-0.8660254037844387,True,574.17038610207,0.1242265610518416,special_case
2023-04-16 17:00:00,2023-04-16,17,2023,4,16,Sunday,True,spring,3321,320677,96.5603733815116,0.1056648495856345,350.91296547389226,574.8551844053536,-10.631169437546871,True,,False,False,True,True,175832.0,171400.0,489740.0,480730.0,615.0,15754.0,1884194.28,747.0,0.0,0.0,0.0,0.0,4,52.0,22,0,True,True,True,False,맑음,14.9,36,-0.2,9.8,0.0,0.0,0.0,0.0,0,1005.2,1001.3,11,0,9,5,20.2,273,38.9,357.0,205.0,152.0,3600.0,1,offday,train,-0.9659258262890683,-0.25881904510252063,0.8660254037844387,-0.49999999999999983,True,574.2946126631218,0.5605717422317866,special_case
2022-04-23 16:00:00,2022-04-23,16,2022,4,23,Saturday,True,spring,3263,314876,96.49892736745326,0.1106643479569391,361.0977673834924,574.9011193381729,29.35094331484663,True,,False,False,True,True,,,304514.0,329249.0,0.0,0.0,0.0,0.0,0.0,0.0,0.0,0.0,4,52.0,22,0,False,True,False,False,흐림,24.5,24,2.5,22.6,0.0,0.0,0.0,0.0,3,1009.9,1006.1,100,0,0,100,4.7,184,14.8,614.0,445.0,169.0,3600.0,1,offday,train,-0.8660254037844384,-0.5000000000000004,0.8660254037844387,-0.49999999999999983,True,574.8551844053536,0.04593493281925021,special_case
2025-06-06 16:00:00,2025-06-06,16,2025,6,6,Friday,False,summer,2994,310867,103.82999331997328,0.1105172193076455,330.8885546070909,575.2869319040109,11.167753175923847,False,현충일,True,False,True,True,154793.0,157040.0,397001.0,425028.0,0.0,0.0,0.0,0.0,10.0,10.0,0.0,3.0,4,52.0,22,0,True,True,False,True,부분적으로 흐림,27.4,35,10.8,25.3,0.0,0.0,0.0,0.0,2,1006.8,1003.0,69,0,0,69,19.6,231,46.8,658.0,477.0,181.0,3600.0,1,offday,test,-0.8660254037844384,-0.5000000000000004,1.2246467991473532e-16,-1.0,True,574.9011193381729,0.38581256583802315,special_case
2024-05-18 16:00:00,2024-05-18,16,2024,5,18,Saturday,True,spring,3302,315232,95.46698970321016,0.1106643479569391,365.413676953813,575.6553152465898,29.137511468585103,True,,False,False,True,True,161705.0,163357.0,435204.0,452888.0,981.0,40709.0,4216166.21,940.0,0.0,0.0,0.0,0.0,4,52.0,22,0,True,True,True,False,맑음,22.9,63,15.6,23.1,0.0,0.0,0.0,0.0,0,1015.3,1011.4,0,0,0,0,14.8,252,29.2,630.0,461.0,169.0,3600.0,1,offday,valid,-0.8660254037844384,-0.5000000000000004,0.49999999999999994,-0.8660254037844387,True,575.2869319040109,0.3683833425789089,special_case
2022-10-15 16:00:00,2022-10-15,16,2022,10,15,Saturday,True,fall,3436,309646,90.11816065192085,0.1113266708276356,382.5184409637562,576.513292881671,8.33145911620602,True,,False,False,True,True,,,398333.0,402531.0,0.0,0.0,0.0,0.0,0.0,0.0,0.0,0.0,4,52.0,22,0,False,True,False,False,부분적으로 흐림,20.8,52,10.4,20.2,0.0,0.0,0.0,0.0,2,1018.5,1014.6,73,0,50,57,4.7,337,11.2,307.0,131.0,176.0,3600.0,1,offday,train,-0.8660254037844384,-0.5000000000000004,-0.8660254037844386,0.5000000000000001,True,575.6553152465898,0.8579776350811699,special_case
2022-09-24 18:00:00,2022-09-24,18,2022,9,24,Saturday,True,fall,4584,382094,83.35383944153578,0.0862061061335171,395.1687905160426,577.0974711471133,-88.94112139939546,True,,False,False,True,True,,,611046.0,611210.0,0.0,0.0,0.0,0.0,0.0,0.0,0.0,0.0,4,52.0,22,0,False,True,False,False,흐림,19.0,69,13.1,18.8,0.0,0.0,0.0,0.0,3,1016.0,1012.1,98,0,0,98,7.8,248,13.7,118.0,62.0,56.0,3600.0,1,offday,train,-1.0,-1.8369701987210297e-16,-1.0,-1.8369701987210297e-16,True,576.513292881671,0.5841782654423469,special_case
2023-09-03 19:00:00,2023-09-03,19,2023,9,3,Sunday,True,fall,3849,453195,117.7435697583788,0.0671035658554383,258.28162497758206,577.6105936226629,-131.89916665103192,True,,False,False,True,True,150472.0,156667.0,405066.0,444026.0,0.0,0.0,0.0,0.0,0.0,0.0,0.0,0.0,4,52.0,22,0,True,True,False,False,흐림,26.3,86,23.9,31.8,0.0,0.0,0.0,0.0,3,1011.7,1007.9,98,5,49,98,3.2,180,7.6,19.0,0.0,19.0,0.0,1,offday,train,-0.9659258262890684,0.2588190451025203,-1.0,-1.8369701987210297e-16,True,577.0974711471133,0.5131224755496078,special_case
2024-06-01 18:00:00,2024-06-01,18,2024,6,1,Saturday,True,summer,4711,340856,72.35321587773296,0.1010593940343581,476.090805295861,577.711171608976,-14.789093266317195,True,,False,False,True,True,208191.0,204607.0,622922.0,652074.0,922.0,32931.0,3711824.69,1005.0,0.0,0.0,0.0,0.0,4,52.0,22,0,True,True,True,False,대체로 맑음,23.2,45,10.6,20.5,0.0,0.0,0.0,0.0,1,1007.9,1004.1,26,0,26,0,19.8,273,38.5,239.0,115.0,124.0,3600.0,1,offday,valid,-1.0,-1.8369701987210297e-16,1.2246467991473532e-16,-1.0,True,577.6105936226629,0.10057798631305559,special_case
2022-04-24 15:00:00,2022-04-24,15,2022,4,24,Sunday,True,spring,3199,335005,104.72178805876835,0.1077131147753142,344.5742541662304,577.7171115880102,67.1256718466152,True,,False,False,True,True,,,247697.0,292531.0,0.0,0.0,0.0,0.0,0.0,0.0,0.0,0.0,4,52.0,22,0,False,True,False,False,대체로 맑음,20.6,63,13.4,20.2,0.0,0.0,0.0,0.0,1,1010.2,1006.3,30,8,0,23,16.5,250,33.5,721.0,515.0,206.0,3600.0,1,offday,train,-0.7071067811865471,-0.7071067811865479,0.8660254037844387,-0.49999999999999983,True,577.711171608976,0.005939979034224052,special_case
2023-05-07 14:00:00,2023-05-07,14,2023,5,7,Sunday,True,spring,3406,382650,112.3458602466236,0.0977777335148833,333.03096035169267,579.5332204210479,101.53023915431164,True,,False,False,True,True,119940.0,114747.0,271180.0,349432.0,650.0,23343.0,2800817.26,594.0,0.0,0.0,0.0,0.0,4,52.0,22,0,True,True,True,False,흐림,16.5,45,4.4,12.8,0.0,0.0,0.0,0.0,3,1012.9,1009.0,100,0,100,100,16.8,62,29.9,394.0,41.0,353.0,0.0,1,offday,train,-0.4999999999999998,-0.8660254037844388,0.49999999999999994,-0.8660254037844387,True,577.7171115880102,1.8161088330376742,special_case
2022-09-03 15:00:00,2022-09-03,15,2022,9,3,Saturday,True,fall,5996,309256,51.577051367578385,0.1124759978651691,674.4060831995539,579.7312865965123,36.69900070049084,True,,False,False,True,True,,,278702.0,322443.0,0.0,0.0,0.0,0.0,0.0,0.0,0.0,0.0,4,52.0,22,0,False,True,False,False,부분적으로 흐림,27.5,59,19.0,28.8,0.0,0.0,0.0,0.0,2,1013.1,1009.3,52,24,27,25,16.2,102,29.9,591.0,376.0,215.0,3600.0,1,offday,train,-0.7071067811865471,-0.7071067811865479,-1.0,-1.8369701987210297e-16,True,579.5332204210479,0.19806617546441885,special_case
2024-10-26 14:00:00,2024-10-26,14,2024,10,26,Saturday,True,fall,3356,350067,104.31078665077472,0.1053558771818858,353.5743238224089,580.532497254396,90.27120918740036,True,,False,False,True,True,137145.0,135034.0,317937.0,400793.0,814.0,30882.0,3002669.3499999996,732.0,0.0,0.0,0.0,0.0,4,52.0,22,0,True,True,True,False,맑음,21.1,59,12.8,20.9,0.0,0.0,0.0,0.0,0,1019.5,1015.6,0,0,0,0,8.4,80,20.2,566.0,443.0,123.0,3600.0,1,offday,valid,-0.4999999999999998,-0.8660254037844388,-0.8660254037844386,0.5000000000000001,True,579.7312865965123,0.8012106578837574,special_case
2025-09-06 14:00:00,2025-09-06,14,2025,9,6,Saturday,True,fall,3931,345164,87.8056474179598,0.1053558771818858,414.1539532019933,580.9748573208976,86.53399466372093,True,,False,False,True,True,130450.0,127036.0,290975.0,362837.0,0.0,0.0,0.0,0.0,15.0,14.0,1.0,7.0,4,52.0,22,0,True,True,False,True,약한 이슬비,29.2,73,24.0,32.5,0.1,0.1,0.0,0.0,51,1006.6,1002.9,44,12,16,26,19.2,230,42.8,466.0,190.0,276.0,3600.0,1,offday,test,-0.4999999999999998,-0.8660254037844388,-1.0,-1.8369701987210297e-16,True,580.532497254396,0.44236006650157833,special_case
2025-06-03 16:00:00,2025-06-03,16,2025,6,3,Tuesday,False,summer,2829,313831,110.93354542241076,0.1105172193076455,312.6532134213294,581.0096231776333,12.825242708175324,False,임시공휴일(제21대 대통령 선거),True,False,True,False,154793.0,157040.0,397001.0,425028.0,0.0,0.0,0.0,0.0,7.0,7.0,0.0,2.0,4,52.0,22,0,True,True,False,True,맑음,23.2,52,12.9,22.2,0.0,0.0,0.0,0.0,0,998.2,994.4,7,2,6,0,17.5,256,45.7,673.0,499.0,174.0,3600.0,1,offday,test,-0.8660254037844384,-0.5000000000000004,1.2246467991473532e-16,-1.0,True,580.9748573208976,0.03476585673570298,special_case
2022-09-04 15:00:00,2022-09-04,15,2022,9,4,Sunday,True,fall,3837,315442,82.21058118321605,0.1124759978651691,431.57040380865385,581.2143798952318,46.89717444565997,True,,False,False,True,True,,,278702.0,322443.0,0.0,0.0,0.0,0.0,0.0,0.0,0.0,0.0,4,52.0,22,0,False,True,False,False,보통 비,23.5,91,21.9,26.6,2.7,2.7,0.0,0.0,63,1007.1,1003.3,100,10,100,100,11.8,117,25.9,89.0,0.0,89.0,0.0,1,offday,train,-0.7071067811865471,-0.7071067811865479,-1.0,-1.8369701987210297e-16,True,581.0096231776333,0.20475671759845682,special_case
2024-09-21 15:00:00,2024-09-21,15,2024,9,21,Saturday,True,fall,4008,316973,79.08507984031937,0.1124759978651691,450.80379944359777,585.1202513314977,46.10948166964931,True,,False,False,True,True,138586.0,141284.0,321614.0,389738.0,787.0,25892.0,2850546.35,702.0,0.0,0.0,0.0,0.0,4,52.0,22,0,True,True,True,False,흐림,22.0,70,16.3,21.2,0.0,0.0,0.0,0.0,3,1007.3,1003.5,100,100,100,1,20.8,67,37.8,292.0,37.0,255.0,0.0,1,offday,valid,-0.7071067811865471,-0.7071067811865479,-1.0,-1.8369701987210297e-16,True,581.2143798952318,3.9058714362658975,special_case
2022-09-18 19:00:00,2022-09-18,19,2022,9,18,Sunday,True,fall,6875,498703,72.53861818181818,0.0671035658554383,461.3370152561384,585.190764706598,-153.97048940638047,True,,False,False,True,True,,,386364.0,429821.0,0.0,0.0,0.0,0.0,0.0,0.0,0.0,0.0,4,52.0,22,0,False,True,False,False,흐림,27.1,77,22.7,31.2,0.0,0.0,0.0,0.0,3,1001.5,997.7,100,5,0,100,8.2,38,13.3,12.0,3.0,9.0,0.0,1,offday,train,-0.9659258262890684,0.2588190451025203,-1.0,-1.8369701987210297e-16,True,585.1202513314977,0.07051337510029043,special_case
2023-04-16 16:00:00,2023-04-16,16,2023,4,16,Sunday,True,spring,3321,320677,96.5603733815116,0.1106643479569391,367.5162995649949,585.4863538429005,29.90644850447188,True,,False,False,True,True,152870.0,154121.0,379330.0,394897.0,714.0,22719.0,2701522.38,698.0,0.0,0.0,0.0,0.0,4,52.0,22,0,True,True,True,False,대체로 맑음,15.7,33,-0.6,10.4,0.0,0.0,0.0,0.0,1,1004.8,1000.9,25,0,24,2,21.3,272,40.7,499.0,275.0,224.0,3600.0,1,offday,train,-0.8660254037844384,-0.5000000000000004,0.8660254037844387,-0.49999999999999983,True,585.190764706598,0.29558913630251027,special_case
2025-04-20 15:00:00,2025-04-20,15,2025,4,20,Sunday,True,spring,3755,336440,89.59786950732357,0.1077131147753142,404.46274598130515,585.5797010287074,64.76307894652643,True,,False,False,True,True,138174.0,140551.0,335455.0,381149.0,0.0,0.0,0.0,0.0,2.0,2.0,0.0,1.0,4,52.0,22,0,True,True,False,True,맑음,21.6,52,11.3,23.0,0.0,0.0,0.0,0.0,0,1012.8,1008.9,0,0,0,0,1.7,257,11.5,741.0,563.0,178.0,3600.0,1,offday,test,-0.7071067811865471,-0.7071067811865479,0.8660254037844387,-0.49999999999999983,True,585.4863538429005,0.0933471858069197,special_case
2023-06-06 17:00:00,2023-06-06,17,2023,6,6,Tuesday,False,summer,3191,334549,104.84142901911626,0.1010421936422181,322.4256399123182,585.9889464708465,-33.16177603798428,False,현충일,True,False,True,False,179698.0,173173.0,491849.0,481958.0,1013.0,35697.0,4062579.1,969.0,0.0,0.0,0.0,0.0,4,52.0,22,0,True,True,True,False,대체로 맑음,20.6,72,15.4,20.2,0.0,0.0,0.0,0.0,1,1005.4,1001.6,25,14,13,0,15.4,254,32.8,472.0,304.0,168.0,3600.0,1,offday,train,-0.9659258262890683,-0.25881904510252063,1.2246467991473532e-16,-1.0,True,585.5797010287074,0.4092454421390812,special_case
2022-05-15 15:00:00,2022-05-15,15,2022,5,15,Sunday,True,spring,3542,338077,95.44805194805195,0.1077131147753142,381.5198525341632,586.1311673163,66.20837907596433,True,,False,False,True,True,,,285323.0,338698.0,0.0,0.0,0.0,0.0,0.0,0.0,0.0,0.0,4,52.0,22,0,False,True,False,False,맑음,18.8,33,2.3,13.8,0.0,0.0,0.0,0.0,0,1012.8,1008.9,17,0,12,6,24.7,251,45.4,640.0,317.0,323.0,3600.0,1,offday,train,-0.7071067811865471,-0.7071067811865479,0.49999999999999994,-0.8660254037844387,True,585.9889464708465,0.1422208454534939,special_case
2024-05-01 15:00:00,2024-05-01,15,2024,5,1,Wednesday,False,spring,2654,297262,112.00527505651846,0.1173799620909657,311.5264193894232,586.411233679341,12.116621016219142,False,,False,False,False,False,139083.0,140387.0,352075.0,417775.0,955.0,36533.0,3954068.6,901.0,0.0,0.0,0.0,0.0,4,52.0,22,0,True,True,True,False,흐림,22.5,27,2.5,19.1,0.0,0.0,0.0,0.0,3,1011.0,1007.2,95,0,61,87,11.6,116,25.2,530.0,196.0,334.0,3600.0,1,weekday,valid,-0.7071067811865471,-0.7071067811865479,0.49999999999999994,-0.8660254037844387,True,586.1311673163,0.2800663630409872,special_case
2022-09-18 12:00:00,2022-09-18,12,2022,9,18,Sunday,True,fall,6875,498703,72.53861818181818,0.0738136969525007,507.4691665484425,586.5827399614884,153.5662770833818,True,,False,False,True,True,,,203808.0,301768.0,0.0,0.0,0.0,0.0,0.0,0.0,0.0,0.0,4,52.0,22,0,False,True,False,False,부분적으로 흐림,28.6,67,21.9,32.5,0.0,0.0,0.0,0.0,2,1005.1,1001.4,62,0,15,61,12.6,357,25.2,712.0,544.0,168.0,3600.0,1,offday,train,1.2246467991473532e-16,-1.0,-1.0,-1.8369701987210297e-16,True,586.411233679341,0.17150628214744756,special_case
2022-09-04 16:00:00,2022-09-04,16,2022,9,4,Sunday,True,fall,3837,315442,82.21058118321605,0.1113266708276356,427.1604359656381,586.9175941333954,5.703214238163582,True,,False,False,True,True,,,342287.0,362512.0,0.0,0.0,0.0,0.0,0.0,0.0,0.0,0.0,4,52.0,22,0,False,True,False,False,흐림,24.4,88,22.1,27.1,0.0,0.0,0.0,0.0,3,1006.6,1002.8,100,7,89,100,15.5,136,24.5,113.0,0.0,113.0,0.0,1,offday,train,-0.8660254037844384,-0.5000000000000004,-1.0,-1.8369701987210297e-16,True,586.5827399614884,0.33485417190695443,special_case
2024-05-19 15:00:00,2024-05-19,15,2024,5,19,Sunday,True,spring,3297,340677,103.32939035486808,0.1077131147753142,355.1301394142112,587.9340340264728,68.04795545774198,True,,False,False,True,True,139083.0,140387.0,352075.0,417775.0,924.0,33866.0,3761365.5,902.0,0.0,0.0,0.0,0.0,4,52.0,22,0,True,True,True,False,맑음,25.5,49,13.9,26.4,0.0,0.0,0.0,0.0,0,1014.2,1010.4,7,0,1,6,10.8,249,23.4,768.0,581.0,187.0,3600.0,1,offday,valid,-0.7071067811865471,-0.7071067811865479,0.49999999999999994,-0.8660254037844387,True,586.9175941333954,1.0164398930774041,special_case
2022-09-12 14:00:00,2022-09-12,14,2022,9,12,Monday,False,fall,2888,288719,99.97195290858726,0.1235811310401487,356.90230644394944,588.0159961530517,36.175209207908665,False,대체공휴일,True,True,True,True,,,237928.0,302473.0,0.0,0.0,0.0,0.0,0.0,0.0,0.0,0.0,4,52.0,22,0,False,True,False,False,흐림,26.7,63,19.0,29.7,0.0,0.0,0.0,0.0,3,1013.9,1010.1,100,2,5,100,2.4,333,10.8,552.0,196.0,356.0,3600.0,1,offday,train,-0.4999999999999998,-0.8660254037844388,-1.0,-1.8369701987210297e-16,True,587.9340340264728,0.081962126578901,special_case
2022-08-27 19:00:00,2022-08-27,19,2022,8,27,Saturday,True,summer,4495,375388,83.5123470522803,0.0912420622822565,410.1330699587433,588.1458239037972,-50.66583395808584,True,,False,False,True,True,,,397037.0,405336.0,0.0,0.0,0.0,0.0,0.0,0.0,0.0,0.0,4,52.0,22,0,False,True,False,False,맑음,19.3,71,13.9,19.5,0.0,0.0,0.0,0.0,0,1010.9,1007.0,0,0,0,0,6.9,298,19.4,70.0,34.0,36.0,3600.0,1,offday,train,-0.9659258262890684,0.2588190451025203,-0.8660254037844384,-0.5000000000000004,True,588.0159961530517,0.1298277507455623,special_case
2024-06-15 15:00:00,2024-06-15,15,2024,6,15,Saturday,True,summer,4097,398638,97.29997559189653,0.0935275965658001,383.1825631300832,589.4672213904835,88.72556066647718,True,,False,False,True,True,135633.0,134648.0,323366.0,377916.0,582.0,17137.0,1934657.94,533.0,0.0,0.0,0.0,0.0,4,52.0,22,0,True,True,True,False,흐림,27.9,56,18.2,30.8,0.0,0.0,0.0,0.0,3,1002.2,998.5,90,88,4,18,8.0,280,25.2,735.0,485.0,250.0,3600.0,1,offday,valid,-0.7071067811865471,-0.7071067811865479,1.2246467991473532e-16,-1.0,True,588.1458239037972,1.3213974866862372,special_case
2024-09-21 16:00:00,2024-09-21,16,2024,9,21,Saturday,True,fall,4008,316973,79.08507984031937,0.1113266708276356,446.19729667716376,589.5910717555034,4.470820424005751,True,,False,False,True,True,157557.0,162508.0,383752.0,422775.0,747.0,26177.0,2672760.17,712.0,0.0,0.0,0.0,0.0,4,52.0,22,0,True,True,True,False,흐림,21.8,71,16.1,21.4,0.0,0.0,0.0,0.0,3,1007.7,1003.9,100,100,99,30,17.3,59,36.7,157.0,4.0,153.0,0.0,1,offday,valid,-0.8660254037844384,-0.5000000000000004,-1.0,-1.8369701987210297e-16,True,589.4672213904835,0.12385036501996183,special_case
2023-10-15 14:00:00,2023-10-15,14,2023,10,15,Sunday,True,fall,3994,350827,87.83850776164246,0.1053558771818858,420.7913734644521,590.4861318106116,87.95967389697103,True,,False,False,True,True,128103.0,125637.0,300223.0,395149.0,0.0,0.0,0.0,0.0,0.0,0.0,0.0,0.0,4,52.0,22,0,True,True,False,False,맑음,19.4,59,11.2,17.8,0.0,0.0,0.0,0.0,0,1010.4,1006.5,13,8,8,0,13.3,308,28.1,421.0,187.0,234.0,3600.0,1,offday,train,-0.4999999999999998,-0.8660254037844388,-0.8660254037844386,0.5000000000000001,True,589.5910717555034,0.8950600551081607,special_case
2023-05-27 17:00:00,2023-05-27,17,2023,5,27,Saturday,True,spring,3432,329453,95.99446386946389,0.1056648495856345,362.64176377789767,590.4867453806404,-11.082033599889767,True,부처님오신날,True,False,True,True,179956.0,175771.0,500796.0,501279.0,7.0,123.0,9017.88,11.0,0.0,0.0,0.0,0.0,4,52.0,22,0,True,True,True,False,보통 이슬비,19.3,93,18.1,20.7,0.7,0.7,0.0,0.0,53,1015.5,1011.6,100,12,100,100,10.8,111,19.8,75.0,0.0,75.0,0.0,1,offday,train,-0.9659258262890683,-0.25881904510252063,0.49999999999999994,-0.8660254037844387,True,590.4861318106116,0.0006135700288041335,special_case
2024-04-07 15:00:00,2024-04-07,15,2024,4,7,Sunday,True,spring,3221,343484,106.63893200869296,0.1077131147753142,346.9439426912873,591.7533133502845,69.11279005837855,True,,False,False,True,True,134685.0,137880.0,333807.0,394074.0,1401.0,62347.0,6618988.06,1172.0,0.0,0.0,0.0,0.0,4,52.0,22,0,True,True,True,False,맑음,21.1,25,0.2,18.9,0.0,0.0,0.0,0.0,0,1016.1,1012.2,3,0,0,3,7.9,231,20.5,719.0,559.0,160.0,3600.0,1,offday,valid,-0.7071067811865471,-0.7071067811865479,0.8660254037844387,-0.49999999999999983,True,590.4867453806404,1.266567969644143,special_case
2023-09-10 13:00:00,2023-09-10,13,2023,9,10,Sunday,True,fall,3847,425511,110.60852612425266,0.0915726254037753,352.27988992832394,591.794264484646,129.15356763151618,True,,False,False,True,True,118241.0,112923.0,246366.0,358598.0,0.0,0.0,0.0,0.0,0.0,0.0,0.0,0.0,4,52.0,22,0,True,True,False,False,흐림,26.3,72,20.8,29.9,0.0,0.0,0.0,0.0,3,1010.6,1006.8,93,2,13,92,4.4,279,13.7,334.0,95.0,239.0,1589.56,1,offday,train,-0.2588190451025208,-0.9659258262890683,-1.0,-1.8369701987210297e-16,True,591.7533133502845,0.04095113436142128,special_case
2024-04-13 15:00:00,2024-04-13,15,2024,4,13,Saturday,True,spring,3291,343106,104.25584928593132,0.1077131147753142,354.4838607255593,591.8327903173711,68.6773301193665,True,,False,False,True,True,134685.0,137880.0,333807.0,394074.0,1004.0,42384.0,4406365.24,875.0,0.0,0.0,0.0,0.0,4,52.0,22,0,True,True,True,False,맑음,26.6,26,5.4,25.0,0.0,0.0,0.0,0.0,0,1016.5,1012.7,0,0,0,0,10.5,264,24.5,726.0,561.0,165.0,3600.0,1,offday,valid,-0.7071067811865471,-0.7071067811865479,0.8660254037844387,-0.49999999999999983,True,591.794264484646,0.03852583272509946,special_case
2024-06-01 17:00:00,2024-06-01,17,2024,6,1,Saturday,True,summer,4711,340856,72.35321587773296,0.1047704649595659,493.57366042451537,592.5002648752932,21.294766191983285,True,,False,False,True,True,175070.0,174567.0,493672.0,512001.0,1084.0,38403.0,4186540.09,1035.0,0.0,0.0,0.0,0.0,4,52.0,22,0,True,True,True,False,부분적으로 흐림,24.5,39,9.6,21.4,0.0,0.0,0.0,0.0,2,1008.2,1004.4,58,0,58,0,20.5,272,37.8,403.0,220.0,183.0,3600.0,1,offday,valid,-0.9659258262890683,-0.25881904510252063,1.2246467991473532e-16,-1.0,True,591.8327903173711,0.6674745579221053,special_case
2024-10-03 13:00:00,2024-10-03,13,2024,10,3,Thursday,False,fall,3120,309997,99.35801282051284,0.1201225009099709,374.7822028391092,592.7711090937779,84.4167256426199,False,개천절,True,False,True,False,137374.0,134469.0,296007.0,431650.0,885.0,36541.0,3836795.76,762.0,0.0,0.0,0.0,0.0,4,52.0,22,0,True,True,True,False,대체로 맑음,20.4,44,7.8,19.4,0.0,0.0,0.0,0.0,1,1022.4,1018.5,21,1,21,0,6.7,81,22.3,655.0,477.0,178.0,3600.0,1,offday,valid,-0.2588190451025208,-0.9659258262890683,-0.8660254037844386,0.5000000000000001,True,592.5002648752932,0.27084421848473994,special_case
2023-10-02 15:00:00,2023-10-02,15,2023,10,2,Monday,False,fall,3014,299070,99.2269409422694,0.1159356419712001,349.4300249011973,592.9466436158103,-16.22827338229547,False,임시공휴일,True,False,True,True,143101.0,142544.0,352489.0,399129.0,0.0,0.0,0.0,0.0,0.0,0.0,0.0,0.0,4,52.0,22,0,True,True,False,False,대체로 맑음,22.0,44,9.0,20.7,0.0,0.0,0.0,0.0,1,1017.5,1013.6,46,0,0,46,8.5,324,24.8,600.0,475.0,125.0,3600.0,1,offday,train,-0.7071067811865471,-0.7071067811865479,-0.8660254037844386,0.5000000000000001,True,592.7711090937779,0.1755345220324216,special_case
2023-06-17 16:00:00,2023-06-17,16,2023,6,17,Saturday,True,summer,3966,358951,90.50706001008572,0.1019931999973653,404.505031189551,593.104988457763,58.85224148432985,True,,False,False,True,True,153885.0,155559.0,377288.0,391651.0,628.0,20909.0,2521422.74,562.0,0.0,0.0,0.0,0.0,4,52.0,22,0,True,True,True,False,흐림,26.1,55,16.5,26.4,0.0,0.0,0.0,0.0,3,1012.1,1008.3,91,0,0,91,15.0,249,28.8,593.0,355.0,238.0,3600.0,1,offday,train,-0.8660254037844384,-0.5000000000000004,1.2246467991473532e-16,-1.0,True,592.9466436158103,0.1583448419527258,special_case
2022-04-17 17:00:00,2022-04-17,17,2022,4,17,Sunday,True,spring,3440,330896,96.1906976744186,0.1056648495856345,363.4870825745827,593.1082269620342,-11.074662294295194,True,,False,False,True,True,,,413695.0,408748.0,0.0,0.0,0.0,0.0,0.0,0.0,0.0,0.0,4,52.0,22,0,False,True,False,False,대체로 맑음,14.8,51,4.8,11.3,0.0,0.0,0.0,0.0,1,1017.5,1013.5,39,0,0,39,15.3,243,31.0,422.0,288.0,134.0,3600.0,1,offday,train,-0.9659258262890683,-0.25881904510252063,0.8660254037844387,-0.49999999999999983,True,593.104988457763,0.0032385042711666756,special_case
2025-05-24 14:00:00,2025-05-24,14,2025,5,24,Saturday,True,spring,4978,376177,75.56789875451989,0.0977777335148833,486.7375574370893,593.8842602728895,95.97303762877516,True,,False,False,True,True,130403.0,126266.0,311472.0,410999.0,0.0,0.0,0.0,0.0,10.0,9.0,1.0,5.0,4,52.0,22,0,True,True,False,True,흐림,17.8,57,9.1,15.7,0.0,0.0,0.0,0.0,3,1009.6,1005.7,100,80,100,0,12.3,69,30.6,425.0,65.0,360.0,297.14,1,offday,test,-0.4999999999999998,-0.8660254037844388,0.49999999999999994,-0.8660254037844387,True,593.1082269620342,0.7760333108552686,special_case
2023-05-14 17:00:00,2023-05-14,17,2023,5,14,Sunday,True,spring,3229,331034,102.51904614431712,0.1056648495856345,341.19179931201387,594.4176491186806,-9.39027010030918,True,,False,False,True,True,179956.0,175771.0,500796.0,501279.0,1079.0,39010.0,4601773.18,1114.0,0.0,0.0,0.0,0.0,4,52.0,22,0,True,True,True,False,맑음,20.4,43,7.2,18.1,0.0,0.0,0.0,0.0,0,1008.2,1004.3,4,0,4,0,10.5,254,25.6,444.0,288.0,156.0,3600.0,1,offday,train,-0.9659258262890683,-0.25881904510252063,0.49999999999999994,-0.8660254037844387,True,593.8842602728895,0.5333888457911371,special_case
2025-09-20 19:00:00,2025-09-20,19,2025,9,20,Saturday,True,fall,3574,456305,127.6734750979295,0.0671035658554383,239.8281443673365,594.5350978238521,-128.8726568020528,True,,False,False,True,True,168331.0,176580.0,458639.0,471841.0,0.0,0.0,0.0,0.0,17.0,16.0,1.0,8.0,4,52.0,22,0,True,True,False,True,대체로 맑음,19.6,80,16.1,20.5,0.0,0.0,0.0,0.0,1,1011.2,1007.3,27,15,15,12,8.3,4,19.8,10.0,1.0,9.0,0.0,1,offday,test,-0.9659258262890684,0.2588190451025203,-1.0,-1.8369701987210297e-16,True,594.4176491186806,0.117448705171455,special_case
2024-09-08 14:00:00,2024-09-08,14,2024,9,8,Sunday,True,fall,4690,347237,74.03773987206823,0.1053558771818858,494.1190639830446,594.600179628184,84.13002704678092,True,,False,False,True,True,123791.0,120526.0,276892.0,362326.0,451.0,13828.0,1431569.84,452.0,0.0,0.0,0.0,0.0,4,52.0,22,0,True,True,True,False,맑음,29.9,57,20.5,34.9,0.0,0.0,0.0,0.0,0,1013.2,1009.4,18,13,5,0,2.6,214,13.3,746.0,588.0,158.0,3600.0,1,offday,valid,-0.4999999999999998,-0.8660254037844388,-1.0,-1.8369701987210297e-16,True,594.5350978238521,0.06508180433195321,special_case
2024-04-28 17:00:00,2024-04-28,17,2024,4,28,Sunday,True,spring,3102,330803,106.6418439716312,0.1056648495856345,327.7723634146383,594.626527672202,-8.391889440836508,True,,False,False,True,True,180620.0,177297.0,518563.0,511859.0,1046.0,38378.0,4540588.69,993.0,0.0,0.0,0.0,0.0,4,52.0,22,0,True,True,True,False,흐림,24.1,42,10.4,22.4,0.0,0.0,0.0,0.0,3,1012.0,1008.2,100,0,0,100,13.2,248,24.8,370.0,153.0,217.0,3600.0,1,offday,valid,-0.9659258262890683,-0.25881904510252063,0.8660254037844387,-0.49999999999999983,True,594.600179628184,0.026348044017936445,special_case
2025-09-14 14:00:00,2025-09-14,14,2025,9,14,Sunday,True,fall,3695,356876,96.58349120433016,0.1053558771818858,389.2899661870682,595.5969863800806,90.93879719227652,True,,False,False,True,True,130450.0,127036.0,290975.0,362837.0,0.0,0.0,0.0,0.0,17.0,17.0,0.0,8.0,4,52.0,22,0,True,True,False,True,부분적으로 흐림,27.5,62,19.5,31.0,0.0,0.0,0.0,0.0,2,1011.5,1007.7,52,38,0,22,3.8,273,16.2,620.0,387.0,233.0,3600.0,1,offday,test,-0.4999999999999998,-0.8660254037844388,-1.0,-1.8369701987210297e-16,True,594.626527672202,0.9704587078786062,special_case
2023-04-02 15:00:00,2023-04-02,15,2023,4,2,Sunday,True,spring,3509,344368,98.13850099743516,0.1077131147753142,377.96531974657785,596.0552950937414,67.9237567639027,True,,False,False,True,True,128851.0,128817.0,304413.0,360146.0,1196.0,57303.0,5512798.3,1050.0,0.0,0.0,0.0,0.0,4,52.0,22,0,True,True,True,False,맑음,24.1,13,-6.2,19.7,0.0,0.0,0.0,0.0,0,1018.3,1014.4,0,0,0,0,16.2,89,33.1,721.0,568.0,153.0,3600.0,1,offday,train,-0.7071067811865471,-0.7071067811865479,0.8660254037844387,-0.49999999999999983,True,595.5969863800806,0.4583087136608128,special_case
2024-03-24 18:00:00,2024-03-24,18,2024,3,24,Sunday,True,spring,3466,363489,104.8727639930756,0.093388398805632,323.6841902603207,597.5833301137232,-55.50962810666579,True,,False,False,True,True,221746.0,211929.0,707570.0,699700.0,1158.0,43047.0,5176742.22,1258.0,0.0,0.0,0.0,0.0,4,52.0,22,0,True,True,True,False,부분적으로 흐림,17.0,50,6.5,15.3,0.0,0.0,0.0,0.0,2,1015.1,1011.2,64,0,64,0,5.4,20,10.8,167.0,91.0,76.0,3600.0,1,offday,valid,-1.0,-1.8369701987210297e-16,1.0,6.123233995736766e-17,True,596.0552950937414,1.5280350199817576,special_case
2024-04-10 16:00:00,2024-04-10,16,2024,4,10,Wednesday,False,spring,2764,322664,116.73806078147612,0.1055049249323951,291.6156125131402,598.4155320957004,-38.353587734603025,False,국회의원선거,True,False,True,False,157356.0,160397.0,402836.0,424654.0,1174.0,45327.0,4983756.68,1247.0,0.0,0.0,0.0,0.0,4,52.0,22,0,True,True,True,False,흐림,16.5,54,7.2,13.4,0.0,0.0,0.0,0.0,3,1023.3,1019.3,100,0,49,100,16.1,250,31.7,433.0,163.0,270.0,3600.0,1,offday,valid,-0.8660254037844384,-0.5000000000000004,0.8660254037844387,-0.49999999999999983,True,597.5833301137232,0.8322019819772777,special_case
2023-04-23 15:00:00,2023-04-23,15,2023,4,23,Sunday,True,spring,3301,347232,105.18994244168434,0.1077131147753142,355.56099187331245,598.6559929380154,69.6477373499821,True,,False,False,True,True,128851.0,128817.0,304413.0,360146.0,876.0,34529.0,3975843.17,851.0,0.0,0.0,0.0,0.0,4,52.0,22,0,True,True,True,False,흐림,21.6,20,-2.6,19.0,0.0,0.0,0.0,0.0,3,1022.3,1018.4,99,0,99,3,4.7,113,22.0,635.0,326.0,309.0,3600.0,1,offday,train,-0.7071067811865471,-0.7071067811865479,0.8660254037844387,-0.49999999999999983,True,598.4155320957004,0.2404608423149739,special_case
2025-09-13 14:00:00,2025-09-13,14,2025,9,13,Saturday,True,fall,3830,358122,93.50443864229766,0.1053558771818858,403.5130096066228,599.3593835576773,90.77087458890423,True,,False,False,True,True,130450.0,127036.0,290975.0,362837.0,0.0,0.0,0.0,0.0,17.0,17.0,0.0,8.0,4,52.0,22,0,True,True,False,True,부분적으로 흐림,26.6,67,19.9,30.0,0.0,0.0,0.0,0.0,2,1006.5,1002.7,54,54,0,0,7.1,69,20.9,650.0,405.0,245.0,3600.0,1,offday,test,-0.4999999999999998,-0.8660254037844388,-1.0,-1.8369701987210297e-16,True,598.6559929380154,0.7033906196619455,special_case
2025-05-18 15:00:00,2025-05-18,15,2025,5,18,Sunday,True,spring,3378,347214,102.78685612788632,0.1077131147753142,363.8549017110117,599.3916839750142,69.26700284352535,True,,False,False,True,True,145162.0,145607.0,361252.0,431423.0,0.0,0.0,0.0,0.0,7.0,6.0,1.0,4.0,4,52.0,22,0,True,True,False,True,맑음,19.3,37,4.3,16.9,0.0,0.0,0.0,0.0,0,1011.1,1007.2,17,5,16,0,14.4,255,33.8,748.0,553.0,195.0,3600.0,1,offday,test,-0.7071067811865471,-0.7071067811865479,0.49999999999999994,-0.8660254037844387,True,599.3593835576773,0.03230041733684175,special_case
2023-05-06 18:00:00,2023-05-06,18,2023,5,6,Saturday,True,spring,3386,364001,107.50177200236269,0.093388398805632,316.21311835587017,599.4671195592542,-54.97013430007166,True,,False,False,True,True,217467.0,206106.0,654107.0,639882.0,317.0,8763.0,955194.88,320.0,0.0,0.0,0.0,0.0,4,52.0,22,0,True,True,True,False,흐림,12.4,74,7.9,9.2,0.0,0.0,0.0,0.0,3,1009.6,1005.6,100,1,100,9,17.9,60,32.0,137.0,12.0,125.0,0.0,1,offday,train,-1.0,-1.8369701987210297e-16,0.49999999999999994,-0.8660254037844387,True,599.3916839750142,0.07543558424004004,special_case
2023-09-09 13:00:00,2023-09-09,13,2023,9,9,Saturday,True,fall,4206,426609,101.4286733238231,0.0915726254037753,385.1544624482793,599.5205104528843,129.14152452866853,True,,False,False,True,True,118241.0,112923.0,246366.0,358598.0,0.0,0.0,0.0,0.0,0.0,0.0,0.0,0.0,4,52.0,22,0,True,True,False,False,대체로 맑음,28.2,62,20.1,33.0,0.0,0.0,0.0,0.0,1,1011.4,1007.6,37,0,0,37,5.4,278,16.6,811.0,671.0,140.0,3600.0,1,offday,train,-0.2588190451025208,-0.9659258262890683,-1.0,-1.8369701987210297e-16,True,599.4671195592542,0.05339089363008043,special_case
2024-09-08 17:00:00,2024-09-08,17,2024,9,8,Sunday,True,fall,4690,347237,74.03773987206823,0.1019646238147499,478.2140856911771,600.3709861458279,-45.16913789326895,True,,False,False,True,True,177953.0,178514.0,487048.0,505092.0,703.0,23258.0,2441950.54,670.0,0.0,0.0,0.0,0.0,4,52.0,22,0,True,True,True,False,맑음,28.5,65,21.3,31.6,0.0,0.0,0.0,0.0,0,1012.5,1008.7,2,1,1,0,9.7,270,18.4,348.0,246.0,102.0,3600.0,1,offday,valid,-0.9659258262890683,-0.25881904510252063,-1.0,-1.8369701987210297e-16,True,599.5205104528843,0.8504756929436326,special_case
2025-09-28 14:00:00,2025-09-28,14,2025,9,28,Sunday,True,fall,4023,357249,88.80164056674124,0.1053558771818858,423.8466939027268,600.6871694512276,89.74517658201745,True,,False,False,True,True,130450.0,127036.0,290975.0,362837.0,0.0,0.0,0.0,0.0,15.0,14.0,1.0,9.0,4,52.0,22,0,True,True,False,True,부분적으로 흐림,22.5,72,17.2,23.9,0.0,0.0,0.0,0.0,2,1009.4,1005.6,55,51,10,0,7.5,330,20.5,532.0,330.0,202.0,3600.0,1,offday,test,-0.4999999999999998,-0.8660254037844388,-1.0,-1.8369701987210297e-16,True,600.3709861458279,0.3161833053997043,special_case
2025-05-24 18:00:00,2025-05-24,18,2025,5,24,Saturday,True,spring,4978,376177,75.56789875451989,0.093388398805632,464.8874492544364,601.3659300600683,-67.56960740420209,True,,False,False,True,True,213771.0,207825.0,667668.0,673068.0,0.0,0.0,0.0,0.0,10.0,9.0,1.0,5.0,4,52.0,22,0,True,True,False,True,대체로 맑음,17.5,54,8.2,15.4,0.0,0.0,0.0,0.0,1,1008.7,1004.8,28,2,27,0,11.0,65,27.4,177.0,53.0,124.0,2109.83,1,offday,test,-1.0,-1.8369701987210297e-16,0.49999999999999994,-0.8660254037844387,True,600.6871694512276,0.6787606088406619,special_case
2023-05-27 16:00:00,2023-05-27,16,2023,5,27,Saturday,True,spring,3432,329453,95.99446386946389,0.1106643479569391,379.8000421882151,601.5687789805302,30.584423166750184,True,부처님오신날,True,False,True,True,157452.0,158753.0,397206.0,406437.0,13.0,178.0,27327.19,14.0,0.0,0.0,0.0,0.0,4,52.0,22,0,True,True,True,False,약한 비,19.6,93,18.5,21.3,1.9,1.9,0.0,0.0,61,1016.2,1012.3,100,7,100,96,10.0,105,19.8,113.0,2.0,111.0,0.0,1,offday,train,-0.8660254037844384,-0.5000000000000004,0.49999999999999994,-0.8660254037844387,True,601.3659300600683,0.20284892046186087,special_case
2025-04-20 17:00:00,2025-04-20,17,2025,4,20,Sunday,True,spring,3755,336440,89.59786950732357,0.1056648495856345,396.7715101940576,601.7587707262945,-13.306448787485692,True,,False,False,True,True,185734.0,180827.0,531110.0,520394.0,0.0,0.0,0.0,0.0,2.0,2.0,0.0,1.0,4,52.0,22,0,True,True,False,True,맑음,22.0,50,11.1,21.8,0.0,0.0,0.0,0.0,0,1012.2,1008.3,0,0,0,0,3.2,289,10.1,418.0,282.0,136.0,3600.0,1,offday,test,-0.9659258262890683,-0.25881904510252063,0.8660254037844387,-0.49999999999999983,True,601.5687789805302,0.18999174576435962,special_case
2022-04-24 17:00:00,2022-04-24,17,2022,4,24,Sunday,True,spring,3199,335005,104.72178805876835,0.1056648495856345,338.0218538244448,601.8917694987698,-8.95642570431744,True,,False,False,True,True,,,413695.0,408748.0,0.0,0.0,0.0,0.0,0.0,0.0,0.0,0.0,4,52.0,22,0,False,True,False,False,대체로 맑음,17.3,76,12.9,16.0,0.0,0.0,0.0,0.0,1,1010.2,1006.3,36,32,0,6,15.3,251,32.4,383.0,228.0,155.0,3600.0,1,offday,train,-0.9659258262890683,-0.25881904510252063,0.8660254037844387,-0.49999999999999983,True,601.7587707262945,0.13299877247527547,special_case
2022-04-10 14:00:00,2022-04-10,14,2022,4,10,Sunday,True,spring,4027,392401,97.44251303700024,0.0977777335148833,393.7509328644352,602.2194800376781,102.8588243866966,True,,False,False,True,True,,,217213.0,285529.0,0.0,0.0,0.0,0.0,0.0,0.0,0.0,0.0,4,52.0,22,0,False,True,False,False,맑음,22.2,32,4.9,20.3,0.0,0.0,0.0,0.0,0,1015.6,1011.7,0,0,0,0,14.4,212,29.5,813.0,642.0,171.0,3600.0,1,offday,train,-0.4999999999999998,-0.8660254037844388,0.8660254037844387,-0.49999999999999983,True,601.8917694987698,0.3277105389082635,special_case
2024-04-28 16:00:00,2024-04-28,16,2024,4,28,Sunday,True,spring,3102,330803,106.6418439716312,0.1106643479569391,343.2808073624252,603.0184171130385,33.112738111115846,True,,False,False,True,True,157356.0,160397.0,402836.0,424654.0,1016.0,40112.0,4248410.06,975.0,0.0,0.0,0.0,0.0,4,52.0,22,0,True,True,True,False,흐림,26.0,33,8.7,24.2,0.0,0.0,0.0,0.0,3,1012.1,1008.3,100,0,0,100,9.8,242,20.9,546.0,291.0,255.0,3600.0,1,offday,valid,-0.8660254037844384,-0.5000000000000004,0.8660254037844387,-0.49999999999999983,True,602.2194800376781,0.7989370753604135,special_case
2024-10-13 14:00:00,2024-10-13,14,2024,10,13,Sunday,True,fall,3900,360223,92.3648717948718,0.1053558771818858,410.8879210093549,603.5307792817005,91.11443569971811,True,,False,False,True,True,137145.0,135034.0,317937.0,400793.0,778.0,31335.0,3147263.21,706.0,0.0,0.0,0.0,0.0,4,52.0,22,0,True,True,True,False,흐림,22.5,52,12.1,21.7,0.0,0.0,0.0,0.0,3,1023.2,1019.3,100,0,2,100,9.4,121,19.4,355.0,57.0,298.0,788.19,1,offday,valid,-0.4999999999999998,-0.8660254037844388,-0.8660254037844386,0.5000000000000001,True,603.0184171130385,0.5123621686619799,special_case
2025-09-06 17:00:00,2025-09-06,17,2025,9,6,Saturday,True,fall,3931,345164,87.8056474179598,0.1019646238147499,400.8229362157819,603.6304433515133,-38.89597418282983,True,,False,False,True,True,198285.0,196763.0,541119.0,545845.0,0.0,0.0,0.0,0.0,15.0,14.0,1.0,7.0,4,52.0,22,0,True,True,False,True,보통 이슬비,27.6,84,24.7,31.8,0.6,0.6,0.0,0.0,53,1006.0,1002.2,75,14,10,69,16.5,220,39.6,234.0,102.0,132.0,3600.0,1,offday,test,-0.9659258262890683,-0.25881904510252063,-1.0,-1.8369701987210297e-16,True,603.5307792817005,0.09966406981288856,special_case
2024-10-09 12:00:00,2024-10-09,12,2024,10,9,Wednesday,False,fall,3382,372716,110.20579538734476,0.1065118396644879,360.22304174529813,603.6365924846328,134.34322709547996,False,한글날,True,False,True,False,130567.0,126480.0,266914.0,391643.0,705.0,27213.0,2754369.86,628.0,0.0,0.0,0.0,0.0,4,52.0,22,0,True,True,True,False,부분적으로 흐림,21.1,57,12.3,21.3,0.0,0.0,0.0,0.0,2,1017.6,1013.7,65,0,0,65,8.5,89,21.6,670.0,537.0,133.0,3600.0,1,offday,valid,1.2246467991473532e-16,-1.0,-0.8660254037844386,0.5000000000000001,True,603.6304433515133,0.006149133119492944,special_case
2023-05-14 16:00:00,2023-05-14,16,2023,5,14,Sunday,True,spring,3229,331034,102.51904614431712,0.1106643479569391,357.33517955295645,603.8079192189898,32.26400252296003,True,,False,False,True,True,157452.0,158753.0,397206.0,406437.0,1079.0,43198.0,4703356.89,1015.0,0.0,0.0,0.0,0.0,4,52.0,22,0,True,True,True,False,대체로 맑음,21.2,40,6.9,18.9,0.0,0.0,0.0,0.0,1,1008.3,1004.4,28,0,10,21,12.6,250,27.4,616.0,428.0,188.0,3600.0,1,offday,train,-0.8660254037844384,-0.5000000000000004,0.49999999999999994,-0.8660254037844387,True,603.6365924846328,0.17132673435696688,special_case
2022-04-17 16:00:00,2022-04-17,16,2022,4,17,Sunday,True,spring,3440,330896,96.1906976744186,0.1106643479569391,380.68535697187065,604.1828892563294,30.76749590143299,True,,False,False,True,True,,,304514.0,329249.0,0.0,0.0,0.0,0.0,0.0,0.0,0.0,0.0,4,52.0,22,0,False,True,False,False,부분적으로 흐림,15.9,45,3.8,12.6,0.0,0.0,0.0,0.0,2,1017.2,1013.2,69,0,0,69,14.2,240,37.4,606.0,448.0,158.0,3600.0,1,offday,train,-0.8660254037844384,-0.5000000000000004,0.8660254037844387,-0.49999999999999983,True,603.8079192189898,0.3749700373396081,special_case
2024-04-14 18:00:00,2024-04-14,18,2024,4,14,Sunday,True,spring,3287,366759,111.57864313964102,0.093388398805632,306.9676668741126,605.5395491057608,-54.479526286745,True,,False,False,True,True,217718.0,210457.0,669925.0,669955.0,1001.0,34744.0,4250133.35,1109.0,0.0,0.0,0.0,0.0,4,52.0,22,0,True,True,True,False,흐림,23.3,31,5.1,19.6,0.0,0.0,0.0,0.0,3,1014.8,1010.9,100,0,0,100,16.9,254,30.2,209.0,112.0,97.0,3600.0,1,offday,valid,-1.0,-1.8369701987210297e-16,0.8660254037844387,-0.49999999999999983,True,604.1828892563294,1.3566598494313666,special_case
2022-06-01 17:00:00,2022-06-01,17,2022,6,1,Wednesday,False,summer,3020,344335,114.0182119205298,0.1010421936422181,305.14742479949894,605.6345343287117,-31.95159929735587,False,전국동시지방선거,True,False,True,False,,,435526.0,441346.0,0.0,0.0,0.0,0.0,0.0,0.0,0.0,0.0,4,52.0,22,0,False,True,False,False,맑음,23.5,36,7.6,20.5,0.0,0.0,0.0,0.0,0,1004.2,1000.4,0,0,0,0,15.9,252,34.6,495.0,348.0,147.0,3600.0,1,offday,train,-0.9659258262890683,-0.25881904510252063,1.2246467991473532e-16,-1.0,True,605.5395491057608,0.09498522295086786,special_case
2022-05-15 17:00:00,2022-05-15,17,2022,5,15,Sunday,True,spring,3542,338077,95.44805194805195,0.1056648495856345,374.2648972323175,605.8429561728076,-11.532423488073164,True,,False,False,True,True,,,472300.0,452585.0,0.0,0.0,0.0,0.0,0.0,0.0,0.0,0.0,4,52.0,22,0,False,True,False,False,맑음,18.5,25,-1.6,12.8,0.0,0.0,0.0,0.0,0,1012.2,1008.3,0,0,0,0,23.1,252,46.1,475.0,329.0,146.0,3600.0,1,offday,train,-0.9659258262890683,-0.25881904510252063,0.49999999999999994,-0.8660254037844387,True,605.6345343287117,0.20842184409593756,special_case
2022-09-17 16:00:00,2022-09-17,16,2022,9,17,Saturday,True,fall,6267,326802,52.14648157012925,0.1113266708276356,697.6842460767928,606.3629779968832,-6.260039575333394,True,,False,False,True,True,,,342287.0,362512.0,0.0,0.0,0.0,0.0,0.0,0.0,0.0,0.0,4,52.0,22,0,False,True,False,False,맑음,27.0,75,22.1,30.9,0.0,0.0,0.0,0.0,0,1007.2,1003.4,1,1,0,0,7.6,265,18.7,457.0,313.0,144.0,3600.0,1,offday,train,-0.8660254037844384,-0.5000000000000004,-1.0,-1.8369701987210297e-16,True,605.8429561728076,0.5200218240755703,special_case
2022-05-28 18:00:00,2022-05-28,18,2022,5,28,Saturday,True,spring,6869,389759,56.74173824428592,0.093388398805632,641.4849113958866,606.6494821680724,-79.74761965938296,True,,False,False,True,True,,,655645.0,618874.0,0.0,0.0,0.0,0.0,0.0,0.0,0.0,0.0,4,52.0,22,0,False,True,False,False,맑음,22.2,60,14.1,20.9,0.0,0.0,0.0,0.0,0,1004.7,1000.9,0,0,0,0,18.2,240,37.4,294.0,179.0,115.0,3600.0,1,offday,train,-1.0,-1.8369701987210297e-16,0.49999999999999994,-0.8660254037844387,True,606.3629779968832,0.2865041711892218,special_case
2023-06-06 15:00:00,2023-06-06,15,2023,6,6,Tuesday,False,summer,3191,334549,104.84142901911626,0.111744554381455,356.57687303122304,606.8831060367061,52.7479867841995,False,현충일,True,False,True,False,130894.0,129443.0,304228.0,351124.0,647.0,23819.0,2624410.53,516.0,0.0,0.0,0.0,0.0,4,52.0,22,0,True,True,True,False,맑음,22.5,58,13.8,22.3,0.0,0.0,0.0,0.0,0,1005.5,1001.7,16,0,16,0,17.1,242,34.2,753.0,535.0,218.0,3600.0,1,offday,train,-0.7071067811865471,-0.7071067811865479,1.2246467991473532e-16,-1.0,True,606.6494821680724,0.23362386863368556,special_case
2025-04-27 19:00:00,2025-04-27,19,2025,4,27,Sunday,True,spring,3968,435330,109.7101814516129,0.0761098888961958,302.0040391401051,609.0184002136205,-108.9199592599009,True,,False,False,True,True,162339.0,167546.0,456192.0,482239.0,0.0,0.0,0.0,0.0,4.0,4.0,0.0,3.0,4,52.0,22,0,True,True,False,True,흐림,12.6,65,6.2,9.9,0.0,0.0,0.0,0.0,3,1012.5,1008.5,100,0,100,88,12.0,221,25.9,51.0,2.0,49.0,0.0,1,offday,test,-0.9659258262890684,0.2588190451025203,0.8660254037844387,-0.49999999999999983,True,606.8831060367061,2.1352941769143854,special_case
2025-10-08 13:00:00,2025-10-08,13,2025,10,8,Wednesday,False,fall,3158,318894,100.97973400886636,0.1201225009099709,379.3468578736881,609.0822448460221,87.19451390909478,False,대체공휴일,True,True,True,True,133452.0,129282.0,289919.0,426437.0,0.0,0.0,0.0,0.0,13.0,12.0,1.0,7.0,4,52.0,22,0,True,True,False,True,맑음,25.5,61,17.4,28.3,0.0,0.0,0.0,0.0,0,1017.6,1013.8,0,0,0,0,4.9,4,16.2,687.0,557.0,130.0,3600.0,1,offday,test,-0.2588190451025208,-0.9659258262890683,-0.8660254037844386,0.5000000000000001,True,609.0184002136205,0.0638446324016968,special_case
2023-10-02 14:00:00,2023-10-02,14,2023,10,2,Monday,False,fall,3014,299070,99.2269409422694,0.1235811310401487,372.4735289550082,609.1749169981058,37.24411919658007,False,임시공휴일,True,False,True,True,128103.0,125637.0,300223.0,395149.0,0.0,0.0,0.0,0.0,0.0,0.0,0.0,0.0,4,52.0,22,0,True,True,False,False,대체로 맑음,22.0,39,7.6,20.5,0.0,0.0,0.0,0.0,1,1018.2,1014.3,37,0,0,37,12.5,342,25.9,706.0,579.0,127.0,3600.0,1,offday,train,-0.4999999999999998,-0.8660254037844388,-0.8660254037844386,0.5000000000000001,True,609.0822448460221,0.09267215208365087,special_case
2022-08-28 15:00:00,2022-08-28,15,2022,8,28,Sunday,True,summer,4557,408972,89.74588545095457,0.0935275965658001,426.2052575503513,609.1830350144835,90.26976825411418,True,,False,False,True,True,,,273883.0,323254.0,0.0,0.0,0.0,0.0,0.0,0.0,0.0,0.0,4,52.0,22,0,False,True,False,False,흐림,25.8,51,14.8,28.1,0.0,0.0,0.0,0.0,3,1014.6,1010.8,99,0,0,99,3.6,84,14.8,743.0,574.0,169.0,3600.0,1,offday,train,-0.7071067811865471,-0.7071067811865479,-0.8660254037844384,-0.5000000000000004,True,609.1749169981058,0.008118016377693493,special_case
2025-09-07 14:00:00,2025-09-07,14,2025,9,7,Sunday,True,fall,4363,360584,82.64588585835435,0.1053558771818858,459.667692144568,610.4633868178117,89.38054695289168,True,,False,False,True,True,130450.0,127036.0,290975.0,362837.0,0.0,0.0,0.0,0.0,14.0,14.0,0.0,7.0,4,52.0,22,0,True,True,False,True,흐림,27.0,69,20.8,30.1,0.0,0.0,0.0,0.0,3,1007.7,1003.9,100,31,8,100,8.0,295,21.6,456.0,153.0,303.0,3600.0,1,offday,test,-0.4999999999999998,-0.8660254037844388,-1.0,-1.8369701987210297e-16,True,609.1830350144835,1.2803518033282444,special_case
2022-04-24 16:00:00,2022-04-24,16,2022,4,24,Sunday,True,spring,3199,335005,104.72178805876835,0.1106643479569391,354.0152491142483,610.8481952030872,33.131083615077046,True,,False,False,True,True,,,304514.0,329249.0,0.0,0.0,0.0,0.0,0.0,0.0,0.0,0.0,4,52.0,22,0,False,True,False,False,맑음,19.0,70,13.4,17.9,0.0,0.0,0.0,0.0,0,1010.0,1006.1,11,3,0,8,16.0,247,33.8,579.0,388.0,191.0,3600.0,1,offday,train,-0.8660254037844384,-0.5000000000000004,0.8660254037844387,-0.49999999999999983,True,610.4633868178117,0.3848083852755053,special_case
2024-05-19 17:00:00,2024-05-19,17,2024,5,19,Sunday,True,spring,3297,340677,103.32939035486808,0.1056648495856345,348.377009083837,611.8632883519113,-9.456607486401708,True,,False,False,True,True,185130.0,180310.0,545807.0,538775.0,1018.0,39096.0,4263406.62,961.0,0.0,0.0,0.0,0.0,4,52.0,22,0,True,True,True,False,맑음,24.0,42,10.4,22.4,0.0,0.0,0.0,0.0,0,1013.5,1009.7,0,0,0,0,12.0,249,26.3,465.0,317.0,148.0,3600.0,1,offday,valid,-0.9659258262890683,-0.25881904510252063,0.49999999999999994,-0.8660254037844387,True,610.8481952030872,1.0150931488240076,special_case
2023-06-18 19:00:00,2023-06-18,19,2023,6,18,Sunday,True,summer,3819,385582,100.96412673474732,0.0912420622822565,348.45343585593787,611.9523312146554,-47.16851258929853,True,,False,False,True,True,154191.0,161742.0,411173.0,450584.0,801.0,28428.0,3433238.81,746.0,0.0,0.0,0.0,0.0,4,52.0,22,0,True,True,True,False,맑음,24.1,74,19.2,26.5,0.0,0.0,0.0,0.0,0,1005.5,1001.7,1,0,0,1,7.8,257,20.5,144.0,65.0,79.0,3600.0,1,offday,train,-0.9659258262890684,0.2588190451025203,1.2246467991473532e-16,-1.0,True,611.8632883519113,0.08904286274412243,special_case
2023-06-17 18:00:00,2023-06-17,18,2023,6,17,Saturday,True,summer,3966,358951,90.50706001008572,0.1010593940343581,400.80155674026423,612.072945505645,-9.117706205347533,True,,False,False,True,True,218649.0,207430.0,640457.0,629108.0,931.0,30554.0,3671147.22,877.0,0.0,0.0,0.0,0.0,4,52.0,22,0,True,True,True,False,흐림,23.1,67,16.6,23.5,0.0,0.0,0.0,0.0,3,1011.3,1007.5,100,0,0,100,13.0,246,24.5,252.0,78.0,174.0,3513.68,1,offday,train,-1.0,-1.8369701987210297e-16,1.2246467991473532e-16,-1.0,True,611.9523312146554,0.12061429098957888,special_case
2022-09-17 15:00:00,2022-09-17,15,2022,9,17,Saturday,True,fall,6267,326802,52.14648157012925,0.1124759978651691,704.8870786210148,612.6230175722166,38.78116132563889,True,,False,False,True,True,,,278702.0,322443.0,0.0,0.0,0.0,0.0,0.0,0.0,0.0,0.0,4,52.0,22,0,False,True,False,False,맑음,27.0,76,22.4,30.9,0.0,0.0,0.0,0.0,0,1007.6,1003.8,12,10,0,2,8.5,258,22.0,511.0,326.0,185.0,3600.0,1,offday,train,-0.7071067811865471,-0.7071067811865479,-1.0,-1.8369701987210297e-16,True,612.072945505645,0.5500720665716017,special_case
2023-09-17 14:00:00,2023-09-17,14,2023,9,17,Sunday,True,fall,3716,368243,99.09660925726588,0.1053558771818858,391.5024396078878,613.2348685501662,94.219736977234,True,,False,False,True,True,114872.0,111185.0,261221.0,333016.0,0.0,0.0,0.0,0.0,0.0,0.0,0.0,0.0,4,52.0,22,0,True,True,False,False,보통 비,22.7,92,21.2,26.6,7.2,7.2,0.0,0.0,63,1010.6,1006.8,100,46,7,100,4.4,279,26.6,293.0,46.0,247.0,0.0,1,offday,train,-0.4999999999999998,-0.8660254037844388,-1.0,-1.8369701987210297e-16,True,612.6230175722166,0.6118509779496435,special_case
2023-10-15 17:00:00,2023-10-15,17,2023,10,15,Sunday,True,fall,3994,350827,87.83850776164246,0.1019646238147499,407.24670751611114,613.5480166713166,-39.521852858169495,True,,False,False,True,True,192091.0,182164.0,545967.0,518680.0,0.0,0.0,0.0,0.0,0.0,0.0,0.0,0.0,4,52.0,22,0,True,True,False,False,맑음,18.1,73,13.1,17.6,0.0,0.0,0.0,0.0,0,1010.4,1006.5,3,1,3,0,11.0,247,25.2,153.0,70.0,83.0,3600.0,1,offday,train,-0.9659258262890683,-0.25881904510252063,-0.8660254037844386,0.5000000000000001,True,613.2348685501662,0.3131481211504479,special_case
2024-10-03 15:00:00,2024-10-03,15,2024,10,3,Thursday,False,fall,3120,309997,99.35801282051284,0.1159356419712001,361.7192029501445,614.6424054224302,-16.775435826862008,False,개천절,True,False,True,False,151361.0,152876.0,372698.0,420149.0,1099.0,46603.0,4766333.29,1085.0,0.0,0.0,0.0,0.0,4,52.0,22,0,True,True,True,False,부분적으로 흐림,20.1,40,6.3,18.9,0.0,0.0,0.0,0.0,2,1021.4,1017.5,68,1,68,0,2.4,144,13.7,347.0,145.0,202.0,3600.0,1,offday,valid,-0.7071067811865471,-0.7071067811865479,-0.8660254037844386,0.5000000000000001,True,613.5480166713166,1.09438875111357,special_case
2025-10-18 18:00:00,2025-10-18,18,2025,10,18,Saturday,True,fall,3839,397366,103.50768429278456,0.0862061061335171,330.9452414465723,614.7909624012793,-86.55870378449026,True,,False,False,True,True,214109.0,206349.0,647618.0,648165.0,0.0,0.0,0.0,0.0,20.0,17.0,3.0,12.0,4,52.0,22,0,True,True,False,True,흐림,14.9,81,11.6,14.5,0.0,0.0,0.0,0.0,3,1022.1,1018.1,100,0,0,100,5.9,325,18.7,23.0,0.0,23.0,0.0,1,offday,test,-1.0,-1.8369701987210297e-16,-0.8660254037844386,0.5000000000000001,True,614.6424054224302,0.14855697884911478,special_case
2025-04-20 16:00:00,2025-04-20,16,2025,4,20,Sunday,True,spring,3755,336440,89.59786950732357,0.1106643479569391,415.54462657830646,615.0652195137802,29.485518485072816,True,,False,False,True,True,157584.0,162114.0,405239.0,426517.0,0.0,0.0,0.0,0.0,2.0,2.0,0.0,1.0,4,52.0,22,0,True,True,False,True,맑음,22.0,50,11.2,22.5,0.0,0.0,0.0,0.0,0,1012.1,1008.2,0,0,0,0,1.3,236,11.5,598.0,438.0,160.0,3600.0,1,offday,test,-0.8660254037844384,-0.5000000000000004,0.8660254037844387,-0.49999999999999983,True,614.7909624012793,0.2742571125008908,special_case
2022-09-25 13:00:00,2022-09-25,13,2022,9,25,Sunday,True,fall,4893,429828,87.84549356223177,0.0915726254037753,448.064856100673,615.6809991404117,129.46776067197828,True,,False,False,True,True,,,222483.0,326414.0,0.0,0.0,0.0,0.0,0.0,0.0,0.0,0.0,4,52.0,22,0,False,True,False,False,맑음,22.7,49,11.4,24.0,0.0,0.0,0.0,0.0,0,1016.9,1013.0,0,0,0,0,2.1,329,11.9,723.0,533.0,190.0,3600.0,1,offday,train,-0.2588190451025208,-0.9659258262890683,-1.0,-1.8369701987210297e-16,True,615.0652195137802,0.615779626631479,special_case
2022-05-05 18:00:00,2022-05-05,18,2022,5,5,Thursday,False,spring,4234,493800,116.62730278696267,0.0640026907500855,270.98739263586214,615.9737936290148,-171.15752549117872,False,어린이날,True,False,True,False,,,655645.0,618874.0,0.0,0.0,0.0,0.0,0.0,0.0,0.0,0.0,4,52.0,22,0,False,True,False,False,맑음,18.8,56,9.9,17.1,0.0,0.0,0.0,0.0,0,1016.8,1012.9,13,0,0,13,11.4,257,27.4,262.0,154.0,108.0,3600.0,1,offday,train,-1.0,-1.8369701987210297e-16,0.49999999999999994,-0.8660254037844387,True,615.6809991404117,0.2927944886031355,special_case
2025-09-20 13:00:00,2025-09-20,13,2025,9,20,Saturday,True,fall,3574,456305,127.6734750979295,0.0915726254037753,327.28056319309326,616.2602548743757,138.3258089224547,True,,False,False,True,True,131791.0,126324.0,275145.0,387702.0,0.0,0.0,0.0,0.0,17.0,16.0,1.0,8.0,4,52.0,22,0,True,True,False,True,흐림,22.1,69,16.1,22.9,0.0,0.0,0.0,0.0,3,1009.2,1005.4,99,99,2,0,9.1,302,24.5,449.0,101.0,348.0,1984.33,1,offday,test,-0.2588190451025208,-0.9659258262890683,-1.0,-1.8369701987210297e-16,True,615.9737936290148,0.286461245360897,special_case
2024-04-13 17:00:00,2024-04-13,17,2024,4,13,Saturday,True,spring,3291,343106,104.25584928593132,0.1056648495856345,347.7430199863232,616.3733470285958,-9.2894273404479,True,,False,False,True,True,180620.0,177297.0,518563.0,511859.0,1177.0,44518.0,4853055.33,1187.0,0.0,0.0,0.0,0.0,4,52.0,22,0,True,True,True,False,맑음,24.3,32,6.3,21.1,0.0,0.0,0.0,0.0,0,1016.1,1012.3,0,0,0,0,15.5,267,30.6,399.0,272.0,127.0,3600.0,1,offday,valid,-0.9659258262890683,-0.25881904510252063,0.8660254037844387,-0.49999999999999983,True,616.2602548743757,0.1130921542201122,special_case
2022-05-15 16:00:00,2022-05-15,16,2022,5,15,Sunday,True,spring,3542,338077,95.44805194805195,0.1106643479569391,391.9731204634784,617.3753796608808,31.244212344580777,True,,False,False,True,True,,,354655.0,373146.0,0.0,0.0,0.0,0.0,0.0,0.0,0.0,0.0,4,52.0,22,0,False,True,False,False,맑음,19.4,24,-1.9,13.7,0.0,0.0,0.0,0.0,0,1012.3,1008.4,1,0,1,0,25.2,256,48.6,640.0,444.0,196.0,3600.0,1,offday,train,-0.8660254037844384,-0.5000000000000004,0.49999999999999994,-0.8660254037844387,True,616.3733470285958,1.0020326322849087,special_case
2024-04-07 17:00:00,2024-04-07,17,2024,4,7,Sunday,True,spring,3221,343484,106.63893200869296,0.1056648495856345,340.3464805153288,617.4204973067158,-8.71428336269878,True,,False,False,True,True,180620.0,177297.0,518563.0,511859.0,1223.0,48507.0,5324155.85,1387.0,0.0,0.0,0.0,0.0,4,52.0,22,0,True,True,True,False,맑음,18.9,22,-3.2,13.9,0.0,0.0,0.0,0.0,0,1016.3,1012.4,0,0,0,0,16.4,255,30.2,395.0,272.0,123.0,3600.0,1,offday,valid,-0.9659258262890683,-0.25881904510252063,0.8660254037844387,-0.49999999999999983,True,617.3753796608808,0.04511764583503464,special_case
2023-04-02 17:00:00,2023-04-02,17,2023,4,2,Sunday,True,spring,3509,344368,98.13850099743516,0.1056648495856345,370.7779571959915,617.6110965023457,-10.960612547733035,True,,False,False,True,True,175832.0,171400.0,489740.0,480730.0,1266.0,51540.0,5548261.53,1310.0,0.0,0.0,0.0,0.0,4,52.0,22,0,True,True,True,False,맑음,23.6,15,-4.9,18.6,0.0,0.0,0.0,0.0,0,1017.9,1014.0,0,0,0,0,15.8,107,33.5,390.0,273.0,117.0,3600.0,1,offday,train,-0.9659258262890683,-0.25881904510252063,0.8660254037844387,-0.49999999999999983,True,617.4204973067158,0.1905991956299431,special_case
2024-10-26 17:00:00,2024-10-26,17,2024,10,26,Saturday,True,fall,3356,350067,104.31078665077472,0.1019646238147499,342.1932775223007,618.1108648350544,-34.26757937141929,True,,False,False,True,True,198076.0,193165.0,559339.0,551762.0,877.0,28970.0,3307968.4299999997,938.0,0.0,0.0,0.0,0.0,4,52.0,22,0,True,True,True,False,맑음,19.1,77,15.1,20.1,0.0,0.0,0.0,0.0,0,1019.6,1015.7,9,6,0,3,5.2,20,7.9,138.0,72.0,66.0,3600.0,1,offday,valid,-0.9659258262890683,-0.25881904510252063,-0.8660254037844386,0.5000000000000001,True,617.6110965023457,0.49976833270864063,special_case
2023-06-06 16:00:00,2023-06-06,16,2023,6,6,Tuesday,False,summer,3191,334549,104.84142901911626,0.1105172193076455,352.66044681069707,619.1507225088308,12.2676164721247,False,현충일,True,False,True,False,153885.0,155559.0,377288.0,391651.0,962.0,38068.0,4278108.12,838.0,0.0,0.0,0.0,0.0,4,52.0,22,0,True,True,True,False,맑음,21.4,65,14.6,20.8,0.0,0.0,0.0,0.0,0,1005.5,1001.7,15,0,15,0,16.8,255,33.8,632.0,442.0,190.0,3600.0,1,offday,train,-0.8660254037844384,-0.5000000000000004,1.2246467991473532e-16,-1.0,True,618.1108648350544,1.039857673776396,special_case
2023-06-17 17:00:00,2023-06-17,17,2023,6,17,Saturday,True,summer,3966,358951,90.50706001008572,0.1047704649595659,415.5196640296387,621.1906517109925,28.085663253229427,True,,False,False,True,True,179698.0,173173.0,491849.0,481958.0,787.0,26763.0,3010950.15,718.0,0.0,0.0,0.0,0.0,4,52.0,22,0,True,True,True,False,흐림,25.0,58,16.2,25.3,0.0,0.0,0.0,0.0,3,1011.3,1007.5,100,0,0,100,12.8,248,28.8,474.0,292.0,182.0,3600.0,1,offday,train,-0.9659258262890683,-0.25881904510252063,1.2246467991473532e-16,-1.0,True,619.1507225088308,2.0399292021617157,special_case
2024-05-19 16:00:00,2024-05-19,16,2024,5,19,Sunday,True,spring,3297,340677,103.32939035486808,0.1106643479569391,364.86035521402835,621.319895838313,33.385861811840186,True,,False,False,True,True,161705.0,163357.0,435204.0,452888.0,915.0,35201.0,4086843.7,900.0,0.0,0.0,0.0,0.0,4,52.0,22,0,True,True,True,False,맑음,24.9,46,12.6,24.2,0.0,0.0,0.0,0.0,0,1014.2,1010.4,4,0,3,1,13.2,253,26.6,630.0,456.0,174.0,3600.0,1,offday,valid,-0.8660254037844384,-0.5000000000000004,0.49999999999999994,-0.8660254037844387,True,621.1906517109925,0.12924412732047585,special_case
2024-04-10 14:00:00,2024-04-10,14,2024,4,10,Wednesday,False,spring,2764,322664,116.73806078147612,0.1194960865470364,330.2871832160087,622.4696257689774,61.802924520044485,False,국회의원선거,True,False,True,False,121205.0,117543.0,291812.0,369919.0,1041.0,44932.0,4609804.53,891.0,0.0,0.0,0.0,0.0,4,52.0,22,0,True,True,True,False,흐림,17.8,47,6.3,15.6,0.0,0.0,0.0,0.0,3,1024.2,1020.2,100,8,0,100,12.5,231,29.5,650.0,317.0,333.0,3600.0,1,offday,valid,-0.4999999999999998,-0.8660254037844388,0.8660254037844387,-0.49999999999999983,True,621.319895838313,1.1497299306644209,special_case
2024-09-28 13:00:00,2024-09-28,13,2024,9,28,Saturday,True,fall,5061,433205,85.59672001580715,0.0915726254037753,463.4490571685072,622.8189800303691,130.35677861049606,True,,False,False,True,True,124352.0,120608.0,258882.0,380199.0,623.0,21563.0,2056922.1,609.0,0.0,0.0,0.0,0.0,4,52.0,22,0,True,True,True,False,맑음,25.7,57,16.6,26.7,0.0,0.0,0.0,0.0,0,1018.5,1014.7,2,1,0,0,15.3,81,29.9,729.0,592.0,137.0,3600.0,1,offday,valid,-0.2588190451025208,-0.9659258262890683,-1.0,-1.8369701987210297e-16,True,622.4696257689774,0.3493542613916816,special_case
2022-06-01 15:00:00,2022-06-01,15,2022,6,1,Wednesday,False,summer,3020,344335,114.0182119205298,0.111744554381455,337.46855423199423,622.8413454413079,55.94348819919969,False,전국동시지방선거,True,False,True,False,,,265436.0,314411.0,0.0,0.0,0.0,0.0,0.0,0.0,0.0,0.0,4,52.0,22,0,False,True,False,False,맑음,25.9,28,5.9,23.4,0.0,0.0,0.0,0.0,0,1004.8,1001.0,9,0,9,0,18.2,252,38.9,780.0,579.0,201.0,3600.0,1,offday,train,-0.7071067811865471,-0.7071067811865479,1.2246467991473532e-16,-1.0,True,622.8189800303691,0.022365410938846253,special_case
2022-08-27 16:00:00,2022-08-27,16,2022,8,27,Saturday,True,summer,4495,375388,83.5123470522803,0.1019931999973653,458.4594339881572,623.205177752262,60.13341529671868,True,,False,False,True,True,,,329289.0,353510.0,0.0,0.0,0.0,0.0,0.0,0.0,0.0,0.0,4,52.0,22,0,False,True,False,False,맑음,23.0,55,13.3,22.1,0.0,0.0,0.0,0.0,0,1010.2,1006.4,3,3,0,0,15.6,320,29.2,625.0,509.0,116.0,3600.0,1,offday,train,-0.8660254037844384,-0.5000000000000004,-0.8660254037844384,-0.5000000000000004,True,622.8413454413079,0.36383231095408064,special_case
2025-05-18 17:00:00,2025-05-18,17,2025,5,18,Sunday,True,spring,3378,347214,102.78685612788632,0.1056648495856345,356.9358619002734,623.515209693744,-9.779079887051012,True,,False,False,True,True,185585.0,182734.0,545424.0,554442.0,0.0,0.0,0.0,0.0,7.0,6.0,1.0,4.0,4,52.0,22,0,True,True,False,True,맑음,17.8,43,5.2,14.9,0.0,0.0,0.0,0.0,0,1010.3,1006.4,2,0,2,0,11.9,264,31.3,473.0,327.0,146.0,3600.0,1,offday,test,-0.9659258262890683,-0.25881904510252063,0.49999999999999994,-0.8660254037844387,True,623.205177752262,0.31003194148206603,special_case
2023-04-23 17:00:00,2023-04-23,17,2023,4,23,Sunday,True,spring,3301,347232,105.18994244168434,0.1056648495856345,348.7996684821795,623.9333703727216,-9.165988187520838,True,,False,False,True,True,175832.0,171400.0,489740.0,480730.0,841.0,27550.0,3338245.37,1004.0,0.0,0.0,0.0,0.0,4,52.0,22,0,True,True,True,False,흐림,20.4,22,-2.0,15.9,0.0,0.0,0.0,0.0,3,1022.1,1018.2,100,0,100,53,13.9,280,25.2,313.0,104.0,209.0,3600.0,1,offday,train,-0.9659258262890683,-0.25881904510252063,0.8660254037844387,-0.49999999999999983,True,623.515209693744,0.41816067897752873,special_case
2022-05-22 18:00:00,2022-05-22,18,2022,5,22,Sunday,True,spring,6410,399059,62.25569422776911,0.093388398805632,598.6196363441015,624.083104013413,-79.89684528232726,True,,False,False,True,True,,,655645.0,618874.0,0.0,0.0,0.0,0.0,0.0,0.0,0.0,0.0,4,52.0,22,0,False,True,False,False,맑음,20.6,64,13.6,19.6,0.0,0.0,0.0,0.0,0,1006.0,1002.1,0,0,0,0,14.8,229,31.7,283.0,169.0,114.0,3600.0,1,offday,train,-1.0,-1.8369701987210297e-16,0.49999999999999994,-0.8660254037844387,True,623.9333703727216,0.14973364069146555,special_case
2025-09-28 17:00:00,2025-09-28,17,2025,9,28,Sunday,True,fall,4023,357249,88.80164056674124,0.1019646238147499,410.2036816067389,625.1921819755275,-39.88303804137206,True,,False,False,True,True,198285.0,196763.0,541119.0,545845.0,0.0,0.0,0.0,0.0,15.0,14.0,1.0,9.0,4,52.0,22,0,True,True,False,True,흐림,22.0,72,16.8,23.2,0.0,0.0,0.0,0.0,3,1009.6,1005.8,100,7,0,100,8.5,308,24.8,177.0,38.0,139.0,1440.61,1,offday,test,-0.9659258262890683,-0.25881904510252063,-1.0,-1.8369701987210297e-16,True,624.083104013413,1.1090779621144975,special_case
2024-04-13 16:00:00,2024-04-13,16,2024,4,13,Saturday,True,spring,3291,343106,104.25584928593132,0.1106643479569391,364.1963691262867,625.6627743690437,33.82998405167268,True,,False,False,True,True,157356.0,160397.0,402836.0,424654.0,1241.0,47442.0,5469373.38,1115.0,0.0,0.0,0.0,0.0,4,52.0,22,0,True,True,True,False,맑음,25.7,30,7.1,23.0,0.0,0.0,0.0,0.0,0,1016.1,1012.3,0,0,0,0,14.5,263,29.5,580.0,429.0,151.0,3600.0,1,offday,valid,-0.8660254037844384,-0.5000000000000004,0.8660254037844387,-0.49999999999999983,True,625.1921819755275,0.4705923935161991,special_case
2023-09-03 13:00:00,2023-09-03,13,2023,9,3,Sunday,True,fall,3849,453195,117.7435697583788,0.0915726254037753,352.4630351791315,625.8874221154324,137.80199060348582,True,,False,False,True,True,118241.0,112923.0,246366.0,358598.0,0.0,0.0,0.0,0.0,0.0,0.0,0.0,0.0,4,52.0,22,0,True,True,False,False,부분적으로 흐림,28.7,71,23.0,34.1,0.0,0.0,0.0,0.0,2,1012.3,1008.5,65,1,10,61,6.1,93,19.1,685.0,368.0,317.0,3600.0,1,offday,train,-0.2588190451025208,-0.9659258262890683,-1.0,-1.8369701987210297e-16,True,625.6627743690437,0.22464774638865492,special_case
2023-09-02 18:00:00,2023-09-02,18,2023,9,2,Saturday,True,fall,3905,404509,103.58745198463508,0.0862061061335171,336.6348444513845,625.8897886994639,-88.09542254548523,True,,False,False,True,True,207625.0,197076.0,605306.0,614091.0,0.0,0.0,0.0,0.0,0.0,0.0,0.0,0.0,4,52.0,22,0,True,True,False,False,대체로 맑음,26.5,78,22.4,31.2,0.0,0.0,0.0,0.0,1,1010.5,1006.7,43,0,0,43,3.6,323,6.8,182.0,78.0,104.0,3600.0,1,offday,train,-1.0,-1.8369701987210297e-16,-1.0,-1.8369701987210297e-16,True,625.8874221154324,0.002366584031506136,special_case
2025-09-27 20:00:00,2025-09-27,20,2025,9,27,Saturday,True,fall,5508,653955,118.72821350762528,0.0479786878750003,264.2666128155018,626.0387122336335,-208.32639819044493,True,,False,False,True,True,121342.0,124092.0,393938.0,283739.0,0.0,0.0,0.0,0.0,17.0,15.0,2.0,9.0,4,52.0,22,0,True,True,False,True,흐림,22.1,86,19.6,25.2,0.0,0.0,0.0,0.0,3,1016.1,1012.2,100,8,100,0,3.5,195,4.7,0.0,0.0,0.0,0.0,1,offday,test,-0.8660254037844386,0.5000000000000001,-1.0,-1.8369701987210297e-16,True,625.8897886994639,0.14892353416962578,special_case
2024-04-07 16:00:00,2024-04-07,16,2024,4,7,Sunday,True,spring,3221,343484,106.63893200869296,0.1106643479569391,356.449864769301,626.1347806694146,34.381467319130024,True,,False,False,True,True,157356.0,160397.0,402836.0,424654.0,1434.0,57110.0,6005430.57,1454.0,0.0,0.0,0.0,0.0,4,52.0,22,0,True,True,True,False,맑음,20.9,23,-0.9,17.1,0.0,0.0,0.0,0.0,0,1015.8,1011.9,0,0,0,0,11.4,242,23.4,576.0,431.0,145.0,3600.0,1,offday,valid,-0.8660254037844384,-0.5000000000000004,0.8660254037844387,-0.49999999999999983,True,626.0387122336335,0.09606843578103508,special_case
2024-03-24 15:00:00,2024-03-24,15,2024,3,24,Sunday,True,spring,3466,363489,104.8727639930756,0.1077131147753142,373.3336558112393,626.7882077418442,72.85749119053924,True,,False,False,True,True,133854.0,137987.0,344604.0,427047.0,1303.0,58887.0,6715044.93,1196.0,0.0,0.0,0.0,0.0,4,52.0,22,0,True,True,True,False,흐림,19.6,34,3.2,16.6,0.0,0.0,0.0,0.0,3,1016.0,1012.1,98,0,98,0,9.5,65,22.7,509.0,236.0,273.0,3600.0,1,offday,valid,-0.7071067811865471,-0.7071067811865479,1.0,6.123233995736766e-17,True,626.1347806694146,0.6534270724296221,special_case
2023-05-06 15:00:00,2023-05-06,15,2023,5,6,Saturday,True,spring,3386,364001,107.50177200236269,0.1077131147753142,364.71660662921414,626.82774723367,73.37492267395783,True,,False,False,True,True,132175.0,131307.0,314402.0,362761.0,90.0,2466.0,273021.45,66.0,0.0,0.0,0.0,0.0,4,52.0,22,0,True,True,True,False,보통 이슬비,11.6,87,9.4,8.8,0.8,0.8,0.0,0.0,53,1009.0,1005.0,100,1,100,100,18.1,59,38.5,195.0,3.0,192.0,0.0,1,offday,train,-0.7071067811865471,-0.7071067811865479,0.49999999999999994,-0.8660254037844387,True,626.7882077418442,0.03953949182584893,special_case
2025-09-14 17:00:00,2025-09-14,17,2025,9,14,Sunday,True,fall,3695,356876,96.58349120433016,0.1019646238147499,376.75928499550093,627.5708525921088,-37.18212090637326,True,,False,False,True,True,198285.0,196763.0,541119.0,545845.0,0.0,0.0,0.0,0.0,17.0,17.0,0.0,8.0,4,52.0,22,0,True,True,False,True,부분적으로 흐림,26.9,65,19.7,29.2,0.0,0.0,0.0,0.0,2,1011.0,1007.2,59,59,0,0,9.8,250,21.2,311.0,189.0,122.0,3600.0,1,offday,test,-0.9659258262890683,-0.25881904510252063,-1.0,-1.8369701987210297e-16,True,626.82774723367,0.743105358438811,special_case
2025-09-07 17:00:00,2025-09-07,17,2025,9,7,Sunday,True,fall,4363,360584,82.64588585835435,0.1019646238147499,444.87165370375385,628.196993444649,-42.73924626082817,True,,False,False,True,True,198285.0,196763.0,541119.0,545845.0,0.0,0.0,0.0,0.0,14.0,14.0,0.0,7.0,4,52.0,22,0,True,True,False,True,흐림,25.3,74,20.2,28.4,0.0,0.0,0.0,0.0,3,1008.0,1004.2,100,1,0,100,5.8,268,19.4,101.0,0.0,101.0,0.0,1,offday,test,-0.9659258262890683,-0.25881904510252063,-1.0,-1.8369701987210297e-16,True,627.5708525921088,0.6261408525401748,special_case
2023-04-02 16:00:00,2023-04-02,16,2023,4,2,Sunday,True,spring,3509,344368,98.13850099743516,0.1106643479569391,388.3211969808994,628.5717090500788,32.516413956337374,True,,False,False,True,True,152870.0,154121.0,379330.0,394897.0,1198.0,53207.0,5652897.39,1175.0,0.0,0.0,0.0,0.0,4,52.0,22,0,True,True,True,False,맑음,24.0,13,-5.7,18.8,0.0,0.0,0.0,0.0,0,1017.8,1013.9,0,0,0,0,17.5,98,33.8,574.0,435.0,139.0,3600.0,1,offday,train,-0.8660254037844384,-0.5000000000000004,0.8660254037844387,-0.49999999999999983,True,628.196993444649,0.374715605429742,special_case
2025-09-13 17:00:00,2025-09-13,17,2025,9,13,Saturday,True,fall,3830,358122,93.50443864229766,0.1019646238147499,390.52450921049217,628.6188601095566,-38.31470579452525,True,,False,False,True,True,198285.0,196763.0,541119.0,545845.0,0.0,0.0,0.0,0.0,17.0,17.0,0.0,8.0,4,52.0,22,0,True,True,False,True,흐림,25.8,67,19.3,28.9,0.0,0.0,0.0,0.0,3,1007.4,1003.6,100,100,24,99,3.1,62,10.1,140.0,13.0,127.0,0.0,1,offday,test,-0.9659258262890683,-0.25881904510252063,-1.0,-1.8369701987210297e-16,True,628.5717090500788,0.04715105947786924,special_case
2024-04-14 15:00:00,2024-04-14,15,2024,4,14,Sunday,True,spring,3287,366759,111.57864313964102,0.1077131147753142,354.05300826645805,630.3386609727883,74.54005011348124,True,,False,False,True,True,134685.0,137880.0,333807.0,394074.0,1055.0,43227.0,4646355.1899999995,881.0,0.0,0.0,0.0,0.0,4,52.0,22,0,True,True,True,False,흐림,27.9,25,6.2,26.6,0.0,0.0,0.0,0.0,3,1015.3,1011.5,100,0,0,100,9.4,230,23.4,721.0,546.0,175.0,3600.0,1,offday,valid,-0.7071067811865471,-0.7071067811865479,0.8660254037844387,-0.49999999999999983,True,628.6188601095566,1.719800863231626,special_case
2024-06-15 19:00:00,2024-06-15,19,2024,6,15,Saturday,True,summer,4097,398638,97.29997559189653,0.0912420622822565,373.8187291704052,631.2136371294475,-49.6735821325002,True,,False,False,True,True,149204.0,159733.0,424734.0,459943.0,753.0,24046.0,2855917.42,773.0,0.0,0.0,0.0,0.0,4,52.0,22,0,True,True,True,False,대체로 맑음,23.6,72,18.1,24.6,0.0,0.0,0.0,0.0,1,1002.6,998.8,40,27,18,0,13.8,277,29.2,114.0,39.0,75.0,2844.36,1,offday,valid,-0.9659258262890684,0.2588190451025203,1.2246467991473532e-16,-1.0,True,630.3386609727883,0.8749761566592724,special_case
2024-10-03 14:00:00,2024-10-03,14,2024,10,3,Thursday,False,fall,3120,309997,99.35801282051284,0.1235811310401487,385.573128845264,631.4178412492922,38.646732155514314,False,개천절,True,False,True,False,137145.0,135034.0,317937.0,400793.0,1126.0,51562.0,5170982.98,931.0,0.0,0.0,0.0,0.0,4,52.0,22,0,True,True,True,False,대체로 맑음,20.4,40,6.5,18.8,0.0,0.0,0.0,0.0,1,1021.9,1018.0,34,0,34,0,4.9,86,16.9,548.0,336.0,212.0,3600.0,1,offday,valid,-0.4999999999999998,-0.8660254037844388,-0.8660254037844386,0.5000000000000001,True,631.2136371294475,0.20420411984468956,special_case
2024-10-13 17:00:00,2024-10-13,17,2024,10,13,Sunday,True,fall,3900,360223,92.3648717948718,0.1019646238147499,397.66203287752467,631.8618057421356,-38.92984179456414,True,,False,False,True,True,198076.0,193165.0,559339.0,551762.0,946.0,32743.0,3583458.45,980.0,0.0,0.0,0.0,0.0,4,52.0,22,0,True,True,True,False,흐림,20.5,66,13.9,21.0,0.0,0.0,0.0,0.0,3,1022.5,1018.6,100,0,98,100,5.4,110,11.5,125.0,13.0,112.0,0.0,1,offday,valid,-0.9659258262890683,-0.25881904510252063,-0.8660254037844386,0.5000000000000001,True,631.4178412492922,0.44396449284340633,special_case
2023-05-07 18:00:00,2023-05-07,18,2023,5,7,Sunday,True,spring,3406,382650,112.3458602466236,0.093388398805632,318.0808863319828,632.0639868756957,-56.66960076702003,True,,False,False,True,True,217467.0,206106.0,654107.0,639882.0,772.0,24262.0,2986623.09,907.0,0.0,0.0,0.0,0.0,4,52.0,22,0,True,True,True,False,흐림,15.9,56,7.0,14.0,0.0,0.0,0.0,0.0,3,1012.3,1008.4,88,0,0,88,7.2,87,21.2,167.0,25.0,142.0,229.4,1,offday,train,-1.0,-1.8369701987210297e-16,0.49999999999999994,-0.8660254037844387,True,631.8618057421356,0.2021811335600887,special_case
2025-10-08 15:00:00,2025-10-08,15,2025,10,8,Wednesday,False,fall,3158,318894,100.97973400886636,0.1159356419712001,366.1247573450501,632.6768988855468,-16.68453515195904,False,대체공휴일,True,True,True,True,149178.0,147634.0,366698.0,410984.0,0.0,0.0,0.0,0.0,13.0,12.0,1.0,7.0,4,52.0,22,0,True,True,False,True,맑음,26.3,44,13.1,26.0,0.0,0.0,0.0,0.0,0,1016.1,1012.3,0,0,0,0,8.9,341,20.2,543.0,425.0,118.0,3600.0,1,offday,test,-0.7071067811865471,-0.7071067811865479,-0.8660254037844386,0.5000000000000001,True,632.0639868756957,0.6129120098511294,special_case
2023-04-23 16:00:00,2023-04-23,16,2023,4,23,Sunday,True,spring,3301,347232,105.18994244168434,0.1106643479569391,365.3030126058561,633.0993585602424,34.44336562222702,True,,False,False,True,True,152870.0,154121.0,379330.0,394897.0,991.0,35495.0,4214729.24,943.0,0.0,0.0,0.0,0.0,4,52.0,22,0,True,True,True,False,흐림,21.2,21,-1.8,17.9,0.0,0.0,0.0,0.0,3,1022.0,1018.1,100,0,100,9,6.6,248,15.8,446.0,157.0,289.0,3600.0,1,offday,train,-0.8660254037844384,-0.5000000000000004,0.8660254037844387,-0.49999999999999983,True,632.6768988855468,0.422459674695574,special_case
2025-05-18 16:00:00,2025-05-18,16,2025,5,18,Sunday,True,spring,3378,347214,102.78685612788632,0.1106643479569391,373.8241673985404,633.2942895807951,33.90260560578088,True,,False,False,True,True,160972.0,163661.0,434271.0,467528.0,0.0,0.0,0.0,0.0,7.0,6.0,1.0,4.0,4,52.0,22,0,True,True,False,True,맑음,18.5,40,4.7,15.6,0.0,0.0,0.0,0.0,0,1010.3,1006.4,2,0,2,0,13.4,262,34.2,604.0,416.0,188.0,3600.0,1,offday,test,-0.8660254037844384,-0.5000000000000004,0.49999999999999994,-0.8660254037844387,True,633.0993585602424,0.19493102055264444,special_case
2023-06-18 16:00:00,2023-06-18,16,2023,6,18,Sunday,True,summer,3819,385582,100.96412673474732,0.1019931999973653,389.51203078993825,633.3727684890533,65.01428473757983,True,,False,False,True,True,153885.0,155559.0,377288.0,391651.0,540.0,16521.0,1831041.82,509.0,0.0,0.0,0.0,0.0,4,52.0,22,0,True,True,True,False,맑음,27.6,61,19.4,29.6,0.0,0.0,0.0,0.0,0,1005.7,1001.9,0,0,0,0,14.4,248,28.4,660.0,495.0,165.0,3600.0,1,offday,train,-0.8660254037844384,-0.5000000000000004,1.2246467991473532e-16,-1.0,True,633.2942895807951,0.07847890825826198,special_case
2025-09-06 15:00:00,2025-09-06,15,2025,9,6,Saturday,True,fall,3931,345164,87.8056474179598,0.1124759978651691,442.1431476079797,634.0734609327939,53.09860361189624,True,,False,False,True,True,147067.0,148369.0,339515.0,383623.0,0.0,0.0,0.0,0.0,15.0,14.0,1.0,7.0,4,52.0,22,0,True,True,False,True,약한 이슬비,30.0,68,23.5,33.3,0.1,0.1,0.0,0.0,51,1006.1,1002.4,100,11,13,100,20.0,228,43.2,621.0,439.0,182.0,3600.0,1,offday,test,-0.7071067811865471,-0.7071067811865479,-1.0,-1.8369701987210297e-16,True,633.3727684890533,0.700692443740536,special_case
2022-05-28 14:00:00,2022-05-28,14,2022,5,28,Saturday,True,spring,6869,389759,56.74173824428592,0.0977777335148833,671.6352515137337,635.1625272837903,96.28499975912916,True,,False,False,True,True,,,246708.0,328829.0,0.0,0.0,0.0,0.0,0.0,0.0,0.0,0.0,4,52.0,22,0,False,True,False,False,흐림,26.8,42,12.9,25.9,0.0,0.0,0.0,0.0,3,1004.4,1000.6,95,0,0,95,21.6,224,40.7,831.0,569.0,262.0,3600.0,1,offday,train,-0.4999999999999998,-0.8660254037844388,0.49999999999999994,-0.8660254037844387,True,634.0734609327939,1.0890663509964043,special_case
2024-04-10 15:00:00,2024-04-10,15,2024,4,10,Wednesday,False,spring,2764,322664,116.73806078147612,0.1173799620909657,324.4382152194294,636.7691198303035,14.299494061326072,False,국회의원선거,True,False,True,False,134685.0,137880.0,333807.0,394074.0,1140.0,45599.0,4981784.64,1047.0,0.0,0.0,0.0,0.0,4,52.0,22,0,True,True,True,False,흐림,17.4,49,6.7,14.4,0.0,0.0,0.0,0.0,3,1023.6,1019.6,100,2,1,100,14.7,242,30.2,555.0,229.0,326.0,3600.0,1,offday,valid,-0.7071067811865471,-0.7071067811865479,0.8660254037844387,-0.49999999999999983,True,635.1625272837903,1.606592546513184,special_case
2022-06-01 16:00:00,2022-06-01,16,2022,6,1,Wednesday,False,summer,3020,344335,114.0182119205298,0.1105172193076455,333.76200230908967,637.5861336260675,14.744788184759614,False,전국동시지방선거,True,False,True,False,,,324835.0,354235.0,0.0,0.0,0.0,0.0,0.0,0.0,0.0,0.0,4,52.0,22,0,False,True,False,False,맑음,24.8,31,6.7,21.9,0.0,0.0,0.0,0.0,0,1004.5,1000.7,0,0,0,0,17.7,250,36.0,661.0,489.0,172.0,3600.0,1,offday,train,-0.8660254037844384,-0.5000000000000004,1.2246467991473532e-16,-1.0,True,636.7691198303035,0.8170137957640691,special_case
2024-10-26 15:00:00,2024-10-26,15,2024,10,26,Saturday,True,fall,3356,350067,104.31078665077472,0.1124759978651691,377.4694488355075,638.5887226369525,58.05622538255648,True,,False,False,True,True,151361.0,152876.0,372698.0,420149.0,885.0,32441.0,3408217.7699999996,786.0,0.0,0.0,0.0,0.0,4,52.0,22,0,True,True,True,False,맑음,21.5,58,12.9,21.3,0.0,0.0,0.0,0.0,0,1019.1,1015.2,0,0,0,0,7.1,81,18.7,463.0,349.0,114.0,3600.0,1,offday,valid,-0.7071067811865471,-0.7071067811865479,-0.8660254037844386,0.5000000000000001,True,637.5861336260675,1.0025890108850035,special_case
2022-08-27 18:00:00,2022-08-27,18,2022,8,27,Saturday,True,summer,4495,375388,83.5123470522803,0.1010593940343581,454.2619761844396,638.8116578618831,-11.789204153391893,True,,False,False,True,True,,,630644.0,594851.0,0.0,0.0,0.0,0.0,0.0,0.0,0.0,0.0,4,52.0,22,0,False,True,False,False,맑음,21.5,63,14.1,21.1,0.0,0.0,0.0,0.0,0,1010.4,1006.5,0,0,0,0,11.5,314,25.9,247.0,169.0,78.0,3600.0,1,offday,train,-1.0,-1.8369701987210297e-16,-0.8660254037844384,-0.5000000000000004,True,638.5887226369525,0.22293522493055207,special_case
2025-04-26 14:00:00,2025-04-26,14,2025,4,26,Saturday,True,spring,4412,415974,94.2824116047144,0.0977777335148833,431.39536026766535,640.5178732775383,108.70080863352575,True,,False,False,True,True,122185.0,120136.0,289418.0,358883.0,0.0,0.0,0.0,0.0,4.0,4.0,0.0,3.0,4,52.0,22,0,True,True,False,True,맑음,16.4,52,6.6,14.8,0.0,0.0,0.0,0.0,0,1017.7,1013.7,0,0,0,0,15.2,235,37.4,841.0,650.0,191.0,3600.0,1,offday,test,-0.4999999999999998,-0.8660254037844388,0.8660254037844387,-0.49999999999999983,True,638.8116578618831,1.7062154156552651,special_case
2022-04-10 18:00:00,2022-04-10,18,2022,4,10,Sunday,True,spring,4027,392401,97.44251303700024,0.093388398805632,376.0750819902803,641.6126100798062,-62.00109002313138,True,,False,False,True,True,,,587875.0,562370.0,0.0,0.0,0.0,0.0,0.0,0.0,0.0,0.0,4,52.0,22,0,False,True,False,False,맑음,16.2,61,8.8,14.6,0.0,0.0,0.0,0.0,0,1015.2,1011.3,0,0,0,0,9.4,263,26.3,207.0,117.0,90.0,3600.0,1,offday,train,-1.0,-1.8369701987210297e-16,0.8660254037844387,-0.49999999999999983,True,640.5178732775383,1.094736802267903,special_case
2025-09-06 16:00:00,2025-09-06,16,2025,9,6,Saturday,True,fall,3931,345164,87.8056474179598,0.1113266708276356,437.62514302343584,642.5264175343432,8.452956601549317,True,,False,False,True,True,169351.0,172630.0,412088.0,438157.0,0.0,0.0,0.0,0.0,15.0,14.0,1.0,7.0,4,52.0,22,0,True,True,False,True,약한 이슬비,28.6,76,23.9,31.8,0.2,0.2,0.0,0.0,51,1005.9,1002.2,98,14,91,78,19.3,230,46.1,420.0,225.0,195.0,3600.0,1,offday,test,-0.8660254037844384,-0.5000000000000004,-1.0,-1.8369701987210297e-16,True,641.6126100798062,0.9138074545369363,special_case
2024-09-08 15:00:00,2024-09-08,15,2024,9,8,Sunday,True,fall,4690,347237,74.03773987206823,0.1124759978651691,527.512429987643,643.1176780880401,48.51749845985603,True,,False,False,True,True,138586.0,141284.0,321614.0,389738.0,527.0,17536.0,1769315.12,472.0,0.0,0.0,0.0,0.0,4,52.0,22,0,True,True,True,False,맑음,29.9,58,20.7,34.3,0.0,0.0,0.0,0.0,0,1012.8,1009.0,18,13,5,0,3.4,252,11.9,656.0,505.0,151.0,3600.0,1,offday,valid,-0.7071067811865471,-0.7071067811865479,-1.0,-1.8369701987210297e-16,True,642.5264175343432,0.591260553696884,special_case
2022-05-21 18:00:00,2022-05-21,18,2022,5,21,Saturday,True,spring,7059,413591,58.59059356849412,0.093388398805632,659.2287071689567,643.7433541736694,-84.62382590919992,True,,False,False,True,True,,,655645.0,618874.0,0.0,0.0,0.0,0.0,0.0,0.0,0.0,0.0,4,52.0,22,0,False,True,False,False,대체로 맑음,17.8,75,13.4,17.0,0.0,0.0,0.0,0.0,1,1008.0,1004.1,42,35,0,12,12.9,247,33.1,245.0,119.0,126.0,3600.0,1,offday,train,-1.0,-1.8369701987210297e-16,0.49999999999999994,-0.8660254037844387,True,643.1176780880401,0.6256760856293795,special_case
2022-08-28 19:00:00,2022-08-28,19,2022,8,28,Sunday,True,summer,4557,408972,89.74588545095457,0.0912420622822565,415.7900778202432,644.103460822665,-53.12163222855634,True,,False,False,True,True,,,397037.0,405336.0,0.0,0.0,0.0,0.0,0.0,0.0,0.0,0.0,4,52.0,22,0,False,True,False,False,흐림,21.2,83,18.1,23.1,0.0,0.0,0.0,0.0,3,1014.6,1010.7,100,0,0,100,7.1,24,9.0,54.0,15.0,39.0,2104.84,1,offday,train,-0.9659258262890684,0.2588190451025203,-0.8660254037844384,-0.5000000000000004,True,643.7433541736694,0.36010664899561107,special_case
2023-10-15 15:00:00,2023-10-15,15,2023,10,15,Sunday,True,fall,3994,350827,87.83850776164246,0.1124759978651691,449.22913547348537,644.4658674105244,53.97973559991283,True,,False,False,True,True,143101.0,142544.0,352489.0,399129.0,0.0,0.0,0.0,0.0,0.0,0.0,0.0,0.0,4,52.0,22,0,True,True,False,False,대체로 맑음,19.8,57,11.1,18.4,0.0,0.0,0.0,0.0,1,1010.2,1006.3,23,22,1,0,12.1,300,25.6,461.0,325.0,136.0,3600.0,1,offday,train,-0.7071067811865471,-0.7071067811865479,-0.8660254037844386,0.5000000000000001,True,644.103460822665,0.3624065878593683,special_case
2024-09-08 16:00:00,2024-09-08,16,2024,9,8,Sunday,True,fall,4690,347237,74.03773987206823,0.1113266708276356,522.1220861816113,645.5401240390969,2.4224459510568295,True,,False,False,True,True,157557.0,162508.0,383752.0,422775.0,628.0,21255.0,2292656.31,545.0,0.0,0.0,0.0,0.0,4,52.0,22,0,True,True,True,False,맑음,29.4,61,21.0,32.9,0.0,0.0,0.0,0.0,0,1012.5,1008.7,18,17,2,0,6.2,263,14.4,521.0,395.0,126.0,3600.0,1,offday,valid,-0.8660254037844384,-0.5000000000000004,-1.0,-1.8369701987210297e-16,True,644.4658674105244,1.0742566285724706,special_case
2022-09-24 14:00:00,2022-09-24,14,2022,9,24,Saturday,True,fall,4584,382094,83.35383944153578,0.1053558771818858,482.9513410017648,646.3382716680277,94.86849825790443,True,,False,False,True,True,,,237928.0,302473.0,0.0,0.0,0.0,0.0,0.0,0.0,0.0,0.0,4,52.0,22,0,False,True,False,False,맑음,21.9,48,10.4,20.7,0.0,0.0,0.0,0.0,0,1016.9,1013.0,13,13,0,0,13.2,313,25.6,666.0,485.0,181.0,3600.0,1,offday,train,-0.4999999999999998,-0.8660254037844388,-1.0,-1.8369701987210297e-16,True,645.5401240390969,0.798147628930792,special_case
2022-05-22 14:00:00,2022-05-22,14,2022,5,22,Sunday,True,spring,6410,399059,62.25569422776911,0.0977777335148833,626.7552718304023,646.7461640752999,99.15024961210804,True,,False,False,True,True,,,246708.0,328829.0,0.0,0.0,0.0,0.0,0.0,0.0,0.0,0.0,4,52.0,22,0,False,True,False,False,맑음,24.4,50,13.2,24.5,0.0,0.0,0.0,0.0,0,1006.8,1003.0,1,1,0,0,16.4,232,34.6,850.0,648.0,202.0,3600.0,1,offday,train,-0.4999999999999998,-0.8660254037844388,0.49999999999999994,-0.8660254037844387,True,646.3382716680277,0.40789240727224296,special_case
2023-09-17 17:00:00,2023-09-17,17,2023,9,17,Sunday,True,fall,3716,368243,99.09660925726588,0.1019646238147499,378.90054209561066,648.4650873931339,-37.57232803311638,True,,False,False,True,True,176035.0,170252.0,477431.0,487098.0,0.0,0.0,0.0,0.0,0.0,0.0,0.0,0.0,4,52.0,22,0,True,True,False,False,부분적으로 흐림,25.3,80,21.5,29.1,0.0,0.0,0.0,0.0,2,1009.6,1005.8,77,13,1,73,5.6,230,13.3,282.0,161.0,121.0,3600.0,1,offday,train,-0.9659258262890683,-0.25881904510252063,-1.0,-1.8369701987210297e-16,True,646.7461640752999,1.7189233178339691,special_case
2025-10-08 14:00:00,2025-10-08,14,2025,10,8,Wednesday,False,fall,3158,318894,100.97973400886636,0.1235811310401487,390.2692118247896,649.3614340375059,40.27918919148374,False,대체공휴일,True,True,True,True,134540.0,131055.0,316720.0,400504.0,0.0,0.0,0.0,0.0,13.0,12.0,1.0,7.0,4,52.0,22,0,True,True,False,True,맑음,26.2,50,15.1,27.7,0.0,0.0,0.0,0.0,0,1016.6,1012.8,0,0,0,0,5.8,4,16.6,644.0,517.0,127.0,3600.0,1,offday,test,-0.4999999999999998,-0.8660254037844388,-0.8660254037844386,0.5000000000000001,True,648.4650873931339,0.8963466443719881,special_case
2025-09-21 19:00:00,2025-09-21,19,2025,9,21,Sunday,True,fall,4673,514104,110.01583565161566,0.0671035658554383,313.5749632424632,649.3822290749658,-150.65190049493663,True,,False,False,True,True,168331.0,176580.0,458639.0,471841.0,0.0,0.0,0.0,0.0,17.0,16.0,1.0,8.0,4,52.0,22,0,True,True,False,True,흐림,21.0,76,16.5,22.4,0.0,0.0,0.0,0.0,3,1017.9,1014.0,85,0,0,85,5.4,56,9.7,9.0,2.0,7.0,0.0,1,offday,test,-0.9659258262890684,0.2588190451025203,-1.0,-1.8369701987210297e-16,True,649.3614340375059,0.020795037459947707,special_case
2022-08-27 17:00:00,2022-08-27,17,2022,8,27,Saturday,True,summer,4495,375388,83.5123470522803,0.1047704649595659,470.9432399932491,650.600862015275,27.39568426301298,True,,False,False,True,True,,,452968.0,432382.0,0.0,0.0,0.0,0.0,0.0,0.0,0.0,0.0,4,52.0,22,0,False,True,False,False,맑음,22.5,56,13.2,21.3,0.0,0.0,0.0,0.0,0,1010.2,1006.4,0,0,0,0,15.1,322,28.4,445.0,344.0,101.0,3600.0,1,offday,train,-0.9659258262890683,-0.25881904510252063,-0.8660254037844384,-0.5000000000000004,True,649.3822290749658,1.218632940309135,special_case
2024-10-26 16:00:00,2024-10-26,16,2024,10,26,Saturday,True,fall,3356,350067,104.31078665077472,0.1113266708276356,373.6123072975453,652.3784442064737,13.789721569521134,True,,False,False,True,True,174451.0,175854.0,448421.0,473981.0,917.0,32291.0,3616345.89,939.0,0.0,0.0,0.0,0.0,4,52.0,22,0,True,True,True,False,맑음,21.5,58,12.8,21.7,0.0,0.0,0.0,0.0,0,1019.6,1015.7,2,2,0,0,4.2,43,15.1,313.0,217.0,96.0,3600.0,1,offday,valid,-0.8660254037844384,-0.5000000000000004,-0.8660254037844386,0.5000000000000001,True,650.600862015275,1.7775821911986895,special_case
2025-09-14 15:00:00,2025-09-14,15,2025,9,14,Sunday,True,fall,3695,356876,96.58349120433016,0.1124759978651691,415.5988121117998,652.9585796774431,57.36159329736256,True,,False,False,True,True,147067.0,148369.0,339515.0,383623.0,0.0,0.0,0.0,0.0,17.0,17.0,0.0,8.0,4,52.0,22,0,True,True,False,True,대체로 맑음,27.7,61,19.5,30.6,0.0,0.0,0.0,0.0,1,1010.8,1007.0,35,29,0,8,4.5,263,14.0,522.0,325.0,197.0,3600.0,1,offday,test,-0.7071067811865471,-0.7071067811865479,-1.0,-1.8369701987210297e-16,True,652.3784442064737,0.5801354709694806,special_case
2023-10-15 16:00:00,2023-10-15,16,2023,10,15,Sunday,True,fall,3994,350827,87.83850776164246,0.1113266708276356,444.6387232855769,653.0698695294861,8.604002118961716,True,,False,False,True,True,167258.0,165845.0,428915.0,434112.0,0.0,0.0,0.0,0.0,0.0,0.0,0.0,0.0,4,52.0,22,0,True,True,False,False,대체로 맑음,19.5,60,11.4,17.9,0.0,0.0,0.0,0.0,1,1010.2,1006.3,33,32,23,0,14.0,270,24.8,343.0,227.0,116.0,3600.0,1,offday,train,-0.8660254037844384,-0.5000000000000004,-0.8660254037844386,0.5000000000000001,True,652.9585796774431,0.11128985204300079,special_case
2024-03-24 17:00:00,2024-03-24,17,2024,3,24,Sunday,True,spring,3466,363489,104.8727639930756,0.1056648495856345,366.2343686638092,653.0929582203889,-9.678222263192993,True,,False,False,True,True,181901.0,179303.0,542064.0,544644.0,1165.0,46455.0,5347476.23,1315.0,0.0,0.0,0.0,0.0,4,52.0,22,0,True,True,True,False,맑음,19.2,36,3.8,16.9,0.0,0.0,0.0,0.0,0,1015.0,1011.1,3,0,3,0,6.2,69,17.3,310.0,177.0,133.0,3600.0,1,offday,valid,-0.9659258262890683,-0.25881904510252063,1.0,6.123233995736766e-17,True,653.0698695294861,0.02308869090279586,special_case
2022-09-25 18:00:00,2022-09-25,18,2022,9,25,Sunday,True,fall,4893,429828,87.84549356223177,0.0862061061335171,421.8064773112994,653.3477450698335,-98.36576337113296,True,,False,False,True,True,,,611046.0,611210.0,0.0,0.0,0.0,0.0,0.0,0.0,0.0,0.0,4,52.0,22,0,False,True,False,False,맑음,19.4,73,14.5,19.6,0.0,0.0,0.0,0.0,0,1016.1,1012.2,0,0,0,0,8.6,248,14.0,110.0,55.0,55.0,3600.0,1,offday,train,-1.0,-1.8369701987210297e-16,-1.0,-1.8369701987210297e-16,True,653.0929582203889,0.2547868494445993,special_case
2023-05-06 17:00:00,2023-05-06,17,2023,5,6,Saturday,True,spring,3386,364001,107.50177200236269,0.1056648495856345,357.7811806969585,654.4372538593259,-9.016979882475423,True,,False,False,True,True,179956.0,175771.0,500796.0,501279.0,326.0,9251.0,977259.07,292.0,0.0,0.0,0.0,0.0,4,52.0,22,0,True,True,True,False,흐림,11.8,81,8.6,8.8,0.0,0.0,0.0,0.0,3,1009.2,1005.2,100,2,100,0,17.9,65,33.1,107.0,1.0,106.0,0.0,1,offday,train,-0.9659258262890683,-0.25881904510252063,0.49999999999999994,-0.8660254037844387,True,653.3477450698335,1.0895087894923563,special_case
2025-09-28 15:00:00,2025-09-28,15,2025,9,28,Sunday,True,fall,4023,357249,88.80164056674124,0.1124759978651691,452.49093941157525,655.9489416313742,55.26177218014652,True,,False,False,True,True,147067.0,148369.0,339515.0,383623.0,0.0,0.0,0.0,0.0,15.0,14.0,1.0,9.0,4,52.0,22,0,True,True,False,True,흐림,22.6,70,16.9,23.6,0.0,0.0,0.0,0.0,3,1008.9,1005.1,95,63,1,86,10.1,321,24.1,488.0,297.0,191.0,3600.0,1,offday,test,-0.7071067811865471,-0.7071067811865479,-1.0,-1.8369701987210297e-16,True,654.4372538593259,1.5116877720482762,special_case
2024-06-15 16:00:00,2024-06-15,16,2024,6,15,Saturday,True,summer,4097,398638,97.29997559189653,0.1019931999973653,417.86614038920584,656.0778112557466,66.61058986526314,True,,False,False,True,True,154396.0,157144.0,385186.0,425241.0,615.0,18033.0,2033975.89,569.0,0.0,0.0,0.0,0.0,4,52.0,22,0,True,True,True,False,흐림,28.2,52,17.5,29.7,0.0,0.0,0.0,0.0,3,1001.7,998.0,100,100,28,2,9.7,272,24.1,589.0,359.0,230.0,3600.0,1,offday,valid,-0.8660254037844384,-0.5000000000000004,1.2246467991473532e-16,-1.0,True,655.9489416313742,0.12886962437244165,special_case
2025-09-13 15:00:00,2025-09-13,15,2025,9,13,Saturday,True,fall,3830,358122,93.50443864229766,0.1124759978651691,430.78307182359765,656.107686352497,56.748302794819665,True,,False,False,True,True,147067.0,148369.0,339515.0,383623.0,0.0,0.0,0.0,0.0,17.0,17.0,0.0,8.0,4,52.0,22,0,True,True,False,True,흐림,26.6,66,19.6,29.5,0.0,0.0,0.0,0.0,3,1006.7,1002.9,92,92,0,0,5.3,66,19.4,461.0,205.0,256.0,3600.0,1,offday,test,-0.7071067811865471,-0.7071067811865479,-1.0,-1.8369701987210297e-16,True,656.0778112557466,0.029875096750402008,special_case
2024-09-28 18:00:00,2024-09-28,18,2024,9,28,Saturday,True,fall,5061,433205,85.59672001580715,0.0862061061335171,436.28910314173027,656.4392230097599,-99.96729765612385,True,,False,False,True,True,209964.0,204962.0,616716.0,626970.0,1053.0,41145.0,4695521.9,1030.0,0.0,0.0,0.0,0.0,4,52.0,22,0,True,True,True,False,맑음,23.6,66,16.8,24.4,0.0,0.0,0.0,0.0,0,1018.2,1014.3,18,5,12,6,11.0,50,17.3,89.0,42.0,47.0,3600.0,1,offday,valid,-1.0,-1.8369701987210297e-16,-1.0,-1.8369701987210297e-16,True,656.107686352497,0.3315366572628591,special_case
2023-05-07 15:00:00,2023-05-07,15,2023,5,7,Sunday,True,spring,3406,382650,112.3458602466236,0.1077131147753142,366.87086892472047,657.4174040641963,77.88418364314839,True,,False,False,True,True,132175.0,131307.0,314402.0,362761.0,744.0,29486.0,3337958.05,666.0,0.0,0.0,0.0,0.0,4,52.0,22,0,True,True,True,False,흐림,15.9,47,4.6,12.4,0.0,0.0,0.0,0.0,3,1013.1,1009.2,100,0,54,100,14.9,58,30.6,251.0,13.0,238.0,0.0,1,offday,train,-0.7071067811865471,-0.7071067811865479,0.49999999999999994,-0.8660254037844387,True,656.4392230097599,0.9781810544363907,special_case
2023-09-09 18:00:00,2023-09-09,18,2023,9,9,Saturday,True,fall,4206,426609,101.4286733238231,0.0862061061335171,362.58288239757314,658.7034446491791,-93.46911419973708,True,,False,False,True,True,207625.0,197076.0,605306.0,614091.0,0.0,0.0,0.0,0.0,0.0,0.0,0.0,0.0,4,52.0,22,0,True,True,False,False,부분적으로 흐림,25.8,70,19.9,28.1,0.0,0.0,0.0,0.0,2,1009.9,1006.1,77,0,5,77,10.2,260,17.6,146.0,44.0,102.0,3265.36,1,offday,train,-1.0,-1.8369701987210297e-16,-1.0,-1.8369701987210297e-16,True,657.4174040641963,1.2860405849828567,special_case
2023-06-18 18:00:00,2023-06-18,18,2023,6,18,Sunday,True,summer,3819,385582,100.96412673474732,0.1010593940343581,385.9458258172136,659.1208438039539,-6.931231776425761,True,,False,False,True,True,218649.0,207430.0,640457.0,629108.0,786.0,24824.0,3026444.26,698.0,0.0,0.0,0.0,0.0,4,52.0,22,0,True,True,True,False,맑음,25.6,67,19.1,27.5,0.0,0.0,0.0,0.0,0,1005.2,1001.4,1,0,0,1,10.8,255,26.6,314.0,195.0,119.0,3600.0,1,offday,train,-1.0,-1.8369701987210297e-16,1.2246467991473532e-16,-1.0,True,658.7034446491791,0.4173991547747846,special_case
2025-10-18 14:00:00,2025-10-18,14,2025,10,18,Saturday,True,fall,3839,397366,103.50768429278456,0.1053558771818858,404.4612125012598,659.378034679443,102.3506166345428,True,,False,False,True,True,134540.0,131055.0,316720.0,400504.0,0.0,0.0,0.0,0.0,20.0,17.0,3.0,12.0,4,52.0,22,0,True,True,False,True,흐림,17.0,70,11.4,15.7,0.0,0.0,0.0,0.0,3,1020.2,1016.2,100,8,0,100,11.9,305,28.1,330.0,51.0,279.0,597.85,1,offday,test,-0.4999999999999998,-0.8660254037844388,-0.8660254037844386,0.5000000000000001,True,659.1208438039539,0.2571908754890728,special_case
2024-04-14 17:00:00,2024-04-14,17,2024,4,14,Sunday,True,spring,3287,366759,111.57864313964102,0.1056648495856345,347.32036058798064,660.0190753925058,-8.094199106820042,True,,False,False,True,True,180620.0,177297.0,518563.0,511859.0,1067.0,38179.0,4575862.12,1043.0,0.0,0.0,0.0,0.0,4,52.0,22,0,True,True,True,False,흐림,26.2,27,6.0,23.8,0.0,0.0,0.0,0.0,3,1014.4,1010.6,91,0,0,91,10.2,260,23.4,394.0,253.0,141.0,3600.0,1,offday,valid,-0.9659258262890683,-0.25881904510252063,0.8660254037844387,-0.49999999999999983,True,659.378034679443,0.6410407130628073,special_case
2024-10-13 15:00:00,2024-10-13,15,2024,10,13,Sunday,True,fall,3900,360223,92.3648717948718,0.1124759978651691,438.65639167415947,660.295306432979,56.76452715127857,True,,False,False,True,True,151361.0,152876.0,372698.0,420149.0,867.0,33904.0,3659844.43,760.0,0.0,0.0,0.0,0.0,4,52.0,22,0,True,True,True,False,흐림,22.1,53,12.1,21.4,0.0,0.0,0.0,0.0,3,1022.6,1018.7,100,0,4,100,8.9,117,18.0,246.0,21.0,225.0,0.0,1,offday,valid,-0.7071067811865471,-0.7071067811865479,-0.8660254037844386,0.5000000000000001,True,660.0190753925058,0.27623104047324887,special_case
2025-04-27 14:00:00,2025-04-27,14,2025,4,27,Sunday,True,spring,3968,435330,109.7101814516129,0.0977777335148833,387.98204658705714,660.6982437864531,115.28871957024774,True,,False,False,True,True,122185.0,120136.0,289418.0,358883.0,0.0,0.0,0.0,0.0,4.0,4.0,0.0,3.0,4,52.0,22,0,True,True,False,True,흐림,16.4,51,6.2,13.6,0.0,0.0,0.0,0.0,3,1014.5,1010.6,100,0,91,100,13.9,233,37.1,585.0,191.0,394.0,3600.0,1,offday,test,-0.4999999999999998,-0.8660254037844388,0.8660254037844387,-0.49999999999999983,True,660.295306432979,0.40293735347404436,special_case
2025-05-24 15:00:00,2025-05-24,15,2025,5,24,Saturday,True,spring,4978,376177,75.56789875451989,0.1077131147753142,536.1958853515144,662.4872355882296,68.60297531534013,True,,False,False,True,True,145162.0,145607.0,361252.0,431423.0,0.0,0.0,0.0,0.0,10.0,9.0,1.0,5.0,4,52.0,22,0,True,True,False,True,흐림,17.6,57,8.9,15.3,0.0,0.0,0.0,0.0,3,1009.1,1005.2,84,31,81,0,13.8,63,31.7,344.0,57.0,287.0,198.36,1,offday,test,-0.7071067811865471,-0.7071067811865479,0.49999999999999994,-0.8660254037844387,True,660.6982437864531,1.7889918017765467,special_case
2023-09-10 18:00:00,2023-09-10,18,2023,9,10,Sunday,True,fall,3847,425511,110.60852612425266,0.0862061061335171,331.63489029564045,662.4947998809316,-91.00145576946488,True,,False,False,True,True,207625.0,197076.0,605306.0,614091.0,0.0,0.0,0.0,0.0,0.0,0.0,0.0,0.0,4,52.0,22,0,True,True,False,False,흐림,25.6,72,20.2,28.6,0.0,0.0,0.0,0.0,3,1009.5,1005.7,99,1,4,99,7.2,288,16.2,146.0,48.0,98.0,3600.0,1,offday,train,-1.0,-1.8369701987210297e-16,-1.0,-1.8369701987210297e-16,True,662.4872355882296,0.007564292701999875,special_case
2024-03-24 16:00:00,2024-03-24,16,2024,3,24,Sunday,True,spring,3466,363489,104.8727639930756,0.1106643479569391,383.56263001875107,662.7711804835819,35.98297274173774,True,,False,False,True,True,152536.0,157578.0,416715.0,453586.0,1281.0,56798.0,6620197.35,1274.0,0.0,0.0,0.0,0.0,4,52.0,22,0,True,True,True,False,흐림,19.5,34,3.0,16.6,0.0,0.0,0.0,0.0,3,1015.4,1011.5,91,0,91,0,8.7,73,20.9,374.0,120.0,254.0,3600.0,1,offday,valid,-0.8660254037844384,-0.5000000000000004,1.0,6.123233995736766e-17,True,662.4947998809316,0.2763806026503062,special_case
2024-10-09 16:00:00,2024-10-09,16,2024,10,9,Wednesday,False,fall,3382,372716,110.20579538734476,0.0989812433119339,334.75456488096074,662.8447026166591,-78.97600063149139,False,한글날,True,False,True,False,174451.0,175854.0,448421.0,473981.0,1125.0,43801.0,4767250.1,1101.0,0.0,0.0,0.0,0.0,4,52.0,22,0,True,True,True,False,흐림,21.9,50,11.1,21.6,0.0,0.0,0.0,0.0,3,1014.9,1011.0,100,11,25,100,4.2,65,11.9,350.0,212.0,138.0,3600.0,1,offday,valid,-0.8660254037844384,-0.5000000000000004,-0.8660254037844386,0.5000000000000001,True,662.7711804835819,0.07352213307717648,special_case
2023-05-06 16:00:00,2023-05-06,16,2023,5,6,Saturday,True,spring,3386,364001,107.50177200236269,0.1106643479569391,374.7094821821959,663.4542337418013,36.62648650813128,True,,False,False,True,True,157452.0,158753.0,397206.0,406437.0,274.0,7186.0,848325.45,205.0,0.0,0.0,0.0,0.0,4,52.0,22,0,True,True,True,False,약한 이슬비,11.6,81,8.4,8.3,0.3,0.3,0.0,0.0,51,1009.1,1005.1,100,2,100,93,19.6,64,32.4,105.0,1.0,104.0,0.0,1,offday,train,-0.8660254037844384,-0.5000000000000004,0.49999999999999994,-0.8660254037844387,True,662.8447026166591,0.6095311251422117,special_case
2025-09-07 15:00:00,2025-09-07,15,2025,9,7,Sunday,True,fall,4363,360584,82.64588585835435,0.1124759978651691,490.7327786857328,664.225813503717,53.76242668590521,True,,False,False,True,True,147067.0,148369.0,339515.0,383623.0,0.0,0.0,0.0,0.0,14.0,14.0,0.0,7.0,4,52.0,22,0,True,True,False,True,흐림,26.2,72,20.7,29.1,0.0,0.0,0.0,0.0,3,1007.6,1003.8,100,24,88,99,9.2,301,23.0,291.0,39.0,252.0,0.0,1,offday,test,-0.7071067811865471,-0.7071067811865479,-1.0,-1.8369701987210297e-16,True,663.4542337418013,0.7715797619156319,special_case
2025-09-14 16:00:00,2025-09-14,16,2025,9,14,Sunday,True,fall,3695,356876,96.58349120433016,0.1113266708276356,411.3520487081138,664.7529734984821,11.794393821038966,True,,False,False,True,True,169351.0,172630.0,412088.0,438157.0,0.0,0.0,0.0,0.0,17.0,17.0,0.0,8.0,4,52.0,22,0,True,True,False,True,대체로 맑음,27.9,58,18.9,30.3,0.0,0.0,0.0,0.0,1,1010.6,1006.8,43,36,0,11,6.5,257,16.9,454.0,299.0,155.0,3600.0,1,offday,test,-0.8660254037844384,-0.5000000000000004,-1.0,-1.8369701987210297e-16,True,664.225813503717,0.5271599947651566,special_case
2025-09-28 16:00:00,2025-09-28,16,2025,9,28,Sunday,True,fall,4023,357249,88.80164056674124,0.1113266708276356,447.8671967395783,665.0752200168996,9.126278385525438,True,,False,False,True,True,169351.0,172630.0,412088.0,438157.0,0.0,0.0,0.0,0.0,15.0,14.0,1.0,9.0,4,52.0,22,0,True,True,False,True,흐림,22.2,71,16.8,23.0,0.0,0.0,0.0,0.0,3,1009.3,1005.5,95,27,0,93,11.1,317,25.6,248.0,51.0,197.0,1147.11,1,offday,test,-0.8660254037844384,-0.5000000000000004,-1.0,-1.8369701987210297e-16,True,664.7529734984821,0.32224651841750074,special_case
2022-09-24 17:00:00,2022-09-24,17,2022,9,24,Saturday,True,fall,4584,382094,83.35383944153578,0.1019646238147499,467.4058355668136,666.0385925465088,-44.9662911183367,True,,False,False,True,True,,,450705.0,449410.0,0.0,0.0,0.0,0.0,0.0,0.0,0.0,0.0,4,52.0,22,0,False,True,False,False,대체로 맑음,21.5,54,11.7,20.8,0.0,0.0,0.0,0.0,1,1015.5,1011.6,37,1,0,36,8.0,278,17.3,306.0,216.0,90.0,3600.0,1,offday,train,-0.9659258262890683,-0.25881904510252063,-1.0,-1.8369701987210297e-16,True,665.0752200168996,0.9633725296091598,special_case
2023-06-18 17:00:00,2023-06-18,17,2023,6,18,Sunday,True,summer,3819,385582,100.96412673474732,0.1047704649595659,400.1184056805825,666.0520755803797,32.679307091326336,True,,False,False,True,True,179698.0,173173.0,491849.0,481958.0,670.0,20591.0,2304599.8,617.0,0.0,0.0,0.0,0.0,4,52.0,22,0,True,True,True,False,맑음,26.8,63,19.0,28.1,0.0,0.0,0.0,0.0,0,1005.5,1001.7,0,0,0,0,14.1,251,28.4,496.0,351.0,145.0,3600.0,1,offday,train,-0.9659258262890683,-0.25881904510252063,1.2246467991473532e-16,-1.0,True,666.0385925465088,0.013483033870897998,special_case
2025-09-13 16:00:00,2025-09-13,16,2025,9,13,Saturday,True,fall,3830,358122,93.50443864229766,0.1113266708276356,426.3811492698446,666.9335659040819,10.825879551584876,True,,False,False,True,True,169351.0,172630.0,412088.0,438157.0,0.0,0.0,0.0,0.0,17.0,17.0,0.0,8.0,4,52.0,22,0,True,True,False,True,흐림,26.2,66,19.5,29.3,0.0,0.0,0.0,0.0,3,1007.0,1003.2,100,100,10,15,3.7,67,14.8,270.0,96.0,174.0,3055.6,1,offday,test,-0.8660254037844384,-0.5000000000000004,-1.0,-1.8369701987210297e-16,True,666.0520755803797,0.8814903237022236,special_case
2024-04-14 16:00:00,2024-04-14,16,2024,4,14,Sunday,True,spring,3287,366759,111.57864313964102,0.1106643479569391,363.75371173445893,668.1132744993258,37.77461352653757,True,,False,False,True,True,157356.0,160397.0,402836.0,424654.0,1019.0,37556.0,4457034.8,1035.0,0.0,0.0,0.0,0.0,4,52.0,22,0,True,True,True,False,흐림,27.0,27,6.2,24.7,0.0,0.0,0.0,0.0,3,1014.8,1011.0,99,0,0,99,10.0,249,25.2,566.0,390.0,176.0,3600.0,1,offday,valid,-0.8660254037844384,-0.5000000000000004,0.8660254037844387,-0.49999999999999983,True,666.9335659040819,1.1797085952439375,special_case
2025-05-24 17:00:00,2025-05-24,17,2025,5,24,Saturday,True,spring,4978,376177,75.56789875451989,0.1056648495856345,525.9996212372886,668.9355374642704,-21.075640927748054,True,,False,False,True,True,185585.0,182734.0,545424.0,554442.0,0.0,0.0,0.0,0.0,10.0,9.0,1.0,5.0,4,52.0,22,0,True,True,False,True,흐림,17.8,53,8.2,15.5,0.0,0.0,0.0,0.0,3,1008.6,1004.7,93,30,90,0,12.3,68,32.4,288.0,130.0,158.0,3600.0,1,offday,test,-0.9659258262890683,-0.25881904510252063,0.49999999999999994,-0.8660254037844387,True,668.1132744993258,0.8222629649445707,special_case
2024-10-13 16:00:00,2024-10-13,16,2024,10,13,Sunday,True,fall,3900,360223,92.3648717948718,0.1113266708276356,434.17401622777913,670.7916475366998,10.496341103720738,True,,False,False,True,True,174451.0,175854.0,448421.0,473981.0,906.0,32764.0,3552585.23,956.0,0.0,0.0,0.0,0.0,4,52.0,22,0,True,True,True,False,흐림,21.5,57,12.8,21.5,0.0,0.0,0.0,0.0,3,1022.6,1018.7,100,0,73,100,6.6,119,14.8,176.0,14.0,162.0,0.0,1,offday,valid,-0.8660254037844384,-0.5000000000000004,-0.8660254037844386,0.5000000000000001,True,668.9355374642704,1.8561100724293738,special_case
2025-09-07 16:00:00,2025-09-07,16,2025,9,7,Sunday,True,fall,4363,360584,82.64588585835435,0.1113266708276356,485.7182648209744,670.9362397054772,6.710426201760242,True,,False,False,True,True,169351.0,172630.0,412088.0,438157.0,0.0,0.0,0.0,0.0,14.0,14.0,0.0,7.0,4,52.0,22,0,True,True,False,True,흐림,25.8,73,20.5,28.7,0.0,0.0,0.0,0.0,3,1007.9,1004.1,100,15,45,100,8.1,287,23.0,200.0,21.0,179.0,0.0,1,offday,test,-0.8660254037844384,-0.5000000000000004,-1.0,-1.8369701987210297e-16,True,670.7916475366998,0.14459216877742165,special_case
2023-09-02 14:00:00,2023-09-02,14,2023,9,2,Saturday,True,fall,3905,404509,103.58745198463508,0.1053558771818858,411.4147003952643,671.1894503511177,104.20242240623816,True,,False,False,True,True,114872.0,111185.0,261221.0,333016.0,0.0,0.0,0.0,0.0,0.0,0.0,0.0,0.0,4,52.0,22,0,True,True,False,False,대체로 맑음,28.8,46,16.0,31.9,0.0,0.0,0.0,0.0,1,1011.6,1007.8,38,0,0,38,4.5,61,14.8,811.0,652.0,159.0,3600.0,1,offday,train,-0.4999999999999998,-0.8660254037844388,-1.0,-1.8369701987210297e-16,True,670.9362397054772,0.253210645640479,special_case
2023-09-17 15:00:00,2023-09-17,15,2023,9,17,Sunday,True,fall,3716,368243,99.09660925726588,0.1124759978651691,417.9608080669683,673.0677731439005,59.83290459373427,True,,False,False,True,True,129581.0,129207.0,302627.0,354386.0,0.0,0.0,0.0,0.0,0.0,0.0,0.0,0.0,4,52.0,22,0,True,True,False,False,약한 이슬비,24.9,82,21.6,28.6,0.1,0.1,0.0,0.0,51,1010.1,1006.3,78,42,12,59,7.4,284,18.7,566.0,331.0,235.0,3600.0,1,offday,train,-0.7071067811865471,-0.7071067811865479,-1.0,-1.8369701987210297e-16,True,671.1894503511177,1.8783227927827966,special_case
2022-05-21 14:00:00,2022-05-21,14,2022,5,21,Saturday,True,spring,7059,413591,58.59059356849412,0.0977777335148833,690.2130208815615,673.9998430359019,102.17239200474648,True,,False,False,True,True,,,246708.0,328829.0,0.0,0.0,0.0,0.0,0.0,0.0,0.0,0.0,4,52.0,22,0,False,True,False,False,대체로 맑음,22.4,56,13.2,22.2,0.0,0.0,0.0,0.0,1,1008.9,1005.1,25,23,3,0,17.6,244,36.7,813.0,564.0,249.0,3600.0,1,offday,train,-0.4999999999999998,-0.8660254037844388,0.49999999999999994,-0.8660254037844387,True,673.0677731439005,0.9320698920014365,special_case
2022-08-28 16:00:00,2022-08-28,16,2022,8,28,Sunday,True,summer,4557,408972,89.74588545095457,0.1019931999973653,464.7830123879939,676.0805585494496,66.89752353496613,True,,False,False,True,True,,,329289.0,353510.0,0.0,0.0,0.0,0.0,0.0,0.0,0.0,0.0,4,52.0,22,0,False,True,False,False,흐림,25.8,50,14.6,26.9,0.0,0.0,0.0,0.0,3,1014.2,1010.4,100,0,0,100,3.5,66,12.6,582.0,396.0,186.0,3600.0,1,offday,train,-0.8660254037844384,-0.5000000000000004,-0.8660254037844384,-0.5000000000000004,True,673.9998430359019,2.080715513547716,special_case
2025-04-26 18:00:00,2025-04-26,18,2025,4,26,Saturday,True,spring,4412,415974,94.2824116047144,0.093388398805632,412.02961553044867,678.4001348508748,-66.76693628559258,True,,False,False,True,True,224909.0,215977.0,679735.0,685285.0,0.0,0.0,0.0,0.0,4.0,4.0,0.0,3.0,4,52.0,22,0,True,True,False,True,대체로 맑음,13.8,64,7.2,11.2,0.0,0.0,0.0,0.0,1,1016.7,1012.7,20,0,0,20,12.8,215,32.0,234.0,131.0,103.0,3600.0,1,offday,test,-1.0,-1.8369701987210297e-16,0.8660254037844387,-0.49999999999999983,True,676.0805585494496,2.3195763014251725,special_case
2022-04-10 15:00:00,2022-04-10,15,2022,4,10,Sunday,True,spring,4027,392401,97.44251303700024,0.1077131147753142,433.7607132001906,679.4777871519843,77.25830711430626,True,,False,False,True,True,,,247697.0,292531.0,0.0,0.0,0.0,0.0,0.0,0.0,0.0,0.0,4,52.0,22,0,False,True,False,False,맑음,22.2,33,5.2,19.9,0.0,0.0,0.0,0.0,0,1015.0,1011.1,0,0,0,0,14.6,218,29.2,724.0,562.0,162.0,3600.0,1,offday,train,-0.7071067811865471,-0.7071067811865479,0.8660254037844387,-0.49999999999999983,True,678.4001348508748,1.0776523011095378,special_case
2024-06-15 18:00:00,2024-06-15,18,2024,6,15,Saturday,True,summer,4097,398638,97.29997559189653,0.1010593940343581,414.0403373587651,680.8872192619477,-8.13065629735047,True,,False,False,True,True,208191.0,204607.0,622922.0,652074.0,799.0,26526.0,2942009.98,711.0,0.0,0.0,0.0,0.0,4,52.0,22,0,True,True,True,False,대체로 맑음,25.1,63,17.6,25.8,0.0,0.0,0.0,0.0,1,1001.9,998.1,38,23,20,0,14.7,281,27.7,271.0,143.0,128.0,3600.0,1,offday,valid,-1.0,-1.8369701987210297e-16,1.2246467991473532e-16,-1.0,True,679.4777871519843,1.4094321099634044,special_case
2023-09-17 16:00:00,2023-09-17,16,2023,9,17,Sunday,True,fall,3716,368243,99.09660925726588,0.1113266708276356,413.68990879549415,686.0374154262503,12.96964228234981,True,,False,False,True,True,153290.0,153243.0,371136.0,394601.0,0.0,0.0,0.0,0.0,0.0,0.0,0.0,0.0,4,52.0,22,0,True,True,False,False,약한 이슬비,25.1,82,21.9,29.3,0.1,0.1,0.0,0.0,51,1009.5,1005.7,56,16,8,44,4.7,270,19.4,380.0,212.0,168.0,3600.0,1,offday,train,-0.8660254037844384,-0.5000000000000004,-1.0,-1.8369701987210297e-16,True,680.8872192619477,5.1501961643025425,special_case
2022-05-28 17:00:00,2022-05-28,17,2022,5,28,Saturday,True,spring,6869,389759,56.74173824428592,0.1056648495856345,725.8118518037235,686.3971018274553,-32.476658095022,True,,False,False,True,True,,,472300.0,452585.0,0.0,0.0,0.0,0.0,0.0,0.0,0.0,0.0,4,52.0,22,0,False,True,False,False,맑음,24.0,52,13.7,22.2,0.0,0.0,0.0,0.0,0,1004.4,1000.6,0,0,0,0,20.6,243,40.0,480.0,335.0,145.0,3600.0,1,offday,train,-0.9659258262890683,-0.25881904510252063,0.49999999999999994,-0.8660254037844387,True,686.0374154262503,0.35968640120506734,special_case
2023-05-07 17:00:00,2023-05-07,17,2023,5,7,Sunday,True,spring,3406,382650,112.3458602466236,0.1056648495856345,359.89447768867115,688.7335876427157,-8.2587020534653,True,,False,False,True,True,179956.0,175771.0,500796.0,501279.0,886.0,29882.0,3581635.34,860.0,0.0,0.0,0.0,0.0,4,52.0,22,0,True,True,True,False,흐림,16.9,44,4.5,13.8,0.0,0.0,0.0,0.0,3,1012.4,1008.5,100,0,0,100,12.1,60,23.8,377.0,155.0,222.0,3600.0,1,offday,train,-0.9659258262890683,-0.25881904510252063,0.49999999999999994,-0.8660254037844387,True,686.3971018274553,2.336485815260403,special_case
2024-06-15 17:00:00,2024-06-15,17,2024,6,15,Saturday,True,summer,4097,398638,97.29997559189653,0.1047704649595659,429.2445949393419,689.0178755592982,32.940064303551594,True,,False,False,True,True,175070.0,174567.0,493672.0,512001.0,668.0,21362.0,2373063.94,635.0,0.0,0.0,0.0,0.0,4,52.0,22,0,True,True,True,False,보통 이슬비,24.5,68,18.1,25.5,0.5,0.5,0.0,0.0,53,1001.9,998.1,35,16,28,2,14.1,264,30.2,219.0,90.0,129.0,2602.76,1,offday,valid,-0.9659258262890683,-0.25881904510252063,1.2246467991473532e-16,-1.0,True,688.7335876427157,0.284287916582457,special_case
2025-05-24 16:00:00,2025-05-24,16,2025,5,24,Saturday,True,spring,4978,376177,75.56789875451989,0.1106643479569391,550.887124129643,690.0111783920185,27.523942803788827,True,,False,False,True,True,160972.0,163661.0,434271.0,467528.0,0.0,0.0,0.0,0.0,10.0,9.0,1.0,5.0,4,52.0,22,0,True,True,False,True,부분적으로 흐림,18.1,53,8.4,15.7,0.0,0.0,0.0,0.0,2,1008.7,1004.8,55,2,54,0,13.9,61,32.8,461.0,161.0,300.0,3600.0,1,offday,test,-0.8660254037844384,-0.5000000000000004,0.49999999999999994,-0.8660254037844387,True,689.0178755592982,0.9933028327202464,special_case
2023-05-07 16:00:00,2023-05-07,16,2023,5,7,Sunday,True,spring,3406,382650,112.3458602466236,0.1106643479569391,376.9227691413347,696.992289696181,39.574885631984785,True,,False,False,True,True,157452.0,158753.0,397206.0,406437.0,811.0,29988.0,3572906.36,749.0,0.0,0.0,0.0,0.0,4,52.0,22,0,True,True,True,False,흐림,16.5,46,4.8,13.4,0.0,0.0,0.0,0.0,3,1012.8,1008.9,100,0,0,100,12.5,57,26.6,323.0,39.0,284.0,0.0,1,offday,train,-0.8660254037844384,-0.5000000000000004,0.49999999999999994,-0.8660254037844387,True,690.0111783920185,6.981111304162596,special_case
2022-08-28 18:00:00,2022-08-28,18,2022,8,28,Sunday,True,summer,4557,408972,89.74588545095457,0.1010593940343581,460.5276586145699,697.2250930512214,-10.636953203568623,True,,False,False,True,True,,,630644.0,594851.0,0.0,0.0,0.0,0.0,0.0,0.0,0.0,0.0,4,52.0,22,0,False,True,False,False,흐림,24.2,69,18.1,26.6,0.0,0.0,0.0,0.0,3,1014.4,1010.6,100,0,0,100,4.1,15,9.0,185.0,49.0,136.0,2842.98,1,offday,train,-1.0,-1.8369701987210297e-16,-0.8660254037844384,-0.5000000000000004,True,696.992289696181,0.2328033550403461,special_case
2022-05-28 15:00:00,2022-05-28,15,2022,5,28,Saturday,True,spring,6869,389759,56.74173824428592,0.1077131147753142,739.8813853916338,699.702598361862,64.54007107807172,True,,False,False,True,True,,,285323.0,338698.0,0.0,0.0,0.0,0.0,0.0,0.0,0.0,0.0,4,52.0,22,0,False,True,False,False,대체로 맑음,26.5,43,12.9,25.4,0.0,0.0,0.0,0.0,1,1004.4,1000.6,35,0,0,35,21.8,231,41.0,773.0,570.0,203.0,3600.0,1,offday,train,-0.7071067811865471,-0.7071067811865479,0.49999999999999994,-0.8660254037844387,True,697.2250930512214,2.477505310640595,special_case
2025-10-18 17:00:00,2025-10-18,17,2025,10,18,Saturday,True,fall,3839,397366,103.50768429278456,0.1019646238147499,391.44219082482493,701.3496661857696,-39.14035677865263,True,,False,False,True,True,189815.0,184775.0,540270.0,529223.0,0.0,0.0,0.0,0.0,20.0,17.0,3.0,12.0,4,52.0,22,0,True,True,False,True,흐림,15.9,74,11.4,15.2,0.0,0.0,0.0,0.0,3,1021.9,1017.9,100,5,0,100,8.4,313,21.2,100.0,8.0,92.0,0.0,1,offday,test,-0.9659258262890683,-0.25881904510252063,-0.8660254037844386,0.5000000000000001,True,699.702598361862,1.647067823907605,special_case
2023-09-10 14:00:00,2023-09-10,14,2023,9,10,Sunday,True,fall,3847,425511,110.60852612425266,0.1053558771818858,405.3040595187149,702.4434930601556,110.6492285755096,True,,False,False,True,True,114872.0,111185.0,261221.0,333016.0,0.0,0.0,0.0,0.0,0.0,0.0,0.0,0.0,4,52.0,22,0,True,True,False,False,흐림,27.7,66,20.7,32.3,0.0,0.0,0.0,0.0,3,1010.0,1006.2,100,7,6,100,3.5,246,14.4,681.0,474.0,207.0,3600.0,1,offday,train,-0.4999999999999998,-0.8660254037844388,-1.0,-1.8369701987210297e-16,True,701.3496661857696,1.093826874385968,special_case
2025-09-27 12:00:00,2025-09-27,12,2025,9,27,Saturday,True,fall,5508,653955,118.72821350762528,0.0738136969525007,406.5658428143741,703.4379140855017,195.8485648552104,True,,False,False,True,True,126915.0,121371.0,254165.0,356827.0,0.0,0.0,0.0,0.0,17.0,15.0,2.0,9.0,4,52.0,22,0,True,True,False,True,흐림,25.8,64,18.4,28.3,0.0,0.0,0.0,0.0,3,1018.3,1014.5,100,2,0,100,9.1,120,23.4,693.0,520.0,173.0,3600.0,1,offday,test,1.2246467991473532e-16,-1.0,-1.0,-1.8369701987210297e-16,True,702.4434930601556,0.9944210253461279,special_case
2022-09-24 15:00:00,2022-09-24,15,2022,9,24,Saturday,True,fall,4584,382094,83.35383944153578,0.1124759978651691,515.5899742139352,703.5694421444286,57.23117047640096,True,,False,False,True,True,,,278702.0,322443.0,0.0,0.0,0.0,0.0,0.0,0.0,0.0,0.0,4,52.0,22,0,False,True,False,False,맑음,22.0,48,10.4,20.8,0.0,0.0,0.0,0.0,0,1016.5,1012.6,0,0,0,0,10.8,307,25.9,593.0,436.0,157.0,3600.0,1,offday,train,-0.7071067811865471,-0.7071067811865479,-1.0,-1.8369701987210297e-16,True,703.4379140855017,0.1315280589269605,special_case
2022-04-10 17:00:00,2022-04-10,17,2022,4,10,Sunday,True,spring,4027,392401,97.44251303700024,0.1056648495856345,425.5123492813502,703.6137001029376,-12.716481768600715,True,,False,False,True,True,,,413695.0,408748.0,0.0,0.0,0.0,0.0,0.0,0.0,0.0,0.0,4,52.0,22,0,False,True,False,False,맑음,18.7,48,7.4,16.0,0.0,0.0,0.0,0.0,0,1014.8,1010.9,0,0,0,0,14.2,254,27.4,400.0,276.0,124.0,3600.0,1,offday,train,-0.9659258262890683,-0.25881904510252063,0.8660254037844387,-0.49999999999999983,True,703.5694421444286,0.044257958508978845,special_case
2022-05-22 17:00:00,2022-05-22,17,2022,5,22,Sunday,True,spring,6410,399059,62.25569422776911,0.1056648495856345,677.3116858439173,703.9799492957403,-31.335586550510698,True,,False,False,True,True,,,472300.0,452585.0,0.0,0.0,0.0,0.0,0.0,0.0,0.0,0.0,4,52.0,22,0,False,True,False,False,맑음,21.9,59,13.5,20.6,0.0,0.0,0.0,0.0,0,1006.0,1002.2,0,0,0,0,16.1,230,34.2,467.0,321.0,146.0,3600.0,1,offday,train,-0.9659258262890683,-0.25881904510252063,0.49999999999999994,-0.8660254037844387,True,703.6137001029376,0.36624919280268387,special_case
2024-10-09 13:00:00,2024-10-09,13,2024,10,9,Wednesday,False,fall,3382,372716,110.20579538734476,0.1201225009099709,406.2542980775216,707.6757035387116,104.03911105407872,False,한글날,True,False,True,False,137374.0,134469.0,296007.0,431650.0,802.0,29796.0,3081305.33,694.0,0.0,0.0,0.0,0.0,4,52.0,22,0,True,True,True,False,흐림,21.8,53,11.9,22.2,0.0,0.0,0.0,0.0,3,1016.7,1012.8,100,6,1,100,6.8,102,20.2,682.0,530.0,152.0,3600.0,1,offday,valid,-0.2588190451025208,-0.9659258262890683,-0.8660254037844386,0.5000000000000001,True,703.9799492957403,3.6957542429712475,special_case
2022-08-28 17:00:00,2022-08-28,17,2022,8,28,Sunday,True,summer,4557,408972,89.74588545095457,0.1047704649595659,477.43900882074223,707.86204625479,31.781487705340396,True,,False,False,True,True,,,452968.0,432382.0,0.0,0.0,0.0,0.0,0.0,0.0,0.0,0.0,4,52.0,22,0,False,True,False,False,흐림,25.5,51,14.6,26.5,0.0,0.0,0.0,0.0,3,1014.2,1010.4,100,0,0,100,3.8,49,11.2,391.0,224.0,167.0,3600.0,1,offday,train,-0.9659258262890683,-0.25881904510252063,-0.8660254037844384,-0.5000000000000004,True,707.6757035387116,0.18634271607845676,special_case
2023-09-09 14:00:00,2023-09-09,14,2023,9,9,Saturday,True,fall,4206,426609,101.4286733238231,0.1053558771818858,443.1268194270119,709.0674594933862,109.54694904050189,True,,False,False,True,True,114872.0,111185.0,261221.0,333016.0,0.0,0.0,0.0,0.0,0.0,0.0,0.0,0.0,4,52.0,22,0,True,True,False,False,부분적으로 흐림,28.8,60,20.2,33.5,0.0,0.0,0.0,0.0,2,1010.8,1007.0,53,20,0,40,5.1,274,16.6,780.0,641.0,139.0,3600.0,1,offday,train,-0.4999999999999998,-0.8660254037844388,-1.0,-1.8369701987210297e-16,True,707.86204625479,1.2054132385961793,special_case
2023-09-03 18:00:00,2023-09-03,18,2023,9,3,Sunday,True,fall,3849,453195,117.7435697583788,0.0862061061335171,331.8073025079075,709.5097602736948,-95.33389720254696,True,,False,False,True,True,207625.0,197076.0,605306.0,614091.0,0.0,0.0,0.0,0.0,0.0,0.0,0.0,0.0,4,52.0,22,0,True,True,False,False,흐림,26.9,86,24.2,32.5,0.0,0.0,0.0,0.0,3,1012.0,1008.2,100,13,69,100,4.3,228,9.7,54.0,0.0,54.0,0.0,1,offday,train,-1.0,-1.8369701987210297e-16,-1.0,-1.8369701987210297e-16,True,709.0674594933862,0.44230078030864206,special_case
2022-09-24 16:00:00,2022-09-24,16,2022,9,24,Saturday,True,fall,4584,382094,83.35383944153578,0.1113266708276356,510.3214590738819,711.0048836648455,7.435441520416816,True,,False,False,True,True,,,342287.0,362512.0,0.0,0.0,0.0,0.0,0.0,0.0,0.0,0.0,4,52.0,22,0,False,True,False,False,맑음,22.1,47,10.4,20.9,0.0,0.0,0.0,0.0,0,1015.9,1012.0,11,5,0,6,8.8,305,22.0,484.0,368.0,116.0,3600.0,1,offday,train,-0.8660254037844384,-0.5000000000000004,-1.0,-1.8369701987210297e-16,True,709.5097602736948,1.4951233911506279,special_case
2022-05-05 12:00:00,2022-05-05,12,2022,5,5,Thursday,False,spring,4234,493800,116.62730278696267,0.096293809375837,407.70798889729394,712.5671341064057,168.37837834740617,False,어린이날,True,False,True,False,,,213834.0,325207.0,0.0,0.0,0.0,0.0,0.0,0.0,0.0,0.0,4,52.0,22,0,False,True,False,False,맑음,21.5,28,2.2,19.4,0.0,0.0,0.0,0.0,0,1020.4,1016.5,0,0,0,0,14.3,227,30.6,871.0,681.0,190.0,3600.0,1,offday,train,1.2246467991473532e-16,-1.0,0.49999999999999994,-0.8660254037844387,True,711.0048836648455,1.5622504415601952,special_case
2023-09-02 17:00:00,2023-09-02,17,2023,9,2,Saturday,True,fall,3905,404509,103.58745198463508,0.1019646238147499,398.1718559965984,713.9852112449491,-39.81922368084429,True,,False,False,True,True,176035.0,170252.0,477431.0,487098.0,0.0,0.0,0.0,0.0,0.0,0.0,0.0,0.0,4,52.0,22,0,True,True,False,False,흐림,28.0,58,19.0,31.2,0.0,0.0,0.0,0.0,3,1010.5,1006.7,100,0,0,100,1.8,323,8.6,301.0,99.0,202.0,3600.0,1,offday,train,-0.9659258262890683,-0.25881904510252063,-1.0,-1.8369701987210297e-16,True,712.5671341064057,1.418077138543481,special_case
2022-05-22 15:00:00,2022-05-22,15,2022,5,22,Sunday,True,spring,6410,399059,62.25569422776911,0.1077131147753142,690.4410657097645,714.0038698579594,67.25770578265951,True,,False,False,True,True,,,285323.0,338698.0,0.0,0.0,0.0,0.0,0.0,0.0,0.0,0.0,4,52.0,22,0,False,True,False,False,맑음,23.6,52,13.2,23.0,0.0,0.0,0.0,0.0,0,1006.3,1002.5,0,0,0,0,18.7,230,37.8,767.0,583.0,184.0,3600.0,1,offday,train,-0.7071067811865471,-0.7071067811865479,0.49999999999999994,-0.8660254037844387,True,713.9852112449491,0.01865861301030236,special_case
2025-09-21 13:00:00,2025-09-21,13,2025,9,21,Sunday,True,fall,4673,514104,110.01583565161566,0.0915726254037753,427.9188785118424,715.4527536206137,156.01905860237525,True,,False,False,True,True,131791.0,126324.0,275145.0,387702.0,0.0,0.0,0.0,0.0,17.0,16.0,1.0,8.0,4,52.0,22,0,True,True,False,True,맑음,25.0,53,14.8,26.6,0.0,0.0,0.0,0.0,0,1018.0,1014.2,11,10,9,0,6.6,37,18.7,716.0,554.0,162.0,3600.0,1,offday,test,-0.2588190451025208,-0.9659258262890683,-1.0,-1.8369701987210297e-16,True,714.0038698579594,1.4488837626543045,special_case
2022-04-10 16:00:00,2022-04-10,16,2022,4,10,Sunday,True,spring,4027,392401,97.44251303700024,0.1106643479569391,445.6453292225939,716.3301818715383,36.85239471955401,True,,False,False,True,True,,,304514.0,329249.0,0.0,0.0,0.0,0.0,0.0,0.0,0.0,0.0,4,52.0,22,0,False,True,False,False,맑음,21.3,37,6.1,18.4,0.0,0.0,0.0,0.0,0,1014.7,1010.8,0,0,0,0,14.1,232,28.8,581.0,434.0,147.0,3600.0,1,offday,train,-0.8660254037844384,-0.5000000000000004,0.8660254037844387,-0.49999999999999983,True,715.4527536206137,0.877428250924595,special_case
2025-04-27 18:00:00,2025-04-27,18,2025,4,27,Sunday,True,spring,3968,435330,109.7101814516129,0.093388398805632,370.565166460748,717.9383594735214,-65.14880759071366,True,,False,False,True,True,224909.0,215977.0,679735.0,685285.0,0.0,0.0,0.0,0.0,4.0,4.0,0.0,3.0,4,52.0,22,0,True,True,False,True,흐림,13.6,64,6.8,11.3,0.0,0.0,0.0,0.0,3,1012.6,1008.6,100,0,100,100,10.6,219,27.7,148.0,19.0,129.0,0.0,1,offday,test,-1.0,-1.8369701987210297e-16,0.8660254037844387,-0.49999999999999983,True,716.3301818715383,1.6081776019830158,special_case
2022-05-28 16:00:00,2022-05-28,16,2022,5,28,Saturday,True,spring,6869,389759,56.74173824428592,0.1106643479569391,760.1534061162149,718.8737599224773,19.17116156061536,True,,False,False,True,True,,,354655.0,373146.0,0.0,0.0,0.0,0.0,0.0,0.0,0.0,0.0,4,52.0,22,0,False,True,False,False,맑음,25.8,46,13.1,24.1,0.0,0.0,0.0,0.0,0,1004.3,1000.5,0,0,0,0,21.3,236,41.0,647.0,477.0,170.0,3600.0,1,offday,train,-0.8660254037844384,-0.5000000000000004,0.49999999999999994,-0.8660254037844387,True,717.9383594735214,0.9354004489559884,special_case
2025-04-26 15:00:00,2025-04-26,15,2025,4,26,Saturday,True,spring,4412,415974,94.2824116047144,0.1077131147753142,475.23026238868664,721.7181508063561,81.20027752881776,True,,False,False,True,True,138174.0,140551.0,335455.0,381149.0,0.0,0.0,0.0,0.0,4.0,4.0,0.0,3.0,4,52.0,22,0,True,True,False,True,맑음,16.2,54,7.1,14.5,0.0,0.0,0.0,0.0,0,1017.2,1013.2,1,0,0,1,14.1,230,36.4,748.0,567.0,181.0,3600.0,1,offday,test,-0.7071067811865471,-0.7071067811865479,0.8660254037844387,-0.49999999999999983,True,718.8737599224773,2.8443908838787593,special_case
2025-09-20 18:00:00,2025-09-20,18,2025,9,20,Saturday,True,fall,3574,456305,127.6734750979295,0.0862061061335171,308.10062332119026,723.4077546259049,-90.30623645018557,True,,False,False,True,True,233826.0,230076.0,678014.0,700477.0,0.0,0.0,0.0,0.0,17.0,16.0,1.0,8.0,4,52.0,22,0,True,True,False,True,부분적으로 흐림,21.0,75,16.4,21.9,0.0,0.0,0.0,0.0,2,1010.7,1006.8,72,6,8,69,9.4,357,19.8,113.0,53.0,60.0,3600.0,1,offday,test,-1.0,-1.8369701987210297e-16,-1.0,-1.8369701987210297e-16,True,721.7181508063561,1.689603819548779,special_case
2022-09-25 14:00:00,2022-09-25,14,2022,9,25,Sunday,True,fall,4893,429828,87.84549356223177,0.1053558771818858,515.5063070509675,723.4494248178607,107.76842567744904,True,,False,False,True,True,,,237928.0,302473.0,0.0,0.0,0.0,0.0,0.0,0.0,0.0,0.0,4,52.0,22,0,False,True,False,False,맑음,23.1,48,11.6,24.0,0.0,0.0,0.0,0.0,0,1016.3,1012.4,0,0,0,0,4.6,315,14.8,726.0,600.0,126.0,3600.0,1,offday,train,-0.4999999999999998,-0.8660254037844388,-1.0,-1.8369701987210297e-16,True,723.4077546259049,0.04167019195585908,special_case
2025-10-18 15:00:00,2025-10-18,15,2025,10,18,Saturday,True,fall,3839,397366,103.50768429278456,0.1124759978651691,431.79535580438414,725.0815348407452,65.70350016130226,True,,False,False,True,True,149178.0,147634.0,366698.0,410984.0,0.0,0.0,0.0,0.0,20.0,17.0,3.0,12.0,4,52.0,22,0,True,True,False,True,흐림,16.4,76,12.2,16.0,0.0,0.0,0.0,0.0,3,1020.8,1016.8,100,43,0,100,7.5,316,27.7,237.0,21.0,216.0,0.0,1,offday,test,-0.7071067811865471,-0.7071067811865479,-0.8660254037844386,0.5000000000000001,True,723.4494248178607,1.6321100228844898,special_case
2022-05-21 17:00:00,2022-05-21,17,2022,5,21,Saturday,True,spring,7059,413591,58.59059356849412,0.1056648495856345,745.888173224994,728.3671800828694,-34.46245884810412,True,,False,False,True,True,,,472300.0,452585.0,0.0,0.0,0.0,0.0,0.0,0.0,0.0,0.0,4,52.0,22,0,False,True,False,False,대체로 맑음,18.9,73,13.9,17.7,0.0,0.0,0.0,0.0,1,1007.8,1003.9,25,24,1,0,16.9,250,35.6,425.0,262.0,163.0,3600.0,1,offday,train,-0.9659258262890683,-0.25881904510252063,0.49999999999999994,-0.8660254037844387,True,725.0815348407452,3.285645242124133,special_case
2024-09-28 14:00:00,2024-09-28,14,2024,9,28,Saturday,True,fall,5061,433205,85.59672001580715,0.1053558771818858,533.2060944175244,730.9190237163924,108.10004368602335,True,,False,False,True,True,123791.0,120526.0,276892.0,362326.0,778.0,29744.0,3074602.16,622.0,0.0,0.0,0.0,0.0,4,52.0,22,0,True,True,True,False,맑음,26.0,58,17.1,27.0,0.0,0.0,0.0,0.0,0,1018.2,1014.4,4,4,2,0,15.3,77,29.9,693.0,562.0,131.0,3600.0,1,offday,valid,-0.4999999999999998,-0.8660254037844388,-1.0,-1.8369701987210297e-16,True,728.3671800828694,2.551843633523049,special_case
2022-05-22 16:00:00,2022-05-22,16,2022,5,22,Sunday,True,spring,6410,399059,62.25569422776911,0.1106643479569391,709.3584704039798,735.315535846251,21.31166598829157,True,,False,False,True,True,,,354655.0,373146.0,0.0,0.0,0.0,0.0,0.0,0.0,0.0,0.0,4,52.0,22,0,False,True,False,False,맑음,22.8,56,13.4,21.8,0.0,0.0,0.0,0.0,0,1006.0,1002.2,0,0,0,0,17.0,234,37.8,635.0,467.0,168.0,3600.0,1,offday,train,-0.8660254037844384,-0.5000000000000004,0.49999999999999994,-0.8660254037844387,True,730.9190237163924,4.396512129858593,special_case
2022-09-18 13:00:00,2022-09-18,13,2022,9,18,Sunday,True,fall,6875,498703,72.53861818181818,0.0915726254037753,629.5617996509558,735.6111682908961,149.0284283294077,True,,False,False,True,True,,,222483.0,326414.0,0.0,0.0,0.0,0.0,0.0,0.0,0.0,0.0,4,52.0,22,0,False,True,False,False,대체로 맑음,29.6,64,22.0,33.9,0.0,0.0,0.0,0.0,1,1004.3,1000.6,38,0,8,37,10.4,14,25.2,698.0,494.0,204.0,3600.0,1,offday,train,-0.2588190451025208,-0.9659258262890683,-1.0,-1.8369701987210297e-16,True,735.315535846251,0.29563244464509353,special_case
2025-09-20 14:00:00,2025-09-20,14,2025,9,20,Saturday,True,fall,3574,456305,127.6734750979295,0.1053558771818858,376.54190504806,737.5614788898588,121.30122401548306,True,,False,False,True,True,130450.0,127036.0,290975.0,362837.0,0.0,0.0,0.0,0.0,17.0,16.0,1.0,8.0,4,52.0,22,0,True,True,False,True,부분적으로 흐림,22.3,68,16.0,23.2,0.0,0.0,0.0,0.0,2,1009.0,1005.2,66,66,1,0,8.0,308,23.0,334.0,33.0,301.0,0.0,1,offday,test,-0.4999999999999998,-0.8660254037844388,-1.0,-1.8369701987210297e-16,True,735.6111682908961,1.9503105989626874,special_case
2023-09-02 15:00:00,2023-09-02,15,2023,9,2,Saturday,True,fall,3905,404509,103.58745198463508,0.1124759978651691,439.2187716634853,738.0940799843454,66.90462963322773,True,,False,False,True,True,129581.0,129207.0,302627.0,354386.0,0.0,0.0,0.0,0.0,0.0,0.0,0.0,0.0,4,52.0,22,0,True,True,False,False,부분적으로 흐림,29.2,44,15.8,31.6,0.0,0.0,0.0,0.0,2,1011.0,1007.2,72,0,0,72,4.0,80,13.7,716.0,556.0,160.0,3600.0,1,offday,train,-0.7071067811865471,-0.7071067811865479,-1.0,-1.8369701987210297e-16,True,737.5614788898588,0.5326010944866084,special_case
2022-09-18 18:00:00,2022-09-18,18,2022,9,18,Sunday,True,fall,6875,498703,72.53861818181818,0.0862061061335171,592.6669796679304,739.1612541129784,-121.79041803600512,True,,False,False,True,True,,,611046.0,611210.0,0.0,0.0,0.0,0.0,0.0,0.0,0.0,0.0,4,52.0,22,0,False,True,False,False,대체로 맑음,28.8,75,23.8,33.7,0.0,0.0,0.0,0.0,1,1001.7,998.0,34,9,28,0,7.2,37,18.7,134.0,76.0,58.0,3600.0,1,offday,train,-1.0,-1.8369701987210297e-16,-1.0,-1.8369701987210297e-16,True,738.0940799843454,1.0671741286330416,special_case
2025-10-18 16:00:00,2025-10-18,16,2025,10,18,Saturday,True,fall,3839,397366,103.50768429278456,0.1113266708276356,427.38308930729335,740.4900229644222,15.408488123676989,True,,False,False,True,True,169940.0,167366.0,450110.0,449807.0,0.0,0.0,0.0,0.0,20.0,17.0,3.0,12.0,4,52.0,22,0,True,True,False,True,흐림,16.5,74,12.0,15.9,0.0,0.0,0.0,0.0,3,1021.6,1017.6,100,41,0,100,8.4,310,19.8,180.0,14.0,166.0,0.0,1,offday,test,-0.8660254037844384,-0.5000000000000004,-0.8660254037844386,0.5000000000000001,True,739.1612541129784,1.3287688514437832,special_case
2024-10-09 15:00:00,2024-10-09,15,2024,10,9,Wednesday,False,fall,3382,372716,110.20579538734476,0.1159356419712001,392.094341146599,741.8207032481505,-16.069351338122715,False,한글날,True,False,True,False,151361.0,152876.0,372698.0,420149.0,1053.0,44772.0,4524059.85,949.0,0.0,0.0,0.0,0.0,4,52.0,22,0,True,True,True,False,흐림,22.0,50,11.1,21.7,0.0,0.0,0.0,0.0,3,1015.1,1011.2,81,9,16,78,4.4,83,14.8,414.0,176.0,238.0,3600.0,1,offday,valid,-0.7071067811865471,-0.7071067811865479,-0.8660254037844386,0.5000000000000001,True,740.4900229644222,1.3306802837282703,special_case
2022-05-21 15:00:00,2022-05-21,15,2022,5,21,Saturday,True,spring,7059,413591,58.59059356849412,0.1077131147753142,760.3468771989435,742.4862475506168,68.48640451471488,True,,False,False,True,True,,,285323.0,338698.0,0.0,0.0,0.0,0.0,0.0,0.0,0.0,0.0,4,52.0,22,0,False,True,False,False,맑음,21.6,60,13.6,21.1,0.0,0.0,0.0,0.0,0,1008.3,1004.5,13,13,0,0,17.6,247,37.1,727.0,495.0,232.0,3600.0,1,offday,train,-0.7071067811865471,-0.7071067811865479,0.49999999999999994,-0.8660254037844387,True,741.8207032481505,0.6655443024662873,special_case
2023-09-03 14:00:00,2023-09-03,14,2023,9,3,Sunday,True,fall,3849,453195,117.7435697583788,0.1053558771818858,405.5147712730787,744.7226689250137,118.83524680958136,True,,False,False,True,True,114872.0,111185.0,261221.0,333016.0,0.0,0.0,0.0,0.0,0.0,0.0,0.0,0.0,4,52.0,22,0,True,True,False,False,흐림,29.1,71,23.4,35.5,0.0,0.0,0.0,0.0,3,1011.9,1008.1,88,2,12,86,3.8,107,19.4,745.0,584.0,161.0,3600.0,1,offday,train,-0.4999999999999998,-0.8660254037844388,-1.0,-1.8369701987210297e-16,True,742.4862475506168,2.2364213743969685,special_case
2025-04-26 17:00:00,2025-04-26,17,2025,4,26,Saturday,True,spring,4412,415974,94.2824116047144,0.1056648495856345,466.1933163718195,745.1670711364674,-14.61802308663789,True,,False,False,True,True,185734.0,180827.0,531110.0,520394.0,0.0,0.0,0.0,0.0,4.0,4.0,0.0,3.0,4,52.0,22,0,True,True,False,True,맑음,14.9,59,6.8,11.9,0.0,0.0,0.0,0.0,0,1016.8,1012.8,1,0,0,1,14.4,220,35.6,425.0,285.0,140.0,3600.0,1,offday,test,-0.9659258262890683,-0.25881904510252063,0.8660254037844387,-0.49999999999999983,True,744.7226689250137,0.444402211453621,special_case
2025-04-27 15:00:00,2025-04-27,15,2025,4,27,Sunday,True,spring,3968,435330,109.7101814516129,0.1077131147753142,427.4056394284471,748.8499383586261,88.15169457217303,True,,False,False,True,True,138174.0,140551.0,335455.0,381149.0,0.0,0.0,0.0,0.0,4.0,4.0,0.0,3.0,4,52.0,22,0,True,True,False,True,흐림,15.9,54,6.7,13.4,0.0,0.0,0.0,0.0,3,1013.9,1010.0,100,0,100,100,11.6,238,32.0,480.0,126.0,354.0,2857.79,1,offday,test,-0.7071067811865471,-0.7071067811865479,0.8660254037844387,-0.49999999999999983,True,745.1670711364674,3.682867222158734,special_case
2022-09-25 17:00:00,2022-09-25,17,2022,9,25,Sunday,True,fall,4893,429828,87.84549356223177,0.1019646238147499,498.91290432557133,751.7135084409665,-48.418387870880906,True,,False,False,True,True,,,450705.0,449410.0,0.0,0.0,0.0,0.0,0.0,0.0,0.0,0.0,4,52.0,22,0,False,True,False,False,맑음,21.9,59,13.6,21.9,0.0,0.0,0.0,0.0,0,1015.8,1011.9,11,0,0,11,7.6,265,13.7,298.0,213.0,85.0,3600.0,1,offday,train,-0.9659258262890683,-0.25881904510252063,-1.0,-1.8369701987210297e-16,True,748.8499383586261,2.8635700823404022,special_case
2023-09-09 17:00:00,2023-09-09,17,2023,9,9,Saturday,True,fall,4206,426609,101.4286733238231,0.1019646238147499,428.86320776483814,752.1725588489162,-42.71458785225025,True,,False,False,True,True,176035.0,170252.0,477431.0,487098.0,0.0,0.0,0.0,0.0,0.0,0.0,0.0,0.0,4,52.0,22,0,True,True,False,False,흐림,27.8,62,19.8,30.1,0.0,0.0,0.0,0.0,3,1010.0,1006.2,99,0,1,99,9.4,266,16.6,347.0,211.0,136.0,3600.0,1,offday,train,-0.9659258262890683,-0.25881904510252063,-1.0,-1.8369701987210297e-16,True,751.7135084409665,0.45905040794968954,special_case
2023-09-10 17:00:00,2023-09-10,17,2023,9,10,Sunday,True,fall,3847,425511,110.60852612425266,0.1019646238147499,392.2579078153429,753.4962556503965,-39.74518869631186,True,,False,False,True,True,176035.0,170252.0,477431.0,487098.0,0.0,0.0,0.0,0.0,0.0,0.0,0.0,0.0,4,52.0,22,0,True,True,False,False,흐림,27.0,63,19.4,29.2,0.0,0.0,0.0,0.0,3,1009.4,1005.6,100,2,4,100,9.2,281,18.0,281.0,103.0,178.0,3600.0,1,offday,train,-0.9659258262890683,-0.25881904510252063,-1.0,-1.8369701987210297e-16,True,752.1725588489162,1.3236968014803097,special_case
2023-09-02 16:00:00,2023-09-02,16,2023,9,2,Saturday,True,fall,3905,404509,103.58745198463508,0.1113266708276356,434.7306495819173,753.8044349257934,15.710354941448031,True,,False,False,True,True,153290.0,153243.0,371136.0,394601.0,0.0,0.0,0.0,0.0,0.0,0.0,0.0,0.0,4,52.0,22,0,True,True,False,False,흐림,29.2,44,15.8,31.0,0.0,0.0,0.0,0.0,3,1010.7,1006.9,100,0,0,100,2.5,98,12.2,584.0,449.0,135.0,3600.0,1,offday,train,-0.8660254037844384,-0.5000000000000004,-1.0,-1.8369701987210297e-16,True,753.4962556503965,0.3081792753969239,special_case
2024-09-28 17:00:00,2024-09-28,17,2024,9,28,Saturday,True,fall,5061,433205,85.59672001580715,0.1019646238147499,516.0429611264493,756.4065206658837,-49.86281278350259,True,,False,False,True,True,177953.0,178514.0,487048.0,505092.0,986.0,36777.0,3971879.69,1004.0,0.0,0.0,0.0,0.0,4,52.0,22,0,True,True,True,False,맑음,25.2,63,17.8,26.5,0.0,0.0,0.0,0.0,0,1017.7,1013.9,7,0,7,0,9.9,46,24.5,252.0,161.0,91.0,3600.0,1,offday,valid,-0.9659258262890683,-0.25881904510252063,-1.0,-1.8369701987210297e-16,True,753.8044349257934,2.602085740090274,special_case
2024-10-09 14:00:00,2024-10-09,14,2024,10,9,Wednesday,False,fall,3382,372716,110.20579538734476,0.1235811310401487,417.9513851777829,757.8900545862732,50.21435104756165,False,한글날,True,False,True,False,137145.0,135034.0,317937.0,400793.0,977.0,44165.0,4328734.75,835.0,0.0,0.0,0.0,0.0,4,52.0,22,0,True,True,True,False,흐림,22.0,52,11.8,22.0,0.0,0.0,0.0,0.0,3,1015.8,1011.9,100,18,7,100,5.3,100,17.6,582.0,394.0,188.0,3600.0,1,offday,valid,-0.4999999999999998,-0.8660254037844388,-0.8660254037844386,0.5000000000000001,True,756.4065206658837,1.4835339203895046,special_case
2025-04-26 16:00:00,2025-04-26,16,2025,4,26,Saturday,True,spring,4412,415974,94.2824116047144,0.1106643479569391,488.2511031860155,759.7850942231053,38.066943416749154,True,,False,False,True,True,157584.0,162114.0,405239.0,426517.0,0.0,0.0,0.0,0.0,4.0,4.0,0.0,3.0,4,52.0,22,0,True,True,False,True,맑음,15.6,56,6.9,12.9,0.0,0.0,0.0,0.0,0,1016.8,1012.8,0,0,0,0,15.4,224,35.3,605.0,440.0,165.0,3600.0,1,offday,test,-0.8660254037844384,-0.5000000000000004,0.8660254037844387,-0.49999999999999983,True,757.8900545862732,1.8950396368320526,special_case
2022-05-21 16:00:00,2022-05-21,16,2022,5,21,Saturday,True,spring,7059,413591,58.59059356849412,0.1106643479569391,781.1796322280334,762.8296389309735,20.343391380356707,True,,False,False,True,True,,,354655.0,373146.0,0.0,0.0,0.0,0.0,0.0,0.0,0.0,0.0,4,52.0,22,0,False,True,False,False,맑음,20.5,66,13.9,19.4,0.0,0.0,0.0,0.0,0,1007.6,1003.7,19,18,1,0,17.7,243,36.4,601.0,408.0,193.0,3600.0,1,offday,train,-0.8660254037844384,-0.5000000000000004,0.49999999999999994,-0.8660254037844387,True,759.7850942231053,3.0445447078682264,special_case
2023-09-10 15:00:00,2023-09-10,15,2023,9,10,Sunday,True,fall,3847,425511,110.60852612425266,0.1124759978651691,432.6951637873055,774.5591818609478,72.11568880079221,True,,False,False,True,True,129581.0,129207.0,302627.0,354386.0,0.0,0.0,0.0,0.0,0.0,0.0,0.0,0.0,4,52.0,22,0,True,True,False,False,흐림,28.1,62,20.1,31.8,0.0,0.0,0.0,0.0,3,1009.5,1005.7,98,14,10,97,5.6,243,14.8,629.0,433.0,196.0,3600.0,1,offday,train,-0.7071067811865471,-0.7071067811865479,-1.0,-1.8369701987210297e-16,True,762.8296389309735,11.729542929974286,special_case
2023-09-09 15:00:00,2023-09-09,15,2023,9,9,Saturday,True,fall,4206,426609,101.4286733238231,0.1124759978651691,473.0740470209012,779.043317738675,69.9758582452888,True,,False,False,True,True,129581.0,129207.0,302627.0,354386.0,0.0,0.0,0.0,0.0,0.0,0.0,0.0,0.0,4,52.0,22,0,True,True,False,False,흐림,29.0,58,20.0,32.9,0.0,0.0,0.0,0.0,3,1010.3,1006.5,98,20,0,97,5.8,274,15.5,682.0,536.0,146.0,3600.0,1,offday,train,-0.7071067811865471,-0.7071067811865479,-1.0,-1.8369701987210297e-16,True,774.5591818609478,4.484135877727226,special_case
2025-04-27 17:00:00,2025-04-27,17,2025,4,27,Sunday,True,spring,3968,435330,109.7101814516129,0.1056648495856345,419.27812315579774,783.087167064235,-10.135830452745154,True,,False,False,True,True,185734.0,180827.0,531110.0,520394.0,0.0,0.0,0.0,0.0,4.0,4.0,0.0,3.0,4,52.0,22,0,True,True,False,True,흐림,14.8,58,6.6,12.1,0.0,0.0,0.0,0.0,3,1012.4,1008.4,100,0,83,100,12.9,222,28.4,269.0,42.0,227.0,571.41,1,offday,test,-0.9659258262890683,-0.25881904510252063,0.8660254037844387,-0.49999999999999983,True,779.043317738675,4.043849325560018,special_case
2022-05-05 17:00:00,2022-05-05,17,2022,5,5,Thursday,False,spring,4234,493800,116.62730278696267,0.0863329331814696,365.53363909034255,787.1313191201936,-128.6268615590667,False,어린이날,True,False,True,False,,,472300.0,452585.0,0.0,0.0,0.0,0.0,0.0,0.0,0.0,0.0,4,52.0,22,0,False,True,False,False,맑음,20.9,48,9.4,18.7,0.0,0.0,0.0,0.0,0,1016.6,1012.7,0,0,0,0,14.3,242,28.8,457.0,316.0,141.0,3600.0,1,offday,train,-0.9659258262890683,-0.25881904510252063,0.49999999999999994,-0.8660254037844387,True,783.087167064235,4.044152055958534,special_case
2022-09-25 15:00:00,2022-09-25,15,2022,9,25,Sunday,True,fall,4893,429828,87.84549356223177,0.1124759978651691,550.3450575542724,789.587183458899,66.1377586410382,True,,False,False,True,True,,,278702.0,322443.0,0.0,0.0,0.0,0.0,0.0,0.0,0.0,0.0,4,52.0,22,0,False,True,False,False,맑음,23.1,50,12.1,23.4,0.0,0.0,0.0,0.0,0,1015.8,1011.9,0,0,0,0,5.9,308,15.5,628.0,509.0,119.0,3600.0,1,offday,train,-0.7071067811865471,-0.7071067811865479,-1.0,-1.8369701987210297e-16,True,787.1313191201936,2.455864338705396,special_case
2025-04-27 16:00:00,2025-04-27,16,2025,4,27,Sunday,True,spring,3968,435330,109.7101814516129,0.1106643479569391,439.1161326931345,793.2229975169802,44.37305915835407,True,,False,False,True,True,157584.0,162114.0,405239.0,426517.0,0.0,0.0,0.0,0.0,4.0,4.0,0.0,3.0,4,52.0,22,0,True,True,False,True,흐림,15.6,56,6.8,13.0,0.0,0.0,0.0,0.0,3,1013.0,1009.1,100,0,100,100,12.1,230,27.4,366.0,82.0,284.0,1765.54,1,offday,test,-0.8660254037844384,-0.5000000000000004,0.8660254037844387,-0.49999999999999983,True,789.587183458899,3.6358140580812233,special_case
2023-09-10 16:00:00,2023-09-10,16,2023,9,10,Sunday,True,fall,3847,425511,110.60852612425266,0.1113266708276356,428.2737026739144,793.2414443467084,18.68226248576059,True,,False,False,True,True,153290.0,153243.0,371136.0,394601.0,0.0,0.0,0.0,0.0,0.0,0.0,0.0,0.0,4,52.0,22,0,True,True,False,False,흐림,27.8,61,19.5,30.1,0.0,0.0,0.0,0.0,3,1009.4,1005.6,100,6,3,100,9.0,268,18.0,455.0,265.0,190.0,3600.0,1,offday,train,-0.8660254037844384,-0.5000000000000004,-1.0,-1.8369701987210297e-16,True,793.2229975169802,0.018446829728191005,special_case
2023-09-09 16:00:00,2023-09-09,16,2023,9,9,Saturday,True,fall,4206,426609,101.4286733238231,0.1113266708276356,468.2399775010357,794.8871467011664,15.843828962491443,True,,False,False,True,True,153290.0,153243.0,371136.0,394601.0,0.0,0.0,0.0,0.0,0.0,0.0,0.0,0.0,4,52.0,22,0,True,True,False,False,흐림,28.7,59,20.0,31.5,0.0,0.0,0.0,0.0,3,1009.9,1006.1,100,2,0,100,6.8,267,15.5,517.0,365.0,152.0,3600.0,1,offday,train,-0.8660254037844384,-0.5000000000000004,-1.0,-1.8369701987210297e-16,True,793.2414443467084,1.6457023544580807,special_case
2024-09-28 15:00:00,2024-09-28,15,2024,9,28,Saturday,True,fall,5061,433205,85.59672001580715,0.1124759978651691,569.2410251956208,796.7131436877442,65.79411997135173,True,,False,False,True,True,138586.0,141284.0,321614.0,389738.0,896.0,35684.0,3829711.11,802.0,0.0,0.0,0.0,0.0,4,52.0,22,0,True,True,True,False,맑음,26.0,58,17.1,26.6,0.0,0.0,0.0,0.0,0,1018.0,1014.2,5,4,2,0,14.3,61,29.5,563.0,423.0,140.0,3600.0,1,offday,valid,-0.7071067811865471,-0.7071067811865479,-1.0,-1.8369701987210297e-16,True,794.8871467011664,1.8259969865777066,special_case
2025-09-21 18:00:00,2025-09-21,18,2025,9,21,Sunday,True,fall,4673,514104,110.01583565161566,0.0862061061335171,402.8411339619256,800.0341295699025,-110.10847105839592,True,,False,False,True,True,233826.0,230076.0,678014.0,700477.0,0.0,0.0,0.0,0.0,17.0,16.0,1.0,8.0,4,52.0,22,0,True,True,False,True,맑음,22.9,73,17.8,25.2,0.0,0.0,0.0,0.0,0,1017.5,1013.6,11,11,0,0,3.3,13,9.0,127.0,69.0,58.0,3600.0,1,offday,test,-1.0,-1.8369701987210297e-16,-1.0,-1.8369701987210297e-16,True,796.7131436877442,3.320985882158311,special_case
2022-09-25 16:00:00,2022-09-25,16,2022,9,25,Sunday,True,fall,4893,429828,87.84549356223177,0.1113266708276356,544.7214003596214,800.1318963118474,10.544712852948464,True,,False,False,True,True,,,342287.0,362512.0,0.0,0.0,0.0,0.0,0.0,0.0,0.0,0.0,4,52.0,22,0,False,True,False,False,맑음,22.8,53,12.6,22.8,0.0,0.0,0.0,0.0,0,1015.7,1011.8,1,0,0,1,5.8,292,15.5,484.0,383.0,101.0,3600.0,1,offday,train,-0.8660254037844384,-0.5000000000000004,-1.0,-1.8369701987210297e-16,True,800.0341295699025,0.09776674194495172,special_case
2023-09-03 17:00:00,2023-09-03,17,2023,9,3,Sunday,True,fall,3849,453195,117.7435697583788,0.1019646238147499,392.4618370629724,804.8436574762418,-40.29191363138057,True,,False,False,True,True,176035.0,170252.0,477431.0,487098.0,0.0,0.0,0.0,0.0,0.0,0.0,0.0,0.0,4,52.0,22,0,True,True,False,False,약한 이슬비,28.1,75,23.4,33.4,0.3,0.3,0.0,0.0,51,1011.6,1007.8,100,28,26,100,3.1,201,13.3,185.0,27.0,158.0,0.0,1,offday,train,-0.9659258262890683,-0.25881904510252063,-1.0,-1.8369701987210297e-16,True,800.1318963118474,4.711761164394375,special_case
2024-09-28 16:00:00,2024-09-28,16,2024,9,28,Saturday,True,fall,5061,433205,85.59672001580715,0.1113266708276356,563.4242810586642,806.2693334493863,9.556189761642145,True,,False,False,True,True,157557.0,162508.0,383752.0,422775.0,981.0,39456.0,4314062.93,900.0,0.0,0.0,0.0,0.0,4,52.0,22,0,True,True,True,False,맑음,25.9,59,17.2,26.4,0.0,0.0,0.0,0.0,0,1017.8,1014.0,6,3,5,0,14.4,43,26.6,411.0,290.0,121.0,3600.0,1,offday,valid,-0.8660254037844384,-0.5000000000000004,-1.0,-1.8369701987210297e-16,True,804.8436574762418,1.4256759731445072,special_case
2025-09-20 17:00:00,2025-09-20,17,2025,9,20,Saturday,True,fall,3574,456305,127.6734750979295,0.1019646238147499,364.42156551391616,813.7139910760905,-34.313162360547494,True,,False,False,True,True,198285.0,196763.0,541119.0,545845.0,0.0,0.0,0.0,0.0,17.0,16.0,1.0,8.0,4,52.0,22,0,True,True,False,True,대체로 맑음,22.1,68,16.0,22.9,0.0,0.0,0.0,0.0,1,1009.9,1006.1,31,22,18,0,9.2,334,21.2,245.0,137.0,108.0,3600.0,1,offday,test,-0.9659258262890683,-0.25881904510252063,-1.0,-1.8369701987210297e-16,True,806.2693334493863,7.444657626704156,special_case
2025-09-20 15:00:00,2025-09-20,15,2025,9,20,Saturday,True,fall,3574,456305,127.6734750979295,0.1124759978651691,401.9892163701144,820.3874422798167,82.8259633899579,True,,False,False,True,True,147067.0,148369.0,339515.0,383623.0,0.0,0.0,0.0,0.0,17.0,16.0,1.0,8.0,4,52.0,22,0,True,True,False,True,흐림,22.7,66,16.1,23.6,0.0,0.0,0.0,0.0,3,1009.1,1005.3,87,86,5,0,8.1,315,20.9,384.0,96.0,288.0,2388.26,1,offday,test,-0.7071067811865471,-0.7071067811865479,-1.0,-1.8369701987210297e-16,True,813.7139910760905,6.673451203726245,special_case
2023-09-03 15:00:00,2023-09-03,15,2023,9,3,Sunday,True,fall,3849,453195,117.7435697583788,0.1124759978651691,432.92011578303584,823.1846238340365,78.46195490902278,True,,False,False,True,True,129581.0,129207.0,302627.0,354386.0,0.0,0.0,0.0,0.0,0.0,0.0,0.0,0.0,4,52.0,22,0,True,True,False,False,흐림,29.2,71,23.5,35.2,0.0,0.0,0.0,0.0,3,1011.5,1007.7,100,28,13,100,2.5,98,16.9,628.0,440.0,188.0,3600.0,1,offday,train,-0.7071067811865471,-0.7071067811865479,-1.0,-1.8369701987210297e-16,True,820.3874422798167,2.797181554219833,special_case
2025-09-27 19:00:00,2025-09-27,19,2025,9,27,Saturday,True,fall,5508,653955,118.72821350762528,0.0671035658554383,369.6064407317542,834.3651104240785,-190.17490030060435,True,,False,False,True,True,168331.0,176580.0,458639.0,471841.0,0.0,0.0,0.0,0.0,17.0,15.0,2.0,9.0,4,52.0,22,0,True,True,False,True,부분적으로 흐림,22.8,79,19.0,25.7,0.0,0.0,0.0,0.0,2,1015.6,1011.7,60,2,58,3,2.9,180,5.8,4.0,0.0,4.0,0.0,1,offday,test,-0.9659258262890684,0.2588190451025203,-1.0,-1.8369701987210297e-16,True,823.1846238340365,11.180486590041937,special_case
2023-09-03 16:00:00,2023-09-03,16,2023,9,3,Sunday,True,fall,3849,453195,117.7435697583788,0.1113266708276356,428.4963560155697,845.1355711076224,21.950947273585825,True,,False,False,True,True,153290.0,153243.0,371136.0,394601.0,0.0,0.0,0.0,0.0,0.0,0.0,0.0,0.0,4,52.0,22,0,True,True,False,False,흐림,29.1,71,23.4,34.4,0.0,0.0,0.0,0.0,3,1011.3,1007.5,100,2,12,100,3.3,84,14.8,436.0,189.0,247.0,3600.0,1,offday,train,-0.8660254037844384,-0.5000000000000004,-1.0,-1.8369701987210297e-16,True,834.3651104240785,10.770460683543888,special_case
2025-09-20 16:00:00,2025-09-20,16,2025,9,20,Saturday,True,fall,3574,456305,127.6734750979295,0.1113266708276356,397.8815215379699,848.027153436638,27.63971115682125,True,,False,False,True,True,169351.0,172630.0,412088.0,438157.0,0.0,0.0,0.0,0.0,17.0,16.0,1.0,8.0,4,52.0,22,0,True,True,False,True,대체로 맑음,22.6,67,16.2,23.5,0.0,0.0,0.0,0.0,1,1009.4,1005.6,21,18,14,0,8.4,325,20.5,341.0,154.0,187.0,3600.0,1,offday,test,-0.8660254037844384,-0.5000000000000004,-1.0,-1.8369701987210297e-16,True,845.1355711076224,2.8915823290155913,special_case
2025-09-21 14:00:00,2025-09-21,14,2025,9,21,Sunday,True,fall,4673,514104,110.01583565161566,0.1053558771818858,492.3280140709526,849.0400190688192,133.58726544820547,True,,False,False,True,True,130450.0,127036.0,290975.0,362837.0,0.0,0.0,0.0,0.0,17.0,16.0,1.0,8.0,4,52.0,22,0,True,True,False,True,맑음,25.4,51,14.4,26.6,0.0,0.0,0.0,0.0,0,1017.3,1013.5,4,3,1,0,6.6,22,19.8,676.0,503.0,173.0,3600.0,1,offday,test,-0.4999999999999998,-0.8660254037844388,-1.0,-1.8369701987210297e-16,True,848.027153436638,1.0128656321812741,special_case
2022-09-18 14:00:00,2022-09-18,14,2022,9,18,Sunday,True,fall,6875,498703,72.53861818181818,0.1053558771818858,724.3216556254653,855.8855727534927,120.27440446259664,True,,False,False,True,True,,,237928.0,302473.0,0.0,0.0,0.0,0.0,0.0,0.0,0.0,0.0,4,52.0,22,0,False,True,False,False,맑음,30.7,62,22.5,35.5,0.0,0.0,0.0,0.0,0,1003.5,999.8,2,2,0,0,8.3,34,21.2,690.0,501.0,189.0,3600.0,1,offday,train,-0.4999999999999998,-0.8660254037844388,-1.0,-1.8369701987210297e-16,True,849.0400190688192,6.8455536846735185,special_case
2022-05-05 13:00:00,2022-05-05,13,2022,5,5,Thursday,False,spring,4234,493800,116.62730278696267,0.111787395763264,473.30783366166,858.0978959275046,145.53076182109896,False,어린이날,True,False,True,False,,,232173.0,351954.0,0.0,0.0,0.0,0.0,0.0,0.0,0.0,0.0,4,52.0,22,0,False,True,False,False,맑음,22.1,28,2.9,20.4,0.0,0.0,0.0,0.0,0,1019.5,1015.6,0,0,0,0,14.3,225,31.3,907.0,715.0,192.0,3600.0,1,offday,train,-0.2588190451025208,-0.9659258262890683,0.49999999999999994,-0.8660254037844387,True,855.8855727534927,2.2123231740118854,special_case
2022-09-18 17:00:00,2022-09-18,17,2022,9,18,Sunday,True,fall,6875,498703,72.53861818181818,0.1019646238147499,701.0067887264056,860.9516721489836,-66.01533052386458,True,,False,False,True,True,,,450705.0,449410.0,0.0,0.0,0.0,0.0,0.0,0.0,0.0,0.0,4,52.0,22,0,False,True,False,False,맑음,30.5,66,23.4,34.6,0.0,0.0,0.0,0.0,0,1001.1,997.4,3,1,2,0,11.2,356,21.2,302.0,198.0,104.0,3600.0,1,offday,train,-0.9659258262890683,-0.25881904510252063,-1.0,-1.8369701987210297e-16,True,858.0978959275046,2.853776221478938,special_case
2025-09-27 13:00:00,2025-09-27,13,2025,9,27,Saturday,True,fall,5508,653955,118.72821350762528,0.0915726254037753,504.38202072399486,902.3301144191644,198.8922003336627,True,,False,False,True,True,131791.0,126324.0,275145.0,387702.0,0.0,0.0,0.0,0.0,17.0,15.0,2.0,9.0,4,52.0,22,0,True,True,False,True,흐림,26.5,55,16.9,28.4,0.0,0.0,0.0,0.0,3,1017.6,1013.8,98,3,0,98,7.9,131,23.4,645.0,384.0,261.0,3600.0,1,offday,test,-0.2588190451025208,-0.9659258262890683,-1.0,-1.8369701987210297e-16,True,860.9516721489836,41.37844227018081,special_case
2025-09-21 17:00:00,2025-09-21,17,2025,9,21,Sunday,True,fall,4673,514104,110.01583565161566,0.1019646238147499,476.4806870863263,910.1426006282984,-48.2259342332228,True,,False,False,True,True,198285.0,196763.0,541119.0,545845.0,0.0,0.0,0.0,0.0,17.0,16.0,1.0,8.0,4,52.0,22,0,True,True,False,True,맑음,25.0,53,14.8,26.0,0.0,0.0,0.0,0.0,0,1017.2,1013.4,8,6,3,0,4.5,353,12.6,308.0,211.0,97.0,3600.0,1,offday,test,-0.9659258262890683,-0.25881904510252063,-1.0,-1.8369701987210297e-16,True,902.3301144191644,7.812486209134022,special_case
2022-05-05 16:00:00,2022-05-05,16,2022,5,5,Thursday,False,spring,4234,493800,116.62730278696267,0.1055049249323951,446.70785216376106,915.7581806792602,-58.73494065584646,False,어린이날,True,False,True,False,,,354655.0,373146.0,0.0,0.0,0.0,0.0,0.0,0.0,0.0,0.0,4,52.0,22,0,False,True,False,False,맑음,22.1,42,8.6,20.2,0.0,0.0,0.0,0.0,0,1017.0,1013.1,12,0,0,12,14.3,229,29.5,639.0,476.0,163.0,3600.0,1,offday,train,-0.8660254037844384,-0.5000000000000004,0.49999999999999994,-0.8660254037844387,True,910.1426006282984,5.615580050961853,special_case
2022-09-18 15:00:00,2022-09-18,15,2022,9,18,Sunday,True,fall,6875,498703,72.53861818181818,0.1124759978651691,773.2724853230376,924.6390300015394,68.75345724804663,True,,False,False,True,True,,,278702.0,322443.0,0.0,0.0,0.0,0.0,0.0,0.0,0.0,0.0,4,52.0,22,0,False,True,False,False,대체로 맑음,31.5,59,22.6,35.6,0.0,0.0,0.0,0.0,1,1002.4,998.7,32,32,0,0,10.8,30,20.2,620.0,480.0,140.0,3600.0,1,offday,train,-0.7071067811865471,-0.7071067811865479,-1.0,-1.8369701987210297e-16,True,915.7581806792602,8.880849322279118,special_case
2022-09-18 16:00:00,2022-09-18,16,2022,9,18,Sunday,True,fall,6875,498703,72.53861818181818,0.1113266708276356,765.3708619399953,926.967002672848,2.327972671308771,True,,False,False,True,True,,,342287.0,362512.0,0.0,0.0,0.0,0.0,0.0,0.0,0.0,0.0,4,52.0,22,0,False,True,False,False,대체로 맑음,31.5,60,22.8,35.2,0.0,0.0,0.0,0.0,1,1001.9,998.2,28,27,3,0,11.5,14,20.5,435.0,286.0,149.0,3600.0,1,offday,train,-0.8660254037844384,-0.5000000000000004,-1.0,-1.8369701987210297e-16,True,924.6390300015394,2.3279726713086575,special_case
2025-09-21 15:00:00,2025-09-21,15,2025,9,21,Sunday,True,fall,4673,514104,110.01583565161566,0.1124759978651691,525.6003380239351,936.0036219982532,86.96360292943405,True,,False,False,True,True,147067.0,148369.0,339515.0,383623.0,0.0,0.0,0.0,0.0,17.0,16.0,1.0,8.0,4,52.0,22,0,True,True,False,True,맑음,25.6,49,13.9,26.4,0.0,0.0,0.0,0.0,0,1017.0,1013.2,2,2,0,0,6.4,10,18.7,619.0,474.0,145.0,3600.0,1,offday,test,-0.7071067811865471,-0.7071067811865479,-1.0,-1.8369701987210297e-16,True,926.967002672848,9.036619325405127,special_case
2022-05-05 14:00:00,2022-05-05,14,2022,5,5,Thursday,False,spring,4234,493800,116.62730278696267,0.1194960865470364,505.94643044015226,952.6488639101552,94.55096798265072,False,어린이날,True,False,True,False,,,246708.0,328829.0,0.0,0.0,0.0,0.0,0.0,0.0,0.0,0.0,4,52.0,22,0,False,True,False,False,맑음,22.4,33,5.5,21.1,0.0,0.0,0.0,0.0,0,1018.6,1014.7,0,0,0,0,13.8,231,31.0,878.0,690.0,188.0,3600.0,1,offday,train,-0.4999999999999998,-0.8660254037844388,0.49999999999999994,-0.8660254037844387,True,936.0036219982532,16.645241911902076,special_case
2025-09-21 16:00:00,2025-09-21,16,2025,9,21,Sunday,True,fall,4673,514104,110.01583565161566,0.1113266708276356,520.2295327775415,958.3685348615212,22.364912863267932,True,,False,False,True,True,169351.0,172630.0,412088.0,438157.0,0.0,0.0,0.0,0.0,17.0,16.0,1.0,8.0,4,52.0,22,0,True,True,False,True,맑음,25.7,47,13.5,26.1,0.0,0.0,0.0,0.0,0,1016.9,1013.1,14,5,10,0,4.9,358,16.9,471.0,335.0,136.0,3600.0,1,offday,test,-0.8660254037844384,-0.5000000000000004,-1.0,-1.8369701987210297e-16,True,952.6488639101552,5.71967095136597,special_case
2022-05-05 15:00:00,2022-05-05,15,2022,5,5,Thursday,False,spring,4234,493800,116.62730278696267,0.1173799620909657,496.9867594931491,974.4931213351068,21.844257424951365,False,어린이날,True,False,True,False,,,285323.0,338698.0,0.0,0.0,0.0,0.0,0.0,0.0,0.0,0.0,4,52.0,22,0,False,True,False,False,맑음,22.5,38,7.4,21.0,0.0,0.0,0.0,0.0,0,1017.8,1013.9,11,0,0,11,14.1,230,30.2,784.0,606.0,178.0,3600.0,1,offday,train,-0.7071067811865471,-0.7071067811865479,0.49999999999999994,-0.8660254037844387,True,958.3685348615212,16.124586473585623,special_case
2025-09-27 18:00:00,2025-09-27,18,2025,9,27,Saturday,True,fall,5508,653955,118.72821350762528,0.0862061061335171,474.8232325834125,1024.5400107246828,-137.27105134645035,True,,False,False,True,True,233826.0,230076.0,678014.0,700477.0,0.0,0.0,0.0,0.0,17.0,15.0,2.0,9.0,4,52.0,22,0,True,True,False,True,맑음,24.6,74,19.8,27.9,0.0,0.0,0.0,0.0,0,1015.6,1011.8,2,2,0,0,3.6,150,9.7,91.0,40.0,51.0,3600.0,1,offday,test,-1.0,-1.8369701987210297e-16,-1.0,-1.8369701987210297e-16,True,974.4931213351068,50.046889389575995,special_case
2025-09-27 14:00:00,2025-09-27,14,2025,9,27,Saturday,True,fall,5508,653955,118.72821350762528,0.1053558771818858,580.3001715178273,1073.9910882259314,171.66097380676706,True,,False,False,True,True,130450.0,127036.0,290975.0,362837.0,0.0,0.0,0.0,0.0,17.0,15.0,2.0,9.0,4,52.0,22,0,True,True,False,True,흐림,26.7,56,17.1,28.1,0.0,0.0,0.0,0.0,3,1016.8,1013.0,100,19,0,99,8.3,146,20.5,565.0,277.0,288.0,3600.0,1,offday,test,-0.4999999999999998,-0.8660254037844388,-1.0,-1.8369701987210297e-16,True,1024.5400107246828,49.45107750124862,special_case
2025-09-27 17:00:00,2025-09-27,17,2025,9,27,Saturday,True,fall,5508,653955,118.72821350762528,0.1019646238147499,561.6211479716425,1161.8110620711332,-57.762464338076825,True,,False,False,True,True,198285.0,196763.0,541119.0,545845.0,0.0,0.0,0.0,0.0,17.0,15.0,2.0,9.0,4,52.0,22,0,True,True,False,True,대체로 맑음,25.9,65,18.8,28.4,0.0,0.0,0.0,0.0,1,1016.1,1012.3,29,21,0,10,4.9,184,16.9,198.0,63.0,135.0,3493.75,1,offday,test,-0.9659258262890683,-0.25881904510252063,-1.0,-1.8369701987210297e-16,True,1073.9910882259314,87.81997384520173,special_case
2025-09-27 15:00:00,2025-09-27,15,2025,9,27,Saturday,True,fall,5508,653955,118.72821350762528,0.1124759978651691,619.5177962413513,1187.5176690981934,113.526580872262,True,,False,False,True,True,147067.0,148369.0,339515.0,383623.0,0.0,0.0,0.0,0.0,17.0,15.0,2.0,9.0,4,52.0,22,0,True,True,False,True,흐림,26.9,56,17.5,28.5,0.0,0.0,0.0,0.0,3,1016.2,1012.4,100,7,0,100,6.7,156,20.5,521.0,291.0,230.0,3600.0,1,offday,test,-0.7071067811865471,-0.7071067811865479,-1.0,-1.8369701987210297e-16,True,1161.8110620711332,25.706607027060272,special_case
2025-09-27 16:00:00,2025-09-27,16,2025,9,27,Saturday,True,fall,5508,653955,118.72821350762528,0.1113266708276356,613.1873029186173,1219.57352640921,32.05585731101655,True,,False,False,True,True,169351.0,172630.0,412088.0,438157.0,0.0,0.0,0.0,0.0,17.0,15.0,2.0,9.0,4,52.0,22,0,True,True,False,True,흐림,26.5,58,17.5,28.1,0.0,0.0,0.0,0.0,3,1016.2,1012.4,99,42,0,98,7.7,179,17.6,348.0,124.0,224.0,3600.0,1,offday,test,-0.8660254037844384,-0.5000000000000004,-1.0,-1.8369701987210297e-16,True,1187.5176690981934,32.05585731101655,special_case
