date,year,month,day,day_of_week,is_weekend,is_holiday,holiday_name,is_substitute_holiday,is_holiday_or_weekend,is_long_weekend,daily_parking_count,daily_usage_minutes,avg_stay_minutes
2020-02-11,2020,2,11,Tuesday,False,False,,False,False,False,1035,34133,32.98
2020-02-12,2020,2,12,Wednesday,False,False,,False,False,False,853,33333,39.08
2020-02-13,2020,2,13,Thursday,False,False,,False,False,False,1051,40644,38.67
2020-02-14,2020,2,14,Friday,False,False,,False,False,False,1035,45603,44.06
2020-02-15,2020,2,15,Saturday,True,False,,False,True,False,1226,106975,87.26
2020-02-16,2020,2,16,Sunday,True,False,,False,True,False,848,49177,57.99
2020-02-17,2020,2,17,Monday,False,False,,False,False,False,1003,35353,35.25
2020-02-18,2020,2,18,Tuesday,False,False,,False,False,False,1042,44524,42.73
2020-02-19,2020,2,19,Wednesday,False,False,,False,False,False,965,35293,36.57
2020-02-20,2020,2,20,Thursday,False,False,,False,False,False,1035,38952,37.63
2020-02-21,2020,2,21,Friday,False,False,,False,False,False,883,41850,47.4
2020-02-22,2020,2,22,Saturday,True,False,,False,True,False,712,29149,40.94
2020-02-24,2020,2,24,Monday,False,False,,False,False,False,58,7257,125.12
2020-02-27,2020,2,27,Thursday,False,False,,False,False,False,1304,57335,43.97
2020-02-28,2020,2,28,Friday,False,False,,False,False,False,818,48060,58.75
2020-02-29,2020,2,29,Saturday,True,False,,False,True,False,2199,160693,73.08
2020-03-01,2020,3,1,Sunday,True,False,,False,True,False,1459,83700,57.37
2020-03-02,2020,3,2,Monday,False,False,,False,False,False,969,52967,54.66
2020-03-03,2020,3,3,Tuesday,False,False,,False,False,False,940,57510,61.18
2020-03-04,2020,3,4,Wednesday,False,False,,False,False,False,906,48063,53.05
2020-03-05,2020,3,5,Thursday,False,False,,False,False,False,910,49138,54.0
2020-03-06,2020,3,6,Friday,False,False,,False,False,False,1070,57588,53.82
2020-03-07,2020,3,7,Saturday,True,False,,False,True,False,1890,136513,72.23
2020-03-08,2020,3,8,Sunday,True,False,,False,True,False,3330,265134,79.62
2020-03-09,2020,3,9,Monday,False,False,,False,False,False,1255,85905,68.45
2020-03-10,2020,3,10,Tuesday,False,False,,False,False,False,936,45482,48.59
2020-03-11,2020,3,11,Wednesday,False,False,,False,False,False,1412,86331,61.14
2020-03-12,2020,3,12,Thursday,False,False,,False,False,False,1330,81312,61.14
2020-03-13,2020,3,13,Friday,False,False,,False,False,False,1318,74132,56.25
2020-03-14,2020,3,14,Saturday,True,False,,False,True,False,2322,154409,66.5
2020-03-15,2020,3,15,Sunday,True,False,,False,True,False,2484,121231,48.8
2020-03-16,2020,3,16,Monday,False,False,,False,False,False,1297,68698,52.97
2020-03-17,2020,3,17,Tuesday,False,False,,False,False,False,1318,61714,46.82
2020-03-18,2020,3,18,Wednesday,False,False,,False,False,False,1746,110839,63.48
2020-03-19,2020,3,19,Thursday,False,False,,False,False,False,921,57756,62.71
2020-03-20,2020,3,20,Friday,False,False,,False,False,False,1799,107954,60.01
2020-03-21,2020,3,21,Saturday,True,False,,False,True,False,3724,413623,111.07
2020-03-22,2020,3,22,Sunday,True,False,,False,True,False,4652,418676,90.0
2020-03-23,2020,3,23,Monday,False,False,,False,False,False,1764,114766,65.06
2020-03-24,2020,3,24,Tuesday,False,False,,False,False,False,1819,124456,68.42
2020-03-25,2020,3,25,Wednesday,False,False,,False,False,False,1945,136689,70.28
2020-03-26,2020,3,26,Thursday,False,False,,False,False,False,1354,92015,67.96
2020-03-27,2020,3,27,Friday,False,False,,False,False,False,1959,142019,72.5
2020-03-28,2020,3,28,Saturday,True,False,,False,True,False,3624,387281,106.87
2020-03-29,2020,3,29,Sunday,True,False,,False,True,False,4383,409625,93.46
2020-03-30,2020,3,30,Monday,False,False,,False,False,False,1859,133282,71.7
2020-03-31,2020,3,31,Tuesday,False,False,,False,False,False,1867,167422,89.67
2020-04-01,2020,4,1,Wednesday,False,False,,False,False,False,1824,169851,93.12
2020-04-02,2020,4,2,Thursday,False,False,,False,False,False,1717,126715,73.8
2020-04-03,2020,4,3,Friday,False,False,,False,False,False,1783,133311,74.77
2020-04-04,2020,4,4,Saturday,True,False,,False,True,False,2384,173579,72.81
2020-04-05,2020,4,5,Sunday,True,False,,False,True,False,2621,234470,89.46
2020-04-06,2020,4,6,Monday,False,False,,False,False,False,1513,114151,75.45
2020-04-07,2020,4,7,Tuesday,False,False,,False,False,False,1373,111204,80.99
2020-04-08,2020,4,8,Wednesday,False,False,,False,False,False,1525,92507,60.66
2020-04-09,2020,4,9,Thursday,False,False,,False,False,False,1438,100553,69.93
2020-04-10,2020,4,10,Friday,False,False,,False,False,False,1661,152112,91.58
2020-04-11,2020,4,11,Saturday,True,False,,False,True,False,2887,266805,92.42
2020-04-12,2020,4,12,Sunday,True,False,,False,True,False,2566,214360,83.54
2020-04-13,2020,4,13,Monday,False,False,,False,False,False,1611,118178,73.36
2020-04-14,2020,4,14,Tuesday,False,False,,False,False,False,1702,134551,79.05
2020-04-15,2020,4,15,Wednesday,False,False,,False,False,False,3040,309910,101.94
2020-04-16,2020,4,16,Thursday,False,False,,False,False,False,1673,115407,68.98
2020-04-17,2020,4,17,Friday,False,False,,False,False,False,1179,72080,61.14
2020-04-18,2020,4,18,Saturday,True,False,,False,True,False,4005,404450,100.99
2020-04-19,2020,4,19,Sunday,True,False,,False,True,False,1773,164794,92.95
2020-04-20,2020,4,20,Monday,False,False,,False,False,False,1204,75641,62.82
2020-04-21,2020,4,21,Tuesday,False,False,,False,False,False,1205,58069,48.19
2020-04-22,2020,4,22,Wednesday,False,False,,False,False,False,1075,26672,24.81
2020-04-23,2020,4,23,Thursday,False,False,,False,False,False,1260,29784,23.64
2020-04-24,2020,4,24,Friday,False,False,,False,False,False,1532,46950,30.65
2020-04-25,2020,4,25,Saturday,True,False,,False,True,False,2945,224295,76.16
2020-04-26,2020,4,26,Sunday,True,False,,False,True,False,3961,300746,75.93
2020-04-27,2020,4,27,Monday,False,False,,False,False,False,1718,61066,35.54
2020-04-28,2020,4,28,Tuesday,False,False,,False,False,False,1785,58487,32.77
2020-04-29,2020,4,29,Wednesday,False,False,,False,False,False,2397,93725,39.1
2020-04-30,2020,4,30,Thursday,False,False,,False,False,False,4701,524282,111.53
2020-05-01,2020,5,1,Friday,False,False,,False,False,False,3828,384147,100.35
2020-05-02,2020,5,2,Saturday,True,False,,False,True,False,3966,487898,123.02
2020-05-03,2020,5,3,Sunday,True,False,,False,True,False,4200,409760,97.56
2020-05-04,2020,5,4,Monday,False,False,,False,False,False,2981,244288,81.95
2020-05-05,2020,5,5,Tuesday,False,False,,False,False,False,4630,530575,114.6
2020-05-06,2020,5,6,Wednesday,False,False,,False,False,False,2006,67524,33.66
2020-05-07,2020,5,7,Thursday,False,False,,False,False,False,1869,69786,37.34
2020-05-08,2020,5,8,Friday,False,False,,False,False,False,1952,69572,35.64
2020-05-09,2020,5,9,Saturday,True,False,,False,True,False,1801,142092,78.9
2020-05-10,2020,5,10,Sunday,True,False,,False,True,False,2797,178706,63.89
2020-05-11,2020,5,11,Monday,False,False,,False,False,False,1549,61880,39.95
2020-05-12,2020,5,12,Tuesday,False,False,,False,False,False,1508,42724,28.33
2020-05-13,2020,5,13,Wednesday,False,False,,False,False,False,2028,87036,42.92
2020-05-14,2020,5,14,Thursday,False,False,,False,False,False,1977,59621,30.16
2020-05-15,2020,5,15,Friday,False,False,,False,False,False,1453,28795,19.82
2020-05-16,2020,5,16,Saturday,True,False,,False,True,False,3077,153037,49.74
2020-05-17,2020,5,17,Sunday,True,False,,False,True,False,3901,284846,73.02
2020-05-18,2020,5,18,Monday,False,False,,False,False,False,1237,20146,16.29
2020-05-19,2020,5,19,Tuesday,False,False,,False,False,False,1473,21736,14.76
2020-05-20,2020,5,20,Wednesday,False,False,,False,False,False,1856,90160,48.58
2020-05-21,2020,5,21,Thursday,False,False,,False,False,False,1888,103560,54.85
2020-05-22,2020,5,22,Friday,False,False,,False,False,False,2104,126640,60.19
2020-05-23,2020,5,23,Saturday,True,False,,False,True,False,4887,531316,108.72
2020-05-24,2020,5,24,Sunday,True,False,,False,True,False,3141,296693,94.46
2020-05-25,2020,5,25,Monday,False,False,,False,False,False,1751,115672,66.06
2020-05-26,2020,5,26,Tuesday,False,False,,False,False,False,1493,86309,57.81
2020-05-27,2020,5,27,Wednesday,False,False,,False,False,False,2155,163664,75.95
2020-05-28,2020,5,28,Thursday,False,False,,False,False,False,1998,115587,57.85
2020-05-29,2020,5,29,Friday,False,False,,False,False,False,2802,163921,58.5
2020-05-30,2020,5,30,Saturday,True,False,,False,True,False,3776,340654,90.22
2020-05-31,2020,5,31,Sunday,True,False,,False,True,False,2927,285202,97.44
2020-06-01,2020,6,1,Monday,False,False,,False,False,False,1528,84228,55.12
2020-06-02,2020,6,2,Tuesday,False,False,,False,False,False,1261,81150,64.35
2020-06-03,2020,6,3,Wednesday,False,False,,False,False,False,1610,115847,71.95
2020-06-04,2020,6,4,Thursday,False,False,,False,False,False,1787,122683,68.65
2020-06-05,2020,6,5,Friday,False,False,,False,False,False,2501,160325,64.1
2020-06-06,2020,6,6,Saturday,True,False,,False,True,False,5040,471313,93.51
2020-06-07,2020,6,7,Sunday,True,False,,False,True,False,4042,461206,114.1
2020-06-08,2020,6,8,Monday,False,False,,False,False,False,1847,106117,57.45
2020-06-09,2020,6,9,Tuesday,False,False,,False,False,False,1713,96503,56.34
2020-06-10,2020,6,10,Wednesday,False,False,,False,False,False,6629,87948,13.27
2020-06-11,2020,6,11,Thursday,False,False,,False,False,False,1871,92833,49.62
2020-06-12,2020,6,12,Friday,False,False,,False,False,False,2554,145207,56.85
2020-06-13,2020,6,13,Saturday,True,False,,False,True,False,3945,243334,61.68
2020-06-14,2020,6,14,Sunday,True,False,,False,True,False,3765,433356,115.1
2020-06-15,2020,6,15,Monday,False,False,,False,False,False,1944,111285,57.25
2020-06-16,2020,6,16,Tuesday,False,False,,False,False,False,1762,104933,59.55
2020-06-17,2020,6,17,Wednesday,False,False,,False,False,False,2167,114761,52.96
2020-06-18,2020,6,18,Thursday,False,False,,False,False,False,2923,110353,37.75
2020-06-19,2020,6,19,Friday,False,False,,False,False,False,2683,180084,67.12
2020-06-20,2020,6,20,Saturday,True,False,,False,True,False,4056,346481,85.42
2020-06-21,2020,6,21,Sunday,True,False,,False,True,False,3834,387339,101.03
2020-06-22,2020,6,22,Monday,False,False,,False,False,False,1746,86538,49.56
2020-06-23,2020,6,23,Tuesday,False,False,,False,False,False,1819,90667,49.84
2020-06-24,2020,6,24,Wednesday,False,False,,False,False,False,950,60334,63.51
2020-06-25,2020,6,25,Thursday,False,False,,False,False,False,973,38988,40.07
2020-06-26,2020,6,26,Friday,False,False,,False,False,False,2116,131738,62.26
2020-06-27,2020,6,27,Saturday,True,False,,False,True,False,4075,326328,80.08
2020-06-28,2020,6,28,Sunday,True,False,,False,True,False,3479,372913,107.19
2020-06-29,2020,6,29,Monday,False,False,,False,False,False,1087,54584,50.22
2020-06-30,2020,6,30,Tuesday,False,False,,False,False,False,1033,40784,39.48
2020-07-01,2020,7,1,Wednesday,False,False,,False,False,False,1409,70366,49.94
2020-07-02,2020,7,2,Thursday,False,False,,False,False,False,1459,82771,56.73
2020-07-03,2020,7,3,Friday,False,False,,False,False,False,1831,89430,48.84
2020-07-04,2020,7,4,Saturday,True,False,,False,True,False,2938,289335,98.48
2020-07-05,2020,7,5,Sunday,True,False,,False,True,False,2935,325390,110.87
2020-07-06,2020,7,6,Monday,False,False,,False,False,False,1368,81455,59.54
2020-07-07,2020,7,7,Tuesday,False,False,,False,False,False,1561,81752,52.37
2020-07-08,2020,7,8,Wednesday,False,False,,False,False,False,1636,99563,60.86
2020-07-09,2020,7,9,Thursday,False,False,,False,False,False,1378,64503,46.81
2020-07-10,2020,7,10,Friday,False,False,,False,False,False,1569,90877,57.92
2020-07-11,2020,7,11,Saturday,True,False,,False,True,False,3112,296486,95.27
2020-07-12,2020,7,12,Sunday,True,False,,False,True,False,2397,224910,93.83
2020-07-13,2020,7,13,Monday,False,False,,False,False,False,1193,51168,42.89
2020-07-14,2020,7,14,Tuesday,False,False,,False,False,False,1800,57731,32.07
2020-07-15,2020,7,15,Wednesday,False,False,,False,False,False,1680,105726,62.93
2020-07-16,2020,7,16,Thursday,False,False,,False,False,False,1410,100144,71.02
2020-07-17,2020,7,17,Friday,False,False,,False,False,False,1688,111239,65.9
2020-07-18,2020,7,18,Saturday,True,False,,False,True,False,2997,264782,88.35
2020-07-19,2020,7,19,Sunday,True,False,,False,True,False,1533,99790,65.09
2020-07-20,2020,7,20,Monday,False,False,,False,False,False,1315,57282,43.56
2020-07-21,2020,7,21,Tuesday,False,False,,False,False,False,1539,85497,55.55
2020-07-22,2020,7,22,Wednesday,False,False,,False,False,False,1392,63088,45.32
2020-07-23,2020,7,23,Thursday,False,False,,False,False,False,1161,36610,31.53
2020-07-24,2020,7,24,Friday,False,False,,False,False,False,1382,83601,60.49
2020-07-25,2020,7,25,Saturday,True,False,,False,True,False,3206,330601,103.12
2020-07-26,2020,7,26,Sunday,True,False,,False,True,False,3042,339128,111.48
2020-07-27,2020,7,27,Monday,False,False,,False,False,False,1345,66276,49.28
2020-07-28,2020,7,28,Tuesday,False,False,,False,False,False,1402,79971,57.04
2020-07-29,2020,7,29,Wednesday,False,False,,False,False,False,1107,49830,45.01
2020-07-30,2020,7,30,Thursday,False,False,,False,False,False,1392,70058,50.33
2020-07-31,2020,7,31,Friday,False,False,,False,False,False,1569,93842,59.81
2020-08-01,2020,8,1,Saturday,True,False,,False,True,False,1221,65551,53.69
2020-08-02,2020,8,2,Sunday,True,False,,False,True,False,797,40042,50.24
2020-08-03,2020,8,3,Monday,False,False,,False,False,False,554,28419,51.3
2020-08-04,2020,8,4,Tuesday,False,False,,False,False,False,257,15702,61.1
2020-08-05,2020,8,5,Wednesday,False,False,,False,False,False,200,15140,75.7
2020-08-06,2020,8,6,Thursday,False,False,,False,False,False,57,604,10.6
2020-08-11,2020,8,11,Tuesday,False,False,,False,False,False,101,925,9.16
2020-08-12,2020,8,12,Wednesday,False,False,,False,False,False,499,14327,28.71
2020-08-13,2020,8,13,Thursday,False,False,,False,False,False,736,30099,40.9
2020-08-14,2020,8,14,Friday,False,False,,False,False,False,677,31418,46.41
2020-08-15,2020,8,15,Saturday,True,False,,False,True,False,642,31154,48.53
2020-08-16,2020,8,16,Sunday,True,False,,False,True,False,1416,104881,74.07
2020-08-17,2020,8,17,Monday,False,False,,False,False,False,1450,95695,66.0
2020-08-18,2020,8,18,Tuesday,False,False,,False,False,False,1298,66270,51.06
2020-08-19,2020,8,19,Wednesday,False,False,,False,False,False,1374,70308,51.17
2020-08-20,2020,8,20,Thursday,False,False,,False,False,False,1297,68839,53.08
2020-08-21,2020,8,21,Friday,False,False,,False,False,False,1324,65030,49.12
2020-08-22,2020,8,22,Saturday,True,False,,False,True,False,1328,85146,64.12
2020-08-23,2020,8,23,Sunday,True,False,,False,True,False,2293,181607,79.2
2020-08-24,2020,8,24,Monday,False,False,,False,False,False,1497,75148,50.2
2020-08-25,2020,8,25,Tuesday,False,False,,False,False,False,1310,76865,58.68
2020-08-26,2020,8,26,Wednesday,False,False,,False,False,False,1096,51678,47.15
2020-08-27,2020,8,27,Thursday,False,False,,False,False,False,780,49392,63.32
2020-08-28,2020,8,28,Friday,False,False,,False,False,False,1205,64164,53.25
2020-08-29,2020,8,29,Saturday,True,False,,False,True,False,1504,93197,61.97
2020-08-30,2020,8,30,Sunday,True,False,,False,True,False,1927,130697,67.82
2020-08-31,2020,8,31,Monday,False,False,,False,False,False,1725,92413,53.57
2020-09-01,2020,9,1,Tuesday,False,False,,False,False,False,1703,96346,56.57
2020-09-02,2020,9,2,Wednesday,False,False,,False,False,False,1098,60577,55.17
2020-09-03,2020,9,3,Thursday,False,False,,False,False,False,1432,82435,57.57
2020-09-04,2020,9,4,Friday,False,False,,False,False,False,2388,154690,64.78
2020-09-05,2020,9,5,Saturday,True,False,,False,True,False,3265,316516,96.94
2020-09-06,2020,9,6,Sunday,True,False,,False,True,False,1772,123255,69.56
2020-09-07,2020,9,7,Monday,False,False,,False,False,False,910,44587,49.0
2020-09-08,2020,9,8,Tuesday,False,False,,False,False,False,1699,118374,69.67
2020-09-09,2020,9,9,Wednesday,False,False,,False,False,False,955,51032,53.44
2020-09-10,2020,9,10,Thursday,False,False,,False,False,False,1389,75199,54.14
2020-09-11,2020,9,11,Friday,False,False,,False,False,False,1263,56420,44.67
2020-09-12,2020,9,12,Saturday,True,False,,False,True,False,1290,84514,65.51
2020-09-13,2020,9,13,Sunday,True,False,,False,True,False,3047,276954,90.89
2020-09-14,2020,9,14,Monday,False,False,,False,False,False,1441,76749,53.26
2020-09-15,2020,9,15,Tuesday,False,False,,False,False,False,1561,80027,51.27
2020-09-16,2020,9,16,Wednesday,False,False,,False,False,False,1338,68372,51.1
2020-09-17,2020,9,17,Thursday,False,False,,False,False,False,1690,70407,41.66
2020-09-18,2020,9,18,Friday,False,False,,False,False,False,2078,115774,55.71
2020-09-19,2020,9,19,Saturday,True,False,,False,True,False,2951,257412,87.23
2020-09-20,2020,9,20,Sunday,True,False,,False,True,False,3195,323741,101.33
2020-09-21,2020,9,21,Monday,False,False,,False,False,False,1577,81100,51.43
2020-09-22,2020,9,22,Tuesday,False,False,,False,False,False,1814,85250,47.0
2020-09-23,2020,9,23,Wednesday,False,False,,False,False,False,1719,84599,49.21
2020-09-24,2020,9,24,Thursday,False,False,,False,False,False,1789,90705,50.7
2020-09-25,2020,9,25,Friday,False,False,,False,False,False,2023,87515,43.26
2020-09-26,2020,9,26,Saturday,True,False,,False,True,False,2759,274171,99.37
2020-09-27,2020,9,27,Sunday,True,False,,False,True,False,3121,337934,108.28
2020-09-28,2020,9,28,Monday,False,False,,False,False,False,1967,86663,44.06
2020-09-29,2020,9,29,Tuesday,False,False,,False,False,False,1650,77725,47.11
2020-09-30,2020,9,30,Wednesday,False,False,,False,False,False,1599,138127,86.38
2020-10-01,2020,10,1,Thursday,False,False,,False,False,False,2350,189523,80.65
2020-10-02,2020,10,2,Friday,False,False,,False,False,False,2147,174460,81.26
2020-10-03,2020,10,3,Saturday,True,False,,False,True,False,2883,283794,98.44
2020-10-04,2020,10,4,Sunday,True,False,,False,True,False,2627,245441,93.43
2020-10-05,2020,10,5,Monday,False,False,,False,False,False,1241,53532,43.14
2020-10-06,2020,10,6,Tuesday,False,False,,False,False,False,1573,62791,39.92
2020-10-07,2020,10,7,Wednesday,False,False,,False,False,False,1567,70288,44.86
2020-10-08,2020,10,8,Thursday,False,False,,False,False,False,1856,75287,40.56
2020-10-09,2020,10,9,Friday,False,False,,False,False,False,2870,246048,85.73
2020-10-10,2020,10,10,Saturday,True,False,,False,True,False,2875,238445,82.94
2020-10-11,2020,10,11,Sunday,True,False,,False,True,False,2781,258387,92.91
2020-10-12,2020,10,12,Monday,False,False,,False,False,False,1431,65174,45.54
2020-10-13,2020,10,13,Tuesday,False,False,,False,False,False,1530,64449,42.12
2020-10-14,2020,10,14,Wednesday,False,False,,False,False,False,1402,56594,40.37
2020-10-15,2020,10,15,Thursday,False,False,,False,False,False,1513,71881,47.51
2020-10-16,2020,10,16,Friday,False,False,,False,False,False,1586,66177,41.73
2020-10-17,2020,10,17,Saturday,True,False,,False,True,False,1857,95996,51.69
2020-10-19,2020,10,19,Monday,False,False,,False,False,False,989,32308,32.67
2020-10-20,2020,10,20,Tuesday,False,False,,False,False,False,1769,31904,18.04
2020-10-21,2020,10,21,Wednesday,False,False,,False,False,False,1632,43097,26.41
2020-10-22,2020,10,22,Thursday,False,False,,False,False,False,1671,32593,19.51
2020-10-23,2020,10,23,Friday,False,False,,False,False,False,1880,40356,21.47
2020-10-24,2020,10,24,Saturday,True,False,,False,True,False,2207,116121,52.61
2020-10-25,2020,10,25,Sunday,True,False,,False,True,False,1720,79498,46.22
2020-10-26,2020,10,26,Monday,False,False,,False,False,False,830,29563,35.62
2020-10-27,2020,10,27,Tuesday,False,False,,False,False,False,1519,38387,25.27
2020-10-28,2020,10,28,Wednesday,False,False,,False,False,False,1712,40459,23.63
2020-10-29,2020,10,29,Thursday,False,False,,False,False,False,1691,66883,39.55
2020-10-30,2020,10,30,Friday,False,False,,False,False,False,1910,66867,35.01
2020-10-31,2020,10,31,Saturday,True,False,,False,True,False,2057,125169,60.85
2020-11-01,2020,11,1,Sunday,True,False,,False,True,False,1024,42341,41.35
2020-11-02,2020,11,2,Monday,False,False,,False,False,False,1428,54935,38.47
2020-11-03,2020,11,3,Tuesday,False,False,,False,False,False,1599,47173,29.5
2020-11-04,2020,11,4,Wednesday,False,False,,False,False,False,1680,53855,32.06
2020-11-05,2020,11,5,Thursday,False,False,,False,False,False,1565,55187,35.26
2020-11-06,2020,11,6,Friday,False,False,,False,False,False,1450,54255,37.42
2020-11-07,2020,11,7,Saturday,True,False,,False,True,False,2056,110577,53.78
2020-11-08,2020,11,8,Sunday,True,False,,False,True,False,1835,106302,57.93
2020-11-09,2020,11,9,Monday,False,False,,False,False,False,1344,44325,32.98
2020-11-10,2020,11,10,Tuesday,False,False,,False,False,False,1627,51576,31.7
2020-11-11,2020,11,11,Wednesday,False,False,,False,False,False,1461,48741,33.36
2020-11-12,2020,11,12,Thursday,False,False,,False,False,False,1594,52208,32.75
2020-11-13,2020,11,13,Friday,False,False,,False,False,False,1376,46793,34.01
2020-11-14,2020,11,14,Saturday,True,False,,False,True,False,2027,91861,45.32
2020-11-15,2020,11,15,Sunday,True,False,,False,True,False,1671,88035,52.68
2020-11-16,2020,11,16,Monday,False,False,,False,False,False,1365,59166,43.35
2020-11-17,2020,11,17,Tuesday,False,False,,False,False,False,1262,50736,40.2
2020-11-18,2020,11,18,Wednesday,False,False,,False,False,False,1205,40988,34.01
2020-11-19,2020,11,19,Thursday,False,False,,False,False,False,1152,27692,24.04
2020-11-20,2020,11,20,Friday,False,False,,False,False,False,1393,39369,28.26
2020-11-21,2020,11,21,Saturday,True,False,,False,True,False,1660,73208,44.1
2020-11-22,2020,11,22,Sunday,True,False,,False,True,False,1315,60615,46.1
2020-11-23,2020,11,23,Monday,False,False,,False,False,False,1523,60972,40.03
2020-11-24,2020,11,24,Tuesday,False,False,,False,False,False,1643,56773,34.55
2020-11-25,2020,11,25,Wednesday,False,False,,False,False,False,1673,59913,35.81
2020-11-26,2020,11,26,Thursday,False,False,,False,False,False,1769,58405,33.02
2020-11-27,2020,11,27,Friday,False,False,,False,False,False,1794,58719,32.73
2020-11-28,2020,11,28,Saturday,True,False,,False,True,False,1717,88791,51.71
2020-11-29,2020,11,29,Sunday,True,False,,False,True,False,1346,78562,58.37
2020-11-30,2020,11,30,Monday,False,False,,False,False,False,1254,46838,37.35
2020-12-01,2020,12,1,Tuesday,False,False,,False,False,False,1392,34573,24.84
2020-12-02,2020,12,2,Wednesday,False,False,,False,False,False,1304,56964,43.68
2020-12-03,2020,12,3,Thursday,False,False,,False,False,False,1395,50599,36.27
2020-12-04,2020,12,4,Friday,False,False,,False,False,False,1474,58407,39.62
2020-12-05,2020,12,5,Saturday,True,False,,False,True,False,1545,81907,53.01
2020-12-06,2020,12,6,Sunday,True,False,,False,True,False,1596,79165,49.6
2020-12-07,2020,12,7,Monday,False,False,,False,False,False,1311,53751,41.0
2020-12-08,2020,12,8,Tuesday,False,False,,False,False,False,1550,30420,19.63
2020-12-09,2020,12,9,Wednesday,False,False,,False,False,False,1333,20129,15.1
2020-12-10,2020,12,10,Thursday,False,False,,False,False,False,914,25634,28.05
2020-12-11,2020,12,11,Friday,False,False,,False,False,False,1196,20988,17.55
2020-12-12,2020,12,12,Saturday,True,False,,False,True,False,1506,56497,37.51
2020-12-13,2020,12,13,Sunday,True,False,,False,True,False,1103,32515,29.48
2020-12-14,2020,12,14,Monday,False,False,,False,False,False,1151,18885,16.41
2020-12-15,2020,12,15,Tuesday,False,False,,False,False,False,1254,20607,16.43
2020-12-16,2020,12,16,Wednesday,False,False,,False,False,False,1298,33615,25.9
2020-12-17,2020,12,17,Thursday,False,False,,False,False,False,1309,26785,20.46
2020-12-18,2020,12,18,Friday,False,False,,False,False,False,2053,23689,11.54
2020-12-19,2020,12,19,Saturday,True,False,,False,True,False,1720,41243,23.98
2020-12-20,2020,12,20,Sunday,True,False,,False,True,False,1489,68159,45.78
2020-12-21,2020,12,21,Monday,False,False,,False,False,False,1441,46583,32.33
2020-12-22,2020,12,22,Tuesday,False,False,,False,False,False,1397,47686,34.13
2020-12-23,2020,12,23,Wednesday,False,False,,False,False,False,1308,39818,30.44
2020-12-24,2020,12,24,Thursday,False,False,,False,False,False,1324,42796,32.32
2020-12-25,2020,12,25,Friday,False,False,,False,False,False,1461,63144,43.22
2020-12-26,2020,12,26,Saturday,True,False,,False,True,False,1516,84245,55.57
2020-12-27,2020,12,27,Sunday,True,False,,False,True,False,1578,84010,53.24
2020-12-28,2020,12,28,Monday,False,False,,False,False,False,1289,46922,36.4
2020-12-29,2020,12,29,Tuesday,False,False,,False,False,False,1107,33356,30.13
2020-12-30,2020,12,30,Wednesday,False,False,,False,False,False,1106,27304,24.69
2020-12-31,2020,12,31,Thursday,False,False,,False,False,False,1207,33092,27.42
2021-01-01,2021,1,1,Friday,False,False,,False,False,False,1620,58880,36.35
2021-01-02,2021,1,2,Saturday,True,False,,False,True,False,1388,58542,42.18
2021-01-03,2021,1,3,Sunday,True,False,,False,True,False,1292,58596,45.35
2021-01-04,2021,1,4,Monday,False,False,,False,False,False,1161,31442,27.08
2021-01-05,2021,1,5,Tuesday,False,False,,False,False,False,1060,30396,28.68
2021-01-06,2021,1,6,Wednesday,False,False,,False,False,False,1100,28154,25.59
2021-01-07,2021,1,7,Thursday,False,False,,False,False,False,504,18688,37.08
2021-01-08,2021,1,8,Friday,False,False,,False,False,False,873,26630,30.5
2021-01-09,2021,1,9,Saturday,True,False,,False,True,False,1017,35325,34.73
2021-01-10,2021,1,10,Sunday,True,False,,False,True,False,1090,44084,40.44
2021-01-11,2021,1,11,Monday,False,False,,False,False,False,1128,33129,29.37
2021-01-12,2021,1,12,Tuesday,False,False,,False,False,False,1259,26673,21.19
2021-01-13,2021,1,13,Wednesday,False,False,,False,False,False,993,39274,39.55
2021-01-14,2021,1,14,Thursday,False,False,,False,False,False,1346,44382,32.97
2021-01-15,2021,1,15,Friday,False,False,,False,False,False,1349,35270,26.15
2021-01-16,2021,1,16,Saturday,True,False,,False,True,False,1428,52315,36.64
2021-01-17,2021,1,17,Sunday,True,False,,False,True,False,1197,52994,44.27
2021-01-18,2021,1,18,Monday,False,False,,False,False,False,690,25592,37.09
2021-01-19,2021,1,19,Tuesday,False,False,,False,False,False,1284,32468,25.29
2021-01-20,2021,1,20,Wednesday,False,False,,False,False,False,1503,44406,29.54
2021-01-21,2021,1,21,Thursday,False,False,,False,False,False,1308,34869,26.66
2021-01-22,2021,1,22,Friday,False,False,,False,False,False,1135,35879,31.61
2021-01-23,2021,1,23,Saturday,True,False,,False,True,False,1514,75959,50.17
2021-01-24,2021,1,24,Sunday,True,False,,False,True,False,2177,116085,53.32
2021-01-25,2021,1,25,Monday,False,False,,False,False,False,1494,44594,29.85
2021-01-26,2021,1,26,Tuesday,False,False,,False,False,False,1337,34309,25.66
2021-01-27,2021,1,27,Wednesday,False,False,,False,False,False,1603,39436,24.6
2021-01-28,2021,1,28,Thursday,False,False,,False,False,False,1154,24641,21.35
2021-01-29,2021,1,29,Friday,False,False,,False,False,False,1399,47380,33.87
2021-01-30,2021,1,30,Saturday,True,False,,False,True,False,1314,52263,39.77
2021-01-31,2021,1,31,Sunday,True,False,,False,True,False,1560,79055,50.68
2021-02-01,2021,2,1,Monday,False,False,,False,False,False,1378,34000,24.67
2021-02-02,2021,2,2,Tuesday,False,False,,False,False,False,1505,35366,23.5
2021-02-03,2021,2,3,Wednesday,False,False,,False,False,False,1582,32842,20.76
2021-02-04,2021,2,4,Thursday,False,False,,False,False,False,989,28201,28.51
2021-02-05,2021,2,5,Friday,False,False,,False,False,False,1514,37416,24.71
2021-02-06,2021,2,6,Saturday,True,False,,False,True,False,1343,61047,45.46
2021-02-07,2021,2,7,Sunday,True,False,,False,True,False,1505,73532,48.86
2021-02-08,2021,2,8,Monday,False,False,,False,False,False,1701,34702,20.4
2021-02-09,2021,2,9,Tuesday,False,False,,False,False,False,1813,40849,22.53
2021-02-10,2021,2,10,Wednesday,False,False,,False,False,False,1181,38496,32.6
2021-02-11,2021,2,11,Thursday,False,False,,False,False,False,1267,75589,59.66
2021-02-12,2021,2,12,Friday,False,False,,False,False,False,1670,85932,51.46
2021-02-13,2021,2,13,Saturday,True,False,,False,True,False,1892,125333,66.24
2021-02-14,2021,2,14,Sunday,True,False,,False,True,False,1356,81119,59.82
2021-02-15,2021,2,15,Monday,False,False,,False,False,False,1121,38834,34.64
2021-02-16,2021,2,16,Tuesday,False,False,,False,False,False,1174,32668,27.83
2021-02-17,2021,2,17,Wednesday,False,False,,False,False,False,1212,32545,26.85
2021-02-18,2021,2,18,Thursday,False,False,,False,False,False,1449,35388,24.42
2021-02-19,2021,2,19,Friday,False,False,,False,False,False,1514,43419,28.68
2021-02-20,2021,2,20,Saturday,True,False,,False,True,False,1895,100579,53.08
2021-02-21,2021,2,21,Sunday,True,False,,False,True,False,2285,150795,65.99
2021-02-22,2021,2,22,Monday,False,False,,False,False,False,1385,41214,29.76
2021-02-23,2021,2,23,Tuesday,False,False,,False,False,False,1561,42639,27.32
2021-02-24,2021,2,24,Wednesday,False,False,,False,False,False,1543,44847,29.06
2021-02-25,2021,2,25,Thursday,False,False,,False,False,False,1653,42267,25.57
2021-02-26,2021,2,26,Friday,False,False,,False,False,False,2015,60041,29.8
2021-02-27,2021,2,27,Saturday,True,False,,False,True,False,2455,138140,56.27
2021-02-28,2021,2,28,Sunday,True,False,,False,True,False,2163,138192,63.89
2021-03-01,2021,3,1,Monday,False,False,,False,False,False,854,34212,40.06
2021-03-02,2021,3,2,Tuesday,False,False,,False,False,False,1449,37384,25.8
2021-03-03,2021,3,3,Wednesday,False,False,,False,False,False,1475,48626,32.97
2021-03-04,2021,3,4,Thursday,False,False,,False,False,False,1414,44066,31.16
2021-03-05,2021,3,5,Friday,False,False,,False,False,False,1690,50732,30.02
2021-03-06,2021,3,6,Saturday,True,False,,False,True,False,1877,95071,50.65
2021-03-07,2021,3,7,Sunday,True,False,,False,True,False,2285,159709,69.89
2021-03-08,2021,3,8,Monday,False,False,,False,False,False,1713,57829,33.76
2021-03-09,2021,3,9,Tuesday,False,False,,False,False,False,1594,54195,34.0
2021-03-10,2021,3,10,Wednesday,False,False,,False,False,False,1770,71728,40.52
2021-03-11,2021,3,11,Thursday,False,False,,False,False,False,1697,51999,30.64
2021-03-12,2021,3,12,Friday,False,False,,False,False,False,1381,51373,37.2
2021-03-13,2021,3,13,Saturday,True,False,,False,True,False,2044,113119,55.34
2021-03-14,2021,3,14,Sunday,True,False,,False,True,False,2015,129139,64.09
2021-03-15,2021,3,15,Monday,False,False,,False,False,False,1437,55118,38.36
2021-03-16,2021,3,16,Tuesday,False,False,,False,False,False,1656,70196,42.39
2021-03-17,2021,3,17,Wednesday,False,False,,False,False,False,1738,77837,44.79
2021-03-18,2021,3,18,Thursday,False,False,,False,False,False,1819,77768,42.75
2021-03-19,2021,3,19,Friday,False,False,,False,False,False,1879,90005,47.9
2021-03-20,2021,3,20,Saturday,True,False,,False,True,False,1496,60511,40.45
2021-03-21,2021,3,21,Sunday,True,False,,False,True,False,1910,93746,49.08
2021-03-22,2021,3,22,Monday,False,False,,False,False,False,1870,63480,33.95
2021-03-23,2021,3,23,Tuesday,False,False,,False,False,False,1752,64285,36.69
2021-03-24,2021,3,24,Wednesday,False,False,,False,False,False,1870,73960,39.55
2021-03-25,2021,3,25,Thursday,False,False,,False,False,False,1715,73184,42.67
2021-03-26,2021,3,26,Friday,False,False,,False,False,False,1917,78918,41.17
2021-03-27,2021,3,27,Saturday,True,False,,False,True,False,1356,54246,40.0
2021-03-28,2021,3,28,Sunday,True,False,,False,True,False,1249,64292,51.47
2021-03-29,2021,3,29,Monday,False,False,,False,False,False,1645,54447,33.1
2021-03-30,2021,3,30,Tuesday,False,False,,False,False,False,1951,70409,36.09
2021-03-31,2021,3,31,Wednesday,False,False,,False,False,False,1993,84753,42.53
2021-04-01,2021,4,1,Thursday,False,False,,False,False,False,2209,97044,43.93
2021-04-02,2021,4,2,Friday,False,False,,False,False,False,2133,78009,36.57
2021-04-03,2021,4,3,Saturday,True,False,,False,True,False,1331,50497,37.94
2021-04-04,2021,4,4,Sunday,True,False,,False,True,False,2781,183526,65.99
2021-04-05,2021,4,5,Monday,False,False,,False,False,False,2114,76921,36.39
2021-04-06,2021,4,6,Tuesday,False,False,,False,False,False,1958,79347,40.52
2021-04-07,2021,4,7,Wednesday,False,False,,False,False,False,2060,93104,45.2
2021-04-08,2021,4,8,Thursday,False,False,,False,False,False,2160,71569,33.13
2021-04-09,2021,4,9,Friday,False,False,,False,False,False,2267,80222,35.39
2021-04-10,2021,4,10,Saturday,True,False,,False,True,False,3085,231004,74.88
2021-04-11,2021,4,11,Sunday,True,False,,False,True,False,3368,287426,85.34
2021-04-12,2021,4,12,Monday,False,False,,False,False,False,1695,51103,30.15
2021-04-13,2021,4,13,Tuesday,False,False,,False,False,False,2017,66005,32.72
2021-04-14,2021,4,14,Wednesday,False,False,,False,False,False,2109,69161,32.79
2021-04-15,2021,4,15,Thursday,False,False,,False,False,False,2303,82053,35.63
2021-04-16,2021,4,16,Friday,False,False,,False,False,False,1500,63208,42.14
2021-04-17,2021,4,17,Saturday,True,False,,False,True,False,1829,90978,49.74
2021-04-18,2021,4,18,Sunday,True,False,,False,True,False,3170,263920,83.26
2021-04-19,2021,4,19,Monday,False,False,,False,False,False,1936,78341,40.47
2021-04-20,2021,4,20,Tuesday,False,False,,False,False,False,1886,79377,42.09
2021-04-21,2021,4,21,Wednesday,False,False,,False,False,False,2014,93378,46.36
2021-04-22,2021,4,22,Thursday,False,False,,False,False,False,1869,75169,40.22
2021-04-23,2021,4,23,Friday,False,False,,False,False,False,2024,81149,40.09
2021-04-24,2021,4,24,Saturday,True,False,,False,True,False,2800,207148,73.98
2021-04-25,2021,4,25,Sunday,True,False,,False,True,False,3822,333139,87.16
2021-04-26,2021,4,26,Monday,False,False,,False,False,False,2065,78699,38.11
2021-04-27,2021,4,27,Tuesday,False,False,,False,False,False,1897,80120,42.24
2021-04-28,2021,4,28,Wednesday,False,False,,False,False,False,1902,86484,45.47
2021-04-29,2021,4,29,Thursday,False,False,,False,False,False,1927,76280,39.58
2021-04-30,2021,4,30,Friday,False,False,,False,False,False,2094,62938,30.06
2021-05-01,2021,5,1,Saturday,True,False,,False,True,False,1645,78902,47.96
2021-05-02,2021,5,2,Sunday,True,False,,False,True,False,3475,279850,80.53
2021-05-03,2021,5,3,Monday,False,False,,False,False,False,2274,97765,42.99
2021-05-04,2021,5,4,Tuesday,False,False,,False,False,False,1897,60976,32.14
2021-05-05,2021,5,5,Wednesday,False,False,,False,False,False,3446,338981,98.37
2021-05-06,2021,5,6,Thursday,False,False,,False,False,False,2364,82539,34.91
2021-05-07,2021,5,7,Friday,False,False,,False,False,False,1580,52523,33.24
2021-05-08,2021,5,8,Saturday,True,False,,False,True,False,1800,77235,42.91
2021-05-09,2021,5,9,Sunday,True,False,,False,True,False,3320,266715,80.34
2021-05-10,2021,5,10,Monday,False,False,,False,False,False,1749,68501,39.17
2021-05-11,2021,5,11,Tuesday,False,False,,False,False,False,2047,86041,42.03
2021-05-12,2021,5,12,Wednesday,False,False,,False,False,False,1883,95194,50.55
2021-05-13,2021,5,13,Thursday,False,False,,False,False,False,1866,54484,29.2
2021-05-14,2021,5,14,Friday,False,False,,False,False,False,1283,38612,30.1
2021-05-15,2021,5,15,Saturday,True,False,,False,True,False,351,8672,24.71
2021-05-16,2021,5,16,Sunday,True,False,,False,True,False,1003,59011,58.83
2021-05-17,2021,5,17,Monday,False,False,,False,False,False,1874,59987,32.01
2021-05-18,2021,5,18,Tuesday,False,False,,False,False,False,2163,91358,42.24
2021-05-19,2021,5,19,Wednesday,False,False,,False,False,False,3905,377608,96.7
2021-05-20,2021,5,20,Thursday,False,False,,False,False,False,1662,60651,36.49
2021-05-21,2021,5,21,Friday,False,False,,False,False,False,1879,67747,36.05
2021-05-22,2021,5,22,Saturday,True,False,,False,True,False,3205,282505,88.15
2021-05-23,2021,5,23,Sunday,True,False,,False,True,False,3007,310039,103.11
2021-05-24,2021,5,24,Monday,False,False,,False,False,False,2086,92691,44.43
2021-05-25,2021,5,25,Tuesday,False,False,,False,False,False,2221,81551,36.72
2021-05-26,2021,5,26,Wednesday,False,False,,False,False,False,2081,108918,52.34
2021-05-27,2021,5,27,Thursday,False,False,,False,False,False,1912,75697,39.59
2021-05-28,2021,5,28,Friday,False,False,,False,False,False,2050,79522,38.79
2021-05-29,2021,5,29,Saturday,True,False,,False,True,False,2130,144839,68.0
2021-05-30,2021,5,30,Sunday,True,False,,False,True,False,3403,330296,97.06
2021-05-31,2021,5,31,Monday,False,False,,False,False,False,1772,79092,44.63
2021-06-01,2021,6,1,Tuesday,False,False,,False,False,False,1839,76445,41.57
2021-06-02,2021,6,2,Wednesday,False,False,,False,False,False,1977,113879,57.6
2021-06-03,2021,6,3,Thursday,False,False,,False,False,False,1093,54619,49.97
2021-06-04,2021,6,4,Friday,False,False,,False,False,False,1913,115770,60.52
2021-06-05,2021,6,5,Saturday,True,False,,False,True,False,3126,292631,93.61
2021-06-06,2021,6,6,Sunday,True,False,,False,True,False,3171,298602,94.17
2021-06-07,2021,6,7,Monday,False,False,,False,False,False,1874,108533,57.92
2021-06-08,2021,6,8,Tuesday,False,False,,False,False,False,1593,91408,57.38
2021-06-09,2021,6,9,Wednesday,False,False,,False,False,False,1868,93320,49.96
2021-06-10,2021,6,10,Thursday,False,False,,False,False,False,1692,72266,42.71
2021-06-11,2021,6,11,Friday,False,False,,False,False,False,1544,85324,55.26
2021-06-12,2021,6,12,Saturday,True,False,,False,True,False,2661,226840,85.25
2021-06-13,2021,6,13,Sunday,True,False,,False,True,False,2659,253965,95.51
2021-06-14,2021,6,14,Monday,False,False,,False,False,False,1885,92216,48.92
2021-06-15,2021,6,15,Tuesday,False,False,,False,False,False,1810,79589,43.97
2021-06-16,2021,6,16,Wednesday,False,False,,False,False,False,2280,110351,48.4
2021-06-17,2021,6,17,Thursday,False,False,,False,False,False,1710,77836,45.52
2021-06-18,2021,6,18,Friday,False,False,,False,False,False,1842,70670,38.37
2021-06-19,2021,6,19,Saturday,True,False,,False,True,False,2767,236486,85.47
2021-06-20,2021,6,20,Sunday,True,False,,False,True,False,2834,273032,96.34
2021-06-21,2021,6,21,Monday,False,False,,False,False,False,2011,103196,51.32
2021-06-22,2021,6,22,Tuesday,False,False,,False,False,False,2040,85741,42.03
2021-06-23,2021,6,23,Wednesday,False,False,,False,False,False,1697,87228,51.4
2021-06-24,2021,6,24,Thursday,False,False,,False,False,False,2066,104366,50.52
2021-06-25,2021,6,25,Friday,False,False,,False,False,False,2207,95463,43.25
2021-06-26,2021,6,26,Saturday,True,False,,False,True,False,2355,166287,70.61
2021-06-27,2021,6,27,Sunday,True,False,,False,True,False,2569,231680,90.18
2021-06-28,2021,6,28,Monday,False,False,,False,False,False,1881,72866,38.74
2021-06-29,2021,6,29,Tuesday,False,False,,False,False,False,1937,70047,36.16
2021-06-30,2021,6,30,Wednesday,False,False,,False,False,False,1841,81307,44.16
2021-07-01,2021,7,1,Thursday,False,False,,False,False,False,1999,97635,48.84
2021-07-02,2021,7,2,Friday,False,False,,False,False,False,2238,117102,52.32
2021-07-03,2021,7,3,Saturday,True,False,,False,True,False,1731,123647,71.43
2021-07-04,2021,7,4,Sunday,True,False,,False,True,False,1247,75120,60.24
2021-07-05,2021,7,5,Monday,False,False,,False,False,False,1758,94375,53.68
2021-07-06,2021,7,6,Tuesday,False,False,,False,False,False,1785,92943,52.07
2021-07-07,2021,7,7,Wednesday,False,False,,False,False,False,1626,74226,45.65
2021-07-08,2021,7,8,Thursday,False,False,,False,False,False,1771,86332,48.75
2021-07-09,2021,7,9,Friday,False,False,,False,False,False,1958,98177,50.14
2021-07-10,2021,7,10,Saturday,True,False,,False,True,False,2084,150965,72.44
2021-07-11,2021,7,11,Sunday,True,False,,False,True,False,1758,139805,79.53
2021-07-12,2021,7,12,Monday,False,False,,False,False,False,1721,63106,36.67
2021-07-13,2021,7,13,Tuesday,False,False,,False,False,False,1635,63537,38.86
2021-07-14,2021,7,14,Wednesday,False,False,,False,False,False,1800,79378,44.1
2021-07-15,2021,7,15,Thursday,False,False,,False,False,False,1751,68694,39.23
2021-07-16,2021,7,16,Friday,False,False,,False,False,False,1454,58838,40.47
2021-07-17,2021,7,17,Saturday,True,False,,False,True,False,2063,127945,62.02
2021-07-18,2021,7,18,Sunday,True,False,,False,True,False,1909,130603,68.41
2021-07-19,2021,7,19,Monday,False,False,,False,False,False,1671,60381,36.13
2021-07-20,2021,7,20,Tuesday,False,False,,False,False,False,1584,68428,43.2
2021-07-21,2021,7,21,Wednesday,False,False,,False,False,False,1601,63832,39.87
2021-07-22,2021,7,22,Thursday,False,False,,False,False,False,1562,64693,41.42
2021-07-23,2021,7,23,Friday,False,False,,False,False,False,1745,72639,41.63
2021-07-24,2021,7,24,Saturday,True,False,,False,True,False,1745,101610,58.23
2021-07-25,2021,7,25,Sunday,True,False,,False,True,False,1568,89615,57.15
2021-07-26,2021,7,26,Monday,False,False,,False,False,False,1592,52399,32.91
2021-07-27,2021,7,27,Tuesday,False,False,,False,False,False,1469,59775,40.69
2021-07-28,2021,7,28,Wednesday,False,False,,False,False,False,1928,61146,31.71
2021-07-29,2021,7,29,Thursday,False,False,,False,False,False,1454,60637,41.7
2021-07-30,2021,7,30,Friday,False,False,,False,False,False,1777,68136,38.34
2021-07-31,2021,7,31,Saturday,True,False,,False,True,False,1674,100135,59.82
2021-08-01,2021,8,1,Sunday,True,False,,False,True,False,1271,80110,63.03
2021-08-02,2021,8,2,Monday,False,False,,False,False,False,1156,75902,65.66
2021-08-03,2021,8,3,Tuesday,False,False,,False,False,False,1398,83944,60.05
2021-08-04,2021,8,4,Wednesday,False,False,,False,False,False,1396,82613,59.18
2021-08-05,2021,8,5,Thursday,False,False,,False,False,False,1821,82789,45.46
2021-08-06,2021,8,6,Friday,False,False,,False,False,False,1555,24280,15.61
2021-08-07,2021,8,7,Saturday,True,False,,False,True,False,629,7495,11.92
2021-08-08,2021,8,8,Sunday,True,False,,False,True,False,750,18835,25.11
2021-08-09,2021,8,9,Monday,False,False,,False,False,False,1156,28193,24.39
2021-08-10,2021,8,10,Tuesday,False,False,,False,False,False,942,23777,25.24
2021-08-11,2021,8,11,Wednesday,False,False,,False,False,False,1637,38783,23.69
2021-08-12,2021,8,12,Thursday,False,False,,False,False,False,1704,34876,20.47
2021-08-13,2021,8,13,Friday,False,False,,False,False,False,1976,85406,43.22
2021-08-14,2021,8,14,Saturday,True,False,,False,True,False,2595,167695,64.62
2021-08-15,2021,8,15,Sunday,True,False,,False,True,False,3069,204627,66.68
2021-08-16,2021,8,16,Monday,False,False,,False,False,False,2125,165765,78.01
2021-08-17,2021,8,17,Tuesday,False,False,,False,False,False,2011,80684,40.12
2021-08-18,2021,8,18,Wednesday,False,False,,False,False,False,2224,93809,42.18
2021-08-19,2021,8,19,Thursday,False,False,,False,False,False,2169,101584,46.83
2021-08-20,2021,8,20,Friday,False,False,,False,False,False,2162,84022,38.86
2021-08-21,2021,8,21,Saturday,True,False,,False,True,False,1577,84125,53.34
2021-08-22,2021,8,22,Sunday,True,False,,False,True,False,2009,98239,48.9
2021-08-23,2021,8,23,Monday,False,False,,False,False,False,1041,19626,18.85
2021-08-24,2021,8,24,Tuesday,False,False,,False,False,False,1471,26823,18.23
2021-08-25,2021,8,25,Wednesday,False,False,,False,False,False,1840,37357,20.3
2021-08-26,2021,8,26,Thursday,False,False,,False,False,False,853,20902,24.5
2021-08-27,2021,8,27,Friday,False,False,,False,False,False,2067,26862,13.0
2021-08-28,2021,8,28,Saturday,True,False,,False,True,False,990,17570,17.75
2021-08-29,2021,8,29,Sunday,True,False,,False,True,False,595,4314,7.25
2021-08-30,2021,8,30,Monday,False,False,,False,False,False,2295,53702,23.4
2021-08-31,2021,8,31,Tuesday,False,False,,False,False,False,2045,24556,12.01
2021-09-01,2021,9,1,Wednesday,False,False,,False,False,False,1737,27180,15.65
2021-09-02,2021,9,2,Thursday,False,False,,False,False,False,1534,35911,23.41
2021-09-03,2021,9,3,Friday,False,False,,False,False,False,1760,80591,45.79
2021-09-04,2021,9,4,Saturday,True,False,,False,True,False,3307,276523,83.62
2021-09-05,2021,9,5,Sunday,True,False,,False,True,False,3352,317252,94.65
2021-09-06,2021,9,6,Monday,False,False,,False,False,False,1531,85036,55.54
2021-09-07,2021,9,7,Tuesday,False,False,,False,False,False,1286,58003,45.1
2021-09-08,2021,9,8,Wednesday,False,False,,False,False,False,2066,115146,55.73
2021-09-09,2021,9,9,Thursday,False,False,,False,False,False,1976,113319,57.35
2021-09-10,2021,9,10,Friday,False,False,,False,False,False,2114,107137,50.68
2021-09-11,2021,9,11,Saturday,True,False,,False,True,False,3146,250500,79.62
2021-09-12,2021,9,12,Sunday,True,False,,False,True,False,3248,310323,95.54
2021-09-13,2021,9,13,Monday,False,False,,False,False,False,1930,87192,45.18
2021-09-14,2021,9,14,Tuesday,False,False,,False,False,False,2128,96441,45.32
2021-09-15,2021,9,15,Wednesday,False,False,,False,False,False,2296,110778,48.25
2021-09-16,2021,9,16,Thursday,False,False,,False,False,False,2167,95628,44.13
2021-09-17,2021,9,17,Friday,False,False,,False,False,False,2191,98382,44.9
2021-09-18,2021,9,18,Saturday,True,False,,False,True,False,2979,231079,77.57
2021-09-19,2021,9,19,Sunday,True,False,,False,True,False,2834,239931,84.66
2021-09-20,2021,9,20,Monday,False,False,,False,False,False,2960,270626,91.43
2021-09-21,2021,9,21,Tuesday,False,False,,False,False,False,2427,169943,70.02
2021-09-22,2021,9,22,Wednesday,False,False,,False,False,False,3269,289292,88.5
2021-09-23,2021,9,23,Thursday,False,False,,False,False,False,1801,114370,63.5
2021-09-24,2021,9,24,Friday,False,False,,False,False,False,2003,118358,59.09
2021-09-25,2021,9,25,Saturday,True,False,,False,True,False,2943,255440,86.8
2021-09-26,2021,9,26,Sunday,True,False,,False,True,False,3725,376880,101.18
2021-09-27,2021,9,27,Monday,False,False,,False,False,False,1698,79732,46.96
2021-09-28,2021,9,28,Tuesday,False,False,,False,False,False,1473,88025,59.76
2021-09-29,2021,9,29,Wednesday,False,False,,False,False,False,1389,75092,54.06
2021-09-30,2021,9,30,Thursday,False,False,,False,False,False,2058,121521,59.05
2021-10-01,2021,10,1,Friday,False,False,,False,False,False,1988,127121,63.94
2021-10-02,2021,10,2,Saturday,True,False,,False,True,False,2840,224045,78.89
2021-10-03,2021,10,3,Sunday,True,False,,False,True,False,3765,361153,95.92
2021-10-04,2021,10,4,Monday,False,False,,False,False,False,1668,125578,75.29
2021-10-05,2021,10,5,Tuesday,False,False,,False,False,False,1656,82572,49.86
2021-10-06,2021,10,6,Wednesday,False,False,,False,False,False,1749,73297,41.91
2021-10-07,2021,10,7,Thursday,False,False,,False,False,False,1771,82669,46.68
2021-10-08,2021,10,8,Friday,False,False,,False,False,False,1824,71547,39.23
2021-10-09,2021,10,9,Saturday,True,False,,False,True,False,2749,204503,74.39
2021-10-10,2021,10,10,Sunday,True,False,,False,True,False,1589,88477,55.68
2021-10-11,2021,10,11,Monday,False,False,,False,False,False,2705,250639,92.66
2021-10-12,2021,10,12,Tuesday,False,False,,False,False,False,2036,101556,49.88
2021-10-13,2021,10,13,Wednesday,False,False,,False,False,False,2047,114420,55.9
2021-10-14,2021,10,14,Thursday,False,False,,False,False,False,1974,116343,58.94
2021-10-15,2021,10,15,Friday,False,False,,False,False,False,1951,102941,52.76
2021-10-16,2021,10,16,Saturday,True,False,,False,True,False,2014,121600,60.38
2021-10-17,2021,10,17,Sunday,True,False,,False,True,False,1928,145374,75.4
2021-10-18,2021,10,18,Monday,False,False,,False,False,False,1567,77669,49.57
2021-10-19,2021,10,19,Tuesday,False,False,,False,False,False,1607,90710,56.45
2021-10-20,2021,10,20,Wednesday,False,False,,False,False,False,1891,96010,50.77
2021-10-21,2021,10,21,Thursday,False,False,,False,False,False,1774,98311,55.42
2021-10-22,2021,10,22,Friday,False,False,,False,False,False,1519,50862,33.48
2021-10-23,2021,10,23,Saturday,True,False,,False,True,False,2493,175860,70.54
2021-10-24,2021,10,24,Sunday,True,False,,False,True,False,2676,221903,82.92
2021-10-25,2021,10,25,Monday,False,False,,False,False,False,1935,105263,54.4
2021-10-26,2021,10,26,Tuesday,False,False,,False,False,False,1737,92264,53.12
2021-10-27,2021,10,27,Wednesday,False,False,,False,False,False,1936,109716,56.67
2021-10-28,2021,10,28,Thursday,False,False,,False,False,False,1957,104529,53.41
2021-10-29,2021,10,29,Friday,False,False,,False,False,False,1975,112443,56.93
2021-10-30,2021,10,30,Saturday,True,False,,False,True,False,2447,181381,74.12
2021-10-31,2021,10,31,Sunday,True,False,,False,True,False,2489,209819,84.3
2021-11-01,2021,11,1,Monday,False,False,,False,False,False,1746,88509,50.69
2021-11-02,2021,11,2,Tuesday,False,False,,False,False,False,1909,107933,56.54
2021-11-03,2021,11,3,Wednesday,False,False,,False,False,False,1698,102200,60.19
2021-11-04,2021,11,4,Thursday,False,False,,False,False,False,1625,91205,56.13
2021-11-05,2021,11,5,Friday,False,False,,False,False,False,1849,85409,46.19
2021-11-06,2021,11,6,Saturday,True,False,,False,True,False,2345,171204,73.01
2021-11-07,2021,11,7,Sunday,True,False,,False,True,False,2492,193521,77.66
2021-11-08,2021,11,8,Monday,False,False,,False,False,False,1388,39851,28.71
2021-11-09,2021,11,9,Tuesday,False,False,,False,False,False,1278,48965,38.31
2021-11-10,2021,11,10,Wednesday,False,False,,False,False,False,1681,84041,49.99
2021-11-11,2021,11,11,Thursday,False,False,,False,False,False,1684,73062,43.39
2021-11-12,2021,11,12,Friday,False,False,,False,False,False,1756,77580,44.18
2021-11-13,2021,11,13,Saturday,True,False,,False,True,False,1986,129415,65.16
2021-11-14,2021,11,14,Sunday,True,False,,False,True,False,1967,163581,83.16
2021-11-15,2021,11,15,Monday,False,False,,False,False,False,1687,78878,46.76
2021-11-16,2021,11,16,Tuesday,False,False,,False,False,False,1676,78304,46.72
2021-11-17,2021,11,17,Wednesday,False,False,,False,False,False,1653,89231,53.98
2021-11-18,2021,11,18,Thursday,False,False,,False,False,False,1401,69878,49.88
2021-11-19,2021,11,19,Friday,False,False,,False,False,False,1851,77919,42.1
2021-11-20,2021,11,20,Saturday,True,False,,False,True,False,1852,103653,55.97
2021-11-21,2021,11,21,Sunday,True,False,,False,True,False,1313,93938,71.54
2021-11-22,2021,11,22,Monday,False,False,,False,False,False,1494,65257,43.68
2021-11-23,2021,11,23,Tuesday,False,False,,False,False,False,1376,64683,47.01
2021-11-24,2021,11,24,Wednesday,False,False,,False,False,False,1364,72024,52.8
2021-11-25,2021,11,25,Thursday,False,False,,False,False,False,1362,71484,52.48
2021-11-26,2021,11,26,Friday,False,False,,False,False,False,1512,72757,48.12
2021-11-27,2021,11,27,Saturday,True,False,,False,True,False,1827,101077,55.32
2021-11-28,2021,11,28,Sunday,True,False,,False,True,False,1717,130519,76.02
2021-11-29,2021,11,29,Monday,False,False,,False,False,False,1315,67829,51.58
2021-11-30,2021,11,30,Tuesday,False,False,,False,False,False,1055,52011,49.3
2021-12-01,2021,12,1,Wednesday,False,False,,False,False,False,1220,61587,50.48
2021-12-02,2021,12,2,Thursday,False,False,,False,False,False,1180,64841,54.95
2021-12-03,2021,12,3,Friday,False,False,,False,False,False,1380,73290,53.11
2021-12-04,2021,12,4,Saturday,True,False,,False,True,False,1686,101271,60.07
2021-12-05,2021,12,5,Sunday,True,False,,False,True,False,1596,125247,78.48
2021-12-06,2021,12,6,Monday,False,False,,False,False,False,1174,56326,47.98
2021-12-07,2021,12,7,Tuesday,False,False,,False,False,False,1134,58095,51.23
2021-12-08,2021,12,8,Wednesday,False,False,,False,False,False,1186,66022,55.67
2021-12-09,2021,12,9,Thursday,False,False,,False,False,False,1013,60725,59.95
2021-12-10,2021,12,10,Friday,False,False,,False,False,False,1126,70941,63.0
2021-12-11,2021,12,11,Saturday,True,False,,False,True,False,1452,102392,70.52
2021-12-12,2021,12,12,Sunday,True,False,,False,True,False,1231,80974,65.78
2021-12-13,2021,12,13,Monday,False,False,,False,False,False,1050,51185,48.75
2021-12-14,2021,12,14,Tuesday,False,False,,False,False,False,989,61682,62.37
2021-12-15,2021,12,15,Wednesday,False,False,,False,False,False,1066,72143,67.68
2021-12-16,2021,12,16,Thursday,False,False,,False,False,False,1047,66808,63.81
2021-12-17,2021,12,17,Friday,False,False,,False,False,False,1046,60855,58.18
2021-12-18,2021,12,18,Saturday,True,False,,False,True,False,1153,50738,44.01
2021-12-19,2021,12,19,Sunday,True,False,,False,True,False,1303,40538,31.11
2021-12-20,2021,12,20,Monday,False,False,,False,False,False,1082,46242,42.74
2021-12-21,2021,12,21,Tuesday,False,False,,False,False,False,1104,57375,51.97
2021-12-22,2021,12,22,Wednesday,False,False,,False,False,False,1247,70236,56.32
2021-12-23,2021,12,23,Thursday,False,False,,False,False,False,1049,60631,57.8
2021-12-24,2021,12,24,Friday,False,False,,False,False,False,1068,55394,51.87
2021-12-25,2021,12,25,Saturday,True,False,,False,True,False,902,40723,45.15
2021-12-26,2021,12,26,Sunday,True,False,,False,True,False,764,35704,46.73
2021-12-27,2021,12,27,Monday,False,False,,False,False,False,805,36914,45.86
2021-12-28,2021,12,28,Tuesday,False,False,,False,False,False,859,46679,54.34
2021-12-29,2021,12,29,Wednesday,False,False,,False,False,False,972,51476,52.96
2021-12-30,2021,12,30,Thursday,False,False,,False,False,False,919,47809,52.02
2021-12-31,2021,12,31,Friday,False,False,,False,False,False,993,41507,41.8
2022-01-01,2022,1,1,Saturday,True,True,신정,False,True,False,1167,53123,45.52
2022-01-02,2022,1,2,Sunday,True,False,,False,True,False,939,47775,50.88
2022-01-03,2022,1,3,Monday,False,False,,False,False,False,982,38073,38.77
2022-01-04,2022,1,4,Tuesday,False,False,,False,False,False,829,32796,39.56
2022-01-05,2022,1,5,Wednesday,False,False,,False,False,False,858,40224,46.88
2022-01-06,2022,1,6,Thursday,False,False,,False,False,False,898,41437,46.14
2022-01-07,2022,1,7,Friday,False,False,,False,False,False,1045,42692,40.85
2022-01-08,2022,1,8,Saturday,True,False,,False,True,False,1218,69741,57.26
2022-01-09,2022,1,9,Sunday,True,False,,False,True,False,1192,67248,56.42
2022-01-10,2022,1,10,Monday,False,False,,False,False,False,1011,44426,43.94
2022-01-11,2022,1,11,Tuesday,False,False,,False,False,False,972,41120,42.3
2022-01-12,2022,1,12,Wednesday,False,False,,False,False,False,992,43322,43.67
2022-01-13,2022,1,13,Thursday,False,False,,False,False,False,959,41735,43.52
2022-01-14,2022,1,14,Friday,False,False,,False,False,False,1086,45929,42.29
2022-01-15,2022,1,15,Saturday,True,False,,False,True,False,1215,62995,51.85
2022-01-16,2022,1,16,Sunday,True,False,,False,True,False,1198,65364,54.56
2022-01-17,2022,1,17,Monday,False,False,,False,False,False,1023,42856,41.89
2022-01-18,2022,1,18,Tuesday,False,False,,False,False,False,1480,44019,29.74
2022-01-19,2022,1,19,Wednesday,False,False,,False,False,False,1090,43917,40.29
2022-01-20,2022,1,20,Thursday,False,False,,False,False,False,1057,45993,43.51
2022-01-21,2022,1,21,Friday,False,False,,False,False,False,1217,48870,40.16
2022-01-22,2022,1,22,Saturday,True,False,,False,True,False,1404,68924,49.09
2022-01-23,2022,1,23,Sunday,True,False,,False,True,False,1298,77417,59.64
2022-01-24,2022,1,24,Monday,False,False,,False,False,False,1241,51183,41.24
2022-01-25,2022,1,25,Tuesday,False,False,,False,False,False,1302,46490,35.71
2022-01-26,2022,1,26,Wednesday,False,False,,False,False,False,1234,50112,40.61
2022-01-27,2022,1,27,Thursday,False,False,,False,False,False,1149,45948,39.99
2022-01-28,2022,1,28,Friday,False,False,,False,False,False,1301,47743,36.7
2022-01-29,2022,1,29,Saturday,True,False,,False,True,True,1195,67781,56.72
2022-01-30,2022,1,30,Sunday,True,False,,False,True,True,1247,65995,52.92
2022-01-31,2022,1,31,Monday,False,True,설날,False,True,True,1164,28277,24.29
2022-02-01,2022,2,1,Tuesday,False,True,설날,False,True,True,932,16322,17.51
2022-02-02,2022,2,2,Wednesday,False,True,설날,False,True,True,1111,54056,48.66
2022-02-03,2022,2,3,Thursday,False,False,,False,False,False,877,38689,44.12
2022-02-04,2022,2,4,Friday,False,False,,False,False,False,915,39090,42.72
2022-02-05,2022,2,5,Saturday,True,False,,False,True,False,1147,8725,7.61
2022-02-06,2022,2,6,Sunday,True,False,,False,True,False,637,0,0.0
2022-02-07,2022,2,7,Monday,False,False,,False,False,False,476,15042,31.6
2022-02-08,2022,2,8,Tuesday,False,False,,False,False,False,1067,45805,42.93
2022-02-09,2022,2,9,Wednesday,False,False,,False,False,False,1063,44946,42.28
2022-02-10,2022,2,10,Thursday,False,False,,False,False,False,1087,46670,42.93
2022-02-11,2022,2,11,Friday,False,False,,False,False,False,1296,54589,42.12
2022-02-12,2022,2,12,Saturday,True,False,,False,True,False,1601,95488,59.64
2022-02-13,2022,2,13,Sunday,True,False,,False,True,False,1494,101502,67.94
2022-02-14,2022,2,14,Monday,False,False,,False,False,False,1026,45826,44.66
2022-02-15,2022,2,15,Tuesday,False,False,,False,False,False,968,38528,39.8
2022-02-16,2022,2,16,Wednesday,False,False,,False,False,False,954,37719,39.54
2022-02-17,2022,2,17,Thursday,False,False,,False,False,False,1011,43931,43.45
2022-02-18,2022,2,18,Friday,False,False,,False,False,False,1172,59337,50.63
2022-02-19,2022,2,19,Saturday,True,False,,False,True,False,1397,72311,51.76
2022-02-20,2022,2,20,Sunday,True,False,,False,True,False,1111,63376,57.04
2022-02-21,2022,2,21,Monday,False,False,,False,False,False,1015,38013,37.45
2022-02-22,2022,2,22,Tuesday,False,False,,False,False,False,1039,39146,37.68
2022-02-23,2022,2,23,Wednesday,False,False,,False,False,False,1092,46673,42.74
2022-02-24,2022,2,24,Thursday,False,False,,False,False,False,1084,48993,45.2
2022-02-25,2022,2,25,Friday,False,False,,False,False,False,1335,66446,49.77
2022-02-26,2022,2,26,Saturday,True,False,,False,True,False,1215,60485,49.78
2022-02-27,2022,2,27,Sunday,True,False,,False,True,False,1872,129539,69.2
2022-02-28,2022,2,28,Monday,False,False,,False,False,False,1287,73244,56.91
2022-03-01,2022,3,1,Tuesday,False,True,삼일절,False,True,False,1453,88270,60.75
2022-03-02,2022,3,2,Wednesday,False,False,,False,False,False,1128,48183,42.72
2022-03-03,2022,3,3,Thursday,False,False,,False,False,False,1115,56983,51.11
2022-03-04,2022,3,4,Friday,False,False,,False,False,False,1036,47458,45.81
2022-03-05,2022,3,5,Saturday,True,False,,False,True,False,1421,76410,53.77
2022-03-06,2022,3,6,Sunday,True,False,,False,True,False,1715,124701,72.71
2022-03-07,2022,3,7,Monday,False,False,,False,False,False,961,47405,49.33
2022-03-08,2022,3,8,Tuesday,False,False,,False,False,False,1250,80287,64.23
2022-03-09,2022,3,9,Wednesday,False,True,대선,False,True,False,2083,194007,93.14
2022-03-10,2022,3,10,Thursday,False,False,,False,False,False,1091,68777,63.04
2022-03-11,2022,3,11,Friday,False,False,,False,False,False,1392,87031,62.52
2022-03-12,2022,3,12,Saturday,True,False,,False,True,False,2013,153413,76.21
2022-03-13,2022,3,13,Sunday,True,False,,False,True,False,1281,76667,59.85
2022-03-14,2022,3,14,Monday,False,False,,False,False,False,931,47997,51.55
2022-03-15,2022,3,15,Tuesday,False,False,,False,False,False,1111,62383,56.15
2022-03-16,2022,3,16,Wednesday,False,False,,False,False,False,1222,75252,61.58
2022-03-17,2022,3,17,Thursday,False,False,,False,False,False,959,61506,64.14
2022-03-18,2022,3,18,Friday,False,False,,False,False,False,1103,63039,57.15
2022-03-19,2022,3,19,Saturday,True,False,,False,True,False,1167,57444,49.22
2022-03-20,2022,3,20,Sunday,True,False,,False,True,False,2049,163686,79.89
2022-03-21,2022,3,21,Monday,False,False,,False,False,False,1187,77630,65.4
2022-03-22,2022,3,22,Tuesday,False,False,,False,False,False,1232,83376,67.68
2022-03-23,2022,3,23,Wednesday,False,False,,False,False,False,1048,65705,62.7
2022-03-24,2022,3,24,Thursday,False,False,,False,False,False,1351,97504,72.17
2022-03-25,2022,3,25,Friday,False,False,,False,False,False,1190,80464,67.62
2022-03-26,2022,3,26,Saturday,True,False,,False,True,False,1760,108141,61.44
2022-03-27,2022,3,27,Sunday,True,False,,False,True,False,2770,200490,72.38
2022-03-28,2022,3,28,Monday,False,False,,False,False,False,1397,86356,61.82
2022-03-29,2022,3,29,Tuesday,False,False,,False,False,False,1476,84238,57.07
2022-03-30,2022,3,30,Wednesday,False,False,,False,False,False,1020,56209,55.11
2022-03-31,2022,3,31,Thursday,False,False,,False,False,False,1381,87866,63.62
2022-04-01,2022,4,1,Friday,False,False,,False,False,False,1873,93526,49.93
2022-04-02,2022,4,2,Saturday,True,False,,False,True,False,2878,192753,66.97
2022-04-03,2022,4,3,Sunday,True,False,,False,True,False,3371,283907,84.22
2022-04-04,2022,4,4,Monday,False,False,,False,False,False,1590,85507,53.78
2022-04-05,2022,4,5,Tuesday,False,False,,False,False,False,1439,88925,61.8
2022-04-06,2022,4,6,Wednesday,False,False,,False,False,False,1613,106126,65.79
2022-04-07,2022,4,7,Thursday,False,False,,False,False,False,1714,102605,59.86
2022-04-08,2022,4,8,Friday,False,False,,False,False,False,2086,124194,59.54
2022-04-09,2022,4,9,Saturday,True,False,,False,True,False,3380,267728,79.21
2022-04-10,2022,4,10,Sunday,True,False,,False,True,False,4027,392401,97.44
2022-04-11,2022,4,11,Monday,False,False,,False,False,False,2064,125962,61.03
2022-04-12,2022,4,12,Tuesday,False,False,,False,False,False,1557,91888,59.02
2022-04-13,2022,4,13,Wednesday,False,False,,False,False,False,1255,59681,47.55
2022-04-14,2022,4,14,Thursday,False,False,,False,False,False,1560,77509,49.69
2022-04-15,2022,4,15,Friday,False,False,,False,False,False,2083,104233,50.04
2022-04-16,2022,4,16,Saturday,True,False,,False,True,False,3208,253615,79.06
2022-04-17,2022,4,17,Sunday,True,False,,False,True,False,3440,330896,96.19
2022-04-18,2022,4,18,Monday,False,False,,False,False,False,1688,111888,66.28
2022-04-19,2022,4,19,Tuesday,False,False,,False,False,False,1599,97853,61.2
2022-04-20,2022,4,20,Wednesday,False,False,,False,False,False,1686,111566,66.17
2022-04-21,2022,4,21,Thursday,False,False,,False,False,False,1838,119209,64.86
2022-04-22,2022,4,22,Friday,False,False,,False,False,False,1651,96466,58.43
2022-04-23,2022,4,23,Saturday,True,False,,False,True,False,3263,314876,96.5
2022-04-24,2022,4,24,Sunday,True,False,,False,True,False,3199,335005,104.72
2022-04-25,2022,4,25,Monday,False,False,,False,False,False,1732,99396,57.39
2022-04-26,2022,4,26,Tuesday,False,False,,False,False,False,1727,92790,53.73
2022-04-27,2022,4,27,Wednesday,False,False,,False,False,False,1855,109808,59.2
2022-04-28,2022,4,28,Thursday,False,False,,False,False,False,1832,109291,59.66
2022-04-29,2022,4,29,Friday,False,False,,False,False,False,1825,95289,52.21
2022-04-30,2022,4,30,Saturday,True,False,,False,True,False,2571,207659,80.77
2022-05-01,2022,5,1,Sunday,True,False,,False,True,False,3000,276982,92.33
2022-05-02,2022,5,2,Monday,False,False,,False,False,False,1707,105610,61.87
2022-05-03,2022,5,3,Tuesday,False,False,,False,False,False,1853,124497,67.19
2022-05-04,2022,5,4,Wednesday,False,False,,False,False,False,1939,124823,64.37
2022-05-05,2022,5,5,Thursday,False,True,어린이날,False,True,False,4234,493800,116.63
2022-05-06,2022,5,6,Friday,False,False,,False,False,False,2203,160681,72.94
2022-05-07,2022,5,7,Saturday,True,False,,False,True,False,2686,233331,86.87
2022-05-08,2022,5,8,Sunday,True,False,,False,True,False,2071,181899,87.83
2022-05-09,2022,5,9,Monday,False,False,,False,False,False,2009,126596,63.01
2022-05-10,2022,5,10,Tuesday,False,False,,False,False,False,1710,106122,62.06
2022-05-11,2022,5,11,Wednesday,False,False,,False,False,False,1857,122697,66.07
2022-05-12,2022,5,12,Thursday,False,False,,False,False,False,1870,117244,62.7
2022-05-13,2022,5,13,Friday,False,False,,False,False,False,1854,111652,60.22
2022-05-14,2022,5,14,Saturday,True,False,,False,True,False,2936,249959,85.14
2022-05-15,2022,5,15,Sunday,True,False,,False,True,False,3542,338077,95.45
2022-05-16,2022,5,16,Monday,False,False,,False,False,False,1854,114175,61.58
2022-05-17,2022,5,17,Tuesday,False,False,,False,False,False,1911,131339,68.73
2022-05-18,2022,5,18,Wednesday,False,False,,False,False,False,1719,97654,56.81
2022-05-19,2022,5,19,Thursday,False,False,,False,False,False,2042,143566,70.31
2022-05-20,2022,5,20,Friday,False,False,,False,False,False,2189,141814,64.78
2022-05-21,2022,5,21,Saturday,True,False,,False,True,False,7059,413591,58.59
2022-05-22,2022,5,22,Sunday,True,False,,False,True,False,6410,399059,62.26
2022-05-23,2022,5,23,Monday,False,False,,False,False,False,1966,123456,62.8
2022-05-24,2022,5,24,Tuesday,False,False,,False,False,False,1808,111766,61.82
2022-05-25,2022,5,25,Wednesday,False,False,,False,False,False,1652,99535,60.25
2022-05-26,2022,5,26,Thursday,False,False,,False,False,False,1910,124110,64.98
2022-05-27,2022,5,27,Friday,False,False,,False,False,False,2447,137810,56.32
2022-05-28,2022,5,28,Saturday,True,False,,False,True,False,6869,389759,56.74
2022-05-29,2022,5,29,Sunday,True,False,,False,True,False,3060,308203,100.72
2022-05-30,2022,5,30,Monday,False,False,,False,False,False,1559,96063,61.62
2022-05-31,2022,5,31,Tuesday,False,False,,False,False,False,2028,112529,55.49
2022-06-01,2022,6,1,Wednesday,False,True,지방선거,False,True,False,3020,344335,114.02
2022-06-02,2022,6,2,Thursday,False,False,,False,False,False,1927,149036,77.34
2022-06-03,2022,6,3,Friday,False,False,,False,False,False,2003,120361,60.09
2022-06-04,2022,6,4,Saturday,True,False,,False,True,True,3062,314357,102.66
2022-06-05,2022,6,5,Sunday,True,False,,False,True,True,2693,301765,112.06
2022-06-06,2022,6,6,Monday,False,True,현충일,False,True,True,2874,255140,88.78
2022-06-07,2022,6,7,Tuesday,False,False,,False,False,False,1749,107593,61.52
2022-06-08,2022,6,8,Wednesday,False,False,,False,False,False,1867,121120,64.87
2022-06-09,2022,6,9,Thursday,False,False,,False,False,False,1584,101435,64.04
2022-06-10,2022,6,10,Friday,False,False,,False,False,False,1779,105704,59.42
2022-06-11,2022,6,11,Saturday,True,False,,False,True,False,2957,275073,93.02
2022-06-12,2022,6,12,Sunday,True,False,,False,True,False,2988,331115,110.81
2022-06-13,2022,6,13,Monday,False,False,,False,False,False,1723,100687,58.44
2022-06-14,2022,6,14,Tuesday,False,False,,False,False,False,1810,135272,74.74
2022-06-15,2022,6,15,Wednesday,False,False,,False,False,False,1546,91941,59.47
2022-06-16,2022,6,16,Thursday,False,False,,False,False,False,1946,128629,66.1
2022-06-17,2022,6,17,Friday,False,False,,False,False,False,2041,133164,65.24
2022-06-18,2022,6,18,Saturday,True,False,,False,True,False,2527,249817,98.86
2022-06-19,2022,6,19,Sunday,True,False,,False,True,False,2245,232355,103.5
2022-06-20,2022,6,20,Monday,False,False,,False,False,False,1772,117827,66.49
2022-06-21,2022,6,21,Tuesday,False,False,,False,False,False,1676,102710,61.28
2022-06-22,2022,6,22,Wednesday,False,False,,False,False,False,1726,115107,66.69
2022-06-23,2022,6,23,Thursday,False,False,,False,False,False,1100,57119,51.93
2022-06-24,2022,6,24,Friday,False,False,,False,False,False,1702,89956,52.85
2022-06-25,2022,6,25,Saturday,True,False,,False,True,False,2533,218309,86.19
2022-06-26,2022,6,26,Sunday,True,False,,False,True,False,2045,177607,86.85
2022-06-27,2022,6,27,Monday,False,False,,False,False,False,1286,59862,46.55
2022-06-28,2022,6,28,Tuesday,False,False,,False,False,False,1118,69701,62.34
2022-06-29,2022,6,29,Wednesday,False,False,,False,False,False,1129,64078,56.76
2022-06-30,2022,6,30,Thursday,False,False,,False,False,False,1227,47517,38.73
2022-07-01,2022,7,1,Friday,False,False,,False,False,False,1747,102111,58.45
2022-07-02,2022,7,2,Saturday,True,False,,False,True,False,2603,182839,70.24
2022-07-03,2022,7,3,Sunday,True,False,,False,True,False,2284,180885,79.2
2022-07-04,2022,7,4,Monday,False,False,,False,False,False,1583,92409,58.38
2022-07-05,2022,7,5,Tuesday,False,False,,False,False,False,1415,75531,53.38
2022-07-06,2022,7,6,Wednesday,False,False,,False,False,False,1362,74956,55.03
2022-07-07,2022,7,7,Thursday,False,False,,False,False,False,1195,57268,47.92
2022-07-08,2022,7,8,Friday,False,False,,False,False,False,1481,85497,57.73
2022-07-09,2022,7,9,Saturday,True,False,,False,True,False,2527,235514,93.2
2022-07-10,2022,7,10,Sunday,True,False,,False,True,False,2215,232374,104.91
2022-07-11,2022,7,11,Monday,False,False,,False,False,False,1371,85638,62.46
2022-07-12,2022,7,12,Tuesday,False,False,,False,False,False,1421,95546,67.24
2022-07-13,2022,7,13,Wednesday,False,False,,False,False,False,1349,66472,49.28
2022-07-14,2022,7,14,Thursday,False,False,,False,False,False,1513,84274,55.7
2022-07-15,2022,7,15,Friday,False,False,,False,False,False,1681,111457,66.3
2022-07-16,2022,7,16,Saturday,True,False,,False,True,False,2359,215464,91.34
2022-07-17,2022,7,17,Sunday,True,False,,False,True,False,2422,246742,101.88
2022-07-18,2022,7,18,Monday,False,False,,False,False,False,1616,90569,56.05
2022-07-19,2022,7,19,Tuesday,False,False,,False,False,False,1560,90366,57.93
2022-07-20,2022,7,20,Wednesday,False,False,,False,False,False,1332,90615,68.03
2022-07-21,2022,7,21,Thursday,False,False,,False,False,False,1593,88491,55.55
2022-07-22,2022,7,22,Friday,False,False,,False,False,False,1715,101956,59.45
2022-07-23,2022,7,23,Saturday,True,False,,False,True,False,1985,168261,84.77
2022-07-24,2022,7,24,Sunday,True,False,,False,True,False,1987,177842,89.5
2022-07-25,2022,7,25,Monday,False,False,,False,False,False,1772,112918,63.72
2022-07-26,2022,7,26,Tuesday,False,False,,False,False,False,1649,114657,69.53
2022-07-27,2022,7,27,Wednesday,False,False,,False,False,False,1626,126498,77.8
2022-07-28,2022,7,28,Thursday,False,False,,False,False,False,1779,145188,81.61
2022-07-29,2022,7,29,Friday,False,False,,False,False,False,1964,158509,80.71
2022-07-30,2022,7,30,Saturday,True,False,,False,True,False,2277,207552,91.15
2022-07-31,2022,7,31,Sunday,True,False,,False,True,False,1439,115812,80.48
2022-08-01,2022,8,1,Monday,False,False,,False,False,False,1675,133445,79.67
2022-08-02,2022,8,2,Tuesday,False,False,,False,False,False,1246,93830,75.3
2022-08-03,2022,8,3,Wednesday,False,False,,False,False,False,1466,69348,47.3
2022-08-04,2022,8,4,Thursday,False,False,,False,False,False,1744,142638,81.79
2022-08-05,2022,8,5,Friday,False,False,,False,False,False,1817,145172,79.9
2022-08-06,2022,8,6,Saturday,True,False,,False,True,False,2176,202004,92.83
2022-08-07,2022,8,7,Sunday,True,False,,False,True,False,2100,187700,89.38
2022-08-08,2022,8,8,Monday,False,False,,False,False,False,1151,47349,41.14
2022-08-09,2022,8,9,Tuesday,False,False,,False,False,False,756,43822,57.97
2022-08-10,2022,8,10,Wednesday,False,False,,False,False,False,445,9441,21.22
2022-08-11,2022,8,11,Thursday,False,False,,False,False,False,456,5785,12.69
2022-08-12,2022,8,12,Friday,False,False,,False,False,False,1708,86800,50.82
2022-08-13,2022,8,13,Saturday,True,False,,False,True,True,3960,260798,65.86
2022-08-14,2022,8,14,Sunday,True,False,,False,True,True,4129,208604,50.52
2022-08-15,2022,8,15,Monday,False,True,광복절,False,True,True,1417,92905,65.56
2022-08-16,2022,8,16,Tuesday,False,False,,False,False,False,1394,63855,45.81
2022-08-17,2022,8,17,Wednesday,False,False,,False,False,False,1458,75237,51.6
2022-08-18,2022,8,18,Thursday,False,False,,False,False,False,1515,79470,52.46
2022-08-19,2022,8,19,Friday,False,False,,False,False,False,1226,57037,46.52
2022-08-20,2022,8,20,Saturday,True,False,,False,True,False,2402,163791,68.19
2022-08-21,2022,8,21,Sunday,True,False,,False,True,False,2551,204301,80.09
2022-08-22,2022,8,22,Monday,False,False,,False,False,False,1378,75854,55.05
2022-08-23,2022,8,23,Tuesday,False,False,,False,False,False,1577,89113,56.51
2022-08-24,2022,8,24,Wednesday,False,False,,False,False,False,1578,102998,65.27
2022-08-25,2022,8,25,Thursday,False,False,,False,False,False,1760,109269,62.08
2022-08-26,2022,8,26,Friday,False,False,,False,False,False,2174,138277,63.6
2022-08-27,2022,8,27,Saturday,True,False,,False,True,False,4495,375388,83.51
2022-08-28,2022,8,28,Sunday,True,False,,False,True,False,4557,408972,89.75
2022-08-29,2022,8,29,Monday,False,False,,False,False,False,1790,103619,57.89
2022-08-30,2022,8,30,Tuesday,False,False,,False,False,False,1310,55590,42.44
2022-08-31,2022,8,31,Wednesday,False,False,,False,False,False,1734,91178,52.58
2022-09-01,2022,9,1,Thursday,False,False,,False,False,False,2086,127576,61.16
2022-09-02,2022,9,2,Friday,False,False,,False,False,False,2765,171122,61.89
2022-09-03,2022,9,3,Saturday,True,False,,False,True,False,5996,309256,51.58
2022-09-04,2022,9,4,Sunday,True,False,,False,True,False,3837,315442,82.21
2022-09-05,2022,9,5,Monday,False,False,,False,False,False,1136,45130,39.73
2022-09-06,2022,9,6,Tuesday,False,False,,False,False,False,1321,51012,38.62
2022-09-07,2022,9,7,Wednesday,False,False,,False,False,False,1921,106875,55.64
2022-09-08,2022,9,8,Thursday,False,False,,False,False,False,2001,106488,53.22
2022-09-09,2022,9,9,Friday,False,True,추석,False,True,True,2510,190848,76.04
2022-09-10,2022,9,10,Saturday,True,True,추석,False,True,True,2769,203878,73.63
2022-09-11,2022,9,11,Sunday,True,True,추석,False,True,True,2753,229018,83.19
2022-09-12,2022,9,12,Monday,False,True,추석연휴,False,True,True,2888,288719,99.97
2022-09-13,2022,9,13,Tuesday,False,False,,False,False,False,1465,101915,69.57
2022-09-14,2022,9,14,Wednesday,False,False,,False,False,False,1712,126287,73.77
2022-09-15,2022,9,15,Thursday,False,False,,False,False,False,1868,132149,70.74
2022-09-16,2022,9,16,Friday,False,False,,False,False,False,2038,132200,64.87
2022-09-17,2022,9,17,Saturday,True,False,,False,True,False,6267,326802,52.15
2022-09-18,2022,9,18,Sunday,True,False,,False,True,False,6875,498703,72.54
2022-09-19,2022,9,19,Monday,False,False,,False,False,False,2110,145438,68.93
2022-09-20,2022,9,20,Tuesday,False,False,,False,False,False,1961,130413,66.5
2022-09-21,2022,9,21,Wednesday,False,False,,False,False,False,1877,132302,70.49
2022-09-22,2022,9,22,Thursday,False,False,,False,False,False,1979,127132,64.24
2022-09-23,2022,9,23,Friday,False,False,,False,False,False,2181,132803,60.89
2022-09-24,2022,9,24,Saturday,True,False,,False,True,False,4584,382094,83.35
2022-09-25,2022,9,25,Sunday,True,False,,False,True,False,4893,429828,87.85
2022-09-26,2022,9,26,Monday,False,False,,False,False,False,1951,136263,69.84
2022-09-27,2022,9,27,Tuesday,False,False,,False,False,False,2002,145156,72.51
2022-09-28,2022,9,28,Wednesday,False,False,,False,False,False,1303,77810,59.72
2022-09-29,2022,9,29,Thursday,False,False,,False,False,False,1845,123909,67.16
2022-09-30,2022,9,30,Friday,False,False,,False,False,False,2053,138315,67.37
2022-10-01,2022,10,1,Saturday,True,False,,False,True,True,2838,247292,87.14
2022-10-02,2022,10,2,Sunday,True,False,,False,True,True,1880,139104,73.99
2022-10-03,2022,10,3,Monday,False,True,개천절,False,True,True,1101,77530,70.42
2022-10-04,2022,10,4,Tuesday,False,False,,False,False,False,1503,82967,55.2
2022-10-05,2022,10,5,Wednesday,False,False,,False,False,False,1932,113994,59.0
2022-10-06,2022,10,6,Thursday,False,False,,False,False,False,1883,119353,63.38
2022-10-07,2022,10,7,Friday,False,False,,False,False,False,2068,113050,54.67
2022-10-08,2022,10,8,Saturday,True,False,,False,True,False,3141,253689,80.77
2022-10-09,2022,10,9,Sunday,True,True,한글날,False,True,False,539,15403,28.58
2022-10-11,2022,10,11,Tuesday,False,False,,False,False,False,722,25662,35.54
2022-10-12,2022,10,12,Wednesday,False,False,,False,False,False,1814,112433,61.98
2022-10-13,2022,10,13,Thursday,False,False,,False,False,False,2000,131241,65.62
2022-10-14,2022,10,14,Friday,False,False,,False,False,False,2095,127230,60.73
2022-10-15,2022,10,15,Saturday,True,False,,False,True,False,3436,309646,90.12
2022-10-16,2022,10,16,Sunday,True,False,,False,True,False,2229,189458,85.0
2022-10-17,2022,10,17,Monday,False,False,,False,False,False,1842,116207,63.09
2022-10-18,2022,10,18,Tuesday,False,False,,False,False,False,1796,103866,57.83
2022-10-19,2022,10,19,Wednesday,False,False,,False,False,False,1685,108104,64.16
2022-10-20,2022,10,20,Thursday,False,False,,False,False,False,1831,125523,68.55
2022-10-21,2022,10,21,Friday,False,False,,False,False,False,2099,138296,65.89
2022-10-22,2022,10,22,Saturday,True,False,,False,True,False,775,10302,13.29
2022-10-25,2022,10,25,Tuesday,False,False,,False,False,False,967,51506,53.26
2022-10-26,2022,10,26,Wednesday,False,False,,False,False,False,1676,121635,72.57
2022-10-27,2022,10,27,Thursday,False,False,,False,False,False,1740,124578,71.6
2022-10-28,2022,10,28,Friday,False,False,,False,False,False,1951,111761,57.28
2022-10-29,2022,10,29,Saturday,True,False,,False,True,False,2363,182318,77.16
2022-10-30,2022,10,30,Sunday,True,False,,False,True,False,2522,221968,88.01
2022-10-31,2022,10,31,Monday,False,False,,False,False,False,1692,100631,59.47
2022-11-01,2022,11,1,Tuesday,False,False,,False,False,False,1582,98402,62.2
2022-11-02,2022,11,2,Wednesday,False,False,,False,False,False,1705,100067,58.69
2022-11-03,2022,11,3,Thursday,False,False,,False,False,False,1442,101108,70.12
2022-11-04,2022,11,4,Friday,False,False,,False,False,False,1503,81907,54.5
2022-11-05,2022,11,5,Saturday,True,False,,False,True,False,1861,140193,75.33
2022-11-06,2022,11,6,Sunday,True,False,,False,True,False,2122,170295,80.25
2022-11-07,2022,11,7,Monday,False,False,,False,False,False,1506,86014,57.11
2022-11-08,2022,11,8,Tuesday,False,False,,False,False,False,1506,83325,55.33
2022-11-09,2022,11,9,Wednesday,False,False,,False,False,False,1378,67230,48.79
2022-11-10,2022,11,10,Thursday,False,False,,False,False,False,916,49584,54.13
2022-11-11,2022,11,11,Friday,False,False,,False,False,False,1902,123481,64.92
2022-11-12,2022,11,12,Saturday,True,False,,False,True,False,1722,89354,51.89
2022-11-13,2022,11,13,Sunday,True,False,,False,True,False,1803,148488,82.36
2022-11-14,2022,11,14,Monday,False,False,,False,False,False,1565,100037,63.92
2022-11-15,2022,11,15,Tuesday,False,False,,False,False,False,1375,41234,29.99
2022-11-16,2022,11,16,Wednesday,False,False,,False,False,False,1620,99272,61.28
2022-11-17,2022,11,17,Thursday,False,False,,False,False,False,1695,109416,64.55
2022-11-18,2022,11,18,Friday,False,False,,False,False,False,1861,107255,57.63
2022-11-19,2022,11,19,Saturday,True,False,,False,True,False,2372,150185,63.32
2022-11-20,2022,11,20,Sunday,True,False,,False,True,False,2279,159486,69.98
2022-11-21,2022,11,21,Monday,False,False,,False,False,False,1629,99020,60.79
2022-11-22,2022,11,22,Tuesday,False,False,,False,False,False,1472,98547,66.95
2022-11-23,2022,11,23,Wednesday,False,False,,False,False,False,1618,109393,67.61
2022-11-24,2022,11,24,Thursday,False,False,,False,False,False,1427,95878,67.19
2022-11-25,2022,11,25,Friday,False,False,,False,False,False,1636,114474,69.97
2022-11-26,2022,11,26,Saturday,True,False,,False,True,False,1853,130323,70.33
2022-11-27,2022,11,27,Sunday,True,False,,False,True,False,1537,121089,78.78
2022-11-28,2022,11,28,Monday,False,False,,False,False,False,1127,74573,66.17
2022-11-29,2022,11,29,Tuesday,False,False,,False,False,False,1212,82132,67.77
2022-11-30,2022,11,30,Wednesday,False,False,,False,False,False,1303,70319,53.97
2022-12-01,2022,12,1,Thursday,False,False,,False,False,False,1202,62664,52.13
2022-12-02,2022,12,2,Friday,False,False,,False,False,False,1248,72618,58.19
2022-12-03,2022,12,3,Saturday,True,False,,False,True,False,1220,71307,58.45
2022-12-04,2022,12,4,Sunday,True,False,,False,True,False,1035,66030,63.8
2022-12-05,2022,12,5,Monday,False,False,,False,False,False,1301,82802,63.64
2022-12-06,2022,12,6,Tuesday,False,False,,False,False,False,1162,71797,61.79
2022-12-07,2022,12,7,Wednesday,False,False,,False,False,False,1340,73714,55.01
2022-12-08,2022,12,8,Thursday,False,False,,False,False,False,1416,72008,50.85
2022-12-09,2022,12,9,Friday,False,False,,False,False,False,1378,83378,60.51
2022-12-10,2022,12,10,Saturday,True,False,,False,True,False,1360,94138,69.22
2022-12-11,2022,12,11,Sunday,True,False,,False,True,False,1292,90211,69.82
2022-12-12,2022,12,12,Monday,False,False,,False,False,False,1212,67109,55.37
2022-12-13,2022,12,13,Tuesday,False,False,,False,False,False,1119,66899,59.78
2022-12-14,2022,12,14,Wednesday,False,False,,False,False,False,1081,72670,67.22
2022-12-15,2022,12,15,Thursday,False,False,,False,False,False,955,65918,69.02
2022-12-16,2022,12,16,Friday,False,False,,False,False,False,1256,80156,63.82
2022-12-17,2022,12,17,Saturday,True,False,,False,True,False,1141,64470,56.5
2022-12-18,2022,12,18,Sunday,True,False,,False,True,False,823,45852,55.71
2022-12-19,2022,12,19,Monday,False,False,,False,False,False,1151,73400,63.77
2022-12-20,2022,12,20,Tuesday,False,False,,False,False,False,1465,75597,51.6
2022-12-21,2022,12,21,Wednesday,False,False,,False,False,False,844,46746,55.39
2022-12-22,2022,12,22,Thursday,False,False,,False,False,False,1133,62461,55.13
2022-12-23,2022,12,23,Friday,False,False,,False,False,False,1088,49520,45.51
2022-12-24,2022,12,24,Saturday,True,False,,False,True,False,1038,47279,45.55
2022-12-25,2022,12,25,Sunday,True,True,크리스마스,False,True,False,1013,54829,54.13
2022-12-26,2022,12,26,Monday,False,False,,False,False,False,1135,68457,60.31
2022-12-27,2022,12,27,Tuesday,False,False,,False,False,False,1212,73003,60.23
2022-12-28,2022,12,28,Wednesday,False,False,,False,False,False,1155,62302,53.94
2022-12-29,2022,12,29,Thursday,False,False,,False,False,False,1260,75624,60.02
2022-12-30,2022,12,30,Friday,False,False,,False,False,False,1272,69023,54.26
2022-12-31,2022,12,31,Saturday,True,False,,False,True,False,1224,65183,53.25
2023-01-01,2023,1,1,Sunday,True,True,신정,False,True,False,1216,49877,41.02
2023-01-02,2023,1,2,Monday,False,False,,False,False,False,1058,47352,44.76
2023-01-03,2023,1,3,Tuesday,False,False,,False,False,False,1216,56935,46.82
2023-01-04,2023,1,4,Wednesday,False,False,,False,False,False,1160,61072,52.65
2023-01-05,2023,1,5,Thursday,False,False,,False,False,False,1068,60619,56.76
2023-01-06,2023,1,6,Friday,False,False,,False,False,False,1233,59503,48.26
2023-01-07,2023,1,7,Saturday,True,False,,False,True,False,1172,74390,63.47
2023-01-08,2023,1,8,Sunday,True,False,,False,True,False,1039,60287,58.02
2023-01-09,2023,1,9,Monday,False,False,,False,False,False,1189,53376,44.89
2023-01-10,2023,1,10,Tuesday,False,False,,False,False,False,1253,61163,48.81
2023-01-11,2023,1,11,Wednesday,False,False,,False,False,False,1328,61962,46.66
2023-01-12,2023,1,12,Thursday,False,False,,False,False,False,1383,67520,48.82
2023-01-13,2023,1,13,Friday,False,False,,False,False,False,675,21560,31.94
2023-01-14,2023,1,14,Saturday,True,False,,False,True,False,246,3364,13.67
2023-01-16,2023,1,16,Monday,False,False,,False,False,False,513,19863,38.72
2023-01-17,2023,1,17,Tuesday,False,False,,False,False,False,1203,64788,53.86
2023-01-18,2023,1,18,Wednesday,False,False,,False,False,False,1394,58207,41.76
2023-01-19,2023,1,19,Thursday,False,False,,False,False,False,1344,59891,44.56
2023-01-20,2023,1,20,Friday,False,False,,False,False,False,1216,46090,37.9
2023-01-21,2023,1,21,Saturday,True,True,설날,False,True,True,960,41328,43.05
2023-01-22,2023,1,22,Sunday,True,True,설날,False,True,True,946,37083,39.2
2023-01-23,2023,1,23,Monday,False,True,설날,False,True,True,1064,57509,54.05
2023-01-24,2023,1,24,Tuesday,False,True,설날연휴,False,True,True,701,23336,33.29
2023-01-25,2023,1,25,Wednesday,False,False,,False,False,False,1167,35610,30.51
2023-01-26,2023,1,26,Thursday,False,False,,False,False,False,906,44980,49.65
2023-01-27,2023,1,27,Friday,False,False,,False,False,False,1110,48118,43.35
2023-01-28,2023,1,28,Saturday,True,False,,False,True,False,1123,45733,40.72
2023-01-29,2023,1,29,Sunday,True,False,,False,True,False,1019,47418,46.53
2023-01-30,2023,1,30,Monday,False,False,,False,False,False,1290,53376,41.38
2023-01-31,2023,1,31,Tuesday,False,False,,False,False,False,1238,52047,42.04
2023-02-01,2023,2,1,Wednesday,False,False,,False,False,False,1233,41348,33.53
2023-02-02,2023,2,2,Thursday,False,False,,False,False,False,1173,54035,46.07
2023-02-03,2023,2,3,Friday,False,False,,False,False,False,1325,55319,41.75
2023-02-04,2023,2,4,Saturday,True,False,,False,True,False,1602,86733,54.14
2023-02-05,2023,2,5,Sunday,True,False,,False,True,False,1354,80766,59.65
2023-02-06,2023,2,6,Monday,False,False,,False,False,False,701,25817,36.83
2023-02-07,2023,2,7,Tuesday,False,False,,False,False,False,1293,60094,46.48
2023-02-08,2023,2,8,Wednesday,False,False,,False,False,False,1493,70751,47.39
2023-02-09,2023,2,9,Thursday,False,False,,False,False,False,1353,60013,44.36
2023-02-10,2023,2,10,Friday,False,False,,False,False,False,1504,68080,45.27
2023-02-11,2023,2,11,Saturday,True,False,,False,True,False,1643,94753,57.67
2023-02-12,2023,2,12,Sunday,True,False,,False,True,False,1342,91556,68.22
2023-02-13,2023,2,13,Monday,False,False,,False,False,False,1349,60594,44.92
2023-02-14,2023,2,14,Tuesday,False,False,,False,False,False,1431,59453,41.55
2023-02-15,2023,2,15,Wednesday,False,False,,False,False,False,1474,75551,51.26
2023-02-16,2023,2,16,Thursday,False,False,,False,False,False,1289,66393,51.51
2023-02-17,2023,2,17,Friday,False,False,,False,False,False,1549,77960,50.33
2023-02-18,2023,2,18,Saturday,True,False,,False,True,False,1430,77911,54.48
2023-02-19,2023,2,19,Sunday,True,False,,False,True,False,1531,95845,62.6
2023-02-20,2023,2,20,Monday,False,False,,False,False,False,1446,63630,44.0
2023-02-21,2023,2,21,Tuesday,False,False,,False,False,False,1450,59411,40.97
2023-02-22,2023,2,22,Wednesday,False,False,,False,False,False,1394,65375,46.9
2023-02-23,2023,2,23,Thursday,False,False,,False,False,False,1320,74151,56.17
2023-02-24,2023,2,24,Friday,False,False,,False,False,False,1506,79302,52.66
2023-02-25,2023,2,25,Saturday,True,False,,False,True,False,1519,82445,54.28
2023-02-26,2023,2,26,Sunday,True,False,,False,True,False,1657,116281,70.18
2023-02-27,2023,2,27,Monday,False,False,,False,False,False,1565,71081,45.42
2023-02-28,2023,2,28,Tuesday,False,False,,False,False,False,1680,79874,47.54
2023-03-01,2023,3,1,Wednesday,False,True,삼일절,False,True,False,1575,109092,69.26
2023-03-02,2023,3,2,Thursday,False,False,,False,False,False,1305,59795,45.82
2023-03-03,2023,3,3,Friday,False,False,,False,False,False,1417,68185,48.12
2023-03-04,2023,3,4,Saturday,True,False,,False,True,False,1712,128034,74.79
2023-03-05,2023,3,5,Sunday,True,False,,False,True,False,1866,147373,78.98
2023-03-06,2023,3,6,Monday,False,False,,False,False,False,1468,75309,51.3
2023-03-07,2023,3,7,Tuesday,False,False,,False,False,False,1377,89644,65.1
2023-03-08,2023,3,8,Wednesday,False,False,,False,False,False,1397,83681,59.9
2023-03-09,2023,3,9,Thursday,False,False,,False,False,False,1444,74023,51.26
2023-03-10,2023,3,10,Friday,False,False,,False,False,False,1778,99196,55.79
2023-03-11,2023,3,11,Saturday,True,False,,False,True,False,2330,183705,78.84
2023-03-12,2023,3,12,Sunday,True,False,,False,True,False,1142,55277,48.4
2023-03-13,2023,3,13,Monday,False,False,,False,False,False,1494,82878,55.47
2023-03-14,2023,3,14,Tuesday,False,False,,False,False,False,1387,71155,51.3
2023-03-15,2023,3,15,Wednesday,False,False,,False,False,False,1451,77492,53.41
2023-03-16,2023,3,16,Thursday,False,False,,False,False,False,1374,79270,57.69
2023-03-17,2023,3,17,Friday,False,False,,False,False,False,1700,94443,55.55
2023-03-18,2023,3,18,Saturday,True,False,,False,True,False,2281,176491,77.37
2023-03-19,2023,3,19,Sunday,True,False,,False,True,False,2044,183113,89.59
2023-03-20,2023,3,20,Monday,False,False,,False,False,False,1575,99146,62.95
2023-03-21,2023,3,21,Tuesday,False,False,,False,False,False,1607,107950,67.17
2023-03-22,2023,3,22,Wednesday,False,False,,False,False,False,1558,104948,67.36
2023-03-23,2023,3,23,Thursday,False,False,,False,False,False,1731,104265,60.23
2023-03-24,2023,3,24,Friday,False,False,,False,False,False,1714,108784,63.47
2023-03-25,2023,3,25,Saturday,True,False,,False,True,False,2492,201343,80.8
2023-03-26,2023,3,26,Sunday,True,False,,False,True,False,2982,233665,78.36
2023-03-27,2023,3,27,Monday,False,False,,False,False,False,1779,113244,63.66
2023-03-28,2023,3,28,Tuesday,False,False,,False,False,False,1920,114975,59.88
2023-03-29,2023,3,29,Wednesday,False,False,,False,False,False,1712,98054,57.27
2023-03-30,2023,3,30,Thursday,False,False,,False,False,False,1790,97759,54.61
2023-03-31,2023,3,31,Friday,False,False,,False,False,False,2140,110784,51.77
2023-04-01,2023,4,1,Saturday,True,False,,False,True,False,3008,225215,74.87
2023-04-02,2023,4,2,Sunday,True,False,,False,True,False,3509,344368,98.14
2023-04-03,2023,4,3,Monday,False,False,,False,False,False,2181,121207,55.57
2023-04-04,2023,4,4,Tuesday,False,False,,False,False,False,1636,100546,61.46
2023-04-05,2023,4,5,Wednesday,False,False,,False,False,False,1254,53755,42.87
2023-04-06,2023,4,6,Thursday,False,False,,False,False,False,1587,70879,44.66
2023-04-07,2023,4,7,Friday,False,False,,False,False,False,2017,99217,49.19
2023-04-08,2023,4,8,Saturday,True,False,,False,True,False,2775,194960,70.26
2023-04-09,2023,4,9,Sunday,True,False,,False,True,False,2855,227135,79.56
2023-04-10,2023,4,10,Monday,False,False,,False,False,False,2109,119587,56.7
2023-04-11,2023,4,11,Tuesday,False,False,,False,False,False,1304,59424,45.57
2023-04-12,2023,4,12,Wednesday,False,False,,False,False,False,1699,101757,59.89
2023-04-13,2023,4,13,Thursday,False,False,,False,False,False,1744,102499,58.77
2023-04-14,2023,4,14,Friday,False,False,,False,False,False,2102,123887,58.94
2023-04-15,2023,4,15,Saturday,True,False,,False,True,False,3015,214841,71.26
2023-04-16,2023,4,16,Sunday,True,False,,False,True,False,3321,320677,96.56
2023-04-17,2023,4,17,Monday,False,False,,False,False,False,1973,133199,67.51
2023-04-18,2023,4,18,Tuesday,False,False,,False,False,False,1770,85395,48.25
2023-04-19,2023,4,19,Wednesday,False,False,,False,False,False,2182,135821,62.25
2023-04-20,2023,4,20,Thursday,False,False,,False,False,False,1806,97185,53.81
2023-04-21,2023,4,21,Friday,False,False,,False,False,False,2056,122022,59.35
2023-04-22,2023,4,22,Saturday,True,False,,False,True,False,2993,291040,97.24
2023-04-23,2023,4,23,Sunday,True,False,,False,True,False,3301,347232,105.19
2023-04-24,2023,4,24,Monday,False,False,,False,False,False,1852,115986,62.63
2023-04-25,2023,4,25,Tuesday,False,False,,False,False,False,1525,97430,63.89
2023-04-26,2023,4,26,Wednesday,False,False,,False,False,False,1748,122518,70.09
2023-04-27,2023,4,27,Thursday,False,False,,False,False,False,1892,136967,72.39
2023-04-28,2023,4,28,Friday,False,False,,False,False,False,2193,137245,62.58
2023-04-29,2023,4,29,Saturday,True,False,,False,True,False,4145,313019,75.52
2023-04-30,2023,4,30,Sunday,True,False,,False,True,False,4249,308886,72.7
2023-05-01,2023,5,1,Monday,False,False,,False,False,False,2500,223690,89.48
2023-05-02,2023,5,2,Tuesday,False,False,,False,False,False,1913,121145,63.33
2023-05-03,2023,5,3,Wednesday,False,False,,False,False,False,1958,121950,62.28
2023-05-04,2023,5,4,Thursday,False,False,,False,False,False,1928,118670,61.55
2023-05-05,2023,5,5,Friday,False,True,어린이날,False,True,True,1143,59967,52.46
2023-05-06,2023,5,6,Saturday,True,False,,False,True,True,3386,364001,107.5
2023-05-07,2023,5,7,Sunday,True,False,,False,True,True,3406,382650,112.35
2023-05-08,2023,5,8,Monday,False,False,,False,False,False,1902,124724,65.58
2023-05-09,2023,5,9,Tuesday,False,False,,False,False,False,1534,75269,49.07
2023-05-10,2023,5,10,Wednesday,False,False,,False,False,False,1834,109989,59.97
2023-05-11,2023,5,11,Thursday,False,False,,False,False,False,1766,109796,62.17
2023-05-12,2023,5,12,Friday,False,False,,False,False,False,2054,135659,66.05
2023-05-13,2023,5,13,Saturday,True,False,,False,True,False,2846,254340,89.37
2023-05-14,2023,5,14,Sunday,True,False,,False,True,False,3229,331034,102.52
2023-05-15,2023,5,15,Monday,False,False,,False,False,False,1889,131250,69.48
2023-05-16,2023,5,16,Tuesday,False,False,,False,False,False,1815,122004,67.22
2023-05-17,2023,5,17,Wednesday,False,False,,False,False,False,1919,122322,63.74
2023-05-18,2023,5,18,Thursday,False,False,,False,False,False,1719,114517,66.62
2023-05-19,2023,5,19,Friday,False,False,,False,False,False,2069,122986,59.44
2023-05-20,2023,5,20,Saturday,True,False,,False,True,False,2871,258545,90.05
2023-05-21,2023,5,21,Sunday,True,False,,False,True,False,2560,258878,101.12
2023-05-22,2023,5,22,Monday,False,False,,False,False,False,1802,110725,61.45
2023-05-23,2023,5,23,Tuesday,False,False,,False,False,False,1930,117505,60.88
2023-05-24,2023,5,24,Wednesday,False,False,,False,False,False,1825,125881,68.98
2023-05-25,2023,5,25,Thursday,False,False,,False,False,False,1956,132403,67.69
2023-05-26,2023,5,26,Friday,False,False,,False,False,False,2178,134717,61.85
2023-05-27,2023,5,27,Saturday,True,True,대선,False,True,True,3432,329453,95.99
2023-05-28,2023,5,28,Sunday,True,False,,False,True,True,3385,288986,85.37
2023-05-29,2023,5,29,Monday,False,True,대체공휴일,True,True,True,2377,199768,84.04
2023-05-30,2023,5,30,Tuesday,False,False,,False,False,False,1941,116584,60.06
2023-05-31,2023,5,31,Wednesday,False,False,,False,False,False,1831,117746,64.31
2023-06-01,2023,6,1,Thursday,False,False,,False,False,False,1896,140549,74.13
2023-06-02,2023,6,2,Friday,False,False,,False,False,False,1973,121194,61.43
2023-06-03,2023,6,3,Saturday,True,False,,False,True,False,49,76,1.55
2023-06-05,2023,6,5,Monday,False,False,,False,False,False,1323,76061,57.49
2023-06-06,2023,6,6,Tuesday,False,True,현충일,False,True,False,3191,334549,104.84
2023-06-07,2023,6,7,Wednesday,False,False,,False,False,False,1760,89624,50.92
2023-06-08,2023,6,8,Thursday,False,False,,False,False,False,1602,91534,57.14
2023-06-09,2023,6,9,Friday,False,False,,False,False,False,1845,108164,58.63
2023-06-10,2023,6,10,Saturday,True,False,,False,True,False,2041,180640,88.51
2023-06-11,2023,6,11,Sunday,True,False,,False,True,False,2376,212929,89.62
2023-06-12,2023,6,12,Monday,False,False,,False,False,False,1775,122800,69.18
2023-06-13,2023,6,13,Tuesday,False,False,,False,False,False,1631,102021,62.55
2023-06-14,2023,6,14,Wednesday,False,False,,False,False,False,1703,125092,73.45
2023-06-15,2023,6,15,Thursday,False,False,,False,False,False,2071,151242,73.03
2023-06-16,2023,6,16,Friday,False,False,,False,False,False,2338,146068,62.48
2023-06-17,2023,6,17,Saturday,True,False,,False,True,False,3966,358951,90.51
2023-06-18,2023,6,18,Sunday,True,False,,False,True,False,3819,385582,100.96
2023-06-19,2023,6,19,Monday,False,False,,False,False,False,1837,107328,58.43
2023-06-20,2023,6,20,Tuesday,False,False,,False,False,False,1708,102143,59.8
2023-06-21,2023,6,21,Wednesday,False,False,,False,False,False,1603,86635,54.05
2023-06-22,2023,6,22,Thursday,False,False,,False,False,False,1920,115608,60.21
2023-06-23,2023,6,23,Friday,False,False,,False,False,False,2246,118719,52.86
2023-06-24,2023,6,24,Saturday,True,False,,False,True,False,2812,283710,100.89
2023-06-25,2023,6,25,Sunday,True,False,,False,True,False,2562,286263,111.73
2023-06-26,2023,6,26,Monday,False,False,,False,False,False,1277,57799,45.26
2023-06-27,2023,6,27,Tuesday,False,False,,False,False,False,1675,112004,66.87
2023-06-28,2023,6,28,Wednesday,False,False,,False,False,False,1656,102137,61.68
2023-06-29,2023,6,29,Thursday,False,False,,False,False,False,1191,65687,55.15
2023-06-30,2023,6,30,Friday,False,False,,False,False,False,1731,94452,54.56
2023-07-01,2023,7,1,Saturday,True,False,,False,True,False,2589,247330,95.53
2023-07-02,2023,7,2,Sunday,True,False,,False,True,False,2178,228384,104.86
2023-07-03,2023,7,3,Monday,False,False,,False,False,False,1733,96318,55.58
2023-07-04,2023,7,4,Tuesday,False,False,,False,False,False,1237,59117,47.79
2023-07-05,2023,7,5,Wednesday,False,False,,False,False,False,1567,86231,55.03
2023-07-06,2023,7,6,Thursday,False,False,,False,False,False,1698,94709,55.78
2023-07-07,2023,7,7,Friday,False,False,,False,False,False,1913,101622,53.12
2023-07-08,2023,7,8,Saturday,True,False,,False,True,False,2528,245536,97.13
2023-07-09,2023,7,9,Sunday,True,False,,False,True,False,1537,104915,68.26
2023-07-10,2023,7,10,Monday,False,False,,False,False,False,1556,86952,55.88
2023-07-11,2023,7,11,Tuesday,False,False,,False,False,False,731,30912,42.29
2023-07-12,2023,7,12,Wednesday,False,False,,False,False,False,1408,89946,63.88
2023-07-13,2023,7,13,Thursday,False,False,,False,False,False,1052,61155,58.13
2023-07-14,2023,7,14,Friday,False,False,,False,False,False,1078,59925,55.59
2023-07-15,2023,7,15,Saturday,True,False,,False,True,False,1178,72051,61.16
2023-07-16,2023,7,16,Sunday,True,False,,False,True,False,1197,68616,57.32
2023-07-17,2023,7,17,Monday,False,False,,False,False,False,1210,61396,50.74
2023-07-18,2023,7,18,Tuesday,False,False,,False,False,False,1261,60967,48.35
2023-07-19,2023,7,19,Wednesday,False,False,,False,False,False,1342,73468,54.75
2023-07-20,2023,7,20,Thursday,False,False,,False,False,False,925,60355,65.25
2023-07-21,2023,7,21,Friday,False,False,,False,False,False,1668,79671,47.76
2023-07-22,2023,7,22,Saturday,True,False,,False,True,False,1642,151177,92.07
2023-07-23,2023,7,23,Sunday,True,False,,False,True,False,818,49834,60.92
2023-07-24,2023,7,24,Monday,False,False,,False,False,False,1291,79272,61.4
2023-07-25,2023,7,25,Tuesday,False,False,,False,False,False,1380,95913,69.5
2023-07-26,2023,7,26,Wednesday,False,False,,False,False,False,1380,88156,63.88
2023-07-27,2023,7,27,Thursday,False,False,,False,False,False,1730,138079,79.81
2023-07-28,2023,7,28,Friday,False,False,,False,False,False,1664,121138,72.8
2023-07-29,2023,7,29,Saturday,True,False,,False,True,False,1962,186754,95.19
2023-07-30,2023,7,30,Sunday,True,False,,False,True,False,1699,187779,110.52
2023-07-31,2023,7,31,Monday,False,False,,False,False,False,1282,111358,86.86
2023-08-01,2023,8,1,Tuesday,False,False,,False,False,False,1484,107475,72.42
2023-08-02,2023,8,2,Wednesday,False,False,,False,False,False,1527,119349,78.16
2023-08-03,2023,8,3,Thursday,False,False,,False,False,False,1485,109285,73.59
2023-08-04,2023,8,4,Friday,False,False,,False,False,False,1620,107648,66.45
2023-08-05,2023,8,5,Saturday,True,False,,False,True,False,1987,173790,87.46
2023-08-06,2023,8,6,Sunday,True,False,,False,True,False,1731,174592,100.86
2023-08-07,2023,8,7,Monday,False,False,,False,False,False,1399,81211,58.05
2023-08-08,2023,8,8,Tuesday,False,False,,False,False,False,1556,105304,67.68
2023-08-09,2023,8,9,Wednesday,False,False,,False,False,False,740,35295,47.7
2023-08-10,2023,8,10,Thursday,False,False,,False,False,False,812,56163,69.17
2023-08-11,2023,8,11,Friday,False,False,,False,False,False,1168,76176,65.22
2023-08-12,2023,8,12,Saturday,True,False,,False,True,False,1768,129182,73.07
2023-08-13,2023,8,13,Sunday,True,False,,False,True,False,2121,224316,105.76
2023-08-14,2023,8,14,Monday,False,False,,False,False,False,1664,141455,85.01
2023-08-15,2023,8,15,Tuesday,False,True,광복절,False,True,False,2294,273047,119.03
2023-08-16,2023,8,16,Wednesday,False,False,,False,False,False,1430,87894,61.46
2023-08-17,2023,8,17,Thursday,False,False,,False,False,False,1489,90029,60.46
2023-08-18,2023,8,18,Friday,False,False,,False,False,False,1654,106050,64.12
2023-08-19,2023,8,19,Saturday,True,False,,False,True,False,2195,203765,92.83
2023-08-20,2023,8,20,Sunday,True,False,,False,True,False,2028,219332,108.15
2023-08-21,2023,8,21,Monday,False,False,,False,False,False,1495,75918,50.78
2023-08-22,2023,8,22,Tuesday,False,False,,False,False,False,1120,64906,57.95
2023-08-23,2023,8,23,Wednesday,False,False,,False,False,False,1101,70180,63.74
2023-08-24,2023,8,24,Thursday,False,False,,False,False,False,1304,82454,63.23
2023-08-25,2023,8,25,Friday,False,False,,False,False,False,1988,102128,51.37
2023-08-26,2023,8,26,Saturday,True,False,,False,True,False,2138,171554,80.24
2023-08-27,2023,8,27,Sunday,True,False,,False,True,False,1999,192125,96.11
2023-08-28,2023,8,28,Monday,False,False,,False,False,False,1393,66486,47.73
2023-08-29,2023,8,29,Tuesday,False,False,,False,False,False,1273,67342,52.9
2023-08-30,2023,8,30,Wednesday,False,False,,False,False,False,1424,85628,60.13
2023-08-31,2023,8,31,Thursday,False,False,,False,False,False,1966,129149,65.69
2023-09-01,2023,9,1,Friday,False,False,,False,False,False,2137,144601,67.67
2023-09-02,2023,9,2,Saturday,True,False,,False,True,False,3905,404509,103.59
2023-09-03,2023,9,3,Sunday,True,False,,False,True,False,3849,453195,117.74
2023-09-04,2023,9,4,Monday,False,False,,False,False,False,1582,97890,61.88
2023-09-05,2023,9,5,Tuesday,False,False,,False,False,False,1457,98184,67.39
2023-09-06,2023,9,6,Wednesday,False,False,,False,False,False,1688,112397,66.59
2023-09-07,2023,9,7,Thursday,False,False,,False,False,False,1761,108713,61.73
2023-09-08,2023,9,8,Friday,False,False,,False,False,False,2234,135848,60.81
2023-09-09,2023,9,9,Saturday,True,False,,False,True,False,4206,426609,101.43
2023-09-10,2023,9,10,Sunday,True,False,,False,True,False,3847,425511,110.61
2023-09-11,2023,9,11,Monday,False,False,,False,False,False,1693,110021,64.99
2023-09-12,2023,9,12,Tuesday,False,False,,False,False,False,1663,119209,71.68
2023-09-13,2023,9,13,Wednesday,False,False,,False,False,False,1582,98607,62.33
2023-09-14,2023,9,14,Thursday,False,False,,False,False,False,2023,163654,80.9
2023-09-15,2023,9,15,Friday,False,False,,False,False,False,1034,52462,50.74
2023-09-16,2023,9,16,Saturday,True,False,,False,True,False,2539,274840,108.25
2023-09-17,2023,9,17,Sunday,True,False,,False,True,False,3716,368243,99.1
2023-09-18,2023,9,18,Monday,False,False,,False,False,False,2003,127419,63.61
2023-09-19,2023,9,19,Tuesday,False,False,,False,False,False,1739,112749,64.84
2023-09-20,2023,9,20,Wednesday,False,False,,False,False,False,1390,75246,54.13
2023-09-21,2023,9,21,Thursday,False,False,,False,False,False,1761,127218,72.24
2023-09-22,2023,9,22,Friday,False,False,,False,False,False,2096,123756,59.04
2023-09-23,2023,9,23,Saturday,True,False,,False,True,False,2796,264230,94.5
2023-09-24,2023,9,24,Sunday,True,False,,False,True,False,2753,297833,108.18
2023-09-25,2023,9,25,Monday,False,False,,False,False,False,1703,115203,67.65
2023-09-26,2023,9,26,Tuesday,False,False,,False,False,False,1511,70265,46.5
2023-09-27,2023,9,27,Wednesday,False,False,,False,False,False,1505,69661,46.29
2023-09-28,2023,9,28,Thursday,False,True,추석,False,True,True,1925,165890,86.18
2023-09-29,2023,9,29,Friday,False,True,추석,False,True,True,2901,169834,58.54
2023-09-30,2023,9,30,Saturday,True,True,추석연휴,False,True,True,2053,154582,75.3
2023-10-01,2023,10,1,Sunday,True,False,,False,True,True,2918,266846,91.45
2023-10-02,2023,10,2,Monday,False,False,,False,False,False,3014,299070,99.23
2023-10-03,2023,10,3,Tuesday,False,True,개천절,False,True,False,2469,267960,108.53
2023-10-04,2023,10,4,Wednesday,False,False,,False,False,False,1426,76753,53.82
2023-10-05,2023,10,5,Thursday,False,False,,False,False,False,1632,106288,65.13
2023-10-06,2023,10,6,Friday,False,False,,False,False,False,1753,106983,61.03
2023-10-07,2023,10,7,Saturday,True,False,,False,True,True,2886,261707,90.68
2023-10-08,2023,10,8,Sunday,True,False,,False,True,True,2403,219881,91.5
2023-10-09,2023,10,9,Monday,False,True,한글날,False,True,True,2470,251608,101.87
2023-10-10,2023,10,10,Tuesday,False,False,,False,False,False,1485,69656,46.91
2023-10-11,2023,10,11,Wednesday,False,False,,False,False,False,1830,122737,67.07
2023-10-12,2023,10,12,Thursday,False,False,,False,False,False,1874,129339,69.02
2023-10-13,2023,10,13,Friday,False,False,,False,False,False,2197,147808,67.28
2023-10-14,2023,10,14,Saturday,True,False,,False,True,False,3352,215087,64.17
2023-10-15,2023,10,15,Sunday,True,False,,False,True,False,3994,350827,87.84
2023-10-16,2023,10,16,Monday,False,False,,False,False,False,1929,115790,60.03
2023-10-17,2023,10,17,Tuesday,False,False,,False,False,False,1894,126452,66.76
2023-10-18,2023,10,18,Wednesday,False,False,,False,False,False,1765,126188,71.49
2023-10-19,2023,10,19,Thursday,False,False,,False,False,False,1593,109845,68.95
2023-10-20,2023,10,20,Friday,False,False,,False,False,False,1984,116341,58.64
2023-10-21,2023,10,21,Saturday,True,False,,False,True,False,2192,182448,83.23
2023-10-22,2023,10,22,Sunday,True,False,,False,True,False,2336,238091,101.92
2023-10-23,2023,10,23,Monday,False,False,,False,False,False,1729,123622,71.5
2023-10-24,2023,10,24,Tuesday,False,False,,False,False,False,1655,108081,65.31
2023-10-25,2023,10,25,Wednesday,False,False,,False,False,False,1675,110834,66.17
2023-10-26,2023,10,26,Thursday,False,False,,False,False,False,1631,106807,65.49
2023-10-27,2023,10,27,Friday,False,False,,False,False,False,1874,124119,66.23
2023-10-28,2023,10,28,Saturday,True,False,,False,True,False,2323,196979,84.8
2023-10-29,2023,10,29,Sunday,True,False,,False,True,False,2458,240441,97.82
2023-10-30,2023,10,30,Monday,False,False,,False,False,False,1685,99502,59.05
2023-10-31,2023,10,31,Tuesday,False,False,,False,False,False,1653,103045,62.34
2023-11-01,2023,11,1,Wednesday,False,False,,False,False,False,1569,96229,61.33
2023-11-02,2023,11,2,Thursday,False,False,,False,False,False,1739,114787,66.01
2023-11-03,2023,11,3,Friday,False,False,,False,False,False,1421,88944,62.59
2023-11-04,2023,11,4,Saturday,True,False,,False,True,False,2094,166818,79.66
2023-11-05,2023,11,5,Sunday,True,False,,False,True,False,1066,62326,58.47
2023-11-06,2023,11,6,Monday,False,False,,False,False,False,1287,69454,53.97
2023-11-07,2023,11,7,Tuesday,False,False,,False,False,False,1457,84950,58.3
2023-11-08,2023,11,8,Wednesday,False,False,,False,False,False,1584,93244,58.87
2023-11-09,2023,11,9,Thursday,False,False,,False,False,False,1520,83520,54.95
2023-11-10,2023,11,10,Friday,False,False,,False,False,False,1543,86307,55.93
2023-11-11,2023,11,11,Saturday,True,False,,False,True,False,1356,94086,69.38
2023-11-12,2023,11,12,Sunday,True,False,,False,True,False,1296,107403,82.87
2023-11-13,2023,11,13,Monday,False,False,,False,False,False,1325,77481,58.48
2023-11-14,2023,11,14,Tuesday,False,False,,False,False,False,1187,62930,53.02
2023-11-15,2023,11,15,Wednesday,False,False,,False,False,False,1424,91919,64.55
2023-11-16,2023,11,16,Thursday,False,False,,False,False,False,1170,65967,56.38
2023-11-17,2023,11,17,Friday,False,False,,False,False,False,1395,77168,55.32
2023-11-18,2023,11,18,Saturday,True,False,,False,True,False,1390,93584,67.33
2023-11-19,2023,11,19,Sunday,True,False,,False,True,False,1454,120832,83.1
2023-11-20,2023,11,20,Monday,False,False,,False,False,False,1356,80828,59.61
2023-11-21,2023,11,21,Tuesday,False,False,,False,False,False,1326,77782,58.66
2023-11-22,2023,11,22,Wednesday,False,False,,False,False,False,1364,77116,56.54
2023-11-23,2023,11,23,Thursday,False,False,,False,False,False,1313,74866,57.02
2023-11-24,2023,11,24,Friday,False,False,,False,False,False,1305,67184,51.48
2023-11-25,2023,11,25,Saturday,True,False,,False,True,False,1326,75803,57.17
2023-11-26,2023,11,26,Sunday,True,False,,False,True,False,1123,92466,82.34
2023-11-27,2023,11,27,Monday,False,False,,False,False,False,1161,51105,44.02
2023-11-28,2023,11,28,Tuesday,False,False,,False,False,False,1257,64648,51.43
2023-11-29,2023,11,29,Wednesday,False,False,,False,False,False,1164,65485,56.26
2023-11-30,2023,11,30,Thursday,False,False,,False,False,False,1101,65621,59.6
2023-12-01,2023,12,1,Friday,False,False,,False,False,False,1235,77277,62.57
2023-12-02,2023,12,2,Saturday,True,False,,False,True,False,1182,76555,64.77
2023-12-03,2023,12,3,Sunday,True,False,,False,True,False,1015,65031,64.07
2023-12-04,2023,12,4,Monday,False,False,,False,False,False,1188,62247,52.4
2023-12-05,2023,12,5,Tuesday,False,False,,False,False,False,1179,53398,45.29
2023-12-06,2023,12,6,Wednesday,False,False,,False,False,False,1059,48443,45.74
2023-12-07,2023,12,7,Thursday,False,False,,False,False,False,1148,56310,49.05
2023-12-08,2023,12,8,Friday,False,False,,False,False,False,1279,73966,57.83
2023-12-09,2023,12,9,Saturday,True,False,,False,True,False,1398,95215,68.11
2023-12-10,2023,12,10,Sunday,True,False,,False,True,False,1329,106627,80.23
2023-12-11,2023,12,11,Monday,False,False,,False,False,False,1025,43974,42.9
2023-12-12,2023,12,12,Tuesday,False,False,,False,False,False,1005,59501,59.2
2023-12-13,2023,12,13,Wednesday,False,False,,False,False,False,1185,81372,68.67
2023-12-14,2023,12,14,Thursday,False,False,,False,False,False,1060,60398,56.98
2023-12-15,2023,12,15,Friday,False,False,,False,False,False,1137,57924,50.94
2023-12-16,2023,12,16,Saturday,True,False,,False,True,False,985,54477,55.31
2023-12-17,2023,12,17,Sunday,True,False,,False,True,False,753,41316,54.87
2023-12-18,2023,12,18,Monday,False,False,,False,False,False,1121,59401,52.99
2023-12-19,2023,12,19,Tuesday,False,False,,False,False,False,1004,55894,55.67
2023-12-20,2023,12,20,Wednesday,False,False,,False,False,False,899,54305,60.41
2023-12-21,2023,12,21,Thursday,False,False,,False,False,False,995,48841,49.09
2023-12-22,2023,12,22,Friday,False,False,,False,False,False,909,44501,48.96
2023-12-23,2023,12,23,Saturday,True,False,,False,True,True,751,41693,55.52
2023-12-24,2023,12,24,Sunday,True,False,,False,True,True,996,59950,60.19
2023-12-25,2023,12,25,Monday,False,True,크리스마스,False,True,True,747,51083,68.38
2023-12-26,2023,12,26,Tuesday,False,False,,False,False,False,1078,58444,54.22
2023-12-27,2023,12,27,Wednesday,False,False,,False,False,False,1017,59102,58.11
2023-12-28,2023,12,28,Thursday,False,False,,False,False,False,1057,61263,57.96
2023-12-29,2023,12,29,Friday,False,False,,False,False,False,1048,61386,58.57
2023-12-30,2023,12,30,Saturday,True,False,,False,True,True,731,35676,48.8
2023-12-31,2023,12,31,Sunday,True,False,,False,True,True,910,45564,50.07
2024-01-01,2024,1,1,Monday,False,True,신정,False,True,True,1194,56907,47.66
2024-01-02,2024,1,2,Tuesday,False,False,,False,False,False,967,49062,50.74
2024-01-03,2024,1,3,Wednesday,False,False,,False,False,False,1013,52217,51.55
2024-01-04,2024,1,4,Thursday,False,False,,False,False,False,1008,52362,51.95
2024-01-05,2024,1,5,Friday,False,False,,False,False,False,1093,58434,53.46
2024-01-06,2024,1,6,Saturday,True,False,,False,True,False,1204,73195,60.79
2024-01-07,2024,1,7,Sunday,True,False,,False,True,False,754,38863,51.54
2024-01-08,2024,1,8,Monday,False,False,,False,False,False,1057,48105,45.51
2024-01-09,2024,1,9,Tuesday,False,False,,False,False,False,767,45776,59.68
2024-01-10,2024,1,10,Wednesday,False,False,,False,False,False,948,53047,55.96
2024-01-11,2024,1,11,Thursday,False,False,,False,False,False,1080,60910,56.4
2024-01-12,2024,1,12,Friday,False,False,,False,False,False,1095,56068,51.2
2024-01-13,2024,1,13,Saturday,True,False,,False,True,False,1201,72327,60.22
2024-01-14,2024,1,14,Sunday,True,False,,False,True,False,764,39062,51.13
2024-01-15,2024,1,15,Monday,False,False,,False,False,False,960,41900,43.65
2024-01-16,2024,1,16,Tuesday,False,False,,False,False,False,716,30355,42.4
2024-01-17,2024,1,17,Wednesday,False,False,,False,False,False,969,52566,54.25
2024-01-18,2024,1,18,Thursday,False,False,,False,False,False,1060,52319,49.36
2024-01-19,2024,1,19,Friday,False,False,,False,False,False,1098,64242,58.51
2024-01-20,2024,1,20,Saturday,True,False,,False,True,False,973,57370,58.96
2024-01-21,2024,1,21,Sunday,True,False,,False,True,False,881,54102,61.41
2024-01-22,2024,1,22,Monday,False,False,,False,False,False,994,44734,45.0
2024-01-23,2024,1,23,Tuesday,False,False,,False,False,False,914,37660,41.2
2024-01-24,2024,1,24,Wednesday,False,False,,False,False,False,961,46062,47.93
2024-01-25,2024,1,25,Thursday,False,False,,False,False,False,981,51265,52.26
2024-01-26,2024,1,26,Friday,False,False,,False,False,False,1106,57120,51.65
2024-01-27,2024,1,27,Saturday,True,False,,False,True,False,1096,67725,61.79
2024-01-28,2024,1,28,Sunday,True,False,,False,True,False,1035,65226,63.02
2024-01-29,2024,1,29,Monday,False,False,,False,False,False,1138,60242,52.94
2024-01-30,2024,1,30,Tuesday,False,False,,False,False,False,1179,50455,42.79
2024-01-31,2024,1,31,Wednesday,False,False,,False,False,False,1185,57803,48.78
2024-02-01,2024,2,1,Thursday,False,False,,False,False,False,1102,49665,45.07
2024-02-02,2024,2,2,Friday,False,False,,False,False,False,1225,59428,48.51
2024-02-03,2024,2,3,Saturday,True,False,,False,True,False,1139,80024,70.26
2024-02-04,2024,2,4,Sunday,True,False,,False,True,False,1281,90542,70.68
2024-02-05,2024,2,5,Monday,False,False,,False,False,False,1109,46335,41.78
2024-02-06,2024,2,6,Tuesday,False,False,,False,False,False,1107,57742,52.16
2024-02-07,2024,2,7,Wednesday,False,False,,False,False,False,1175,56900,48.43
2024-02-08,2024,2,8,Thursday,False,False,,False,False,False,1133,54624,48.21
2024-02-09,2024,2,9,Friday,False,True,설날,False,True,True,968,64452,66.58
2024-02-10,2024,2,10,Saturday,True,True,설날,False,True,True,1315,43154,32.82
2024-02-11,2024,2,11,Sunday,True,True,설날,False,True,True,1356,48100,35.47
2024-02-12,2024,2,12,Monday,False,True,설날연휴,False,True,True,1169,89486,76.55
2024-02-13,2024,2,13,Tuesday,False,False,,False,False,False,1003,59796,59.62
2024-02-14,2024,2,14,Wednesday,False,False,,False,False,False,1292,75577,58.5
2024-02-15,2024,2,15,Thursday,False,False,,False,False,False,1083,42630,39.36
2024-02-16,2024,2,16,Friday,False,False,,False,False,False,1363,76605,56.2
2024-02-17,2024,2,17,Saturday,True,False,,False,True,False,1535,119856,78.08
2024-02-18,2024,2,18,Sunday,True,False,,False,True,False,1018,80322,78.9
2024-02-19,2024,2,19,Monday,False,False,,False,False,False,1088,44589,40.98
2024-02-20,2024,2,20,Tuesday,False,False,,False,False,False,1081,55139,51.01
2024-02-21,2024,2,21,Wednesday,False,False,,False,False,False,1049,50817,48.44
2024-02-22,2024,2,22,Thursday,False,False,,False,False,False,967,51932,53.7
2024-02-23,2024,2,23,Friday,False,False,,False,False,False,1296,78418,60.51
2024-02-24,2024,2,24,Saturday,True,False,,False,True,False,1312,101756,77.56
2024-02-25,2024,2,25,Sunday,True,False,,False,True,False,1143,96229,84.19
2024-02-26,2024,2,26,Monday,False,False,,False,False,False,1319,78605,59.59
2024-02-27,2024,2,27,Tuesday,False,False,,False,False,False,1318,85195,64.64
2024-02-28,2024,2,28,Wednesday,False,False,,False,False,False,1268,89979,70.96
2024-02-29,2024,2,29,Thursday,False,False,,False,False,False,1491,83150,55.77
2024-03-01,2024,3,1,Friday,False,True,삼일절,False,True,True,1304,84239,64.6
2024-03-02,2024,3,2,Saturday,True,False,,False,True,True,1132,83426,73.7
2024-03-03,2024,3,3,Sunday,True,False,,False,True,True,1243,98813,79.5
2024-03-04,2024,3,4,Monday,False,False,,False,False,False,1291,75392,58.4
2024-03-05,2024,3,5,Tuesday,False,False,,False,False,False,1099,71942,65.46
2024-03-06,2024,3,6,Wednesday,False,False,,False,False,False,1216,78917,64.9
2024-03-07,2024,3,7,Thursday,False,False,,False,False,False,1208,79054,65.44
2024-03-08,2024,3,8,Friday,False,False,,False,False,False,1379,84660,61.39
2024-03-09,2024,3,9,Saturday,True,False,,False,True,False,1689,128151,75.87
2024-03-10,2024,3,10,Sunday,True,False,,False,True,False,1921,165709,86.26
2024-03-11,2024,3,11,Monday,False,False,,False,False,False,1291,86504,67.01
2024-03-12,2024,3,12,Tuesday,False,False,,False,False,False,1147,57681,50.29
2024-03-13,2024,3,13,Wednesday,False,False,,False,False,False,1304,67084,51.44
2024-03-14,2024,3,14,Thursday,False,False,,False,False,False,1542,83555,54.19
2024-03-15,2024,3,15,Friday,False,False,,False,False,False,1663,92256,55.48
2024-03-16,2024,3,16,Saturday,True,False,,False,True,False,2414,203456,84.28
2024-03-17,2024,3,17,Sunday,True,False,,False,True,False,1720,160168,93.12
2024-03-18,2024,3,18,Monday,False,False,,False,False,False,1511,88081,58.29
2024-03-19,2024,3,19,Tuesday,False,False,,False,False,False,1272,65941,51.84
2024-03-20,2024,3,20,Wednesday,False,False,,False,False,False,1328,75647,56.96
2024-03-21,2024,3,21,Thursday,False,False,,False,False,False,1513,100346,66.32
2024-03-22,2024,3,22,Friday,False,False,,False,False,False,1355,85596,63.17
2024-03-23,2024,3,23,Saturday,True,False,,False,True,False,2364,195639,82.76
2024-03-24,2024,3,24,Sunday,True,False,,False,True,False,3466,363489,104.87
2024-03-25,2024,3,25,Monday,False,False,,False,False,False,1214,53831,44.34
2024-03-26,2024,3,26,Tuesday,False,False,,False,False,False,1331,66576,50.02
2024-03-27,2024,3,27,Wednesday,False,False,,False,False,False,1631,96511,59.17
2024-03-28,2024,3,28,Thursday,False,False,,False,False,False,1298,69300,53.39
2024-03-29,2024,3,29,Friday,False,False,,False,False,False,1529,73258,47.91
2024-03-30,2024,3,30,Saturday,True,False,,False,True,False,1927,156969,81.46
2024-03-31,2024,3,31,Sunday,True,False,,False,True,False,2464,228389,92.69
2024-04-01,2024,4,1,Monday,False,False,,False,False,False,1633,92866,56.87
2024-04-02,2024,4,2,Tuesday,False,False,,False,False,False,1876,108779,57.98
2024-04-03,2024,4,3,Wednesday,False,False,,False,False,False,1567,103150,65.83
2024-04-04,2024,4,4,Thursday,False,False,,False,False,False,1781,109703,61.6
2024-04-05,2024,4,5,Friday,False,False,,False,False,False,1958,124802,63.74
2024-04-06,2024,4,6,Saturday,True,False,,False,True,False,2690,246652,91.69
2024-04-07,2024,4,7,Sunday,True,False,,False,True,False,3221,343484,106.64
2024-04-08,2024,4,8,Monday,False,False,,False,False,False,1758,108103,61.49
2024-04-09,2024,4,9,Tuesday,False,False,,False,False,False,1610,81434,50.58
2024-04-10,2024,4,10,Wednesday,False,True,식목일,False,True,False,2764,322664,116.74
2024-04-11,2024,4,11,Thursday,False,False,,False,False,False,1854,93618,50.5
2024-04-12,2024,4,12,Friday,False,False,,False,False,False,1838,119266,64.89
2024-04-13,2024,4,13,Saturday,True,False,,False,True,False,3291,343106,104.26
2024-04-14,2024,4,14,Sunday,True,False,,False,True,False,3287,366759,111.58
2024-04-15,2024,4,15,Monday,False,False,,False,False,False,1068,32500,30.43
2024-04-16,2024,4,16,Tuesday,False,False,,False,False,False,1201,67743,56.41
2024-04-17,2024,4,17,Wednesday,False,False,,False,False,False,1671,95292,57.03
2024-04-18,2024,4,18,Thursday,False,False,,False,False,False,1563,93227,59.65
2024-04-19,2024,4,19,Friday,False,False,,False,False,False,1867,106948,57.28
2024-04-20,2024,4,20,Saturday,True,False,,False,True,False,1450,83603,57.66
2024-04-21,2024,4,21,Sunday,True,False,,False,True,False,2292,244049,106.48
2024-04-22,2024,4,22,Monday,False,False,,False,False,False,1750,113398,64.8
2024-04-23,2024,4,23,Tuesday,False,False,,False,False,False,1760,102998,58.52
2024-04-24,2024,4,24,Wednesday,False,False,,False,False,False,1758,94639,53.83
2024-04-25,2024,4,25,Thursday,False,False,,False,False,False,1898,122614,64.6
2024-04-26,2024,4,26,Friday,False,False,,False,False,False,1985,105160,52.98
2024-04-27,2024,4,27,Saturday,True,False,,False,True,False,3026,298158,98.53
2024-04-28,2024,4,28,Sunday,True,False,,False,True,False,3102,330803,106.64
2024-04-29,2024,4,29,Monday,False,False,,False,False,False,1780,97265,54.64
2024-04-30,2024,4,30,Tuesday,False,False,,False,False,False,2069,129811,62.74
2024-05-01,2024,5,1,Wednesday,False,False,,False,False,False,2654,297262,112.01
2024-05-02,2024,5,2,Thursday,False,False,,False,False,False,2055,144433,70.28
2024-05-03,2024,5,3,Friday,False,False,,False,False,False,2328,171110,73.5
2024-05-04,2024,5,4,Saturday,True,False,,False,True,True,4896,241877,49.4
2024-05-05,2024,5,5,Sunday,True,True,어린이날,False,True,True,2142,101425,47.35
2024-05-06,2024,5,6,Monday,False,True,대체공휴일,True,True,True,1362,85681,62.91
2024-05-07,2024,5,7,Tuesday,False,False,,False,False,False,1479,70308,47.54
2024-05-08,2024,5,8,Wednesday,False,False,,False,False,False,1765,102305,57.96
2024-05-09,2024,5,9,Thursday,False,False,,False,False,False,1839,108978,59.26
2024-05-10,2024,5,10,Friday,False,False,,False,False,False,2159,123939,57.41
2024-05-11,2024,5,11,Saturday,True,False,,False,True,False,1647,98936,60.07
2024-05-12,2024,5,12,Sunday,True,False,,False,True,False,3001,311072,103.66
2024-05-13,2024,5,13,Monday,False,False,,False,False,False,1936,117035,60.45
2024-05-14,2024,5,14,Tuesday,False,False,,False,False,False,1897,98240,51.79
2024-05-15,2024,5,15,Wednesday,False,True,스승의날,False,True,False,1358,96036,70.72
2024-05-16,2024,5,16,Thursday,False,False,,False,False,False,2079,120964,58.18
2024-05-17,2024,5,17,Friday,False,False,,False,False,False,1960,129516,66.08
2024-05-18,2024,5,18,Saturday,True,False,,False,True,False,3302,315232,95.47
2024-05-19,2024,5,19,Sunday,True,False,,False,True,False,3297,340677,103.33
2024-05-20,2024,5,20,Monday,False,False,,False,False,False,1537,57611,37.48
2024-05-21,2024,5,21,Tuesday,False,False,,False,False,False,1950,121086,62.1
2024-05-22,2024,5,22,Wednesday,False,False,,False,False,False,2050,119383,58.24
2024-05-23,2024,5,23,Thursday,False,False,,False,False,False,1947,105958,54.42
2024-05-24,2024,5,24,Friday,False,False,,False,False,False,1923,109899,57.15
2024-05-25,2024,5,25,Saturday,True,False,,False,True,False,3100,297748,96.05
2024-05-26,2024,5,26,Sunday,True,False,,False,True,False,1821,122575,67.31
2024-05-27,2024,5,27,Monday,False,False,,False,False,False,1798,105379,58.61
2024-05-28,2024,5,28,Tuesday,False,False,,False,False,False,2086,141633,67.9
2024-05-29,2024,5,29,Wednesday,False,False,,False,False,False,2064,144856,70.18
2024-05-30,2024,5,30,Thursday,False,False,,False,False,False,1768,122783,69.45
2024-05-31,2024,5,31,Friday,False,False,,False,False,False,2316,150483,64.98
2024-06-01,2024,6,1,Saturday,True,False,,False,True,False,4711,340856,72.35
2024-06-03,2024,6,3,Monday,False,False,,False,False,False,440,17262,39.23
2024-06-04,2024,6,4,Tuesday,False,False,,False,False,False,1923,108498,56.42
2024-06-05,2024,6,5,Wednesday,False,False,,False,False,False,2119,115738,54.62
2024-06-06,2024,6,6,Thursday,False,True,현충일,False,True,False,2869,276505,96.38
2024-06-07,2024,6,7,Friday,False,False,,False,False,False,2001,130852,65.39
2024-06-08,2024,6,8,Saturday,True,False,,False,True,False,2011,144306,71.76
2024-06-09,2024,6,9,Sunday,True,False,,False,True,False,2737,283801,103.69
2024-06-10,2024,6,10,Monday,False,False,,False,False,False,1794,108027,60.22
2024-06-11,2024,6,11,Tuesday,False,False,,False,False,False,1551,82436,53.15
2024-06-12,2024,6,12,Wednesday,False,False,,False,False,False,1593,89289,56.05
2024-06-13,2024,6,13,Thursday,False,False,,False,False,False,2147,121224,56.46
2024-06-14,2024,6,14,Friday,False,False,,False,False,False,2208,122535,55.5
2024-06-15,2024,6,15,Saturday,True,False,,False,True,False,4097,398638,97.3
2024-06-16,2024,6,16,Sunday,True,False,,False,True,False,3487,319548,91.64
2024-06-17,2024,6,17,Monday,False,False,,False,False,False,1857,91970,49.53
2024-06-18,2024,6,18,Tuesday,False,False,,False,False,False,1856,103255,55.63
2024-06-19,2024,6,19,Wednesday,False,False,,False,False,False,1995,100098,50.17
2024-06-20,2024,6,20,Thursday,False,False,,False,False,False,1917,107965,56.32
2024-06-21,2024,6,21,Friday,False,False,,False,False,False,2076,124345,59.9
2024-06-22,2024,6,22,Saturday,True,False,,False,True,False,1892,133060,70.33
2024-06-23,2024,6,23,Sunday,True,False,,False,True,False,2575,265375,103.06
2024-06-24,2024,6,24,Monday,False,False,,False,False,False,1627,85091,52.3
2024-06-25,2024,6,25,Tuesday,False,False,,False,False,False,1808,103248,57.11
2024-06-26,2024,6,26,Wednesday,False,False,,False,False,False,1780,109090,61.29
2024-06-27,2024,6,27,Thursday,False,False,,False,False,False,1781,107181,60.18
2024-06-28,2024,6,28,Friday,False,False,,False,False,False,2085,115856,55.57
2024-06-29,2024,6,29,Saturday,True,False,,False,True,False,2152,213045,99.0
2024-06-30,2024,6,30,Sunday,True,False,,False,True,False,1383,88942,64.31
2024-07-01,2024,7,1,Monday,False,False,,False,False,False,1643,79528,48.4
2024-07-02,2024,7,2,Tuesday,False,False,,False,False,False,1230,43925,35.71
2024-07-03,2024,7,3,Wednesday,False,False,,False,False,False,1425,67972,47.7
2024-07-04,2024,7,4,Thursday,False,False,,False,False,False,1515,81359,53.7
2024-07-05,2024,7,5,Friday,False,False,,False,False,False,1549,85120,54.95
2024-07-06,2024,7,6,Saturday,True,False,,False,True,False,1711,128092,74.86
2024-07-07,2024,7,7,Sunday,True,False,,False,True,False,1825,176143,96.52
2024-07-08,2024,7,8,Monday,False,False,,False,False,False,1351,51988,38.48
2024-07-09,2024,7,9,Tuesday,False,False,,False,False,False,1161,52417,45.15
2024-07-10,2024,7,10,Wednesday,False,False,,False,False,False,1368,70721,51.7
2024-07-11,2024,7,11,Thursday,False,False,,False,False,False,1618,88582,54.75
2024-07-12,2024,7,12,Friday,False,False,,False,False,False,1764,109108,61.85
2024-07-13,2024,7,13,Saturday,True,False,,False,True,False,2318,211380,91.19
2024-07-14,2024,7,14,Sunday,True,False,,False,True,False,2185,224403,102.7
2024-07-15,2024,7,15,Monday,False,False,,False,False,False,1576,73789,46.82
2024-07-16,2024,7,16,Tuesday,False,False,,False,False,False,1393,57822,41.51
2024-07-17,2024,7,17,Wednesday,False,False,,False,False,False,1419,43241,30.47
2024-07-18,2024,7,18,Thursday,False,False,,False,False,False,1099,40811,37.13
2024-07-19,2024,7,19,Friday,False,False,,False,False,False,1424,67819,47.63
2024-07-20,2024,7,20,Saturday,True,False,,False,True,False,1272,71004,55.82
2024-07-21,2024,7,21,Sunday,True,False,,False,True,False,1415,87165,61.6
2024-07-22,2024,7,22,Monday,False,False,,False,False,False,1293,47837,37.0
2024-07-23,2024,7,23,Tuesday,False,False,,False,False,False,1257,67591,53.77
2024-07-24,2024,7,24,Wednesday,False,False,,False,False,False,1390,70156,50.47
2024-07-25,2024,7,25,Thursday,False,False,,False,False,False,1418,80723,56.93
2024-07-26,2024,7,26,Friday,False,False,,False,False,False,1483,75305,50.78
2024-07-27,2024,7,27,Saturday,True,False,,False,True,False,1479,99754,67.45
2024-07-28,2024,7,28,Sunday,True,False,,False,True,False,1661,113870,68.56
2024-07-29,2024,7,29,Monday,False,False,,False,False,False,1537,87736,57.08
2024-07-30,2024,7,30,Tuesday,False,False,,False,False,False,1517,72635,47.88
2024-07-31,2024,7,31,Wednesday,False,False,,False,False,False,1778,102057,57.4
2024-08-01,2024,8,1,Thursday,False,False,,False,False,False,1513,67720,44.76
2024-08-02,2024,8,2,Friday,False,False,,False,False,False,1701,123366,72.53
2024-08-03,2024,8,3,Saturday,True,False,,False,True,False,2193,200959,91.64
2024-08-04,2024,8,4,Sunday,True,False,,False,True,False,1723,147307,85.49
2024-08-05,2024,8,5,Monday,False,False,,False,False,False,1490,81358,54.6
2024-08-06,2024,8,6,Tuesday,False,False,,False,False,False,1487,78812,53.0
2024-08-07,2024,8,7,Wednesday,False,False,,False,False,False,1438,78172,54.36
2024-08-08,2024,8,8,Thursday,False,False,,False,False,False,1695,102447,60.44
2024-08-09,2024,8,9,Friday,False,False,,False,False,False,1898,123945,65.3
2024-08-10,2024,8,10,Saturday,True,False,,False,True,False,2401,219687,91.5
2024-08-11,2024,8,11,Sunday,True,False,,False,True,False,2164,215957,99.8
2024-08-12,2024,8,12,Monday,False,False,,False,False,False,1772,90418,51.03
2024-08-13,2024,8,13,Tuesday,False,False,,False,False,False,1572,93053,59.19
2024-08-14,2024,8,14,Wednesday,False,False,,False,False,False,1708,94911,55.57
2024-08-15,2024,8,15,Thursday,False,True,광복절,False,True,False,2148,229335,106.77
2024-08-16,2024,8,16,Friday,False,False,,False,False,False,1773,128904,72.7
2024-08-17,2024,8,17,Saturday,True,False,,False,True,False,2234,221744,99.26
2024-08-18,2024,8,18,Sunday,True,False,,False,True,False,2099,198294,94.47
2024-08-19,2024,8,19,Monday,False,False,,False,False,False,1511,55592,36.79
2024-08-20,2024,8,20,Tuesday,False,False,,False,False,False,1510,66404,43.98
2024-08-21,2024,8,21,Wednesday,False,False,,False,False,False,1495,55724,37.27
2024-08-22,2024,8,22,Thursday,False,False,,False,False,False,1484,66224,44.63
2024-08-23,2024,8,23,Friday,False,False,,False,False,False,1812,84288,46.52
2024-08-24,2024,8,24,Saturday,True,False,,False,True,False,1920,136265,70.97
2024-08-25,2024,8,25,Sunday,True,False,,False,True,False,1703,121474,71.33
2024-08-26,2024,8,26,Monday,False,False,,False,False,False,1812,71943,39.7
2024-08-27,2024,8,27,Tuesday,False,False,,False,False,False,1831,69764,38.1
2024-08-28,2024,8,28,Wednesday,False,False,,False,False,False,1778,67560,38.0
2024-08-29,2024,8,29,Thursday,False,False,,False,False,False,1808,82815,45.8
2024-08-30,2024,8,30,Friday,False,False,,False,False,False,2278,93734,41.15
2024-08-31,2024,8,31,Saturday,True,False,,False,True,False,2353,167250,71.08
2024-09-01,2024,9,1,Sunday,True,False,,False,True,False,2183,198453,90.91
2024-09-02,2024,9,2,Monday,False,False,,False,False,False,1830,82458,45.06
2024-09-03,2024,9,3,Tuesday,False,False,,False,False,False,1871,101671,54.34
2024-09-04,2024,9,4,Wednesday,False,False,,False,False,False,1906,86802,45.54
2024-09-05,2024,9,5,Thursday,False,False,,False,False,False,2088,123293,59.05
2024-09-06,2024,9,6,Friday,False,False,,False,False,False,2249,116176,51.66
2024-09-07,2024,9,7,Saturday,True,False,,False,True,False,4533,215429,47.52
2024-09-08,2024,9,8,Sunday,True,False,,False,True,False,4690,347237,74.04
2024-09-09,2024,9,9,Monday,False,False,,False,False,False,1883,87728,46.59
2024-09-10,2024,9,10,Tuesday,False,False,,False,False,False,1790,67770,37.86
2024-09-11,2024,9,11,Wednesday,False,False,,False,False,False,1945,82556,42.45
2024-09-12,2024,9,12,Thursday,False,False,,False,False,False,1714,64834,37.83
2024-09-13,2024,9,13,Friday,False,False,,False,False,False,1601,70849,44.25
2024-09-14,2024,9,14,Saturday,True,False,,False,True,True,2009,129119,64.27
2024-09-15,2024,9,15,Sunday,True,False,,False,True,True,1926,130263,67.63
2024-09-16,2024,9,16,Monday,False,True,추석,False,True,True,2119,130145,61.42
2024-09-17,2024,9,17,Tuesday,False,True,추석연휴,False,True,True,1970,105604,53.61
2024-09-18,2024,9,18,Wednesday,False,True,추석연휴,False,True,True,1726,117885,68.3
2024-09-19,2024,9,19,Thursday,False,False,,False,False,False,1550,79093,51.03
2024-09-20,2024,9,20,Friday,False,False,,False,False,False,1552,66397,42.78
2024-09-21,2024,9,21,Saturday,True,False,,False,True,False,4008,316973,79.09
2024-09-22,2024,9,22,Sunday,True,False,,False,True,False,4411,260877,59.14
2024-09-23,2024,9,23,Monday,False,False,,False,False,False,2349,121969,51.92
2024-09-24,2024,9,24,Tuesday,False,False,,False,False,False,1488,29610,19.9
2024-09-25,2024,9,25,Wednesday,False,False,,False,False,False,1411,85794,60.8
2024-09-26,2024,9,26,Thursday,False,False,,False,False,False,2476,156008,63.01
2024-09-27,2024,9,27,Friday,False,False,,False,False,False,2915,201302,69.06
2024-09-28,2024,9,28,Saturday,True,False,,False,True,False,5061,433205,85.6
2024-09-29,2024,9,29,Sunday,True,False,,False,True,False,3998,230363,57.62
2024-09-30,2024,9,30,Monday,False,False,,False,False,False,2465,135317,54.9
2024-10-01,2024,10,1,Tuesday,False,False,,False,False,False,2312,186400,80.62
2024-10-02,2024,10,2,Wednesday,False,False,,False,False,False,2213,99021,44.75
2024-10-03,2024,10,3,Thursday,False,True,개천절,False,True,False,3120,309997,99.36
2024-10-04,2024,10,4,Friday,False,False,,False,False,False,2045,128435,62.8
2024-10-05,2024,10,5,Saturday,True,False,,False,True,False,3224,270065,83.77
2024-10-06,2024,10,6,Sunday,True,False,,False,True,False,1878,167278,89.07
2024-10-07,2024,10,7,Monday,False,False,,False,False,False,1926,110875,57.57
2024-10-08,2024,10,8,Tuesday,False,False,,False,False,False,1838,87031,47.35
2024-10-09,2024,10,9,Wednesday,False,True,한글날,False,True,False,3382,372716,110.21
2024-10-10,2024,10,10,Thursday,False,False,,False,False,False,2191,143112,65.32
2024-10-11,2024,10,11,Friday,False,False,,False,False,False,2526,157635,62.4
2024-10-12,2024,10,12,Saturday,True,False,,False,True,False,4146,284640,68.65
2024-10-13,2024,10,13,Sunday,True,False,,False,True,False,3900,360223,92.36
2024-10-14,2024,10,14,Monday,False,False,,False,False,False,2158,123499,57.23
2024-10-15,2024,10,15,Tuesday,False,False,,False,False,False,1816,93081,51.26
2024-10-16,2024,10,16,Wednesday,False,False,,False,False,False,2058,119313,57.98
2024-10-17,2024,10,17,Thursday,False,False,,False,False,False,2187,143580,65.65
2024-10-18,2024,10,18,Friday,False,False,,False,False,False,1620,69886,43.14
2024-10-19,2024,10,19,Saturday,True,False,,False,True,False,2506,219359,87.53
2024-10-20,2024,10,20,Sunday,True,False,,False,True,False,3071,306369,99.76
2024-10-21,2024,10,21,Monday,False,False,,False,False,False,1635,86245,52.75
2024-10-22,2024,10,22,Tuesday,False,False,,False,False,False,1475,50192,34.03
2024-10-23,2024,10,23,Wednesday,False,False,,False,False,False,1832,89210,48.7
2024-10-24,2024,10,24,Thursday,False,False,,False,False,False,1824,99925,54.78
2024-10-25,2024,10,25,Friday,False,False,,False,False,False,2231,133091,59.66
2024-10-26,2024,10,26,Saturday,True,False,,False,True,False,3356,350067,104.31
2024-10-27,2024,10,27,Sunday,True,False,,False,True,False,2344,226831,96.77
2024-10-28,2024,10,28,Monday,False,False,,False,False,False,1957,100866,51.54
2024-10-29,2024,10,29,Tuesday,False,False,,False,False,False,1907,103966,54.52
2024-10-30,2024,10,30,Wednesday,False,False,,False,False,False,2102,122836,58.44
2024-10-31,2024,10,31,Thursday,False,False,,False,False,False,2162,115389,53.37
2024-11-01,2024,11,1,Friday,False,False,,False,False,False,1882,93634,49.75
2024-11-02,2024,11,2,Saturday,True,False,,False,True,False,2508,208239,83.03
2024-11-03,2024,11,3,Sunday,True,False,,False,True,False,2554,234502,91.82
2024-11-04,2024,11,4,Monday,False,False,,False,False,False,1846,93939,50.89
2024-11-05,2024,11,5,Tuesday,False,False,,False,False,False,1749,88501,50.6
2024-11-06,2024,11,6,Wednesday,False,False,,False,False,False,1828,87719,47.99
2024-11-07,2024,11,7,Thursday,False,False,,False,False,False,1769,91622,51.79
2024-11-08,2024,11,8,Friday,False,False,,False,False,False,1790,91355,51.04
2024-11-09,2024,11,9,Saturday,True,False,,False,True,False,2104,179016,85.08
2024-11-10,2024,11,10,Sunday,True,False,,False,True,False,2253,191212,84.87
2024-11-11,2024,11,11,Monday,False,False,,False,False,False,1854,98344,53.04
2024-11-12,2024,11,12,Tuesday,False,False,,False,False,False,1476,54398,36.86
2024-11-13,2024,11,13,Wednesday,False,False,,False,False,False,1820,87332,47.98
2024-11-14,2024,11,14,Thursday,False,False,,False,False,False,1497,81955,54.75
2024-11-15,2024,11,15,Friday,False,False,,False,False,False,1760,92101,52.33
2024-11-16,2024,11,16,Saturday,True,False,,False,True,False,1790,130135,72.7
2024-11-17,2024,11,17,Sunday,True,False,,False,True,False,1691,130832,77.37
2024-11-18,2024,11,18,Monday,False,False,,False,False,False,1563,63681,40.74
2024-11-19,2024,11,19,Tuesday,False,False,,False,False,False,1536,62518,40.7
2024-11-20,2024,11,20,Wednesday,False,False,,False,False,False,1544,66256,42.91
2024-11-21,2024,11,21,Thursday,False,False,,False,False,False,1540,73755,47.89
2024-11-22,2024,11,22,Friday,False,False,,False,False,False,1779,74910,42.11
2024-11-23,2024,11,23,Saturday,True,False,,False,True,False,1861,133825,71.91
2024-11-24,2024,11,24,Sunday,True,False,,False,True,False,1597,126377,79.13
2024-11-25,2024,11,25,Monday,False,False,,False,False,False,1746,68437,39.2
2024-11-26,2024,11,26,Tuesday,False,False,,False,False,False,1299,42871,33.0
2024-11-27,2024,11,27,Wednesday,False,False,,False,False,False,1232,40707,33.04
2024-11-28,2024,11,28,Thursday,False,False,,False,False,False,1104,43185,39.12
2024-11-29,2024,11,29,Friday,False,False,,False,False,False,1479,48273,32.64
2024-11-30,2024,11,30,Saturday,True,False,,False,True,False,1432,68637,47.93
2024-12-01,2024,12,1,Sunday,True,False,,False,True,False,1152,86294,74.91
2024-12-02,2024,12,2,Monday,False,False,,False,False,False,1458,46295,31.75
2024-12-03,2024,12,3,Tuesday,False,False,,False,False,False,1513,54717,36.16
2024-12-04,2024,12,4,Wednesday,False,False,,False,False,False,1348,57073,42.34
2024-12-05,2024,12,5,Thursday,False,False,,False,False,False,1562,55865,35.77
2024-12-06,2024,12,6,Friday,False,False,,False,False,False,1744,64912,37.22
2024-12-07,2024,12,7,Saturday,True,False,,False,True,False,1465,85191,58.15
2024-12-08,2024,12,8,Sunday,True,False,,False,True,False,1164,76232,65.49
2024-12-09,2024,12,9,Monday,False,False,,False,False,False,1417,47570,33.57
2024-12-10,2024,12,10,Tuesday,False,False,,False,False,False,1367,32457,23.74
2024-12-11,2024,12,11,Wednesday,False,False,,False,False,False,1301,40671,31.26
2024-12-12,2024,12,12,Thursday,False,False,,False,False,False,1384,36949,26.7
2024-12-13,2024,12,13,Friday,False,False,,False,False,False,1249,47698,38.19
2024-12-14,2024,12,14,Saturday,True,False,,False,True,False,1152,58804,51.05
2024-12-15,2024,12,15,Sunday,True,False,,False,True,False,1019,58259,57.17
2024-12-16,2024,12,16,Monday,False,False,,False,False,False,1416,43152,30.47
2024-12-17,2024,12,17,Tuesday,False,False,,False,False,False,1362,42410,31.14
2024-12-18,2024,12,18,Wednesday,False,False,,False,False,False,1448,45995,31.76
2024-12-19,2024,12,19,Thursday,False,False,,False,False,False,1397,39430,28.22
2024-12-20,2024,12,20,Friday,False,False,,False,False,False,1185,47088,39.74
2024-12-21,2024,12,21,Saturday,True,False,,False,True,False,1097,50169,45.73
2024-12-22,2024,12,22,Sunday,True,False,,False,True,False,890,44730,50.26
2024-12-23,2024,12,23,Monday,False,False,,False,False,False,1243,40397,32.5
2024-12-24,2024,12,24,Tuesday,False,False,,False,False,False,1598,48072,30.08
2024-12-25,2024,12,25,Wednesday,False,True,크리스마스,False,True,False,1071,65877,61.51
2024-12-26,2024,12,26,Thursday,False,False,,False,False,False,1274,43559,34.19
2024-12-27,2024,12,27,Friday,False,False,,False,False,False,1211,41233,34.05
2024-12-28,2024,12,28,Saturday,True,False,,False,True,False,1047,51418,49.11
2024-12-29,2024,12,29,Sunday,True,False,,False,True,False,848,50453,59.5
2024-12-30,2024,12,30,Monday,False,False,,False,False,False,983,48500,49.34
2024-12-31,2024,12,31,Tuesday,False,False,,False,False,False,1187,43260,36.44
2025-01-01,2025,1,1,Wednesday,False,True,신정,False,True,False,1375,67991,49.45
2025-01-02,2025,1,2,Thursday,False,False,,False,False,False,1234,29480,23.89
2025-01-03,2025,1,3,Friday,False,False,,False,False,False,1280,38961,30.44
2025-01-04,2025,1,4,Saturday,True,False,,False,True,False,1068,57938,54.25
2025-01-05,2025,1,5,Sunday,True,False,,False,True,False,721,31605,43.83
2025-01-06,2025,1,6,Monday,False,False,,False,False,False,1004,31297,31.17
2025-01-07,2025,1,7,Tuesday,False,False,,False,False,False,1090,31352,28.76
2025-01-08,2025,1,8,Wednesday,False,False,,False,False,False,874,30523,34.92
2025-01-09,2025,1,9,Thursday,False,False,,False,False,False,1079,25661,23.78
2025-01-10,2025,1,10,Friday,False,False,,False,False,False,1261,33988,26.95
2025-01-11,2025,1,11,Saturday,True,False,,False,True,False,989,45038,45.54
2025-01-12,2025,1,12,Sunday,True,False,,False,True,False,871,45363,52.08
2025-01-13,2025,1,13,Monday,False,False,,False,False,False,1125,33339,29.63
2025-01-14,2025,1,14,Tuesday,False,False,,False,False,False,1172,29574,25.23
2025-01-15,2025,1,15,Wednesday,False,False,,False,False,False,1261,33065,26.22
2025-01-16,2025,1,16,Thursday,False,False,,False,False,False,1233,32588,26.43
2025-01-17,2025,1,17,Friday,False,False,,False,False,False,1356,47082,34.72
2025-01-18,2025,1,18,Saturday,True,False,,False,True,False,1296,69397,53.55
2025-01-19,2025,1,19,Sunday,True,False,,False,True,False,936,59576,63.65
2025-01-20,2025,1,20,Monday,False,False,,False,False,False,1226,37510,30.6
2025-01-21,2025,1,21,Tuesday,False,False,,False,False,False,1193,36148,30.3
2025-01-22,2025,1,22,Wednesday,False,False,,False,False,False,1262,38400,30.43
2025-01-23,2025,1,23,Thursday,False,False,,False,False,False,1409,36628,26.0
2025-01-24,2025,1,24,Friday,False,False,,False,False,False,1451,47678,32.86
2025-01-25,2025,1,25,Saturday,True,False,,False,True,True,1127,76598,67.97
2025-01-26,2025,1,26,Sunday,True,False,,False,True,True,1199,82942,69.18
2025-01-27,2025,1,27,Monday,False,True,설날,False,True,True,722,30556,42.32
2025-01-28,2025,1,28,Tuesday,False,True,설날,False,True,True,643,10571,16.44
2025-01-29,2025,1,29,Wednesday,False,True,설날,False,True,True,808,6738,8.34
2025-01-30,2025,1,30,Thursday,False,True,설날연휴,False,True,True,807,9555,11.84
2025-01-31,2025,1,31,Friday,False,False,,False,False,False,717,42327,59.03
2025-02-01,2025,2,1,Saturday,True,False,,False,True,False,999,60623,60.68
2025-02-02,2025,2,2,Sunday,True,False,,False,True,False,1016,61042,60.08
2025-02-03,2025,2,3,Monday,False,False,,False,False,False,1212,28947,23.88
2025-02-04,2025,2,4,Tuesday,False,False,,False,False,False,1276,31316,24.54
2025-02-05,2025,2,5,Wednesday,False,False,,False,False,False,1226,29277,23.88
2025-02-06,2025,2,6,Thursday,False,False,,False,False,False,1299,32332,24.89
2025-02-07,2025,2,7,Friday,False,False,,False,False,False,1012,31387,31.01
2025-02-08,2025,2,8,Saturday,True,False,,False,True,False,745,37445,50.26
2025-02-09,2025,2,9,Sunday,True,False,,False,True,False,891,40930,45.94
2025-02-10,2025,2,10,Monday,False,False,,False,False,False,1239,32996,26.63
2025-02-11,2025,2,11,Tuesday,False,False,,False,False,False,1362,35253,25.88
2025-02-12,2025,2,12,Wednesday,False,False,,False,False,False,1008,28945,28.72
2025-02-13,2025,2,13,Thursday,False,False,,False,False,False,1401,38868,27.74
2025-02-14,2025,2,14,Friday,False,False,,False,False,False,1493,47998,32.15
2025-02-15,2025,2,15,Saturday,True,False,,False,True,False,1267,79446,62.7
2025-02-16,2025,2,16,Sunday,True,False,,False,True,False,1204,85563,71.07
2025-02-17,2025,2,17,Monday,False,False,,False,False,False,1367,37814,27.66
2025-02-18,2025,2,18,Tuesday,False,False,,False,False,False,1356,36285,26.76
2025-02-19,2025,2,19,Wednesday,False,False,,False,False,False,1320,36424,27.59
2025-02-20,2025,2,20,Thursday,False,False,,False,False,False,1335,36330,27.21
2025-02-21,2025,2,21,Friday,False,False,,False,False,False,1394,42486,30.48
2025-02-22,2025,2,22,Saturday,True,False,,False,True,False,1331,66208,49.74
2025-02-23,2025,2,23,Sunday,True,False,,False,True,False,1059,60566,57.19
2025-02-24,2025,2,24,Monday,False,False,,False,False,False,1395,36390,26.09
2025-02-25,2025,2,25,Tuesday,False,False,,False,False,False,1471,52906,35.97
2025-02-26,2025,2,26,Wednesday,False,False,,False,False,False,1557,55035,35.35
2025-02-27,2025,2,27,Thursday,False,False,,False,False,False,1575,62829,39.89
2025-02-28,2025,2,28,Friday,False,False,,False,False,False,1453,70640,48.62
2025-03-01,2025,3,1,Saturday,True,True,삼일절,False,True,True,1324,87970,66.44
2025-03-02,2025,3,2,Sunday,True,False,,False,True,True,1108,57093,51.53
2025-03-03,2025,3,3,Monday,False,True,삼일절대체공휴일,False,True,True,1164,75119,64.54
2025-03-04,2025,3,4,Tuesday,False,False,,False,False,False,1157,28959,25.03
2025-03-05,2025,3,5,Wednesday,False,False,,False,False,False,1494,43856,29.35
2025-03-06,2025,3,6,Thursday,False,False,,False,False,False,1480,42876,28.97
2025-03-07,2025,3,7,Friday,False,False,,False,False,False,1515,59312,39.15
2025-03-08,2025,3,8,Saturday,True,False,,False,True,False,1583,105533,66.67
2025-03-09,2025,3,9,Sunday,True,False,,False,True,False,1786,148979,83.41
2025-03-10,2025,3,10,Monday,False,False,,False,False,False,1490,52319,35.11
2025-03-11,2025,3,11,Tuesday,False,False,,False,False,False,1395,40436,28.99
2025-03-12,2025,3,12,Wednesday,False,False,,False,False,False,1245,47399,38.07
2025-03-13,2025,3,13,Thursday,False,False,,False,False,False,1703,63210,37.12
2025-03-14,2025,3,14,Friday,False,False,,False,False,False,1720,92993,54.07
2025-03-15,2025,3,15,Saturday,True,False,,False,True,False,2328,202009,86.77
2025-03-16,2025,3,16,Sunday,True,False,,False,True,False,1098,60721,55.3
2025-03-17,2025,3,17,Monday,False,False,,False,False,False,1449,54083,37.32
2025-03-18,2025,3,18,Tuesday,False,False,,False,False,False,1283,46868,36.53
2025-03-19,2025,3,19,Wednesday,False,False,,False,False,False,1566,62640,40.0
2025-03-20,2025,3,20,Thursday,False,False,,False,False,False,1831,76733,41.91
2025-03-21,2025,3,21,Friday,False,False,,False,False,False,1787,85882,48.06
2025-03-22,2025,3,22,Saturday,True,False,,False,True,False,2345,186919,79.71
2025-03-23,2025,3,23,Sunday,True,False,,False,True,False,2724,254202,93.32
2025-03-24,2025,3,24,Monday,False,False,,False,False,False,1730,75303,43.53
2025-03-25,2025,3,25,Tuesday,False,False,,False,False,False,1528,61127,40.0
2025-03-26,2025,3,26,Wednesday,False,False,,False,False,False,1756,87980,50.1
2025-03-27,2025,3,27,Thursday,False,False,,False,False,False,1616,73659,45.58
2025-03-28,2025,3,28,Friday,False,False,,False,False,False,1913,82244,42.99
2025-03-29,2025,3,29,Saturday,True,False,,False,True,False,1591,95916,60.29
2025-03-30,2025,3,30,Sunday,True,False,,False,True,False,1478,116062,78.53
2025-03-31,2025,3,31,Monday,False,False,,False,False,False,1734,69868,40.29
2025-04-01,2025,4,1,Tuesday,False,False,,False,False,False,1716,79186,46.15
2025-04-02,2025,4,2,Wednesday,False,False,,False,False,False,1480,67989,45.94
2025-04-03,2025,4,3,Thursday,False,False,,False,False,False,1803,107067,59.38
2025-04-04,2025,4,4,Friday,False,False,,False,False,False,1932,102477,53.04
2025-04-05,2025,4,5,Saturday,True,False,,False,True,False,1075,56617,52.67
2025-04-06,2025,4,6,Sunday,True,False,,False,True,False,2417,181728,75.19
2025-04-07,2025,4,7,Monday,False,False,,False,False,False,1889,90448,47.88
2025-04-08,2025,4,8,Tuesday,False,False,,False,False,False,1643,70322,42.8
2025-04-09,2025,4,9,Wednesday,False,False,,False,False,False,1561,68078,43.61
2025-04-10,2025,4,10,Thursday,False,False,,False,False,False,2194,99946,45.55
2025-04-11,2025,4,11,Friday,False,False,,False,False,False,2517,150067,59.62
2025-04-12,2025,4,12,Saturday,True,False,,False,True,False,1440,93118,64.67
2025-04-13,2025,4,13,Sunday,True,False,,False,True,False,651,32391,49.76
2025-04-14,2025,4,14,Monday,False,False,,False,False,False,1273,37845,29.73
2025-04-15,2025,4,15,Tuesday,False,False,,False,False,False,1280,77104,60.24
2025-04-16,2025,4,16,Wednesday,False,False,,False,False,False,1859,98154,52.8
2025-04-17,2025,4,17,Thursday,False,False,,False,False,False,1836,92568,50.42
2025-04-18,2025,4,18,Friday,False,False,,False,False,False,2141,110280,51.51
2025-04-19,2025,4,19,Saturday,True,False,,False,True,False,1390,78353,56.37
2025-04-20,2025,4,20,Sunday,True,False,,False,True,False,3755,336440,89.6
2025-04-21,2025,4,21,Monday,False,False,,False,False,False,1959,92313,47.12
2025-04-22,2025,4,22,Tuesday,False,False,,False,False,False,818,54116,66.16
2025-04-23,2025,4,23,Wednesday,False,False,,False,False,False,2244,148022,65.96
2025-04-24,2025,4,24,Thursday,False,False,,False,False,False,2156,134430,62.35
2025-04-25,2025,4,25,Friday,False,False,,False,False,False,2508,151718,60.49
2025-04-26,2025,4,26,Saturday,True,False,,False,True,False,4412,415974,94.28
2025-04-27,2025,4,27,Sunday,True,False,,False,True,False,3968,435330,109.71
2025-04-28,2025,4,28,Monday,False,False,,False,False,False,2224,118861,53.44
2025-04-29,2025,4,29,Tuesday,False,False,,False,False,False,2070,115549,55.82
2025-04-30,2025,4,30,Wednesday,False,False,,False,False,False,2359,112672,47.76
2025-05-01,2025,5,1,Thursday,False,False,,False,False,False,1165,77485,66.51
2025-05-02,2025,5,2,Friday,False,False,,False,False,False,1916,124399,64.93
2025-05-03,2025,5,3,Saturday,True,False,,False,True,True,1667,133385,80.01
2025-05-04,2025,5,4,Sunday,True,False,,False,True,True,3130,269269,86.03
2025-05-05,2025,5,5,Monday,False,True,어린이날,False,True,True,2012,182910,90.91
2025-05-06,2025,5,6,Tuesday,False,True,대체공휴일,True,True,True,2428,240602,99.09
2025-05-07,2025,5,7,Wednesday,False,False,,False,False,False,1929,87605,45.41
2025-05-08,2025,5,8,Thursday,False,False,,False,False,False,1974,103122,52.24
2025-05-09,2025,5,9,Friday,False,False,,False,False,False,1583,58197,36.76
2025-05-10,2025,5,10,Saturday,True,False,,False,True,False,1296,75490,58.25
2025-05-11,2025,5,11,Sunday,True,False,,False,True,False,2729,280458,102.77
2025-05-12,2025,5,12,Monday,False,False,,False,False,False,1996,98559,49.38
2025-05-13,2025,5,13,Tuesday,False,False,,False,False,False,1823,84219,46.2
2025-05-14,2025,5,14,Wednesday,False,False,,False,False,False,1979,105660,53.39
2025-05-15,2025,5,15,Thursday,False,False,,False,False,False,1942,94876,48.85
2025-05-16,2025,5,16,Friday,False,False,,False,False,False,1813,68421,37.74
2025-05-17,2025,5,17,Saturday,True,False,,False,True,False,2229,180371,80.92
2025-05-18,2025,5,18,Sunday,True,False,,False,True,False,3378,347214,102.79
2025-05-19,2025,5,19,Monday,False,False,,False,False,False,1744,100554,57.66
2025-05-20,2025,5,20,Tuesday,False,False,,False,False,False,1905,121587,63.83
2025-05-21,2025,5,21,Wednesday,False,False,,False,False,False,1914,122457,63.98
2025-05-22,2025,5,22,Thursday,False,False,,False,False,False,2217,132749,59.88
2025-05-23,2025,5,23,Friday,False,False,,False,False,False,2435,145118,59.6
2025-05-24,2025,5,24,Saturday,True,False,,False,True,False,4978,376177,75.57
2025-05-25,2025,5,25,Sunday,True,False,,False,True,False,4303,310877,72.25
2025-05-26,2025,5,26,Monday,False,False,,False,False,False,2033,105861,52.07
2025-05-27,2025,5,27,Tuesday,False,False,,False,False,False,1954,93660,47.93
2025-05-28,2025,5,28,Wednesday,False,False,,False,False,False,1813,84812,46.78
2025-05-29,2025,5,29,Thursday,False,False,,False,False,False,1995,105538,52.9
2025-05-30,2025,5,30,Friday,False,False,,False,False,False,2066,107813,52.18
2025-05-31,2025,5,31,Saturday,True,False,,False,True,False,2982,292972,98.25
2025-06-01,2025,6,1,Sunday,True,False,,False,True,False,2685,278968,103.9
2025-06-02,2025,6,2,Monday,False,False,,False,False,False,1991,92828,46.62
2025-06-03,2025,6,3,Tuesday,False,True,현충일연휴,False,True,False,2829,313831,110.93
2025-06-04,2025,6,4,Wednesday,False,False,,False,False,False,2096,95487,45.56
2025-06-05,2025,6,5,Thursday,False,False,,False,False,False,2227,109377,49.11
2025-06-06,2025,6,6,Friday,False,True,현충일,False,True,True,2994,310867,103.83
2025-06-07,2025,6,7,Saturday,True,False,,False,True,True,2609,267631,102.58
2025-06-08,2025,6,8,Sunday,True,False,,False,True,True,2482,263165,106.03
2025-06-09,2025,6,9,Monday,False,False,,False,False,False,1865,85837,46.03
2025-06-10,2025,6,10,Tuesday,False,False,,False,False,False,1684,82832,49.19
2025-06-11,2025,6,11,Wednesday,False,False,,False,False,False,1990,101340,50.92
2025-06-12,2025,6,12,Thursday,False,False,,False,False,False,1914,87682,45.81
2025-06-13,2025,6,13,Friday,False,False,,False,False,False,1879,91138,48.5
2025-06-14,2025,6,14,Saturday,True,False,,False,True,False,2350,196471,83.6
2025-06-15,2025,6,15,Sunday,True,False,,False,True,False,1768,161857,91.55
2025-06-16,2025,6,16,Monday,False,False,,False,False,False,1861,73402,39.44
2025-06-17,2025,6,17,Tuesday,False,False,,False,False,False,1885,101493,53.84
2025-06-18,2025,6,18,Wednesday,False,False,,False,False,False,1799,99641,55.39
2025-06-19,2025,6,19,Thursday,False,False,,False,False,False,1597,79084,49.52
2025-06-20,2025,6,20,Friday,False,False,,False,False,False,1475,57500,38.98
2025-06-21,2025,6,21,Saturday,True,False,,False,True,False,1826,144474,79.12
2025-06-22,2025,6,22,Sunday,True,False,,False,True,False,2907,322514,110.94
2025-06-23,2025,6,23,Monday,False,False,,False,False,False,1891,78827,41.69
2025-06-24,2025,6,24,Tuesday,False,False,,False,False,False,1673,79243,47.37
2025-06-25,2025,6,25,Wednesday,False,False,,False,False,False,1490,52450,35.2
2025-06-26,2025,6,26,Thursday,False,False,,False,False,False,1777,79189,44.56
2025-06-27,2025,6,27,Friday,False,False,,False,False,False,1797,97195,54.09
2025-06-28,2025,6,28,Saturday,True,False,,False,True,False,1747,143142,81.94
2025-06-29,2025,6,29,Sunday,True,False,,False,True,False,2109,204663,97.04
2025-06-30,2025,6,30,Monday,False,False,,False,False,False,1707,74024,43.36
2025-07-01,2025,7,1,Tuesday,False,False,,False,False,False,1501,63528,42.32
2025-07-02,2025,7,2,Wednesday,False,False,,False,False,False,1512,62036,41.03
2025-07-03,2025,7,3,Thursday,False,False,,False,False,False,1783,75099,42.12
2025-07-04,2025,7,4,Friday,False,False,,False,False,False,1794,100839,56.21
2025-07-05,2025,7,5,Saturday,True,False,,False,True,False,2437,251741,103.3
2025-07-06,2025,7,6,Sunday,True,False,,False,True,False,2222,253203,113.95
2025-07-07,2025,7,7,Monday,False,False,,False,False,False,1687,72612,43.04
2025-07-08,2025,7,8,Tuesday,False,False,,False,False,False,1715,55663,32.46
2025-07-09,2025,7,9,Wednesday,False,False,,False,False,False,1745,81815,46.89
2025-07-10,2025,7,10,Thursday,False,False,,False,False,False,1752,67669,38.62
2025-07-11,2025,7,11,Friday,False,False,,False,False,False,1950,96272,49.37
2025-07-12,2025,7,12,Saturday,True,False,,False,True,False,2444,233011,95.34
2025-07-13,2025,7,13,Sunday,True,False,,False,True,False,1930,191198,99.07
2025-07-14,2025,7,14,Monday,False,False,,False,False,False,1565,65083,41.59
2025-07-15,2025,7,15,Tuesday,False,False,,False,False,False,1681,81090,48.24
2025-07-16,2025,7,16,Wednesday,False,False,,False,False,False,1343,56654,42.18
2025-07-17,2025,7,17,Thursday,False,False,,False,False,False,1482,50229,33.89
2025-07-18,2025,7,18,Friday,False,False,,False,False,False,1526,64396,42.2
2025-07-19,2025,7,19,Saturday,True,False,,False,True,False,1283,89179,69.51
2025-07-20,2025,7,20,Sunday,True,False,,False,True,False,1587,102141,64.36
2025-07-21,2025,7,21,Monday,False,False,,False,False,False,1758,81520,46.37
2025-07-22,2025,7,22,Tuesday,False,False,,False,False,False,1652,66418,40.2
2025-07-23,2025,7,23,Wednesday,False,False,,False,False,False,1680,74786,44.52
2025-07-24,2025,7,24,Thursday,False,False,,False,False,False,1751,79607,45.46
2025-07-25,2025,7,25,Friday,False,False,,False,False,False,2090,99509,47.61
2025-07-26,2025,7,26,Saturday,True,False,,False,True,False,2431,195981,80.62
2025-07-27,2025,7,27,Sunday,True,False,,False,True,False,2209,197311,89.32
2025-07-28,2025,7,28,Monday,False,False,,False,False,False,1949,100861,51.75
2025-07-29,2025,7,29,Tuesday,False,False,,False,False,False,1818,96578,53.12
2025-07-30,2025,7,30,Wednesday,False,False,,False,False,False,1697,97690,57.57
2025-07-31,2025,7,31,Thursday,False,False,,False,False,False,1956,109158,55.81
2025-08-01,2025,8,1,Friday,False,False,,False,False,False,1823,133389,73.17
2025-08-02,2025,8,2,Saturday,True,False,,False,True,False,2074,201646,97.23
2025-08-03,2025,8,3,Sunday,True,False,,False,True,False,1813,196512,108.39
2025-08-04,2025,8,4,Monday,False,False,,False,False,False,1499,79831,53.26
2025-08-05,2025,8,5,Tuesday,False,False,,False,False,False,1619,88627,54.74
2025-08-06,2025,8,6,Wednesday,False,False,,False,False,False,1315,57600,43.8
2025-08-07,2025,8,7,Thursday,False,False,,False,False,False,1807,97223,53.8
2025-08-08,2025,8,8,Friday,False,False,,False,False,False,2015,112925,56.04
2025-08-09,2025,8,9,Saturday,True,False,,False,True,False,2125,164759,77.53
2025-08-10,2025,8,10,Sunday,True,False,,False,True,False,2598,258098,99.34
2025-08-11,2025,8,11,Monday,False,False,,False,False,False,1719,79035,45.98
2025-08-12,2025,8,12,Tuesday,False,False,,False,False,False,1835,100385,54.71
2025-08-13,2025,8,13,Wednesday,False,False,,False,False,False,1482,38623,26.06
2025-08-14,2025,8,14,Thursday,False,False,,False,False,False,1528,47822,31.3
2025-08-15,2025,8,15,Friday,False,True,광복절,False,True,True,2125,206666,97.25
2025-08-16,2025,8,16,Saturday,True,False,,False,True,True,2622,294606,112.36
2025-08-17,2025,8,17,Sunday,True,False,,False,True,True,2157,241576,112.0
2025-08-18,2025,8,18,Monday,False,False,,False,False,False,1654,76031,45.97
2025-08-19,2025,8,19,Tuesday,False,False,,False,False,False,1645,95109,57.82
2025-08-20,2025,8,20,Wednesday,False,False,,False,False,False,1768,87654,49.58
2025-08-21,2025,8,21,Thursday,False,False,,False,False,False,1760,84667,48.11
2025-08-22,2025,8,22,Friday,False,False,,False,False,False,1994,103911,52.11
2025-08-23,2025,8,23,Saturday,True,False,,False,True,False,2560,275770,107.72
2025-08-24,2025,8,24,Sunday,True,False,,False,True,False,2101,221339,105.35
2025-08-25,2025,8,25,Monday,False,False,,False,False,False,1377,60327,43.81
2025-08-26,2025,8,26,Tuesday,False,False,,False,False,False,1741,72968,41.91
2025-08-27,2025,8,27,Wednesday,False,False,,False,False,False,1879,88649,47.18
2025-08-28,2025,8,28,Thursday,False,False,,False,False,False,1785,92253,51.68
2025-08-29,2025,8,29,Friday,False,False,,False,False,False,1884,100204,53.19
2025-08-30,2025,8,30,Saturday,True,False,,False,True,False,2228,209123,93.86
2025-08-31,2025,8,31,Sunday,True,False,,False,True,False,1996,195625,98.01
2025-09-01,2025,9,1,Monday,False,False,,False,False,False,1598,55386,34.66
2025-09-02,2025,9,2,Tuesday,False,False,,False,False,False,1869,108400,58.0
2025-09-03,2025,9,3,Wednesday,False,False,,False,False,False,1995,110184,55.23
2025-09-04,2025,9,4,Thursday,False,False,,False,False,False,1926,113057,58.7
2025-09-05,2025,9,5,Friday,False,False,,False,False,False,2355,144591,61.4
2025-09-06,2025,9,6,Saturday,True,False,,False,True,False,3931,345164,87.81
2025-09-07,2025,9,7,Sunday,True,False,,False,True,False,4363,360584,82.65
2025-09-08,2025,9,8,Monday,False,False,,False,False,False,1939,107343,55.36
2025-09-09,2025,9,9,Tuesday,False,False,,False,False,False,1811,107857,59.56
2025-09-10,2025,9,10,Wednesday,False,False,,False,False,False,2191,114890,52.44
2025-09-11,2025,9,11,Thursday,False,False,,False,False,False,2232,117387,52.59
2025-09-12,2025,9,12,Friday,False,False,,False,False,False,2185,116483,53.31
2025-09-13,2025,9,13,Saturday,True,False,,False,True,False,3830,358122,93.5
2025-09-14,2025,9,14,Sunday,True,False,,False,True,False,3695,356876,96.58
2025-09-15,2025,9,15,Monday,False,False,,False,False,False,2293,117304,51.16
2025-09-16,2025,9,16,Tuesday,False,False,,False,False,False,1803,118232,65.58
2025-09-17,2025,9,17,Wednesday,False,False,,False,False,False,1797,124078,69.05
2025-09-18,2025,9,18,Thursday,False,False,,False,False,False,2450,190691,77.83
2025-09-19,2025,9,19,Friday,False,False,,False,False,False,2223,197116,88.67
2025-09-20,2025,9,20,Saturday,True,False,,False,True,False,3574,456305,127.67
2025-09-21,2025,9,21,Sunday,True,False,,False,True,False,4673,514104,110.02
2025-09-22,2025,9,22,Monday,False,False,,False,False,False,2294,153069,66.73
2025-09-23,2025,9,23,Tuesday,False,False,,False,False,False,2402,131550,54.77
2025-09-24,2025,9,24,Wednesday,False,False,,False,False,False,1460,66003,45.21
2025-09-25,2025,9,25,Thursday,False,False,,False,False,False,2269,145016,63.91
2025-09-26,2025,9,26,Friday,False,False,,False,False,False,2774,153697,55.41
2025-09-27,2025,9,27,Saturday,True,False,,False,True,False,5508,653955,118.73
2025-09-28,2025,9,28,Sunday,True,False,,False,True,False,4023,357249,88.8
2025-09-29,2025,9,29,Monday,False,False,,False,False,False,2168,123395,56.92
2025-09-30,2025,9,30,Tuesday,False,False,,False,False,False,2062,112948,54.78
2025-10-01,2025,10,1,Wednesday,False,False,,False,False,False,2082,106736,51.27
2025-10-02,2025,10,2,Thursday,False,False,,False,False,False,2137,114681,53.66
2025-10-03,2025,10,3,Friday,False,True,개천절,False,True,True,1804,145777,80.81
2025-10-04,2025,10,4,Saturday,True,False,,False,True,True,2077,197587,95.13
2025-10-05,2025,10,5,Sunday,True,True,대체공휴일,True,True,True,1305,99806,76.48
2025-10-06,2025,10,6,Monday,False,True,대체공휴일,True,True,True,1020,50808,49.81
2025-10-07,2025,10,7,Tuesday,False,True,추석,False,True,True,1156,86601,74.91
2025-10-08,2025,10,8,Wednesday,False,True,추석연휴,False,True,True,3158,318894,100.98
2025-10-09,2025,10,9,Thursday,False,True,한글날,False,True,True,2317,274547,118.49
2025-10-10,2025,10,10,Friday,False,False,,False,False,False,1369,130156,95.07
2025-10-11,2025,10,11,Saturday,True,False,,False,True,False,1655,149335,90.23
2025-10-12,2025,10,12,Sunday,True,False,,False,True,False,1965,200707,102.14
2025-10-13,2025,10,13,Monday,False,False,,False,False,False,1531,62998,41.15
2025-10-14,2025,10,14,Tuesday,False,False,,False,False,False,1720,93836,54.56
2025-10-15,2025,10,15,Wednesday,False,False,,False,False,False,1963,115839,59.01
2025-10-16,2025,10,16,Thursday,False,False,,False,False,False,2278,143962,63.2
2025-10-17,2025,10,17,Friday,False,False,,False,False,False,2388,136401,57.12
2025-10-18,2025,10,18,Saturday,True,False,,False,True,False,3839,397366,103.51
2025-10-19,2025,10,19,Sunday,True,False,,False,True,False,2856,295270,103.39
2025-10-20,2025,10,20,Monday,False,False,,False,False,False,1977,116324,58.84
2025-10-21,2025,10,21,Tuesday,False,False,,False,False,False,1837,91896,50.03
2025-10-22,2025,10,22,Wednesday,False,False,,False,False,False,2217,117608,53.05
2025-10-23,2025,10,23,Thursday,False,False,,False,False,False,2025,110050,54.35
2025-10-24,2025,10,24,Friday,False,False,,False,False,False,2332,133219,57.13
2025-10-25,2025,10,25,Saturday,True,False,,False,True,False,2385,218198,91.49
2025-10-26,2025,10,26,Sunday,True,False,,False,True,False,1908,191835,100.54
2025-10-27,2025,10,27,Monday,False,False,,False,False,False,1792,89316,49.84
2025-10-28,2025,10,28,Tuesday,False,False,,False,False,False,1989,86374,43.43
2025-10-29,2025,10,29,Wednesday,False,False,,False,False,False,1967,93697,47.63
2025-10-30,2025,10,30,Thursday,False,False,,False,False,False,1946,112088,57.6
2025-10-31,2025,10,31,Friday,False,False,,False,False,False,1906,96027,50.38
2025-11-01,2025,11,1,Saturday,True,False,,False,True,False,2109,159888,75.81
2025-11-02,2025,11,2,Sunday,True,False,,False,True,False,1830,139219,76.08
2025-11-03,2025,11,3,Monday,False,False,,False,False,False,1790,74100,41.4
2025-11-04,2025,11,4,Tuesday,False,False,,False,False,False,1686,88108,52.26
2025-11-05,2025,11,5,Wednesday,False,False,,False,False,False,1729,76266,44.11
2025-11-06,2025,11,6,Thursday,False,False,,False,False,False,1848,101108,54.71
2025-11-07,2025,11,7,Friday,False,False,,False,False,False,2013,116962,58.1
2025-11-08,2025,11,8,Saturday,True,False,,False,True,False,1691,152915,90.43
2025-11-09,2025,11,9,Sunday,True,False,,False,True,False,1942,187417,96.51
2025-11-10,2025,11,10,Monday,False,False,,False,False,False,1835,70723,38.54
2025-11-11,2025,11,11,Tuesday,False,False,,False,False,False,1841,83631,45.43
2025-11-12,2025,11,12,Wednesday,False,False,,False,False,False,1819,86802,47.72
2025-11-13,2025,11,13,Thursday,False,False,,False,False,False,1798,113948,63.37
2025-11-14,2025,11,14,Friday,False,False,,False,False,False,2066,130392,63.11
2025-11-15,2025,11,15,Saturday,True,False,,False,True,False,1861,154184,82.85
2025-11-16,2025,11,16,Sunday,True,False,,False,True,False,1760,169624,96.38
2025-11-17,2025,11,17,Monday,False,False,,False,False,False,1604,79051,49.28
2025-11-18,2025,11,18,Tuesday,False,False,,False,False,False,1669,60774,36.41
2025-11-19,2025,11,19,Wednesday,False,False,,False,False,False,1607,70094,43.62
2025-11-20,2025,11,20,Thursday,False,False,,False,False,False,1539,75241,48.89
2025-11-21,2025,11,21,Friday,False,False,,False,False,False,1740,85585,49.19
2025-11-22,2025,11,22,Saturday,True,False,,False,True,False,1725,130665,75.75
2025-11-23,2025,11,23,Sunday,True,False,,False,True,False,1436,131149,91.33
2025-11-24,2025,11,24,Monday,False,False,,False,False,False,1354,66728,49.28
2025-11-25,2025,11,25,Tuesday,False,False,,False,False,False,1570,59550,37.93
2025-11-26,2025,11,26,Wednesday,False,False,,False,False,False,1491,79615,53.4
2025-11-27,2025,11,27,Thursday,False,False,,False,False,False,1382,55548,40.19
2025-11-28,2025,11,28,Friday,False,False,,False,False,False,1682,79887,47.5
2025-11-29,2025,11,29,Saturday,True,False,,False,True,False,1413,105624,74.75
2025-11-30,2025,11,30,Sunday,True,False,,False,True,False,1325,104879,79.15
2025-12-01,2025,12,1,Monday,False,False,,False,False,False,1504,62010,41.23
2025-12-02,2025,12,2,Tuesday,False,False,,False,False,False,1447,77832,53.79
2025-12-03,2025,12,3,Wednesday,False,False,,False,False,False,1325,67515,50.95
2025-12-04,2025,12,4,Thursday,False,False,,False,False,False,1715,59894,34.92
2025-12-05,2025,12,5,Friday,False,False,,False,False,False,1254,58007,46.26
2025-12-06,2025,12,6,Saturday,True,False,,False,True,False,1068,65479,61.31
2025-12-07,2025,12,7,Sunday,True,False,,False,True,False,1116,77578,69.51
2025-12-08,2025,12,8,Monday,False,False,,False,False,False,1659,57700,34.78
2025-12-09,2025,12,9,Tuesday,False,False,,False,False,False,1602,60628,37.85
2025-12-10,2025,12,10,Wednesday,False,False,,False,False,False,1436,71920,50.08
2025-12-11,2025,12,11,Thursday,False,False,,False,False,False,1461,65341,44.72
2025-12-12,2025,12,12,Friday,False,False,,False,False,False,1501,65725,43.79
2025-12-13,2025,12,13,Saturday,True,False,,False,True,False,827,48419,58.55
2025-12-14,2025,12,14,Sunday,True,False,,False,True,False,879,62639,71.26
2025-12-15,2025,12,15,Monday,False,False,,False,False,False,1357,43375,31.96
2025-12-16,2025,12,16,Tuesday,False,False,,False,False,False,1320,39562,29.97
2025-12-17,2025,12,17,Wednesday,False,False,,False,False,False,1327,49343,37.18
2025-12-18,2025,12,18,Thursday,False,False,,False,False,False,1421,48279,33.98
2025-12-19,2025,12,19,Friday,False,False,,False,False,False,1352,62140,45.96
2025-12-20,2025,12,20,Saturday,True,False,,False,True,False,1170,58080,49.64
2025-12-21,2025,12,21,Sunday,True,False,,False,True,False,1051,65616,62.43
2025-12-22,2025,12,22,Monday,False,False,,False,False,False,1545,46511,30.1
2025-12-23,2025,12,23,Tuesday,False,False,,False,False,False,1254,38166,30.44
2025-12-24,2025,12,24,Wednesday,False,False,,False,False,False,1352,53063,39.25
2025-12-25,2025,12,25,Thursday,False,True,크리스마스,False,True,False,880,56715,64.45
2025-12-26,2025,12,26,Friday,False,False,,False,False,False,1050,44611,42.49
2025-12-27,2025,12,27,Saturday,True,False,,False,True,False,919,60191,65.5
2025-12-28,2025,12,28,Sunday,True,False,,False,True,False,810,61107,75.44
2025-12-29,2025,12,29,Monday,False,False,,False,False,False,1197,52821,44.13
2025-12-30,2025,12,30,Tuesday,False,False,,False,False,False,1127,51848,46.01
2025-12-31,2025,12,31,Wednesday,False,False,,False,False,False,1253,49468,39.48
2026-01-01,2026,1,1,Thursday,False,False,,False,False,False,951,51582,54.24
2026-01-02,2026,1,2,Friday,False,False,,False,False,False,926,45591,49.23
2026-01-03,2026,1,3,Saturday,True,False,,False,True,False,862,52257,60.62
2026-01-04,2026,1,4,Sunday,True,False,,False,True,False,928,67702,72.95
2026-01-05,2026,1,5,Monday,False,False,,False,False,False,1270,37990,29.91
2026-01-06,2026,1,6,Tuesday,False,False,,False,False,False,1191,48102,40.39
2026-01-07,2026,1,7,Wednesday,False,False,,False,False,False,1092,39594,36.26
2026-01-08,2026,1,8,Thursday,False,False,,False,False,False,1284,41964,32.68
2026-01-09,2026,1,9,Friday,False,False,,False,False,False,1116,52243,46.81
2026-01-10,2026,1,10,Saturday,True,False,,False,True,False,767,47582,62.04
2026-01-11,2026,1,11,Sunday,True,False,,False,True,False,722,46539,64.46
2026-01-12,2026,1,12,Monday,False,False,,False,False,False,1314,37072,28.21
2026-01-13,2026,1,13,Tuesday,False,False,,False,False,False,1514,34197,22.59
2026-01-14,2026,1,14,Wednesday,False,False,,False,False,False,1545,42622,27.59
2026-01-15,2026,1,15,Thursday,False,False,,False,False,False,1493,47429,31.77
2026-01-16,2026,1,16,Friday,False,False,,False,False,False,1333,52404,39.31
2026-01-17,2026,1,17,Saturday,True,False,,False,True,False,1266,60119,47.49
2026-01-18,2026,1,18,Sunday,True,False,,False,True,False,837,56522,67.53
2026-01-19,2026,1,19,Monday,False,False,,False,False,False,1096,34218,31.22
2026-01-20,2026,1,20,Tuesday,False,False,,False,False,False,1219,34427,28.24
2026-01-21,2026,1,21,Wednesday,False,False,,False,False,False,1351,32921,24.37
2026-01-22,2026,1,22,Thursday,False,False,,False,False,False,1156,33835,29.27
2026-01-23,2026,1,23,Friday,False,False,,False,False,False,1387,43566,31.41
2026-01-24,2026,1,24,Saturday,True,False,,False,True,False,887,39472,44.5
2026-01-25,2026,1,25,Sunday,True,False,,False,True,False,755,41399,54.83
2026-01-26,2026,1,26,Monday,False,False,,False,False,False,1274,41187,32.33
2026-01-27,2026,1,27,Tuesday,False,False,,False,False,False,1320,45212,34.25
2026-01-28,2026,1,28,Wednesday,False,False,,False,False,False,1463,43828,29.96
2026-01-29,2026,1,29,Thursday,False,False,,False,False,False,1310,44540,34.0
2026-01-30,2026,1,30,Friday,False,False,,False,False,False,1318,49985,37.92
2026-01-31,2026,1,31,Saturday,True,False,,False,True,False,973,52271,53.72
2026-02-01,2026,2,1,Sunday,True,False,,False,True,False,831,52459,63.13
2026-02-02,2026,2,2,Monday,False,False,,False,False,False,1086,23590,21.72
2026-02-03,2026,2,3,Tuesday,False,False,,False,False,False,1522,45770,30.07
2026-02-04,2026,2,4,Wednesday,False,False,,False,False,False,1262,45731,36.24
2026-02-05,2026,2,5,Thursday,False,False,,False,False,False,1291,43137,33.41
2026-02-06,2026,2,6,Friday,False,False,,False,False,False,1504,41429,27.55
2026-02-07,2026,2,7,Saturday,True,False,,False,True,False,880,43293,49.2
2026-02-08,2026,2,8,Sunday,True,False,,False,True,False,731,46972,64.26
2026-02-09,2026,2,9,Monday,False,False,,False,False,False,1383,36431,26.34
2026-02-10,2026,2,10,Tuesday,False,False,,False,False,False,1301,39700,30.51
2026-02-11,2026,2,11,Wednesday,False,False,,False,False,False,1512,36484,24.13
2026-02-12,2026,2,12,Thursday,False,False,,False,False,False,1713,50398,29.42
2026-02-13,2026,2,13,Friday,False,False,,False,False,False,1374,43997,32.02
2026-02-14,2026,2,14,Saturday,True,False,,False,True,False,1206,89141,73.91
2026-02-15,2026,2,15,Sunday,True,False,,False,True,False,1097,78928,71.95
2026-02-16,2026,2,16,Monday,False,False,,False,False,False,1127,72299,64.15
2026-02-17,2026,2,17,Tuesday,False,False,,False,False,False,1151,55013,47.8
2026-02-18,2026,2,18,Wednesday,False,False,,False,False,False,1076,76803,71.38
2026-02-19,2026,2,19,Thursday,False,False,,False,False,False,1221,59239,48.52
2026-02-20,2026,2,20,Friday,False,False,,False,False,False,1329,67414,50.73
2026-02-21,2026,2,21,Saturday,True,False,,False,True,False,1843,147426,79.99
2026-02-22,2026,2,22,Sunday,True,False,,False,True,False,1116,84755,75.95
2026-02-23,2026,2,23,Monday,False,False,,False,False,False,1383,43914,31.75
2026-02-24,2026,2,24,Tuesday,False,False,,False,False,False,1365,51385,37.64
2026-02-25,2026,2,25,Wednesday,False,False,,False,False,False,1579,60995,38.63
2026-02-26,2026,2,26,Thursday,False,False,,False,False,False,1620,66024,40.76
2026-02-27,2026,2,27,Friday,False,False,,False,False,False,1611,81183,50.39
2026-02-28,2026,2,28,Saturday,True,False,,False,True,False,1988,151139,76.03
2026-03-01,2026,3,1,Sunday,True,False,,False,True,False,1573,136310,86.66
2026-03-02,2026,3,2,Monday,False,False,,False,False,False,825,65122,78.94
2026-03-03,2026,3,3,Tuesday,False,False,,False,False,False,1441,66328,46.03
2026-03-04,2026,3,4,Wednesday,False,False,,False,False,False,1486,65930,44.37
2026-03-05,2026,3,5,Thursday,False,False,,False,False,False,1365,55071,40.35
2026-03-06,2026,3,6,Friday,False,False,,False,False,False,1268,63069,49.74
2026-03-07,2026,3,7,Saturday,True,False,,False,True,False,1384,106609,77.03
2026-03-08,2026,3,8,Sunday,True,False,,False,True,False,1215,100819,82.98
2026-03-09,2026,3,9,Monday,False,False,,False,False,False,1287,48778,37.9
2026-03-10,2026,3,10,Tuesday,False,False,,False,False,False,1252,49655,39.66
2026-03-11,2026,3,11,Wednesday,False,False,,False,False,False,1268,56054,44.21
2026-03-12,2026,3,12,Thursday,False,False,,False,False,False,1433,72847,50.84
2026-03-13,2026,3,13,Friday,False,False,,False,False,False,1532,81634,53.29
2026-03-14,2026,3,14,Saturday,True,False,,False,True,False,1723,146780,85.19
2026-03-15,2026,3,15,Sunday,True,False,,False,True,False,1450,138323,95.4
2026-03-16,2026,3,16,Monday,False,False,,False,False,False,1417,66487,46.92
2026-03-17,2026,3,17,Tuesday,False,False,,False,False,False,1381,62555,45.3
2026-03-18,2026,3,18,Wednesday,False,False,,False,False,False,1345,51645,38.4
2026-03-19,2026,3,19,Thursday,False,False,,False,False,False,1670,85156,50.99
2026-03-20,2026,3,20,Friday,False,False,,False,False,False,1725,96642,56.02
2026-03-21,2026,3,21,Saturday,True,False,,False,True,False,1990,191588,96.28
2026-03-22,2026,3,22,Sunday,True,False,,False,True,False,2321,228988,98.66
2026-03-23,2026,3,23,Monday,False,False,,False,False,False,1687,70386,41.72
2026-03-24,2026,3,24,Tuesday,False,False,,False,False,False,1550,72562,46.81
2026-03-25,2026,3,25,Wednesday,False,False,,False,False,False,1742,91290,52.41
2026-03-26,2026,3,26,Thursday,False,False,,False,False,False,1673,89320,53.39
2026-03-27,2026,3,27,Friday,False,False,,False,False,False,1700,93715,55.13
2026-03-28,2026,3,28,Saturday,True,False,,False,True,False,2312,204256,88.35
2026-03-29,2026,3,29,Sunday,True,False,,False,True,False,2259,224074,99.19
2026-03-30,2026,3,30,Monday,False,False,,False,False,False,1521,72484,47.66
2026-03-31,2026,3,31,Tuesday,False,False,,False,False,False,1560,84009,53.85
2026-04-01,2026,4,1,Wednesday,False,False,,False,False,False,1626,96044,59.07
2026-04-02,2026,4,2,Thursday,False,False,,False,False,False,1829,109558,59.9
