date,year,month,day,day_of_week,is_weekend,is_holiday,holiday_name,is_substitute_holiday,is_holiday_or_weekend,is_long_weekend,daily_parking_count,daily_usage_minutes,avg_stay_minutes,lag_1d_parking,lag_7d_parking,rolling_mean_3d_parking,rolling_mean_7d_parking
2020-02-11,2020,2,11,Tuesday,False,False,,False,False,False,1035,34133,32.98,,,,
2020-02-12,2020,2,12,Wednesday,False,False,,False,False,False,853,33333,39.08,1035,,,
2020-02-13,2020,2,13,Thursday,False,False,,False,False,False,1051,40644,38.67,853,,979.67,
2020-02-14,2020,2,14,Friday,False,False,,False,False,False,1035,45603,44.06,1051,,979.67,
2020-02-15,2020,2,15,Saturday,True,False,,False,True,False,1226,106975,87.26,1035,,1104.0,
2020-02-16,2020,2,16,Sunday,True,False,,False,True,False,848,49177,57.99,1226,,1036.33,
2020-02-17,2020,2,17,Monday,False,False,,False,False,False,1003,35353,35.25,848,,1025.67,1007.29
2020-02-18,2020,2,18,Tuesday,False,False,,False,False,False,1042,44524,42.73,1003,1035,964.33,1008.29
2020-02-19,2020,2,19,Wednesday,False,False,,False,False,False,965,35293,36.57,1042,853,1003.33,1024.29
2020-02-20,2020,2,20,Thursday,False,False,,False,False,False,1035,38952,37.63,965,1051,1014.0,1022.0
2020-02-21,2020,2,21,Friday,False,False,,False,False,False,883,41850,47.4,1035,1035,961.0,1000.29
2020-02-22,2020,2,22,Saturday,True,False,,False,True,False,712,29149,40.94,883,1226,876.67,926.86
2020-02-24,2020,2,24,Monday,False,False,,False,False,False,58,7257,125.12,712,848,551.0,814.0
2020-02-27,2020,2,27,Thursday,False,False,,False,False,False,1304,57335,43.97,58,1003,691.33,857.0
2020-02-28,2020,2,28,Friday,False,False,,False,False,False,818,48060,58.75,1304,1042,726.67,825.0
2020-02-29,2020,2,29,Saturday,True,False,,False,True,False,2199,160693,73.08,818,965,1440.33,1001.29
2020-03-01,2020,3,1,Sunday,True,False,,False,True,False,1459,83700,57.37,2199,1035,1492.0,1061.86
2020-03-02,2020,3,2,Monday,False,False,,False,False,False,969,52967,54.66,1459,883,1542.33,1074.14
2020-03-03,2020,3,3,Tuesday,False,False,,False,False,False,940,57510,61.18,969,712,1122.67,1106.71
2020-03-04,2020,3,4,Wednesday,False,False,,False,False,False,906,48063,53.05,940,58,938.33,1227.86
2020-03-05,2020,3,5,Thursday,False,False,,False,False,False,910,49138,54.0,906,1304,918.67,1171.57
2020-03-06,2020,3,6,Friday,False,False,,False,False,False,1070,57588,53.82,910,818,962.0,1207.57
2020-03-07,2020,3,7,Saturday,True,False,,False,True,False,1890,136513,72.23,1070,2199,1290.0,1163.43
2020-03-08,2020,3,8,Sunday,True,False,,False,True,False,3330,265134,79.62,1890,1459,2096.67,1430.71
2020-03-09,2020,3,9,Monday,False,False,,False,False,False,1255,85905,68.45,3330,969,2158.33,1471.57
2020-03-10,2020,3,10,Tuesday,False,False,,False,False,False,936,45482,48.59,1255,940,1840.33,1471.0
2020-03-11,2020,3,11,Wednesday,False,False,,False,False,False,1412,86331,61.14,936,906,1201.0,1543.29
2020-03-12,2020,3,12,Thursday,False,False,,False,False,False,1330,81312,61.14,1412,910,1226.0,1603.29
2020-03-13,2020,3,13,Friday,False,False,,False,False,False,1318,74132,56.25,1330,1070,1353.33,1638.71
2020-03-14,2020,3,14,Saturday,True,False,,False,True,False,2322,154409,66.5,1318,1890,1656.67,1700.43
2020-03-15,2020,3,15,Sunday,True,False,,False,True,False,2484,121231,48.8,2322,3330,2041.33,1579.57
2020-03-16,2020,3,16,Monday,False,False,,False,False,False,1297,68698,52.97,2484,1255,2034.33,1585.57
2020-03-17,2020,3,17,Tuesday,False,False,,False,False,False,1318,61714,46.82,1297,936,1699.67,1640.14
2020-03-18,2020,3,18,Wednesday,False,False,,False,False,False,1746,110839,63.48,1318,1412,1453.67,1687.86
2020-03-19,2020,3,19,Thursday,False,False,,False,False,False,921,57756,62.71,1746,1330,1328.33,1629.43
2020-03-20,2020,3,20,Friday,False,False,,False,False,False,1799,107954,60.01,921,1318,1488.67,1698.14
2020-03-21,2020,3,21,Saturday,True,False,,False,True,False,3724,413623,111.07,1799,2322,2148.0,1898.43
2020-03-22,2020,3,22,Sunday,True,False,,False,True,False,4652,418676,90.0,3724,2484,3391.67,2208.14
2020-03-23,2020,3,23,Monday,False,False,,False,False,False,1764,114766,65.06,4652,1297,3380.0,2274.86
2020-03-24,2020,3,24,Tuesday,False,False,,False,False,False,1819,124456,68.42,1764,1318,2745.0,2346.43
2020-03-25,2020,3,25,Wednesday,False,False,,False,False,False,1945,136689,70.28,1819,1746,1842.67,2374.86
2020-03-26,2020,3,26,Thursday,False,False,,False,False,False,1354,92015,67.96,1945,921,1706.0,2436.71
2020-03-27,2020,3,27,Friday,False,False,,False,False,False,1959,142019,72.5,1354,1799,1752.67,2459.57
2020-03-28,2020,3,28,Saturday,True,False,,False,True,False,3624,387281,106.87,1959,3724,2312.33,2445.29
2020-03-29,2020,3,29,Sunday,True,False,,False,True,False,4383,409625,93.46,3624,4652,3322.0,2406.86
2020-03-30,2020,3,30,Monday,False,False,,False,False,False,1859,133282,71.7,4383,1764,3288.67,2420.43
2020-03-31,2020,3,31,Tuesday,False,False,,False,False,False,1867,167422,89.67,1859,1819,2703.0,2427.29
2020-04-01,2020,4,1,Wednesday,False,False,,False,False,False,1824,169851,93.12,1867,1945,1850.0,2410.0
2020-04-02,2020,4,2,Thursday,False,False,,False,False,False,1717,126715,73.8,1824,1354,1802.67,2461.86
2020-04-03,2020,4,3,Friday,False,False,,False,False,False,1783,133311,74.77,1717,1959,1774.67,2436.71
2020-04-04,2020,4,4,Saturday,True,False,,False,True,False,2384,173579,72.81,1783,3624,1961.33,2259.57
2020-04-05,2020,4,5,Sunday,True,False,,False,True,False,2621,234470,89.46,2384,4383,2262.67,2007.86
2020-04-06,2020,4,6,Monday,False,False,,False,False,False,1513,114151,75.45,2621,1859,2172.67,1958.43
2020-04-07,2020,4,7,Tuesday,False,False,,False,False,False,1373,111204,80.99,1513,1867,1835.67,1887.86
2020-04-08,2020,4,8,Wednesday,False,False,,False,False,False,1525,92507,60.66,1373,1824,1470.33,1845.14
2020-04-09,2020,4,9,Thursday,False,False,,False,False,False,1438,100553,69.93,1525,1717,1445.33,1805.29
2020-04-10,2020,4,10,Friday,False,False,,False,False,False,1661,152112,91.58,1438,1783,1541.33,1787.86
2020-04-11,2020,4,11,Saturday,True,False,,False,True,False,2887,266805,92.42,1661,2384,1995.33,1859.71
2020-04-12,2020,4,12,Sunday,True,False,,False,True,False,2566,214360,83.54,2887,2621,2371.33,1851.86
2020-04-13,2020,4,13,Monday,False,False,,False,False,False,1611,118178,73.36,2566,1513,2354.67,1865.86
2020-04-14,2020,4,14,Tuesday,False,False,,False,False,False,1702,134551,79.05,1611,1373,1959.67,1912.86
2020-04-15,2020,4,15,Wednesday,False,False,,False,False,False,3040,309910,101.94,1702,1525,2117.67,2129.29
2020-04-16,2020,4,16,Thursday,False,False,,False,False,False,1673,115407,68.98,3040,1438,2138.33,2162.86
2020-04-17,2020,4,17,Friday,False,False,,False,False,False,1179,72080,61.14,1673,1661,1964.0,2094.0
2020-04-18,2020,4,18,Saturday,True,False,,False,True,False,4005,404450,100.99,1179,2887,2285.67,2253.71
2020-04-19,2020,4,19,Sunday,True,False,,False,True,False,1773,164794,92.95,4005,2566,2319.0,2140.43
2020-04-20,2020,4,20,Monday,False,False,,False,False,False,1204,75641,62.82,1773,1611,2327.33,2082.29
2020-04-21,2020,4,21,Tuesday,False,False,,False,False,False,1205,58069,48.19,1204,1702,1394.0,2011.29
2020-04-22,2020,4,22,Wednesday,False,False,,False,False,False,1075,26672,24.81,1205,3040,1161.33,1730.57
2020-04-23,2020,4,23,Thursday,False,False,,False,False,False,1260,29784,23.64,1075,1673,1180.0,1671.57
2020-04-24,2020,4,24,Friday,False,False,,False,False,False,1532,46950,30.65,1260,1179,1289.0,1722.0
2020-04-25,2020,4,25,Saturday,True,False,,False,True,False,2945,224295,76.16,1532,4005,1912.33,1570.57
2020-04-26,2020,4,26,Sunday,True,False,,False,True,False,3961,300746,75.93,2945,1773,2812.67,1883.14
2020-04-27,2020,4,27,Monday,False,False,,False,False,False,1718,61066,35.54,3961,1204,2874.67,1956.57
2020-04-28,2020,4,28,Tuesday,False,False,,False,False,False,1785,58487,32.77,1718,1205,2488.0,2039.43
2020-04-29,2020,4,29,Wednesday,False,False,,False,False,False,2397,93725,39.1,1785,1075,1966.67,2228.29
2020-04-30,2020,4,30,Thursday,False,False,,False,False,False,4701,524282,111.53,2397,1260,2961.0,2719.86
2020-05-01,2020,5,1,Friday,False,False,,False,False,False,3828,384147,100.35,4701,1532,3642.0,3047.86
2020-05-02,2020,5,2,Saturday,True,False,,False,True,False,3966,487898,123.02,3828,2945,4165.0,3193.71
2020-05-03,2020,5,3,Sunday,True,False,,False,True,False,4200,409760,97.56,3966,3961,3998.0,3227.86
2020-05-04,2020,5,4,Monday,False,False,,False,False,False,2981,244288,81.95,4200,1718,3715.67,3408.29
2020-05-05,2020,5,5,Tuesday,False,False,,False,False,False,4630,530575,114.6,2981,1785,3937.0,3814.71
2020-05-06,2020,5,6,Wednesday,False,False,,False,False,False,2006,67524,33.66,4630,2397,3205.67,3758.86
2020-05-07,2020,5,7,Thursday,False,False,,False,False,False,1869,69786,37.34,2006,4701,2835.0,3354.29
2020-05-08,2020,5,8,Friday,False,False,,False,False,False,1952,69572,35.64,1869,3828,1942.33,3086.29
2020-05-09,2020,5,9,Saturday,True,False,,False,True,False,1801,142092,78.9,1952,3966,1874.0,2777.0
2020-05-10,2020,5,10,Sunday,True,False,,False,True,False,2797,178706,63.89,1801,4200,2183.33,2576.57
2020-05-11,2020,5,11,Monday,False,False,,False,False,False,1549,61880,39.95,2797,2981,2049.0,2372.0
2020-05-12,2020,5,12,Tuesday,False,False,,False,False,False,1508,42724,28.33,1549,4630,1951.33,1926.0
2020-05-13,2020,5,13,Wednesday,False,False,,False,False,False,2028,87036,42.92,1508,2006,1695.0,1929.14
2020-05-14,2020,5,14,Thursday,False,False,,False,False,False,1977,59621,30.16,2028,1869,1837.67,1944.57
2020-05-15,2020,5,15,Friday,False,False,,False,False,False,1453,28795,19.82,1977,1952,1819.33,1873.29
2020-05-16,2020,5,16,Saturday,True,False,,False,True,False,3077,153037,49.74,1453,1801,2169.0,2055.57
2020-05-17,2020,5,17,Sunday,True,False,,False,True,False,3901,284846,73.02,3077,2797,2810.33,2213.29
2020-05-18,2020,5,18,Monday,False,False,,False,False,False,1237,20146,16.29,3901,1549,2738.33,2168.71
2020-05-19,2020,5,19,Tuesday,False,False,,False,False,False,1473,21736,14.76,1237,1508,2203.67,2163.71
2020-05-20,2020,5,20,Wednesday,False,False,,False,False,False,1856,90160,48.58,1473,2028,1522.0,2139.14
2020-05-21,2020,5,21,Thursday,False,False,,False,False,False,1888,103560,54.85,1856,1977,1739.0,2126.43
2020-05-22,2020,5,22,Friday,False,False,,False,False,False,2104,126640,60.19,1888,1453,1949.33,2219.43
2020-05-23,2020,5,23,Saturday,True,False,,False,True,False,4887,531316,108.72,2104,3077,2959.67,2478.0
2020-05-24,2020,5,24,Sunday,True,False,,False,True,False,3141,296693,94.46,4887,3901,3377.33,2369.43
2020-05-25,2020,5,25,Monday,False,False,,False,False,False,1751,115672,66.06,3141,1237,3259.67,2442.86
2020-05-26,2020,5,26,Tuesday,False,False,,False,False,False,1493,86309,57.81,1751,1473,2128.33,2445.71
2020-05-27,2020,5,27,Wednesday,False,False,,False,False,False,2155,163664,75.95,1493,1856,1799.67,2488.43
2020-05-28,2020,5,28,Thursday,False,False,,False,False,False,1998,115587,57.85,2155,1888,1882.0,2504.14
2020-05-29,2020,5,29,Friday,False,False,,False,False,False,2802,163921,58.5,1998,2104,2318.33,2603.86
2020-05-30,2020,5,30,Saturday,True,False,,False,True,False,3776,340654,90.22,2802,4887,2858.67,2445.14
2020-05-31,2020,5,31,Sunday,True,False,,False,True,False,2927,285202,97.44,3776,3141,3168.33,2414.57
2020-06-01,2020,6,1,Monday,False,False,,False,False,False,1528,84228,55.12,2927,1751,2743.67,2382.71
2020-06-02,2020,6,2,Tuesday,False,False,,False,False,False,1261,81150,64.35,1528,1493,1905.33,2349.57
2020-06-03,2020,6,3,Wednesday,False,False,,False,False,False,1610,115847,71.95,1261,2155,1466.33,2271.71
2020-06-04,2020,6,4,Thursday,False,False,,False,False,False,1787,122683,68.65,1610,1998,1552.67,2241.57
2020-06-05,2020,6,5,Friday,False,False,,False,False,False,2501,160325,64.1,1787,2802,1966.0,2198.57
2020-06-06,2020,6,6,Saturday,True,False,,False,True,False,5040,471313,93.51,2501,3776,3109.33,2379.14
2020-06-07,2020,6,7,Sunday,True,False,,False,True,False,4042,461206,114.1,5040,2927,3861.0,2538.43
2020-06-08,2020,6,8,Monday,False,False,,False,False,False,1847,106117,57.45,4042,1528,3643.0,2584.0
2020-06-09,2020,6,9,Tuesday,False,False,,False,False,False,1713,96503,56.34,1847,1261,2534.0,2648.57
2020-06-10,2020,6,10,Wednesday,False,False,,False,False,False,6629,87948,13.27,1713,1610,3396.33,3365.57
2020-06-11,2020,6,11,Thursday,False,False,,False,False,False,1871,92833,49.62,6629,1787,3404.33,3377.57
2020-06-12,2020,6,12,Friday,False,False,,False,False,False,2554,145207,56.85,1871,2501,3684.67,3385.14
2020-06-13,2020,6,13,Saturday,True,False,,False,True,False,3945,243334,61.68,2554,5040,2790.0,3228.71
2020-06-14,2020,6,14,Sunday,True,False,,False,True,False,3765,433356,115.1,3945,4042,3421.33,3189.14
2020-06-15,2020,6,15,Monday,False,False,,False,False,False,1944,111285,57.25,3765,1847,3218.0,3203.0
2020-06-16,2020,6,16,Tuesday,False,False,,False,False,False,1762,104933,59.55,1944,1713,2490.33,3210.0
2020-06-17,2020,6,17,Wednesday,False,False,,False,False,False,2167,114761,52.96,1762,6629,1957.67,2572.57
2020-06-18,2020,6,18,Thursday,False,False,,False,False,False,2923,110353,37.75,2167,1871,2284.0,2722.86
2020-06-19,2020,6,19,Friday,False,False,,False,False,False,2683,180084,67.12,2923,2554,2591.0,2741.29
2020-06-20,2020,6,20,Saturday,True,False,,False,True,False,4056,346481,85.42,2683,3945,3220.67,2757.14
2020-06-21,2020,6,21,Sunday,True,False,,False,True,False,3834,387339,101.03,4056,3765,3524.33,2767.0
2020-06-22,2020,6,22,Monday,False,False,,False,False,False,1746,86538,49.56,3834,1944,3212.0,2738.71
2020-06-23,2020,6,23,Tuesday,False,False,,False,False,False,1819,90667,49.84,1746,1762,2466.33,2746.86
2020-06-24,2020,6,24,Wednesday,False,False,,False,False,False,950,60334,63.51,1819,2167,1505.0,2573.0
2020-06-25,2020,6,25,Thursday,False,False,,False,False,False,973,38988,40.07,950,2923,1247.33,2294.43
2020-06-26,2020,6,26,Friday,False,False,,False,False,False,2116,131738,62.26,973,2683,1346.33,2213.43
2020-06-27,2020,6,27,Saturday,True,False,,False,True,False,4075,326328,80.08,2116,4056,2388.0,2216.14
2020-06-28,2020,6,28,Sunday,True,False,,False,True,False,3479,372913,107.19,4075,3834,3223.33,2165.43
2020-06-29,2020,6,29,Monday,False,False,,False,False,False,1087,54584,50.22,3479,1746,2880.33,2071.29
2020-06-30,2020,6,30,Tuesday,False,False,,False,False,False,1033,40784,39.48,1087,1819,1866.33,1959.0
2020-07-01,2020,7,1,Wednesday,False,False,,False,False,False,1409,70366,49.94,1033,950,1176.33,2024.57
2020-07-02,2020,7,2,Thursday,False,False,,False,False,False,1459,82771,56.73,1409,973,1300.33,2094.0
2020-07-03,2020,7,3,Friday,False,False,,False,False,False,1831,89430,48.84,1459,2116,1566.33,2053.29
2020-07-04,2020,7,4,Saturday,True,False,,False,True,False,2938,289335,98.48,1831,4075,2076.0,1890.86
2020-07-05,2020,7,5,Sunday,True,False,,False,True,False,2935,325390,110.87,2938,3479,2568.0,1813.14
2020-07-06,2020,7,6,Monday,False,False,,False,False,False,1368,81455,59.54,2935,1087,2413.67,1853.29
2020-07-07,2020,7,7,Tuesday,False,False,,False,False,False,1561,81752,52.37,1368,1033,1954.67,1928.71
2020-07-08,2020,7,8,Wednesday,False,False,,False,False,False,1636,99563,60.86,1561,1409,1521.67,1961.14
2020-07-09,2020,7,9,Thursday,False,False,,False,False,False,1378,64503,46.81,1636,1459,1525.0,1949.57
2020-07-10,2020,7,10,Friday,False,False,,False,False,False,1569,90877,57.92,1378,1831,1527.67,1912.14
2020-07-11,2020,7,11,Saturday,True,False,,False,True,False,3112,296486,95.27,1569,2938,2019.67,1937.0
2020-07-12,2020,7,12,Sunday,True,False,,False,True,False,2397,224910,93.83,3112,2935,2359.33,1860.14
2020-07-13,2020,7,13,Monday,False,False,,False,False,False,1193,51168,42.89,2397,1368,2234.0,1835.14
2020-07-14,2020,7,14,Tuesday,False,False,,False,False,False,1800,57731,32.07,1193,1561,1796.67,1869.29
2020-07-15,2020,7,15,Wednesday,False,False,,False,False,False,1680,105726,62.93,1800,1636,1557.67,1875.57
2020-07-16,2020,7,16,Thursday,False,False,,False,False,False,1410,100144,71.02,1680,1378,1630.0,1880.14
2020-07-17,2020,7,17,Friday,False,False,,False,False,False,1688,111239,65.9,1410,1569,1592.67,1897.14
2020-07-18,2020,7,18,Saturday,True,False,,False,True,False,2997,264782,88.35,1688,3112,2031.67,1880.71
2020-07-19,2020,7,19,Sunday,True,False,,False,True,False,1533,99790,65.09,2997,2397,2072.67,1757.29
2020-07-20,2020,7,20,Monday,False,False,,False,False,False,1315,57282,43.56,1533,1193,1948.33,1774.71
2020-07-21,2020,7,21,Tuesday,False,False,,False,False,False,1539,85497,55.55,1315,1800,1462.33,1737.43
2020-07-22,2020,7,22,Wednesday,False,False,,False,False,False,1392,63088,45.32,1539,1680,1415.33,1696.29
2020-07-23,2020,7,23,Thursday,False,False,,False,False,False,1161,36610,31.53,1392,1410,1364.0,1660.71
2020-07-24,2020,7,24,Friday,False,False,,False,False,False,1382,83601,60.49,1161,1688,1311.67,1617.0
2020-07-25,2020,7,25,Saturday,True,False,,False,True,False,3206,330601,103.12,1382,2997,1916.33,1646.86
2020-07-26,2020,7,26,Sunday,True,False,,False,True,False,3042,339128,111.48,3206,1533,2543.33,1862.43
2020-07-27,2020,7,27,Monday,False,False,,False,False,False,1345,66276,49.28,3042,1315,2531.0,1866.71
2020-07-28,2020,7,28,Tuesday,False,False,,False,False,False,1402,79971,57.04,1345,1539,1929.67,1847.14
2020-07-29,2020,7,29,Wednesday,False,False,,False,False,False,1107,49830,45.01,1402,1392,1284.67,1806.43
2020-07-30,2020,7,30,Thursday,False,False,,False,False,False,1392,70058,50.33,1107,1161,1300.33,1839.43
2020-07-31,2020,7,31,Friday,False,False,,False,False,False,1569,93842,59.81,1392,1382,1356.0,1866.14
2020-08-01,2020,8,1,Saturday,True,False,,False,True,False,1221,65551,53.69,1569,3206,1394.0,1582.57
2020-08-02,2020,8,2,Sunday,True,False,,False,True,False,797,40042,50.24,1221,3042,1195.67,1261.86
2020-08-03,2020,8,3,Monday,False,False,,False,False,False,554,28419,51.3,797,1345,857.33,1148.86
2020-08-04,2020,8,4,Tuesday,False,False,,False,False,False,257,15702,61.1,554,1402,536.0,985.29
2020-08-05,2020,8,5,Wednesday,False,False,,False,False,False,200,15140,75.7,257,1107,337.0,855.71
2020-08-06,2020,8,6,Thursday,False,False,,False,False,False,57,604,10.6,200,1392,171.33,665.0
2020-08-11,2020,8,11,Tuesday,False,False,,False,False,False,101,925,9.16,57,1569,119.33,455.29
2020-08-12,2020,8,12,Wednesday,False,False,,False,False,False,499,14327,28.71,101,1221,219.0,352.14
2020-08-13,2020,8,13,Thursday,False,False,,False,False,False,736,30099,40.9,499,797,445.33,343.43
2020-08-14,2020,8,14,Friday,False,False,,False,False,False,677,31418,46.41,736,554,637.33,361.0
2020-08-15,2020,8,15,Saturday,True,False,,False,True,False,642,31154,48.53,677,257,685.0,416.0
2020-08-16,2020,8,16,Sunday,True,False,,False,True,False,1416,104881,74.07,642,200,911.67,589.71
2020-08-17,2020,8,17,Monday,False,False,,False,False,False,1450,95695,66.0,1416,57,1169.33,788.71
2020-08-18,2020,8,18,Tuesday,False,False,,False,False,False,1298,66270,51.06,1450,101,1388.0,959.71
2020-08-19,2020,8,19,Wednesday,False,False,,False,False,False,1374,70308,51.17,1298,499,1374.0,1084.71
2020-08-20,2020,8,20,Thursday,False,False,,False,False,False,1297,68839,53.08,1374,736,1323.0,1164.86
2020-08-21,2020,8,21,Friday,False,False,,False,False,False,1324,65030,49.12,1297,677,1331.67,1257.29
2020-08-22,2020,8,22,Saturday,True,False,,False,True,False,1328,85146,64.12,1324,642,1316.33,1355.29
2020-08-23,2020,8,23,Sunday,True,False,,False,True,False,2293,181607,79.2,1328,1416,1648.33,1480.57
2020-08-24,2020,8,24,Monday,False,False,,False,False,False,1497,75148,50.2,2293,1450,1706.0,1487.29
2020-08-25,2020,8,25,Tuesday,False,False,,False,False,False,1310,76865,58.68,1497,1298,1700.0,1489.0
2020-08-26,2020,8,26,Wednesday,False,False,,False,False,False,1096,51678,47.15,1310,1374,1301.0,1449.29
2020-08-27,2020,8,27,Thursday,False,False,,False,False,False,780,49392,63.32,1096,1297,1062.0,1375.43
2020-08-28,2020,8,28,Friday,False,False,,False,False,False,1205,64164,53.25,780,1324,1027.0,1358.43
2020-08-29,2020,8,29,Saturday,True,False,,False,True,False,1504,93197,61.97,1205,1328,1163.0,1383.57
2020-08-30,2020,8,30,Sunday,True,False,,False,True,False,1927,130697,67.82,1504,2293,1545.33,1331.29
2020-08-31,2020,8,31,Monday,False,False,,False,False,False,1725,92413,53.57,1927,1497,1718.67,1363.86
2020-09-01,2020,9,1,Tuesday,False,False,,False,False,False,1703,96346,56.57,1725,1310,1785.0,1420.0
2020-09-02,2020,9,2,Wednesday,False,False,,False,False,False,1098,60577,55.17,1703,1096,1508.67,1420.29
2020-09-03,2020,9,3,Thursday,False,False,,False,False,False,1432,82435,57.57,1098,780,1411.0,1513.43
2020-09-04,2020,9,4,Friday,False,False,,False,False,False,2388,154690,64.78,1432,1205,1639.33,1682.43
2020-09-05,2020,9,5,Saturday,True,False,,False,True,False,3265,316516,96.94,2388,1504,2361.67,1934.0
2020-09-06,2020,9,6,Sunday,True,False,,False,True,False,1772,123255,69.56,3265,1927,2475.0,1911.86
2020-09-07,2020,9,7,Monday,False,False,,False,False,False,910,44587,49.0,1772,1725,1982.33,1795.43
2020-09-08,2020,9,8,Tuesday,False,False,,False,False,False,1699,118374,69.67,910,1703,1460.33,1794.86
2020-09-09,2020,9,9,Wednesday,False,False,,False,False,False,955,51032,53.44,1699,1098,1188.0,1774.43
2020-09-10,2020,9,10,Thursday,False,False,,False,False,False,1389,75199,54.14,955,1432,1347.67,1768.29
2020-09-11,2020,9,11,Friday,False,False,,False,False,False,1263,56420,44.67,1389,2388,1202.33,1607.57
2020-09-12,2020,9,12,Saturday,True,False,,False,True,False,1290,84514,65.51,1263,3265,1314.0,1325.43
2020-09-13,2020,9,13,Sunday,True,False,,False,True,False,3047,276954,90.89,1290,1772,1866.67,1507.57
2020-09-14,2020,9,14,Monday,False,False,,False,False,False,1441,76749,53.26,3047,910,1926.0,1583.43
2020-09-15,2020,9,15,Tuesday,False,False,,False,False,False,1561,80027,51.27,1441,1699,2016.33,1563.71
2020-09-16,2020,9,16,Wednesday,False,False,,False,False,False,1338,68372,51.1,1561,955,1446.67,1618.43
2020-09-17,2020,9,17,Thursday,False,False,,False,False,False,1690,70407,41.66,1338,1389,1529.67,1661.43
2020-09-18,2020,9,18,Friday,False,False,,False,False,False,2078,115774,55.71,1690,1263,1702.0,1777.86
2020-09-19,2020,9,19,Saturday,True,False,,False,True,False,2951,257412,87.23,2078,1290,2239.67,2015.14
2020-09-20,2020,9,20,Sunday,True,False,,False,True,False,3195,323741,101.33,2951,3047,2741.33,2036.29
2020-09-21,2020,9,21,Monday,False,False,,False,False,False,1577,81100,51.43,3195,1441,2574.33,2055.71
2020-09-22,2020,9,22,Tuesday,False,False,,False,False,False,1814,85250,47.0,1577,1561,2195.33,2091.86
2020-09-23,2020,9,23,Wednesday,False,False,,False,False,False,1719,84599,49.21,1814,1338,1703.33,2146.29
2020-09-24,2020,9,24,Thursday,False,False,,False,False,False,1789,90705,50.7,1719,1690,1774.0,2160.43
2020-09-25,2020,9,25,Friday,False,False,,False,False,False,2023,87515,43.26,1789,2078,1843.67,2152.57
2020-09-26,2020,9,26,Saturday,True,False,,False,True,False,2759,274171,99.37,2023,2951,2190.33,2125.14
2020-09-27,2020,9,27,Sunday,True,False,,False,True,False,3121,337934,108.28,2759,3195,2634.33,2114.57
2020-09-28,2020,9,28,Monday,False,False,,False,False,False,1967,86663,44.06,3121,1577,2615.67,2170.29
2020-09-29,2020,9,29,Tuesday,False,False,,False,False,False,1650,77725,47.11,1967,1814,2246.0,2146.86
2020-09-30,2020,9,30,Wednesday,False,False,,False,False,False,1599,138127,86.38,1650,1719,1738.67,2129.71
2020-10-01,2020,10,1,Thursday,False,False,,False,False,False,2350,189523,80.65,1599,1789,1866.33,2209.86
2020-10-02,2020,10,2,Friday,False,False,,False,False,False,2147,174460,81.26,2350,2023,2032.0,2227.57
2020-10-03,2020,10,3,Saturday,True,False,,False,True,False,2883,283794,98.44,2147,2759,2460.0,2245.29
2020-10-04,2020,10,4,Sunday,True,False,,False,True,False,2627,245441,93.43,2883,3121,2552.33,2174.71
2020-10-05,2020,10,5,Monday,False,False,,False,False,False,1241,53532,43.14,2627,1967,2250.33,2071.0
2020-10-06,2020,10,6,Tuesday,False,False,,False,False,False,1573,62791,39.92,1241,1650,1813.67,2060.0
2020-10-07,2020,10,7,Wednesday,False,False,,False,False,False,1567,70288,44.86,1573,1599,1460.33,2055.43
2020-10-08,2020,10,8,Thursday,False,False,,False,False,False,1856,75287,40.56,1567,2350,1665.33,1984.86
2020-10-09,2020,10,9,Friday,False,False,,False,False,False,2870,246048,85.73,1856,2147,2097.67,2088.14
2020-10-10,2020,10,10,Saturday,True,False,,False,True,False,2875,238445,82.94,2870,2883,2533.67,2087.0
2020-10-11,2020,10,11,Sunday,True,False,,False,True,False,2781,258387,92.91,2875,2627,2842.0,2109.0
2020-10-12,2020,10,12,Monday,False,False,,False,False,False,1431,65174,45.54,2781,1241,2362.33,2136.14
2020-10-13,2020,10,13,Tuesday,False,False,,False,False,False,1530,64449,42.12,1431,1573,1914.0,2130.0
2020-10-14,2020,10,14,Wednesday,False,False,,False,False,False,1402,56594,40.37,1530,1567,1454.33,2106.43
2020-10-15,2020,10,15,Thursday,False,False,,False,False,False,1513,71881,47.51,1402,1856,1481.67,2057.43
2020-10-16,2020,10,16,Friday,False,False,,False,False,False,1586,66177,41.73,1513,2870,1500.33,1874.0
2020-10-17,2020,10,17,Saturday,True,False,,False,True,False,1857,95996,51.69,1586,2875,1652.0,1728.57
2020-10-19,2020,10,19,Monday,False,False,,False,False,False,989,32308,32.67,1857,2781,1477.33,1472.57
2020-10-20,2020,10,20,Tuesday,False,False,,False,False,False,1769,31904,18.04,989,1431,1538.33,1520.86
2020-10-21,2020,10,21,Wednesday,False,False,,False,False,False,1632,43097,26.41,1769,1530,1463.33,1535.43
2020-10-22,2020,10,22,Thursday,False,False,,False,False,False,1671,32593,19.51,1632,1402,1690.67,1573.86
2020-10-23,2020,10,23,Friday,False,False,,False,False,False,1880,40356,21.47,1671,1513,1727.67,1626.29
2020-10-24,2020,10,24,Saturday,True,False,,False,True,False,2207,116121,52.61,1880,1586,1919.33,1715.0
2020-10-25,2020,10,25,Sunday,True,False,,False,True,False,1720,79498,46.22,2207,1857,1935.67,1695.43
2020-10-26,2020,10,26,Monday,False,False,,False,False,False,830,29563,35.62,1720,989,1585.67,1672.71
2020-10-27,2020,10,27,Tuesday,False,False,,False,False,False,1519,38387,25.27,830,1769,1356.33,1637.0
2020-10-28,2020,10,28,Wednesday,False,False,,False,False,False,1712,40459,23.63,1519,1632,1353.67,1648.43
2020-10-29,2020,10,29,Thursday,False,False,,False,False,False,1691,66883,39.55,1712,1671,1640.67,1651.29
2020-10-30,2020,10,30,Friday,False,False,,False,False,False,1910,66867,35.01,1691,1880,1771.0,1655.57
2020-10-31,2020,10,31,Saturday,True,False,,False,True,False,2057,125169,60.85,1910,2207,1886.0,1634.14
2020-11-01,2020,11,1,Sunday,True,False,,False,True,False,1024,42341,41.35,2057,1720,1663.67,1534.71
2020-11-02,2020,11,2,Monday,False,False,,False,False,False,1428,54935,38.47,1024,830,1503.0,1620.14
2020-11-03,2020,11,3,Tuesday,False,False,,False,False,False,1599,47173,29.5,1428,1519,1350.33,1631.57
2020-11-04,2020,11,4,Wednesday,False,False,,False,False,False,1680,53855,32.06,1599,1712,1569.0,1627.0
2020-11-05,2020,11,5,Thursday,False,False,,False,False,False,1565,55187,35.26,1680,1691,1614.67,1609.0
2020-11-06,2020,11,6,Friday,False,False,,False,False,False,1450,54255,37.42,1565,1910,1565.0,1543.29
2020-11-07,2020,11,7,Saturday,True,False,,False,True,False,2056,110577,53.78,1450,2057,1690.33,1543.14
2020-11-08,2020,11,8,Sunday,True,False,,False,True,False,1835,106302,57.93,2056,1024,1780.33,1659.0
2020-11-09,2020,11,9,Monday,False,False,,False,False,False,1344,44325,32.98,1835,1428,1745.0,1647.0
2020-11-10,2020,11,10,Tuesday,False,False,,False,False,False,1627,51576,31.7,1344,1599,1602.0,1651.0
2020-11-11,2020,11,11,Wednesday,False,False,,False,False,False,1461,48741,33.36,1627,1680,1477.33,1619.71
2020-11-12,2020,11,12,Thursday,False,False,,False,False,False,1594,52208,32.75,1461,1565,1560.67,1623.86
2020-11-13,2020,11,13,Friday,False,False,,False,False,False,1376,46793,34.01,1594,1450,1477.0,1613.29
2020-11-14,2020,11,14,Saturday,True,False,,False,True,False,2027,91861,45.32,1376,2056,1665.67,1609.14
2020-11-15,2020,11,15,Sunday,True,False,,False,True,False,1671,88035,52.68,2027,1835,1691.33,1585.71
2020-11-16,2020,11,16,Monday,False,False,,False,False,False,1365,59166,43.35,1671,1344,1687.67,1588.71
2020-11-17,2020,11,17,Tuesday,False,False,,False,False,False,1262,50736,40.2,1365,1627,1432.67,1536.57
2020-11-18,2020,11,18,Wednesday,False,False,,False,False,False,1205,40988,34.01,1262,1461,1277.33,1500.0
2020-11-19,2020,11,19,Thursday,False,False,,False,False,False,1152,27692,24.04,1205,1594,1206.33,1436.86
2020-11-20,2020,11,20,Friday,False,False,,False,False,False,1393,39369,28.26,1152,1376,1250.0,1439.29
2020-11-21,2020,11,21,Saturday,True,False,,False,True,False,1660,73208,44.1,1393,2027,1401.67,1386.86
2020-11-22,2020,11,22,Sunday,True,False,,False,True,False,1315,60615,46.1,1660,1671,1456.0,1336.0
2020-11-23,2020,11,23,Monday,False,False,,False,False,False,1523,60972,40.03,1315,1365,1499.33,1358.57
2020-11-24,2020,11,24,Tuesday,False,False,,False,False,False,1643,56773,34.55,1523,1262,1493.67,1413.0
2020-11-25,2020,11,25,Wednesday,False,False,,False,False,False,1673,59913,35.81,1643,1205,1613.0,1479.86
2020-11-26,2020,11,26,Thursday,False,False,,False,False,False,1769,58405,33.02,1673,1152,1695.0,1568.0
2020-11-27,2020,11,27,Friday,False,False,,False,False,False,1794,58719,32.73,1769,1393,1745.33,1625.29
2020-11-28,2020,11,28,Saturday,True,False,,False,True,False,1717,88791,51.71,1794,1660,1760.0,1633.43
2020-11-29,2020,11,29,Sunday,True,False,,False,True,False,1346,78562,58.37,1717,1315,1619.0,1637.86
2020-11-30,2020,11,30,Monday,False,False,,False,False,False,1254,46838,37.35,1346,1523,1439.0,1599.43
2020-12-01,2020,12,1,Tuesday,False,False,,False,False,False,1392,34573,24.84,1254,1643,1330.67,1563.57
2020-12-02,2020,12,2,Wednesday,False,False,,False,False,False,1304,56964,43.68,1392,1673,1316.67,1510.86
2020-12-03,2020,12,3,Thursday,False,False,,False,False,False,1395,50599,36.27,1304,1769,1363.67,1457.43
2020-12-04,2020,12,4,Friday,False,False,,False,False,False,1474,58407,39.62,1395,1794,1391.0,1411.71
2020-12-05,2020,12,5,Saturday,True,False,,False,True,False,1545,81907,53.01,1474,1717,1471.33,1387.14
2020-12-06,2020,12,6,Sunday,True,False,,False,True,False,1596,79165,49.6,1545,1346,1538.33,1422.86
2020-12-07,2020,12,7,Monday,False,False,,False,False,False,1311,53751,41.0,1596,1254,1484.0,1431.0
2020-12-08,2020,12,8,Tuesday,False,False,,False,False,False,1550,30420,19.63,1311,1392,1485.67,1453.57
2020-12-09,2020,12,9,Wednesday,False,False,,False,False,False,1333,20129,15.1,1550,1304,1398.0,1457.71
2020-12-10,2020,12,10,Thursday,False,False,,False,False,False,914,25634,28.05,1333,1395,1265.67,1389.0
2020-12-11,2020,12,11,Friday,False,False,,False,False,False,1196,20988,17.55,914,1474,1147.67,1349.29
2020-12-12,2020,12,12,Saturday,True,False,,False,True,False,1506,56497,37.51,1196,1545,1205.33,1343.71
2020-12-13,2020,12,13,Sunday,True,False,,False,True,False,1103,32515,29.48,1506,1596,1268.33,1273.29
2020-12-14,2020,12,14,Monday,False,False,,False,False,False,1151,18885,16.41,1103,1311,1253.33,1250.43
2020-12-15,2020,12,15,Tuesday,False,False,,False,False,False,1254,20607,16.43,1151,1550,1169.33,1208.14
2020-12-16,2020,12,16,Wednesday,False,False,,False,False,False,1298,33615,25.9,1254,1333,1234.33,1203.14
2020-12-17,2020,12,17,Thursday,False,False,,False,False,False,1309,26785,20.46,1298,914,1287.0,1259.57
2020-12-18,2020,12,18,Friday,False,False,,False,False,False,2053,23689,11.54,1309,1196,1553.33,1382.0
2020-12-19,2020,12,19,Saturday,True,False,,False,True,False,1720,41243,23.98,2053,1506,1694.0,1412.57
2020-12-20,2020,12,20,Sunday,True,False,,False,True,False,1489,68159,45.78,1720,1103,1754.0,1467.71
2020-12-21,2020,12,21,Monday,False,False,,False,False,False,1441,46583,32.33,1489,1151,1550.0,1509.14
2020-12-22,2020,12,22,Tuesday,False,False,,False,False,False,1397,47686,34.13,1441,1254,1442.33,1529.57
2020-12-23,2020,12,23,Wednesday,False,False,,False,False,False,1308,39818,30.44,1397,1298,1382.0,1531.0
2020-12-24,2020,12,24,Thursday,False,False,,False,False,False,1324,42796,32.32,1308,1309,1343.0,1533.14
2020-12-25,2020,12,25,Friday,False,False,,False,False,False,1461,63144,43.22,1324,2053,1364.33,1448.57
2020-12-26,2020,12,26,Saturday,True,False,,False,True,False,1516,84245,55.57,1461,1720,1433.67,1419.43
2020-12-27,2020,12,27,Sunday,True,False,,False,True,False,1578,84010,53.24,1516,1489,1518.33,1432.14
2020-12-28,2020,12,28,Monday,False,False,,False,False,False,1289,46922,36.4,1578,1441,1461.0,1410.43
2020-12-29,2020,12,29,Tuesday,False,False,,False,False,False,1107,33356,30.13,1289,1397,1324.67,1369.0
2020-12-30,2020,12,30,Wednesday,False,False,,False,False,False,1106,27304,24.69,1107,1308,1167.33,1340.14
2020-12-31,2020,12,31,Thursday,False,False,,False,False,False,1207,33092,27.42,1106,1324,1140.0,1323.43
2021-01-01,2021,1,1,Friday,False,False,,False,False,False,1620,58880,36.35,1207,1461,1311.0,1346.14
2021-01-02,2021,1,2,Saturday,True,False,,False,True,False,1388,58542,42.18,1620,1516,1405.0,1327.86
2021-01-03,2021,1,3,Sunday,True,False,,False,True,False,1292,58596,45.35,1388,1578,1433.33,1287.0
2021-01-04,2021,1,4,Monday,False,False,,False,False,False,1161,31442,27.08,1292,1289,1280.33,1268.71
2021-01-05,2021,1,5,Tuesday,False,False,,False,False,False,1060,30396,28.68,1161,1107,1171.0,1262.0
2021-01-06,2021,1,6,Wednesday,False,False,,False,False,False,1100,28154,25.59,1060,1106,1107.0,1261.14
2021-01-07,2021,1,7,Thursday,False,False,,False,False,False,504,18688,37.08,1100,1207,888.0,1160.71
2021-01-08,2021,1,8,Friday,False,False,,False,False,False,873,26630,30.5,504,1620,825.67,1054.0
2021-01-09,2021,1,9,Saturday,True,False,,False,True,False,1017,35325,34.73,873,1388,798.0,1001.0
2021-01-10,2021,1,10,Sunday,True,False,,False,True,False,1090,44084,40.44,1017,1292,993.33,972.14
2021-01-11,2021,1,11,Monday,False,False,,False,False,False,1128,33129,29.37,1090,1161,1078.33,967.43
2021-01-12,2021,1,12,Tuesday,False,False,,False,False,False,1259,26673,21.19,1128,1060,1159.0,995.86
2021-01-13,2021,1,13,Wednesday,False,False,,False,False,False,993,39274,39.55,1259,1100,1126.67,980.57
2021-01-14,2021,1,14,Thursday,False,False,,False,False,False,1346,44382,32.97,993,504,1199.33,1100.86
2021-01-15,2021,1,15,Friday,False,False,,False,False,False,1349,35270,26.15,1346,873,1229.33,1168.86
2021-01-16,2021,1,16,Saturday,True,False,,False,True,False,1428,52315,36.64,1349,1017,1374.33,1227.57
2021-01-17,2021,1,17,Sunday,True,False,,False,True,False,1197,52994,44.27,1428,1090,1324.67,1242.86
2021-01-18,2021,1,18,Monday,False,False,,False,False,False,690,25592,37.09,1197,1128,1105.0,1180.29
2021-01-19,2021,1,19,Tuesday,False,False,,False,False,False,1284,32468,25.29,690,1259,1057.0,1183.86
2021-01-20,2021,1,20,Wednesday,False,False,,False,False,False,1503,44406,29.54,1284,993,1159.0,1256.71
2021-01-21,2021,1,21,Thursday,False,False,,False,False,False,1308,34869,26.66,1503,1346,1365.0,1251.29
2021-01-22,2021,1,22,Friday,False,False,,False,False,False,1135,35879,31.61,1308,1349,1315.33,1220.71
2021-01-23,2021,1,23,Saturday,True,False,,False,True,False,1514,75959,50.17,1135,1428,1319.0,1233.0
2021-01-24,2021,1,24,Sunday,True,False,,False,True,False,2177,116085,53.32,1514,1197,1608.67,1373.0
2021-01-25,2021,1,25,Monday,False,False,,False,False,False,1494,44594,29.85,2177,690,1728.33,1487.86
2021-01-26,2021,1,26,Tuesday,False,False,,False,False,False,1337,34309,25.66,1494,1284,1669.33,1495.43
2021-01-27,2021,1,27,Wednesday,False,False,,False,False,False,1603,39436,24.6,1337,1503,1478.0,1509.71
2021-01-28,2021,1,28,Thursday,False,False,,False,False,False,1154,24641,21.35,1603,1308,1364.67,1487.71
2021-01-29,2021,1,29,Friday,False,False,,False,False,False,1399,47380,33.87,1154,1135,1385.33,1525.43
2021-01-30,2021,1,30,Saturday,True,False,,False,True,False,1314,52263,39.77,1399,1514,1289.0,1496.86
2021-01-31,2021,1,31,Sunday,True,False,,False,True,False,1560,79055,50.68,1314,2177,1424.33,1408.71
2021-02-01,2021,2,1,Monday,False,False,,False,False,False,1378,34000,24.67,1560,1494,1417.33,1392.14
2021-02-02,2021,2,2,Tuesday,False,False,,False,False,False,1505,35366,23.5,1378,1337,1481.0,1416.14
2021-02-03,2021,2,3,Wednesday,False,False,,False,False,False,1582,32842,20.76,1505,1603,1488.33,1413.14
2021-02-04,2021,2,4,Thursday,False,False,,False,False,False,989,28201,28.51,1582,1154,1358.67,1389.57
2021-02-05,2021,2,5,Friday,False,False,,False,False,False,1514,37416,24.71,989,1399,1361.67,1406.0
2021-02-06,2021,2,6,Saturday,True,False,,False,True,False,1343,61047,45.46,1514,1314,1282.0,1410.14
2021-02-07,2021,2,7,Sunday,True,False,,False,True,False,1505,73532,48.86,1343,1560,1454.0,1402.29
2021-02-08,2021,2,8,Monday,False,False,,False,False,False,1701,34702,20.4,1505,1378,1516.33,1448.43
2021-02-09,2021,2,9,Tuesday,False,False,,False,False,False,1813,40849,22.53,1701,1505,1673.0,1492.43
2021-02-10,2021,2,10,Wednesday,False,False,,False,False,False,1181,38496,32.6,1813,1582,1565.0,1435.14
2021-02-11,2021,2,11,Thursday,False,False,,False,False,False,1267,75589,59.66,1181,989,1420.33,1474.86
2021-02-12,2021,2,12,Friday,False,False,,False,False,False,1670,85932,51.46,1267,1514,1372.67,1497.14
2021-02-13,2021,2,13,Saturday,True,False,,False,True,False,1892,125333,66.24,1670,1343,1609.67,1575.57
2021-02-14,2021,2,14,Sunday,True,False,,False,True,False,1356,81119,59.82,1892,1505,1639.33,1554.29
2021-02-15,2021,2,15,Monday,False,False,,False,False,False,1121,38834,34.64,1356,1701,1456.33,1471.43
2021-02-16,2021,2,16,Tuesday,False,False,,False,False,False,1174,32668,27.83,1121,1813,1217.0,1380.14
2021-02-17,2021,2,17,Wednesday,False,False,,False,False,False,1212,32545,26.85,1174,1181,1169.0,1384.57
2021-02-18,2021,2,18,Thursday,False,False,,False,False,False,1449,35388,24.42,1212,1267,1278.33,1410.57
2021-02-19,2021,2,19,Friday,False,False,,False,False,False,1514,43419,28.68,1449,1670,1391.67,1388.29
2021-02-20,2021,2,20,Saturday,True,False,,False,True,False,1895,100579,53.08,1514,1892,1619.33,1388.71
2021-02-21,2021,2,21,Sunday,True,False,,False,True,False,2285,150795,65.99,1895,1356,1898.0,1521.43
2021-02-22,2021,2,22,Monday,False,False,,False,False,False,1385,41214,29.76,2285,1121,1855.0,1559.14
2021-02-23,2021,2,23,Tuesday,False,False,,False,False,False,1561,42639,27.32,1385,1174,1743.67,1614.43
2021-02-24,2021,2,24,Wednesday,False,False,,False,False,False,1543,44847,29.06,1561,1212,1496.33,1661.71
2021-02-25,2021,2,25,Thursday,False,False,,False,False,False,1653,42267,25.57,1543,1449,1585.67,1690.86
2021-02-26,2021,2,26,Friday,False,False,,False,False,False,2015,60041,29.8,1653,1514,1737.0,1762.43
2021-02-27,2021,2,27,Saturday,True,False,,False,True,False,2455,138140,56.27,2015,1895,2041.0,1842.43
2021-02-28,2021,2,28,Sunday,True,False,,False,True,False,2163,138192,63.89,2455,2285,2211.0,1825.0
2021-03-01,2021,3,1,Monday,False,False,,False,False,False,854,34212,40.06,2163,1385,1824.0,1749.14
2021-03-02,2021,3,2,Tuesday,False,False,,False,False,False,1449,37384,25.8,854,1561,1488.67,1733.14
2021-03-03,2021,3,3,Wednesday,False,False,,False,False,False,1475,48626,32.97,1449,1543,1259.33,1723.43
2021-03-04,2021,3,4,Thursday,False,False,,False,False,False,1414,44066,31.16,1475,1653,1446.0,1689.29
2021-03-05,2021,3,5,Friday,False,False,,False,False,False,1690,50732,30.02,1414,2015,1526.33,1642.86
2021-03-06,2021,3,6,Saturday,True,False,,False,True,False,1877,95071,50.65,1690,2455,1660.33,1560.29
2021-03-07,2021,3,7,Sunday,True,False,,False,True,False,2285,159709,69.89,1877,2163,1950.67,1577.71
2021-03-08,2021,3,8,Monday,False,False,,False,False,False,1713,57829,33.76,2285,854,1958.33,1700.43
2021-03-09,2021,3,9,Tuesday,False,False,,False,False,False,1594,54195,34.0,1713,1449,1864.0,1721.14
2021-03-10,2021,3,10,Wednesday,False,False,,False,False,False,1770,71728,40.52,1594,1475,1692.33,1763.29
2021-03-11,2021,3,11,Thursday,False,False,,False,False,False,1697,51999,30.64,1770,1414,1687.0,1803.71
2021-03-12,2021,3,12,Friday,False,False,,False,False,False,1381,51373,37.2,1697,1690,1616.0,1759.57
2021-03-13,2021,3,13,Saturday,True,False,,False,True,False,2044,113119,55.34,1381,1877,1707.33,1783.43
2021-03-14,2021,3,14,Sunday,True,False,,False,True,False,2015,129139,64.09,2044,2285,1813.33,1744.86
2021-03-15,2021,3,15,Monday,False,False,,False,False,False,1437,55118,38.36,2015,1713,1832.0,1705.43
2021-03-16,2021,3,16,Tuesday,False,False,,False,False,False,1656,70196,42.39,1437,1594,1702.67,1714.29
2021-03-17,2021,3,17,Wednesday,False,False,,False,False,False,1738,77837,44.79,1656,1770,1610.33,1709.71
2021-03-18,2021,3,18,Thursday,False,False,,False,False,False,1819,77768,42.75,1738,1697,1737.67,1727.14
2021-03-19,2021,3,19,Friday,False,False,,False,False,False,1879,90005,47.9,1819,1381,1812.0,1798.29
2021-03-20,2021,3,20,Saturday,True,False,,False,True,False,1496,60511,40.45,1879,2044,1731.33,1720.0
2021-03-21,2021,3,21,Sunday,True,False,,False,True,False,1910,93746,49.08,1496,2015,1761.67,1705.0
2021-03-22,2021,3,22,Monday,False,False,,False,False,False,1870,63480,33.95,1910,1437,1758.67,1766.86
2021-03-23,2021,3,23,Tuesday,False,False,,False,False,False,1752,64285,36.69,1870,1656,1844.0,1780.57
2021-03-24,2021,3,24,Wednesday,False,False,,False,False,False,1870,73960,39.55,1752,1738,1830.67,1799.43
2021-03-25,2021,3,25,Thursday,False,False,,False,False,False,1715,73184,42.67,1870,1819,1779.0,1784.57
2021-03-26,2021,3,26,Friday,False,False,,False,False,False,1917,78918,41.17,1715,1879,1834.0,1790.0
2021-03-27,2021,3,27,Saturday,True,False,,False,True,False,1356,54246,40.0,1917,1496,1662.67,1770.0
2021-03-28,2021,3,28,Sunday,True,False,,False,True,False,1249,64292,51.47,1356,1910,1507.33,1675.57
2021-03-29,2021,3,29,Monday,False,False,,False,False,False,1645,54447,33.1,1249,1870,1416.67,1643.43
2021-03-30,2021,3,30,Tuesday,False,False,,False,False,False,1951,70409,36.09,1645,1752,1615.0,1671.86
2021-03-31,2021,3,31,Wednesday,False,False,,False,False,False,1993,84753,42.53,1951,1870,1863.0,1689.43
2021-04-01,2021,4,1,Thursday,False,False,,False,False,False,2209,97044,43.93,1993,1715,2051.0,1760.0
2021-04-02,2021,4,2,Friday,False,False,,False,False,False,2133,78009,36.57,2209,1917,2111.67,1790.86
2021-04-03,2021,4,3,Saturday,True,False,,False,True,False,1331,50497,37.94,2133,1356,1891.0,1787.29
2021-04-04,2021,4,4,Sunday,True,False,,False,True,False,2781,183526,65.99,1331,1249,2081.67,2006.14
2021-04-05,2021,4,5,Monday,False,False,,False,False,False,2114,76921,36.39,2781,1645,2075.33,2073.14
2021-04-06,2021,4,6,Tuesday,False,False,,False,False,False,1958,79347,40.52,2114,1951,2284.33,2074.14
2021-04-07,2021,4,7,Wednesday,False,False,,False,False,False,2060,93104,45.2,1958,1993,2044.0,2083.71
2021-04-08,2021,4,8,Thursday,False,False,,False,False,False,2160,71569,33.13,2060,2209,2059.33,2076.71
2021-04-09,2021,4,9,Friday,False,False,,False,False,False,2267,80222,35.39,2160,2133,2162.33,2095.86
2021-04-10,2021,4,10,Saturday,True,False,,False,True,False,3085,231004,74.88,2267,1331,2504.0,2346.43
2021-04-11,2021,4,11,Sunday,True,False,,False,True,False,3368,287426,85.34,3085,2781,2906.67,2430.29
2021-04-12,2021,4,12,Monday,False,False,,False,False,False,1695,51103,30.15,3368,2114,2716.0,2370.43
2021-04-13,2021,4,13,Tuesday,False,False,,False,False,False,2017,66005,32.72,1695,1958,2360.0,2378.86
2021-04-14,2021,4,14,Wednesday,False,False,,False,False,False,2109,69161,32.79,2017,2060,1940.33,2385.86
2021-04-15,2021,4,15,Thursday,False,False,,False,False,False,2303,82053,35.63,2109,2160,2143.0,2406.29
2021-04-16,2021,4,16,Friday,False,False,,False,False,False,1500,63208,42.14,2303,2267,1970.67,2296.71
2021-04-17,2021,4,17,Saturday,True,False,,False,True,False,1829,90978,49.74,1500,3085,1877.33,2117.29
2021-04-18,2021,4,18,Sunday,True,False,,False,True,False,3170,263920,83.26,1829,3368,2166.33,2089.0
2021-04-19,2021,4,19,Monday,False,False,,False,False,False,1936,78341,40.47,3170,1695,2311.67,2123.43
2021-04-20,2021,4,20,Tuesday,False,False,,False,False,False,1886,79377,42.09,1936,2017,2330.67,2104.71
2021-04-21,2021,4,21,Wednesday,False,False,,False,False,False,2014,93378,46.36,1886,2109,1945.33,2091.14
2021-04-22,2021,4,22,Thursday,False,False,,False,False,False,1869,75169,40.22,2014,2303,1923.0,2029.14
2021-04-23,2021,4,23,Friday,False,False,,False,False,False,2024,81149,40.09,1869,1500,1969.0,2104.0
2021-04-24,2021,4,24,Saturday,True,False,,False,True,False,2800,207148,73.98,2024,1829,2231.0,2242.71
2021-04-25,2021,4,25,Sunday,True,False,,False,True,False,3822,333139,87.16,2800,3170,2882.0,2335.86
2021-04-26,2021,4,26,Monday,False,False,,False,False,False,2065,78699,38.11,3822,1936,2895.67,2354.29
2021-04-27,2021,4,27,Tuesday,False,False,,False,False,False,1897,80120,42.24,2065,1886,2594.67,2355.86
2021-04-28,2021,4,28,Wednesday,False,False,,False,False,False,1902,86484,45.47,1897,2014,1954.67,2339.86
2021-04-29,2021,4,29,Thursday,False,False,,False,False,False,1927,76280,39.58,1902,1869,1908.67,2348.14
2021-04-30,2021,4,30,Friday,False,False,,False,False,False,2094,62938,30.06,1927,2024,1974.33,2358.14
2021-05-01,2021,5,1,Saturday,True,False,,False,True,False,1645,78902,47.96,2094,2800,1888.67,2193.14
2021-05-02,2021,5,2,Sunday,True,False,,False,True,False,3475,279850,80.53,1645,3822,2404.67,2143.57
2021-05-03,2021,5,3,Monday,False,False,,False,False,False,2274,97765,42.99,3475,2065,2464.67,2173.43
2021-05-04,2021,5,4,Tuesday,False,False,,False,False,False,1897,60976,32.14,2274,1897,2548.67,2173.43
2021-05-05,2021,5,5,Wednesday,False,False,,False,False,False,3446,338981,98.37,1897,1902,2539.0,2394.0
2021-05-06,2021,5,6,Thursday,False,False,,False,False,False,2364,82539,34.91,3446,1927,2569.0,2456.43
2021-05-07,2021,5,7,Friday,False,False,,False,False,False,1580,52523,33.24,2364,2094,2463.33,2383.0
2021-05-08,2021,5,8,Saturday,True,False,,False,True,False,1800,77235,42.91,1580,1645,1914.67,2405.14
2021-05-09,2021,5,9,Sunday,True,False,,False,True,False,3320,266715,80.34,1800,3475,2233.33,2383.0
2021-05-10,2021,5,10,Monday,False,False,,False,False,False,1749,68501,39.17,3320,2274,2289.67,2308.0
2021-05-11,2021,5,11,Tuesday,False,False,,False,False,False,2047,86041,42.03,1749,1897,2372.0,2329.43
2021-05-12,2021,5,12,Wednesday,False,False,,False,False,False,1883,95194,50.55,2047,3446,1893.0,2106.14
2021-05-13,2021,5,13,Thursday,False,False,,False,False,False,1866,54484,29.2,1883,2364,1932.0,2035.0
2021-05-14,2021,5,14,Friday,False,False,,False,False,False,1283,38612,30.1,1866,1580,1677.33,1992.57
2021-05-15,2021,5,15,Saturday,True,False,,False,True,False,351,8672,24.71,1283,1800,1166.67,1785.57
2021-05-16,2021,5,16,Sunday,True,False,,False,True,False,1003,59011,58.83,351,3320,879.0,1454.57
2021-05-17,2021,5,17,Monday,False,False,,False,False,False,1874,59987,32.01,1003,1749,1076.0,1472.43
2021-05-18,2021,5,18,Tuesday,False,False,,False,False,False,2163,91358,42.24,1874,2047,1680.0,1489.0
2021-05-19,2021,5,19,Wednesday,False,False,,False,False,False,3905,377608,96.7,2163,1883,2647.33,1777.86
2021-05-20,2021,5,20,Thursday,False,False,,False,False,False,1662,60651,36.49,3905,1866,2576.67,1748.71
2021-05-21,2021,5,21,Friday,False,False,,False,False,False,1879,67747,36.05,1662,1283,2482.0,1833.86
2021-05-22,2021,5,22,Saturday,True,False,,False,True,False,3205,282505,88.15,1879,351,2248.67,2241.57
2021-05-23,2021,5,23,Sunday,True,False,,False,True,False,3007,310039,103.11,3205,1003,2697.0,2527.86
2021-05-24,2021,5,24,Monday,False,False,,False,False,False,2086,92691,44.43,3007,1874,2766.0,2558.14
2021-05-25,2021,5,25,Tuesday,False,False,,False,False,False,2221,81551,36.72,2086,2163,2438.0,2566.43
2021-05-26,2021,5,26,Wednesday,False,False,,False,False,False,2081,108918,52.34,2221,3905,2129.33,2305.86
2021-05-27,2021,5,27,Thursday,False,False,,False,False,False,1912,75697,39.59,2081,1662,2071.33,2341.57
2021-05-28,2021,5,28,Friday,False,False,,False,False,False,2050,79522,38.79,1912,1879,2014.33,2366.0
2021-05-29,2021,5,29,Saturday,True,False,,False,True,False,2130,144839,68.0,2050,3205,2030.67,2212.43
2021-05-30,2021,5,30,Sunday,True,False,,False,True,False,3403,330296,97.06,2130,3007,2527.67,2269.0
2021-05-31,2021,5,31,Monday,False,False,,False,False,False,1772,79092,44.63,3403,2086,2435.0,2224.14
2021-06-01,2021,6,1,Tuesday,False,False,,False,False,False,1839,76445,41.57,1772,2221,2338.0,2169.57
2021-06-02,2021,6,2,Wednesday,False,False,,False,False,False,1977,113879,57.6,1839,2081,1862.67,2154.71
2021-06-03,2021,6,3,Thursday,False,False,,False,False,False,1093,54619,49.97,1977,1912,1636.33,2037.71
2021-06-04,2021,6,4,Friday,False,False,,False,False,False,1913,115770,60.52,1093,2050,1661.0,2018.14
2021-06-05,2021,6,5,Saturday,True,False,,False,True,False,3126,292631,93.61,1913,2130,2044.0,2160.43
2021-06-06,2021,6,6,Sunday,True,False,,False,True,False,3171,298602,94.17,3126,3403,2736.67,2127.29
2021-06-07,2021,6,7,Monday,False,False,,False,False,False,1874,108533,57.92,3171,1772,2723.67,2141.86
2021-06-08,2021,6,8,Tuesday,False,False,,False,False,False,1593,91408,57.38,1874,1839,2212.67,2106.71
2021-06-09,2021,6,9,Wednesday,False,False,,False,False,False,1868,93320,49.96,1593,1977,1778.33,2091.14
2021-06-10,2021,6,10,Thursday,False,False,,False,False,False,1692,72266,42.71,1868,1093,1717.67,2176.71
2021-06-11,2021,6,11,Friday,False,False,,False,False,False,1544,85324,55.26,1692,1913,1701.33,2124.0
2021-06-12,2021,6,12,Saturday,True,False,,False,True,False,2661,226840,85.25,1544,3126,1965.67,2057.57
2021-06-13,2021,6,13,Sunday,True,False,,False,True,False,2659,253965,95.51,2661,3171,2288.0,1984.43
2021-06-14,2021,6,14,Monday,False,False,,False,False,False,1885,92216,48.92,2659,1874,2401.67,1986.0
2021-06-15,2021,6,15,Tuesday,False,False,,False,False,False,1810,79589,43.97,1885,1593,2118.0,2017.0
2021-06-16,2021,6,16,Wednesday,False,False,,False,False,False,2280,110351,48.4,1810,1868,1991.67,2075.86
2021-06-17,2021,6,17,Thursday,False,False,,False,False,False,1710,77836,45.52,2280,1692,1933.33,2078.43
2021-06-18,2021,6,18,Friday,False,False,,False,False,False,1842,70670,38.37,1710,1544,1944.0,2121.0
2021-06-19,2021,6,19,Saturday,True,False,,False,True,False,2767,236486,85.47,1842,2661,2106.33,2136.14
2021-06-20,2021,6,20,Sunday,True,False,,False,True,False,2834,273032,96.34,2767,2659,2481.0,2161.14
2021-06-21,2021,6,21,Monday,False,False,,False,False,False,2011,103196,51.32,2834,1885,2537.33,2179.14
2021-06-22,2021,6,22,Tuesday,False,False,,False,False,False,2040,85741,42.03,2011,1810,2295.0,2212.0
2021-06-23,2021,6,23,Wednesday,False,False,,False,False,False,1697,87228,51.4,2040,2280,1916.0,2128.71
2021-06-24,2021,6,24,Thursday,False,False,,False,False,False,2066,104366,50.52,1697,1710,1934.33,2179.57
2021-06-25,2021,6,25,Friday,False,False,,False,False,False,2207,95463,43.25,2066,1842,1990.0,2231.71
2021-06-26,2021,6,26,Saturday,True,False,,False,True,False,2355,166287,70.61,2207,2767,2209.33,2172.86
2021-06-27,2021,6,27,Sunday,True,False,,False,True,False,2569,231680,90.18,2355,2834,2377.0,2135.0
2021-06-28,2021,6,28,Monday,False,False,,False,False,False,1881,72866,38.74,2569,2011,2268.33,2116.43
2021-06-29,2021,6,29,Tuesday,False,False,,False,False,False,1937,70047,36.16,1881,2040,2129.0,2101.71
2021-06-30,2021,6,30,Wednesday,False,False,,False,False,False,1841,81307,44.16,1937,1697,1886.33,2122.29
2021-07-01,2021,7,1,Thursday,False,False,,False,False,False,1999,97635,48.84,1841,2066,1925.67,2112.71
2021-07-02,2021,7,2,Friday,False,False,,False,False,False,2238,117102,52.32,1999,2207,2026.0,2117.14
2021-07-03,2021,7,3,Saturday,True,False,,False,True,False,1731,123647,71.43,2238,2355,1989.33,2028.0
2021-07-04,2021,7,4,Sunday,True,False,,False,True,False,1247,75120,60.24,1731,2569,1738.67,1839.14
2021-07-05,2021,7,5,Monday,False,False,,False,False,False,1758,94375,53.68,1247,1881,1578.67,1821.57
2021-07-06,2021,7,6,Tuesday,False,False,,False,False,False,1785,92943,52.07,1758,1937,1596.67,1799.86
2021-07-07,2021,7,7,Wednesday,False,False,,False,False,False,1626,74226,45.65,1785,1841,1723.0,1769.14
2021-07-08,2021,7,8,Thursday,False,False,,False,False,False,1771,86332,48.75,1626,1999,1727.33,1736.57
2021-07-09,2021,7,9,Friday,False,False,,False,False,False,1958,98177,50.14,1771,2238,1785.0,1696.57
2021-07-10,2021,7,10,Saturday,True,False,,False,True,False,2084,150965,72.44,1958,1731,1937.67,1747.0
2021-07-11,2021,7,11,Sunday,True,False,,False,True,False,1758,139805,79.53,2084,1247,1933.33,1820.0
2021-07-12,2021,7,12,Monday,False,False,,False,False,False,1721,63106,36.67,1758,1758,1854.33,1814.71
2021-07-13,2021,7,13,Tuesday,False,False,,False,False,False,1635,63537,38.86,1721,1785,1704.67,1793.29
2021-07-14,2021,7,14,Wednesday,False,False,,False,False,False,1800,79378,44.1,1635,1626,1718.67,1818.14
2021-07-15,2021,7,15,Thursday,False,False,,False,False,False,1751,68694,39.23,1800,1771,1728.67,1815.29
2021-07-16,2021,7,16,Friday,False,False,,False,False,False,1454,58838,40.47,1751,1958,1668.33,1743.29
2021-07-17,2021,7,17,Saturday,True,False,,False,True,False,2063,127945,62.02,1454,2084,1756.0,1740.29
2021-07-18,2021,7,18,Sunday,True,False,,False,True,False,1909,130603,68.41,2063,1758,1808.67,1761.86
2021-07-19,2021,7,19,Monday,False,False,,False,False,False,1671,60381,36.13,1909,1721,1881.0,1754.71
2021-07-20,2021,7,20,Tuesday,False,False,,False,False,False,1584,68428,43.2,1671,1635,1721.33,1747.43
2021-07-21,2021,7,21,Wednesday,False,False,,False,False,False,1601,63832,39.87,1584,1800,1618.67,1719.0
2021-07-22,2021,7,22,Thursday,False,False,,False,False,False,1562,64693,41.42,1601,1751,1582.33,1692.0
2021-07-23,2021,7,23,Friday,False,False,,False,False,False,1745,72639,41.63,1562,1454,1636.0,1733.57
2021-07-24,2021,7,24,Saturday,True,False,,False,True,False,1745,101610,58.23,1745,2063,1684.0,1688.14
2021-07-25,2021,7,25,Sunday,True,False,,False,True,False,1568,89615,57.15,1745,1909,1686.0,1639.43
2021-07-26,2021,7,26,Monday,False,False,,False,False,False,1592,52399,32.91,1568,1671,1635.0,1628.14
2021-07-27,2021,7,27,Tuesday,False,False,,False,False,False,1469,59775,40.69,1592,1584,1543.0,1611.71
2021-07-28,2021,7,28,Wednesday,False,False,,False,False,False,1928,61146,31.71,1469,1601,1663.0,1658.43
2021-07-29,2021,7,29,Thursday,False,False,,False,False,False,1454,60637,41.7,1928,1562,1617.0,1643.0
2021-07-30,2021,7,30,Friday,False,False,,False,False,False,1777,68136,38.34,1454,1745,1719.67,1647.57
2021-07-31,2021,7,31,Saturday,True,False,,False,True,False,1674,100135,59.82,1777,1745,1635.0,1637.43
2021-08-01,2021,8,1,Sunday,True,False,,False,True,False,1271,80110,63.03,1674,1568,1574.0,1595.0
2021-08-02,2021,8,2,Monday,False,False,,False,False,False,1156,75902,65.66,1271,1592,1367.0,1532.71
2021-08-03,2021,8,3,Tuesday,False,False,,False,False,False,1398,83944,60.05,1156,1469,1275.0,1522.57
2021-08-04,2021,8,4,Wednesday,False,False,,False,False,False,1396,82613,59.18,1398,1928,1316.67,1446.57
2021-08-05,2021,8,5,Thursday,False,False,,False,False,False,1821,82789,45.46,1396,1454,1538.33,1499.0
2021-08-06,2021,8,6,Friday,False,False,,False,False,False,1555,24280,15.61,1821,1777,1590.67,1467.29
2021-08-07,2021,8,7,Saturday,True,False,,False,True,False,629,7495,11.92,1555,1674,1335.0,1318.0
2021-08-08,2021,8,8,Sunday,True,False,,False,True,False,750,18835,25.11,629,1271,978.0,1243.57
2021-08-09,2021,8,9,Monday,False,False,,False,False,False,1156,28193,24.39,750,1156,845.0,1243.57
2021-08-10,2021,8,10,Tuesday,False,False,,False,False,False,942,23777,25.24,1156,1398,949.33,1178.43
2021-08-11,2021,8,11,Wednesday,False,False,,False,False,False,1637,38783,23.69,942,1396,1245.0,1212.86
2021-08-12,2021,8,12,Thursday,False,False,,False,False,False,1704,34876,20.47,1637,1821,1427.67,1196.14
2021-08-13,2021,8,13,Friday,False,False,,False,False,False,1976,85406,43.22,1704,1555,1772.33,1256.29
2021-08-14,2021,8,14,Saturday,True,False,,False,True,False,2595,167695,64.62,1976,629,2091.67,1537.14
2021-08-15,2021,8,15,Sunday,True,False,,False,True,False,3069,204627,66.68,2595,750,2546.67,1868.43
2021-08-16,2021,8,16,Monday,False,False,,False,False,False,2125,165765,78.01,3069,1156,2596.33,2006.86
2021-08-17,2021,8,17,Tuesday,False,False,,False,False,False,2011,80684,40.12,2125,942,2401.67,2159.57
2021-08-18,2021,8,18,Wednesday,False,False,,False,False,False,2224,93809,42.18,2011,1637,2120.0,2243.43
2021-08-19,2021,8,19,Thursday,False,False,,False,False,False,2169,101584,46.83,2224,1704,2134.67,2309.86
2021-08-20,2021,8,20,Friday,False,False,,False,False,False,2162,84022,38.86,2169,1976,2185.0,2336.43
2021-08-21,2021,8,21,Saturday,True,False,,False,True,False,1577,84125,53.34,2162,2595,1969.33,2191.0
2021-08-22,2021,8,22,Sunday,True,False,,False,True,False,2009,98239,48.9,1577,3069,1916.0,2039.57
2021-08-23,2021,8,23,Monday,False,False,,False,False,False,1041,19626,18.85,2009,2125,1542.33,1884.71
2021-08-24,2021,8,24,Tuesday,False,False,,False,False,False,1471,26823,18.23,1041,2011,1507.0,1807.57
2021-08-25,2021,8,25,Wednesday,False,False,,False,False,False,1840,37357,20.3,1471,2224,1450.67,1752.71
2021-08-26,2021,8,26,Thursday,False,False,,False,False,False,853,20902,24.5,1840,2169,1388.0,1564.71
2021-08-27,2021,8,27,Friday,False,False,,False,False,False,2067,26862,13.0,853,2162,1586.67,1551.14
2021-08-28,2021,8,28,Saturday,True,False,,False,True,False,990,17570,17.75,2067,1577,1303.33,1467.29
2021-08-29,2021,8,29,Sunday,True,False,,False,True,False,595,4314,7.25,990,2009,1217.33,1265.29
2021-08-30,2021,8,30,Monday,False,False,,False,False,False,2295,53702,23.4,595,1041,1293.33,1444.43
2021-08-31,2021,8,31,Tuesday,False,False,,False,False,False,2045,24556,12.01,2295,1471,1645.0,1526.43
2021-09-01,2021,9,1,Wednesday,False,False,,False,False,False,1737,27180,15.65,2045,1840,2025.67,1511.71
2021-09-02,2021,9,2,Thursday,False,False,,False,False,False,1534,35911,23.41,1737,853,1772.0,1609.0
2021-09-03,2021,9,3,Friday,False,False,,False,False,False,1760,80591,45.79,1534,2067,1677.0,1565.14
2021-09-04,2021,9,4,Saturday,True,False,,False,True,False,3307,276523,83.62,1760,990,2200.33,1896.14
2021-09-05,2021,9,5,Sunday,True,False,,False,True,False,3352,317252,94.65,3307,595,2806.33,2290.0
2021-09-06,2021,9,6,Monday,False,False,,False,False,False,1531,85036,55.54,3352,2295,2730.0,2180.86
2021-09-07,2021,9,7,Tuesday,False,False,,False,False,False,1286,58003,45.1,1531,2045,2056.33,2072.43
2021-09-08,2021,9,8,Wednesday,False,False,,False,False,False,2066,115146,55.73,1286,1737,1627.67,2119.43
2021-09-09,2021,9,9,Thursday,False,False,,False,False,False,1976,113319,57.35,2066,1534,1776.0,2182.57
2021-09-10,2021,9,10,Friday,False,False,,False,False,False,2114,107137,50.68,1976,1760,2052.0,2233.14
2021-09-11,2021,9,11,Saturday,True,False,,False,True,False,3146,250500,79.62,2114,3307,2412.0,2210.14
2021-09-12,2021,9,12,Sunday,True,False,,False,True,False,3248,310323,95.54,3146,3352,2836.0,2195.29
2021-09-13,2021,9,13,Monday,False,False,,False,False,False,1930,87192,45.18,3248,1531,2774.67,2252.29
2021-09-14,2021,9,14,Tuesday,False,False,,False,False,False,2128,96441,45.32,1930,1286,2435.33,2372.57
2021-09-15,2021,9,15,Wednesday,False,False,,False,False,False,2296,110778,48.25,2128,2066,2118.0,2405.43
2021-09-16,2021,9,16,Thursday,False,False,,False,False,False,2167,95628,44.13,2296,1976,2197.0,2432.71
2021-09-17,2021,9,17,Friday,False,False,,False,False,False,2191,98382,44.9,2167,2114,2218.0,2443.71
2021-09-18,2021,9,18,Saturday,True,False,,False,True,False,2979,231079,77.57,2191,3146,2445.67,2419.86
2021-09-19,2021,9,19,Sunday,True,False,,False,True,False,2834,239931,84.66,2979,3248,2668.0,2360.71
2021-09-20,2021,9,20,Monday,False,False,,False,False,False,2960,270626,91.43,2834,1930,2924.33,2507.86
2021-09-21,2021,9,21,Tuesday,False,False,,False,False,False,2427,169943,70.02,2960,2128,2740.33,2550.57
2021-09-22,2021,9,22,Wednesday,False,False,,False,False,False,3269,289292,88.5,2427,2296,2885.33,2689.57
2021-09-23,2021,9,23,Thursday,False,False,,False,False,False,1801,114370,63.5,3269,2167,2499.0,2637.29
2021-09-24,2021,9,24,Friday,False,False,,False,False,False,2003,118358,59.09,1801,2191,2357.67,2610.43
2021-09-25,2021,9,25,Saturday,True,False,,False,True,False,2943,255440,86.8,2003,2979,2249.0,2605.29
2021-09-26,2021,9,26,Sunday,True,False,,False,True,False,3725,376880,101.18,2943,2834,2890.33,2732.57
2021-09-27,2021,9,27,Monday,False,False,,False,False,False,1698,79732,46.96,3725,2960,2788.67,2552.29
2021-09-28,2021,9,28,Tuesday,False,False,,False,False,False,1473,88025,59.76,1698,2427,2298.67,2416.0
2021-09-29,2021,9,29,Wednesday,False,False,,False,False,False,1389,75092,54.06,1473,3269,1520.0,2147.43
2021-09-30,2021,9,30,Thursday,False,False,,False,False,False,2058,121521,59.05,1389,1801,1640.0,2184.14
2021-10-01,2021,10,1,Friday,False,False,,False,False,False,1988,127121,63.94,2058,2003,1811.67,2182.0
2021-10-02,2021,10,2,Saturday,True,False,,False,True,False,2840,224045,78.89,1988,2943,2295.33,2167.29
2021-10-03,2021,10,3,Sunday,True,False,,False,True,False,3765,361153,95.92,2840,3725,2864.33,2173.0
2021-10-04,2021,10,4,Monday,False,False,,False,False,False,1668,125578,75.29,3765,1698,2757.67,2168.71
2021-10-05,2021,10,5,Tuesday,False,False,,False,False,False,1656,82572,49.86,1668,1473,2363.0,2194.86
2021-10-06,2021,10,6,Wednesday,False,False,,False,False,False,1749,73297,41.91,1656,1389,1691.0,2246.29
2021-10-07,2021,10,7,Thursday,False,False,,False,False,False,1771,82669,46.68,1749,2058,1725.33,2205.29
2021-10-08,2021,10,8,Friday,False,False,,False,False,False,1824,71547,39.23,1771,1988,1781.33,2181.86
2021-10-09,2021,10,9,Saturday,True,False,,False,True,False,2749,204503,74.39,1824,2840,2114.67,2168.86
2021-10-10,2021,10,10,Sunday,True,False,,False,True,False,1589,88477,55.68,2749,3765,2054.0,1858.0
2021-10-11,2021,10,11,Monday,False,False,,False,False,False,2705,250639,92.66,1589,1668,2347.67,2006.14
2021-10-12,2021,10,12,Tuesday,False,False,,False,False,False,2036,101556,49.88,2705,1656,2110.0,2060.43
2021-10-13,2021,10,13,Wednesday,False,False,,False,False,False,2047,114420,55.9,2036,1749,2262.67,2103.0
2021-10-14,2021,10,14,Thursday,False,False,,False,False,False,1974,116343,58.94,2047,1771,2019.0,2132.0
2021-10-15,2021,10,15,Friday,False,False,,False,False,False,1951,102941,52.76,1974,1824,1990.67,2150.14
2021-10-16,2021,10,16,Saturday,True,False,,False,True,False,2014,121600,60.38,1951,2749,1979.67,2045.14
2021-10-17,2021,10,17,Sunday,True,False,,False,True,False,1928,145374,75.4,2014,1589,1964.33,2093.57
2021-10-18,2021,10,18,Monday,False,False,,False,False,False,1567,77669,49.57,1928,2705,1836.33,1931.0
2021-10-19,2021,10,19,Tuesday,False,False,,False,False,False,1607,90710,56.45,1567,2036,1700.67,1869.71
2021-10-20,2021,10,20,Wednesday,False,False,,False,False,False,1891,96010,50.77,1607,2047,1688.33,1847.43
2021-10-21,2021,10,21,Thursday,False,False,,False,False,False,1774,98311,55.42,1891,1974,1757.33,1818.86
2021-10-22,2021,10,22,Friday,False,False,,False,False,False,1519,50862,33.48,1774,1951,1728.0,1757.14
2021-10-23,2021,10,23,Saturday,True,False,,False,True,False,2493,175860,70.54,1519,2014,1928.67,1825.57
2021-10-24,2021,10,24,Sunday,True,False,,False,True,False,2676,221903,82.92,2493,1928,2229.33,1932.43
2021-10-25,2021,10,25,Monday,False,False,,False,False,False,1935,105263,54.4,2676,1567,2368.0,1985.0
2021-10-26,2021,10,26,Tuesday,False,False,,False,False,False,1737,92264,53.12,1935,1607,2116.0,2003.57
2021-10-27,2021,10,27,Wednesday,False,False,,False,False,False,1936,109716,56.67,1737,1891,1869.33,2010.0
2021-10-28,2021,10,28,Thursday,False,False,,False,False,False,1957,104529,53.41,1936,1774,1876.67,2036.14
2021-10-29,2021,10,29,Friday,False,False,,False,False,False,1975,112443,56.93,1957,1519,1956.0,2101.29
2021-10-30,2021,10,30,Saturday,True,False,,False,True,False,2447,181381,74.12,1975,2493,2126.33,2094.71
2021-10-31,2021,10,31,Sunday,True,False,,False,True,False,2489,209819,84.3,2447,2676,2303.67,2068.0
2021-11-01,2021,11,1,Monday,False,False,,False,False,False,1746,88509,50.69,2489,1935,2227.33,2041.0
2021-11-02,2021,11,2,Tuesday,False,False,,False,False,False,1909,107933,56.54,1746,1737,2048.0,2065.57
2021-11-03,2021,11,3,Wednesday,False,False,,False,False,False,1698,102200,60.19,1909,1936,1784.33,2031.57
2021-11-04,2021,11,4,Thursday,False,False,,False,False,False,1625,91205,56.13,1698,1957,1744.0,1984.14
2021-11-05,2021,11,5,Friday,False,False,,False,False,False,1849,85409,46.19,1625,1975,1724.0,1966.14
2021-11-06,2021,11,6,Saturday,True,False,,False,True,False,2345,171204,73.01,1849,2447,1939.67,1951.57
2021-11-07,2021,11,7,Sunday,True,False,,False,True,False,2492,193521,77.66,2345,2489,2228.67,1952.0
2021-11-08,2021,11,8,Monday,False,False,,False,False,False,1388,39851,28.71,2492,1746,2075.0,1900.86
2021-11-09,2021,11,9,Tuesday,False,False,,False,False,False,1278,48965,38.31,1388,1909,1719.33,1810.71
2021-11-10,2021,11,10,Wednesday,False,False,,False,False,False,1681,84041,49.99,1278,1698,1449.0,1808.29
2021-11-11,2021,11,11,Thursday,False,False,,False,False,False,1684,73062,43.39,1681,1625,1547.67,1816.71
2021-11-12,2021,11,12,Friday,False,False,,False,False,False,1756,77580,44.18,1684,1849,1707.0,1803.43
2021-11-13,2021,11,13,Saturday,True,False,,False,True,False,1986,129415,65.16,1756,2345,1808.67,1752.14
2021-11-14,2021,11,14,Sunday,True,False,,False,True,False,1967,163581,83.16,1986,2492,1903.0,1677.14
2021-11-15,2021,11,15,Monday,False,False,,False,False,False,1687,78878,46.76,1967,1388,1880.0,1719.86
2021-11-16,2021,11,16,Tuesday,False,False,,False,False,False,1676,78304,46.72,1687,1278,1776.67,1776.71
2021-11-17,2021,11,17,Wednesday,False,False,,False,False,False,1653,89231,53.98,1676,1681,1672.0,1772.71
2021-11-18,2021,11,18,Thursday,False,False,,False,False,False,1401,69878,49.88,1653,1684,1576.67,1732.29
2021-11-19,2021,11,19,Friday,False,False,,False,False,False,1851,77919,42.1,1401,1756,1635.0,1745.86
2021-11-20,2021,11,20,Saturday,True,False,,False,True,False,1852,103653,55.97,1851,1986,1701.33,1726.71
2021-11-21,2021,11,21,Sunday,True,False,,False,True,False,1313,93938,71.54,1852,1967,1672.0,1633.29
2021-11-22,2021,11,22,Monday,False,False,,False,False,False,1494,65257,43.68,1313,1687,1553.0,1605.71
2021-11-23,2021,11,23,Tuesday,False,False,,False,False,False,1376,64683,47.01,1494,1676,1394.33,1562.86
2021-11-24,2021,11,24,Wednesday,False,False,,False,False,False,1364,72024,52.8,1376,1653,1411.33,1521.57
2021-11-25,2021,11,25,Thursday,False,False,,False,False,False,1362,71484,52.48,1364,1401,1367.33,1516.0
2021-11-26,2021,11,26,Friday,False,False,,False,False,False,1512,72757,48.12,1362,1851,1412.67,1467.57
2021-11-27,2021,11,27,Saturday,True,False,,False,True,False,1827,101077,55.32,1512,1852,1567.0,1464.0
2021-11-28,2021,11,28,Sunday,True,False,,False,True,False,1717,130519,76.02,1827,1313,1685.33,1521.71
2021-11-29,2021,11,29,Monday,False,False,,False,False,False,1315,67829,51.58,1717,1494,1619.67,1496.14
2021-11-30,2021,11,30,Tuesday,False,False,,False,False,False,1055,52011,49.3,1315,1376,1362.33,1450.29
2021-12-01,2021,12,1,Wednesday,False,False,,False,False,False,1220,61587,50.48,1055,1364,1196.67,1429.71
2021-12-02,2021,12,2,Thursday,False,False,,False,False,False,1180,64841,54.95,1220,1362,1151.67,1403.71
2021-12-03,2021,12,3,Friday,False,False,,False,False,False,1380,73290,53.11,1180,1512,1260.0,1384.86
2021-12-04,2021,12,4,Saturday,True,False,,False,True,False,1686,101271,60.07,1380,1827,1415.33,1364.71
2021-12-05,2021,12,5,Sunday,True,False,,False,True,False,1596,125247,78.48,1686,1717,1554.0,1347.43
2021-12-06,2021,12,6,Monday,False,False,,False,False,False,1174,56326,47.98,1596,1315,1485.33,1327.29
2021-12-07,2021,12,7,Tuesday,False,False,,False,False,False,1134,58095,51.23,1174,1055,1301.33,1338.57
2021-12-08,2021,12,8,Wednesday,False,False,,False,False,False,1186,66022,55.67,1134,1220,1164.67,1333.71
2021-12-09,2021,12,9,Thursday,False,False,,False,False,False,1013,60725,59.95,1186,1180,1111.0,1309.86
2021-12-10,2021,12,10,Friday,False,False,,False,False,False,1126,70941,63.0,1013,1380,1108.33,1273.57
2021-12-11,2021,12,11,Saturday,True,False,,False,True,False,1452,102392,70.52,1126,1686,1197.0,1240.14
2021-12-12,2021,12,12,Sunday,True,False,,False,True,False,1231,80974,65.78,1452,1596,1269.67,1188.0
2021-12-13,2021,12,13,Monday,False,False,,False,False,False,1050,51185,48.75,1231,1174,1244.33,1170.29
2021-12-14,2021,12,14,Tuesday,False,False,,False,False,False,989,61682,62.37,1050,1134,1090.0,1149.57
2021-12-15,2021,12,15,Wednesday,False,False,,False,False,False,1066,72143,67.68,989,1186,1035.0,1132.43
2021-12-16,2021,12,16,Thursday,False,False,,False,False,False,1047,66808,63.81,1066,1013,1034.0,1137.29
2021-12-17,2021,12,17,Friday,False,False,,False,False,False,1046,60855,58.18,1047,1126,1053.0,1125.86
2021-12-18,2021,12,18,Saturday,True,False,,False,True,False,1153,50738,44.01,1046,1452,1082.0,1083.14
2021-12-19,2021,12,19,Sunday,True,False,,False,True,False,1303,40538,31.11,1153,1231,1167.33,1093.43
2021-12-20,2021,12,20,Monday,False,False,,False,False,False,1082,46242,42.74,1303,1050,1179.33,1098.0
2021-12-21,2021,12,21,Tuesday,False,False,,False,False,False,1104,57375,51.97,1082,989,1163.0,1114.43
2021-12-22,2021,12,22,Wednesday,False,False,,False,False,False,1247,70236,56.32,1104,1066,1144.33,1140.29
2021-12-23,2021,12,23,Thursday,False,False,,False,False,False,1049,60631,57.8,1247,1047,1133.33,1140.57
2021-12-24,2021,12,24,Friday,False,False,,False,False,False,1068,55394,51.87,1049,1046,1121.33,1143.71
2021-12-25,2021,12,25,Saturday,True,False,,False,True,False,902,40723,45.15,1068,1153,1006.33,1107.86
2021-12-26,2021,12,26,Sunday,True,False,,False,True,False,764,35704,46.73,902,1303,911.33,1030.86
2021-12-27,2021,12,27,Monday,False,False,,False,False,False,805,36914,45.86,764,1082,823.67,991.29
2021-12-28,2021,12,28,Tuesday,False,False,,False,False,False,859,46679,54.34,805,1104,809.33,956.29
2021-12-29,2021,12,29,Wednesday,False,False,,False,False,False,972,51476,52.96,859,1247,878.67,917.0
2021-12-30,2021,12,30,Thursday,False,False,,False,False,False,919,47809,52.02,972,1049,916.67,898.43
2021-12-31,2021,12,31,Friday,False,False,,False,False,False,993,41507,41.8,919,1068,961.33,887.71
2022-01-01,2022,1,1,Saturday,True,True,신정,False,True,False,1167,53123,45.52,993,902,1026.33,925.57
2022-01-02,2022,1,2,Sunday,True,False,,False,True,False,939,47775,50.88,1167,764,1033.0,950.57
2022-01-03,2022,1,3,Monday,False,False,,False,False,False,982,38073,38.77,939,805,1029.33,975.86
2022-01-04,2022,1,4,Tuesday,False,False,,False,False,False,829,32796,39.56,982,859,916.67,971.57
2022-01-05,2022,1,5,Wednesday,False,False,,False,False,False,858,40224,46.88,829,972,889.67,955.29
2022-01-06,2022,1,6,Thursday,False,False,,False,False,False,898,41437,46.14,858,919,861.67,952.29
2022-01-07,2022,1,7,Friday,False,False,,False,False,False,1045,42692,40.85,898,993,933.67,959.71
2022-01-08,2022,1,8,Saturday,True,False,,False,True,False,1218,69741,57.26,1045,1167,1053.67,967.0
2022-01-09,2022,1,9,Sunday,True,False,,False,True,False,1192,67248,56.42,1218,939,1151.67,1003.14
2022-01-10,2022,1,10,Monday,False,False,,False,False,False,1011,44426,43.94,1192,982,1140.33,1007.29
2022-01-11,2022,1,11,Tuesday,False,False,,False,False,False,972,41120,42.3,1011,829,1058.33,1027.71
2022-01-12,2022,1,12,Wednesday,False,False,,False,False,False,992,43322,43.67,972,858,991.67,1046.86
2022-01-13,2022,1,13,Thursday,False,False,,False,False,False,959,41735,43.52,992,898,974.33,1055.57
2022-01-14,2022,1,14,Friday,False,False,,False,False,False,1086,45929,42.29,959,1045,1012.33,1061.43
2022-01-15,2022,1,15,Saturday,True,False,,False,True,False,1215,62995,51.85,1086,1218,1086.67,1061.0
2022-01-16,2022,1,16,Sunday,True,False,,False,True,False,1198,65364,54.56,1215,1192,1166.33,1061.86
2022-01-17,2022,1,17,Monday,False,False,,False,False,False,1023,42856,41.89,1198,1011,1145.33,1063.57
2022-01-18,2022,1,18,Tuesday,False,False,,False,False,False,1480,44019,29.74,1023,972,1233.67,1136.14
2022-01-19,2022,1,19,Wednesday,False,False,,False,False,False,1090,43917,40.29,1480,992,1197.67,1150.14
2022-01-20,2022,1,20,Thursday,False,False,,False,False,False,1057,45993,43.51,1090,959,1209.0,1164.14
2022-01-21,2022,1,21,Friday,False,False,,False,False,False,1217,48870,40.16,1057,1086,1121.33,1182.86
2022-01-22,2022,1,22,Saturday,True,False,,False,True,False,1404,68924,49.09,1217,1215,1226.0,1209.86
2022-01-23,2022,1,23,Sunday,True,False,,False,True,False,1298,77417,59.64,1404,1198,1306.33,1224.14
2022-01-24,2022,1,24,Monday,False,False,,False,False,False,1241,51183,41.24,1298,1023,1314.33,1255.29
2022-01-25,2022,1,25,Tuesday,False,False,,False,False,False,1302,46490,35.71,1241,1480,1280.33,1229.86
2022-01-26,2022,1,26,Wednesday,False,False,,False,False,False,1234,50112,40.61,1302,1090,1259.0,1250.43
2022-01-27,2022,1,27,Thursday,False,False,,False,False,False,1149,45948,39.99,1234,1057,1228.33,1263.57
2022-01-28,2022,1,28,Friday,False,False,,False,False,False,1301,47743,36.7,1149,1217,1228.0,1275.57
2022-01-29,2022,1,29,Saturday,True,False,,False,True,True,1195,67781,56.72,1301,1404,1215.0,1245.71
2022-01-30,2022,1,30,Sunday,True,False,,False,True,True,1247,65995,52.92,1195,1298,1247.67,1238.43
2022-01-31,2022,1,31,Monday,False,True,설날,False,True,True,1164,28277,24.29,1247,1241,1202.0,1227.43
2022-02-01,2022,2,1,Tuesday,False,True,설날,False,True,True,932,16322,17.51,1164,1302,1114.33,1174.57
2022-02-02,2022,2,2,Wednesday,False,True,설날,False,True,True,1111,54056,48.66,932,1234,1069.0,1157.0
2022-02-03,2022,2,3,Thursday,False,False,,False,False,False,877,38689,44.12,1111,1149,973.33,1118.14
2022-02-04,2022,2,4,Friday,False,False,,False,False,False,915,39090,42.72,877,1301,967.67,1063.0
2022-02-05,2022,2,5,Saturday,True,False,,False,True,False,1147,8725,7.61,915,1195,979.67,1056.14
2022-02-06,2022,2,6,Sunday,True,False,,False,True,False,637,0,0.0,1147,1247,899.67,969.0
2022-02-07,2022,2,7,Monday,False,False,,False,False,False,476,15042,31.6,637,1164,753.33,870.71
2022-02-08,2022,2,8,Tuesday,False,False,,False,False,False,1067,45805,42.93,476,932,726.67,890.0
2022-02-09,2022,2,9,Wednesday,False,False,,False,False,False,1063,44946,42.28,1067,1111,868.67,883.14
2022-02-10,2022,2,10,Thursday,False,False,,False,False,False,1087,46670,42.93,1063,877,1072.33,913.14
2022-02-11,2022,2,11,Friday,False,False,,False,False,False,1296,54589,42.12,1087,915,1148.67,967.57
2022-02-12,2022,2,12,Saturday,True,False,,False,True,False,1601,95488,59.64,1296,1147,1328.0,1032.43
2022-02-13,2022,2,13,Sunday,True,False,,False,True,False,1494,101502,67.94,1601,637,1463.67,1154.86
2022-02-14,2022,2,14,Monday,False,False,,False,False,False,1026,45826,44.66,1494,476,1373.67,1233.43
2022-02-15,2022,2,15,Tuesday,False,False,,False,False,False,968,38528,39.8,1026,1067,1162.67,1219.29
2022-02-16,2022,2,16,Wednesday,False,False,,False,False,False,954,37719,39.54,968,1063,982.67,1203.71
2022-02-17,2022,2,17,Thursday,False,False,,False,False,False,1011,43931,43.45,954,1087,977.67,1192.86
2022-02-18,2022,2,18,Friday,False,False,,False,False,False,1172,59337,50.63,1011,1296,1045.67,1175.14
2022-02-19,2022,2,19,Saturday,True,False,,False,True,False,1397,72311,51.76,1172,1601,1193.33,1146.0
2022-02-20,2022,2,20,Sunday,True,False,,False,True,False,1111,63376,57.04,1397,1494,1226.67,1091.29
2022-02-21,2022,2,21,Monday,False,False,,False,False,False,1015,38013,37.45,1111,1026,1174.33,1089.71
2022-02-22,2022,2,22,Tuesday,False,False,,False,False,False,1039,39146,37.68,1015,968,1055.0,1099.86
2022-02-23,2022,2,23,Wednesday,False,False,,False,False,False,1092,46673,42.74,1039,954,1048.67,1119.57
2022-02-24,2022,2,24,Thursday,False,False,,False,False,False,1084,48993,45.2,1092,1011,1071.67,1130.0
2022-02-25,2022,2,25,Friday,False,False,,False,False,False,1335,66446,49.77,1084,1172,1170.33,1153.29
2022-02-26,2022,2,26,Saturday,True,False,,False,True,False,1215,60485,49.78,1335,1397,1211.33,1127.29
2022-02-27,2022,2,27,Sunday,True,False,,False,True,False,1872,129539,69.2,1215,1111,1474.0,1236.0
2022-02-28,2022,2,28,Monday,False,False,,False,False,False,1287,73244,56.91,1872,1015,1458.0,1274.86
2022-03-01,2022,3,1,Tuesday,False,True,삼일절,False,True,False,1453,88270,60.75,1287,1039,1537.33,1334.0
2022-03-02,2022,3,2,Wednesday,False,False,,False,False,False,1128,48183,42.72,1453,1092,1289.33,1339.14
2022-03-03,2022,3,3,Thursday,False,False,,False,False,False,1115,56983,51.11,1128,1084,1232.0,1343.57
2022-03-04,2022,3,4,Friday,False,False,,False,False,False,1036,47458,45.81,1115,1335,1093.0,1300.86
2022-03-05,2022,3,5,Saturday,True,False,,False,True,False,1421,76410,53.77,1036,1215,1190.67,1330.29
2022-03-06,2022,3,6,Sunday,True,False,,False,True,False,1715,124701,72.71,1421,1872,1390.67,1307.86
2022-03-07,2022,3,7,Monday,False,False,,False,False,False,961,47405,49.33,1715,1287,1365.67,1261.29
2022-03-08,2022,3,8,Tuesday,False,False,,False,False,False,1250,80287,64.23,961,1453,1308.67,1232.29
2022-03-09,2022,3,9,Wednesday,False,True,대선,False,True,False,2083,194007,93.14,1250,1128,1431.33,1368.71
2022-03-10,2022,3,10,Thursday,False,False,,False,False,False,1091,68777,63.04,2083,1115,1474.67,1365.29
2022-03-11,2022,3,11,Friday,False,False,,False,False,False,1392,87031,62.52,1091,1036,1522.0,1416.14
2022-03-12,2022,3,12,Saturday,True,False,,False,True,False,2013,153413,76.21,1392,1421,1498.67,1500.71
2022-03-13,2022,3,13,Sunday,True,False,,False,True,False,1281,76667,59.85,2013,1715,1562.0,1438.71
2022-03-14,2022,3,14,Monday,False,False,,False,False,False,931,47997,51.55,1281,961,1408.33,1434.43
2022-03-15,2022,3,15,Tuesday,False,False,,False,False,False,1111,62383,56.15,931,1250,1107.67,1414.57
2022-03-16,2022,3,16,Wednesday,False,False,,False,False,False,1222,75252,61.58,1111,2083,1088.0,1291.57
2022-03-17,2022,3,17,Thursday,False,False,,False,False,False,959,61506,64.14,1222,1091,1097.33,1272.71
2022-03-18,2022,3,18,Friday,False,False,,False,False,False,1103,63039,57.15,959,1392,1094.67,1231.43
2022-03-19,2022,3,19,Saturday,True,False,,False,True,False,1167,57444,49.22,1103,2013,1076.33,1110.57
2022-03-20,2022,3,20,Sunday,True,False,,False,True,False,2049,163686,79.89,1167,1281,1439.67,1220.29
2022-03-21,2022,3,21,Monday,False,False,,False,False,False,1187,77630,65.4,2049,931,1467.67,1256.86
2022-03-22,2022,3,22,Tuesday,False,False,,False,False,False,1232,83376,67.68,1187,1111,1489.33,1274.14
2022-03-23,2022,3,23,Wednesday,False,False,,False,False,False,1048,65705,62.7,1232,1222,1155.67,1249.29
2022-03-24,2022,3,24,Thursday,False,False,,False,False,False,1351,97504,72.17,1048,959,1210.33,1305.29
2022-03-25,2022,3,25,Friday,False,False,,False,False,False,1190,80464,67.62,1351,1103,1196.33,1317.71
2022-03-26,2022,3,26,Saturday,True,False,,False,True,False,1760,108141,61.44,1190,1167,1433.67,1402.43
2022-03-27,2022,3,27,Sunday,True,False,,False,True,False,2770,200490,72.38,1760,2049,1906.67,1505.43
2022-03-28,2022,3,28,Monday,False,False,,False,False,False,1397,86356,61.82,2770,1187,1975.67,1535.43
2022-03-29,2022,3,29,Tuesday,False,False,,False,False,False,1476,84238,57.07,1397,1232,1881.0,1570.29
2022-03-30,2022,3,30,Wednesday,False,False,,False,False,False,1020,56209,55.11,1476,1048,1297.67,1566.29
2022-03-31,2022,3,31,Thursday,False,False,,False,False,False,1381,87866,63.62,1020,1351,1292.33,1570.57
2022-04-01,2022,4,1,Friday,False,False,,False,False,False,1873,93526,49.93,1381,1190,1424.67,1668.14
2022-04-02,2022,4,2,Saturday,True,False,,False,True,False,2878,192753,66.97,1873,1760,2044.0,1827.86
2022-04-03,2022,4,3,Sunday,True,False,,False,True,False,3371,283907,84.22,2878,2770,2707.33,1913.71
2022-04-04,2022,4,4,Monday,False,False,,False,False,False,1590,85507,53.78,3371,1397,2613.0,1941.29
2022-04-05,2022,4,5,Tuesday,False,False,,False,False,False,1439,88925,61.8,1590,1476,2133.33,1936.0
2022-04-06,2022,4,6,Wednesday,False,False,,False,False,False,1613,106126,65.79,1439,1020,1547.33,2020.71
2022-04-07,2022,4,7,Thursday,False,False,,False,False,False,1714,102605,59.86,1613,1381,1588.67,2068.29
2022-04-08,2022,4,8,Friday,False,False,,False,False,False,2086,124194,59.54,1714,1873,1804.33,2098.71
2022-04-09,2022,4,9,Saturday,True,False,,False,True,False,3380,267728,79.21,2086,2878,2393.33,2170.43
2022-04-10,2022,4,10,Sunday,True,False,,False,True,False,4027,392401,97.44,3380,3371,3164.33,2264.14
2022-04-11,2022,4,11,Monday,False,False,,False,False,False,2064,125962,61.03,4027,1590,3157.0,2331.86
2022-04-12,2022,4,12,Tuesday,False,False,,False,False,False,1557,91888,59.02,2064,1439,2549.33,2348.71
2022-04-13,2022,4,13,Wednesday,False,False,,False,False,False,1255,59681,47.55,1557,1613,1625.33,2297.57
2022-04-14,2022,4,14,Thursday,False,False,,False,False,False,1560,77509,49.69,1255,1714,1457.33,2275.57
2022-04-15,2022,4,15,Friday,False,False,,False,False,False,2083,104233,50.04,1560,2086,1632.67,2275.14
2022-04-16,2022,4,16,Saturday,True,False,,False,True,False,3208,253615,79.06,2083,3380,2283.67,2250.57
2022-04-17,2022,4,17,Sunday,True,False,,False,True,False,3440,330896,96.19,3208,4027,2910.33,2166.71
2022-04-18,2022,4,18,Monday,False,False,,False,False,False,1688,111888,66.28,3440,2064,2778.67,2113.0
2022-04-19,2022,4,19,Tuesday,False,False,,False,False,False,1599,97853,61.2,1688,1557,2242.33,2119.0
2022-04-20,2022,4,20,Wednesday,False,False,,False,False,False,1686,111566,66.17,1599,1255,1657.67,2180.57
2022-04-21,2022,4,21,Thursday,False,False,,False,False,False,1838,119209,64.86,1686,1560,1707.67,2220.29
2022-04-22,2022,4,22,Friday,False,False,,False,False,False,1651,96466,58.43,1838,2083,1725.0,2158.57
2022-04-23,2022,4,23,Saturday,True,False,,False,True,False,3263,314876,96.5,1651,3208,2250.67,2166.43
2022-04-24,2022,4,24,Sunday,True,False,,False,True,False,3199,335005,104.72,3263,3440,2704.33,2132.0
2022-04-25,2022,4,25,Monday,False,False,,False,False,False,1732,99396,57.39,3199,1688,2731.33,2138.29
2022-04-26,2022,4,26,Tuesday,False,False,,False,False,False,1727,92790,53.73,1732,1599,2219.33,2156.57
2022-04-27,2022,4,27,Wednesday,False,False,,False,False,False,1855,109808,59.2,1727,1686,1771.33,2180.71
2022-04-28,2022,4,28,Thursday,False,False,,False,False,False,1832,109291,59.66,1855,1838,1804.67,2179.86
2022-04-29,2022,4,29,Friday,False,False,,False,False,False,1825,95289,52.21,1832,1651,1837.33,2204.71
2022-04-30,2022,4,30,Saturday,True,False,,False,True,False,2571,207659,80.77,1825,3263,2076.0,2105.86
2022-05-01,2022,5,1,Sunday,True,False,,False,True,False,3000,276982,92.33,2571,3199,2465.33,2077.43
2022-05-02,2022,5,2,Monday,False,False,,False,False,False,1707,105610,61.87,3000,1732,2426.0,2073.86
2022-05-03,2022,5,3,Tuesday,False,False,,False,False,False,1853,124497,67.19,1707,1727,2186.67,2091.86
2022-05-04,2022,5,4,Wednesday,False,False,,False,False,False,1939,124823,64.37,1853,1855,1833.0,2103.86
2022-05-05,2022,5,5,Thursday,False,True,어린이날,False,True,False,4234,493800,116.63,1939,1832,2675.33,2447.0
2022-05-06,2022,5,6,Friday,False,False,,False,False,False,2203,160681,72.94,4234,1825,2792.0,2501.0
2022-05-07,2022,5,7,Saturday,True,False,,False,True,False,2686,233331,86.87,2203,2571,3041.0,2517.43
2022-05-08,2022,5,8,Sunday,True,False,,False,True,False,2071,181899,87.83,2686,3000,2320.0,2384.71
2022-05-09,2022,5,9,Monday,False,False,,False,False,False,2009,126596,63.01,2071,1707,2255.33,2427.86
2022-05-10,2022,5,10,Tuesday,False,False,,False,False,False,1710,106122,62.06,2009,1853,1930.0,2407.43
2022-05-11,2022,5,11,Wednesday,False,False,,False,False,False,1857,122697,66.07,1710,1939,1858.67,2395.71
2022-05-12,2022,5,12,Thursday,False,False,,False,False,False,1870,117244,62.7,1857,4234,1812.33,2058.0
2022-05-13,2022,5,13,Friday,False,False,,False,False,False,1854,111652,60.22,1870,2203,1860.33,2008.14
2022-05-14,2022,5,14,Saturday,True,False,,False,True,False,2936,249959,85.14,1854,2686,2220.0,2043.86
2022-05-15,2022,5,15,Sunday,True,False,,False,True,False,3542,338077,95.45,2936,2071,2777.33,2254.0
2022-05-16,2022,5,16,Monday,False,False,,False,False,False,1854,114175,61.58,3542,2009,2777.33,2231.86
2022-05-17,2022,5,17,Tuesday,False,False,,False,False,False,1911,131339,68.73,1854,1710,2435.67,2260.57
2022-05-18,2022,5,18,Wednesday,False,False,,False,False,False,1719,97654,56.81,1911,1857,1828.0,2240.86
2022-05-19,2022,5,19,Thursday,False,False,,False,False,False,2042,143566,70.31,1719,1870,1890.67,2265.43
2022-05-20,2022,5,20,Friday,False,False,,False,False,False,2189,141814,64.78,2042,1854,1983.33,2313.29
2022-05-21,2022,5,21,Saturday,True,False,,False,True,False,7059,413591,58.59,2189,2936,3763.33,2902.29
2022-05-22,2022,5,22,Sunday,True,False,,False,True,False,6410,399059,62.26,7059,3542,5219.33,3312.0
2022-05-23,2022,5,23,Monday,False,False,,False,False,False,1966,123456,62.8,6410,1854,5145.0,3328.0
2022-05-24,2022,5,24,Tuesday,False,False,,False,False,False,1808,111766,61.82,1966,1911,3394.67,3313.29
2022-05-25,2022,5,25,Wednesday,False,False,,False,False,False,1652,99535,60.25,1808,1719,1808.67,3303.71
2022-05-26,2022,5,26,Thursday,False,False,,False,False,False,1910,124110,64.98,1652,2042,1790.0,3284.86
2022-05-27,2022,5,27,Friday,False,False,,False,False,False,2447,137810,56.32,1910,2189,2003.0,3321.71
2022-05-28,2022,5,28,Saturday,True,False,,False,True,False,6869,389759,56.74,2447,7059,3742.0,3294.57
2022-05-29,2022,5,29,Sunday,True,False,,False,True,False,3060,308203,100.72,6869,6410,4125.33,2816.0
2022-05-30,2022,5,30,Monday,False,False,,False,False,False,1559,96063,61.62,3060,1966,3829.33,2757.86
2022-05-31,2022,5,31,Tuesday,False,False,,False,False,False,2028,112529,55.49,1559,1808,2215.67,2789.29
2022-06-01,2022,6,1,Wednesday,False,True,지방선거,False,True,False,3020,344335,114.02,2028,1652,2202.33,2984.71
2022-06-02,2022,6,2,Thursday,False,False,,False,False,False,1927,149036,77.34,3020,1910,2325.0,2987.14
2022-06-03,2022,6,3,Friday,False,False,,False,False,False,2003,120361,60.09,1927,2447,2316.67,2923.71
2022-06-04,2022,6,4,Saturday,True,False,,False,True,True,3062,314357,102.66,2003,6869,2330.67,2379.86
2022-06-05,2022,6,5,Sunday,True,False,,False,True,True,2693,301765,112.06,3062,3060,2586.0,2327.43
2022-06-06,2022,6,6,Monday,False,True,현충일,False,True,True,2874,255140,88.78,2693,1559,2876.33,2515.29
2022-06-07,2022,6,7,Tuesday,False,False,,False,False,False,1749,107593,61.52,2874,2028,2438.67,2475.43
2022-06-08,2022,6,8,Wednesday,False,False,,False,False,False,1867,121120,64.87,1749,3020,2163.33,2310.71
2022-06-09,2022,6,9,Thursday,False,False,,False,False,False,1584,101435,64.04,1867,1927,1733.33,2261.71
2022-06-10,2022,6,10,Friday,False,False,,False,False,False,1779,105704,59.42,1584,2003,1743.33,2229.71
2022-06-11,2022,6,11,Saturday,True,False,,False,True,False,2957,275073,93.02,1779,3062,2106.67,2214.71
2022-06-12,2022,6,12,Sunday,True,False,,False,True,False,2988,331115,110.81,2957,2693,2574.67,2256.86
2022-06-13,2022,6,13,Monday,False,False,,False,False,False,1723,100687,58.44,2988,2874,2556.0,2092.43
2022-06-14,2022,6,14,Tuesday,False,False,,False,False,False,1810,135272,74.74,1723,1749,2173.67,2101.14
2022-06-15,2022,6,15,Wednesday,False,False,,False,False,False,1546,91941,59.47,1810,1867,1693.0,2055.29
2022-06-16,2022,6,16,Thursday,False,False,,False,False,False,1946,128629,66.1,1546,1584,1767.33,2107.0
2022-06-17,2022,6,17,Friday,False,False,,False,False,False,2041,133164,65.24,1946,1779,1844.33,2144.43
2022-06-18,2022,6,18,Saturday,True,False,,False,True,False,2527,249817,98.86,2041,2957,2171.33,2083.0
2022-06-19,2022,6,19,Sunday,True,False,,False,True,False,2245,232355,103.5,2527,2988,2271.0,1976.86
2022-06-20,2022,6,20,Monday,False,False,,False,False,False,1772,117827,66.49,2245,1723,2181.33,1983.86
2022-06-21,2022,6,21,Tuesday,False,False,,False,False,False,1676,102710,61.28,1772,1810,1897.67,1964.71
2022-06-22,2022,6,22,Wednesday,False,False,,False,False,False,1726,115107,66.69,1676,1546,1724.67,1990.43
2022-06-23,2022,6,23,Thursday,False,False,,False,False,False,1100,57119,51.93,1726,1946,1500.67,1869.57
2022-06-24,2022,6,24,Friday,False,False,,False,False,False,1702,89956,52.85,1100,2041,1509.33,1821.14
2022-06-25,2022,6,25,Saturday,True,False,,False,True,False,2533,218309,86.19,1702,2527,1778.33,1822.0
2022-06-26,2022,6,26,Sunday,True,False,,False,True,False,2045,177607,86.85,2533,2245,2093.33,1793.43
2022-06-27,2022,6,27,Monday,False,False,,False,False,False,1286,59862,46.55,2045,1772,1954.67,1724.0
2022-06-28,2022,6,28,Tuesday,False,False,,False,False,False,1118,69701,62.34,1286,1676,1483.0,1644.29
2022-06-29,2022,6,29,Wednesday,False,False,,False,False,False,1129,64078,56.76,1118,1726,1177.67,1559.0
2022-06-30,2022,6,30,Thursday,False,False,,False,False,False,1227,47517,38.73,1129,1100,1158.0,1577.14
2022-07-01,2022,7,1,Friday,False,False,,False,False,False,1747,102111,58.45,1227,1702,1367.67,1583.57
2022-07-02,2022,7,2,Saturday,True,False,,False,True,False,2603,182839,70.24,1747,2533,1859.0,1593.57
2022-07-03,2022,7,3,Sunday,True,False,,False,True,False,2284,180885,79.2,2603,2045,2211.33,1627.71
2022-07-04,2022,7,4,Monday,False,False,,False,False,False,1583,92409,58.38,2284,1286,2156.67,1670.14
2022-07-05,2022,7,5,Tuesday,False,False,,False,False,False,1415,75531,53.38,1583,1118,1760.67,1712.57
2022-07-06,2022,7,6,Wednesday,False,False,,False,False,False,1362,74956,55.03,1415,1129,1453.33,1745.86
2022-07-07,2022,7,7,Thursday,False,False,,False,False,False,1195,57268,47.92,1362,1227,1324.0,1741.29
2022-07-08,2022,7,8,Friday,False,False,,False,False,False,1481,85497,57.73,1195,1747,1346.0,1703.29
2022-07-09,2022,7,9,Saturday,True,False,,False,True,False,2527,235514,93.2,1481,2603,1734.33,1692.43
2022-07-10,2022,7,10,Sunday,True,False,,False,True,False,2215,232374,104.91,2527,2284,2074.33,1682.57
2022-07-11,2022,7,11,Monday,False,False,,False,False,False,1371,85638,62.46,2215,1583,2037.67,1652.29
2022-07-12,2022,7,12,Tuesday,False,False,,False,False,False,1421,95546,67.24,1371,1415,1669.0,1653.14
2022-07-13,2022,7,13,Wednesday,False,False,,False,False,False,1349,66472,49.28,1421,1362,1380.33,1651.29
2022-07-14,2022,7,14,Thursday,False,False,,False,False,False,1513,84274,55.7,1349,1195,1427.67,1696.71
2022-07-15,2022,7,15,Friday,False,False,,False,False,False,1681,111457,66.3,1513,1481,1514.33,1725.29
2022-07-16,2022,7,16,Saturday,True,False,,False,True,False,2359,215464,91.34,1681,2527,1851.0,1701.29
2022-07-17,2022,7,17,Sunday,True,False,,False,True,False,2422,246742,101.88,2359,2215,2154.0,1730.86
2022-07-18,2022,7,18,Monday,False,False,,False,False,False,1616,90569,56.05,2422,1371,2132.33,1765.86
2022-07-19,2022,7,19,Tuesday,False,False,,False,False,False,1560,90366,57.93,1616,1421,1866.0,1785.71
2022-07-20,2022,7,20,Wednesday,False,False,,False,False,False,1332,90615,68.03,1560,1349,1502.67,1783.29
2022-07-21,2022,7,21,Thursday,False,False,,False,False,False,1593,88491,55.55,1332,1513,1495.0,1794.71
2022-07-22,2022,7,22,Friday,False,False,,False,False,False,1715,101956,59.45,1593,1681,1546.67,1799.57
2022-07-23,2022,7,23,Saturday,True,False,,False,True,False,1985,168261,84.77,1715,2359,1764.33,1746.14
2022-07-24,2022,7,24,Sunday,True,False,,False,True,False,1987,177842,89.5,1985,2422,1895.67,1684.0
2022-07-25,2022,7,25,Monday,False,False,,False,False,False,1772,112918,63.72,1987,1616,1914.67,1706.29
2022-07-26,2022,7,26,Tuesday,False,False,,False,False,False,1649,114657,69.53,1772,1560,1802.67,1719.0
2022-07-27,2022,7,27,Wednesday,False,False,,False,False,False,1626,126498,77.8,1649,1332,1682.33,1761.0
2022-07-28,2022,7,28,Thursday,False,False,,False,False,False,1779,145188,81.61,1626,1593,1684.67,1787.57
2022-07-29,2022,7,29,Friday,False,False,,False,False,False,1964,158509,80.71,1779,1715,1789.67,1823.14
2022-07-30,2022,7,30,Saturday,True,False,,False,True,False,2277,207552,91.15,1964,1985,2006.67,1864.86
2022-07-31,2022,7,31,Sunday,True,False,,False,True,False,1439,115812,80.48,2277,1987,1893.33,1786.57
2022-08-01,2022,8,1,Monday,False,False,,False,False,False,1675,133445,79.67,1439,1772,1797.0,1772.71
2022-08-02,2022,8,2,Tuesday,False,False,,False,False,False,1246,93830,75.3,1675,1649,1453.33,1715.14
2022-08-03,2022,8,3,Wednesday,False,False,,False,False,False,1466,69348,47.3,1246,1626,1462.33,1692.29
2022-08-04,2022,8,4,Thursday,False,False,,False,False,False,1744,142638,81.79,1466,1779,1485.33,1687.29
2022-08-05,2022,8,5,Friday,False,False,,False,False,False,1817,145172,79.9,1744,1964,1675.67,1666.29
2022-08-06,2022,8,6,Saturday,True,False,,False,True,False,2176,202004,92.83,1817,2277,1912.33,1651.86
2022-08-07,2022,8,7,Sunday,True,False,,False,True,False,2100,187700,89.38,2176,1439,2031.0,1746.29
2022-08-08,2022,8,8,Monday,False,False,,False,False,False,1151,47349,41.14,2100,1675,1809.0,1671.43
2022-08-09,2022,8,9,Tuesday,False,False,,False,False,False,756,43822,57.97,1151,1246,1335.67,1601.43
2022-08-10,2022,8,10,Wednesday,False,False,,False,False,False,445,9441,21.22,756,1466,784.0,1455.57
2022-08-11,2022,8,11,Thursday,False,False,,False,False,False,456,5785,12.69,445,1744,552.33,1271.57
2022-08-12,2022,8,12,Friday,False,False,,False,False,False,1708,86800,50.82,456,1817,869.67,1256.0
2022-08-13,2022,8,13,Saturday,True,False,,False,True,True,3960,260798,65.86,1708,2176,2041.33,1510.86
2022-08-14,2022,8,14,Sunday,True,False,,False,True,True,4129,208604,50.52,3960,2100,3265.67,1800.71
2022-08-15,2022,8,15,Monday,False,True,광복절,False,True,True,1417,92905,65.56,4129,1151,3168.67,1838.71
2022-08-16,2022,8,16,Tuesday,False,False,,False,False,False,1394,63855,45.81,1417,756,2313.33,1929.86
2022-08-17,2022,8,17,Wednesday,False,False,,False,False,False,1458,75237,51.6,1394,445,1423.0,2074.57
2022-08-18,2022,8,18,Thursday,False,False,,False,False,False,1515,79470,52.46,1458,456,1455.67,2225.86
2022-08-19,2022,8,19,Friday,False,False,,False,False,False,1226,57037,46.52,1515,1708,1399.67,2157.0
2022-08-20,2022,8,20,Saturday,True,False,,False,True,False,2402,163791,68.19,1226,3960,1714.33,1934.43
2022-08-21,2022,8,21,Sunday,True,False,,False,True,False,2551,204301,80.09,2402,4129,2059.67,1709.0
2022-08-22,2022,8,22,Monday,False,False,,False,False,False,1378,75854,55.05,2551,1417,2110.33,1703.43
2022-08-23,2022,8,23,Tuesday,False,False,,False,False,False,1577,89113,56.51,1378,1394,1835.33,1729.57
2022-08-24,2022,8,24,Wednesday,False,False,,False,False,False,1578,102998,65.27,1577,1458,1511.0,1746.71
2022-08-25,2022,8,25,Thursday,False,False,,False,False,False,1760,109269,62.08,1578,1515,1638.33,1781.71
2022-08-26,2022,8,26,Friday,False,False,,False,False,False,2174,138277,63.6,1760,1226,1837.33,1917.14
2022-08-27,2022,8,27,Saturday,True,False,,False,True,False,4495,375388,83.51,2174,2402,2809.67,2216.14
2022-08-28,2022,8,28,Sunday,True,False,,False,True,False,4557,408972,89.75,4495,2551,3742.0,2502.71
2022-08-29,2022,8,29,Monday,False,False,,False,False,False,1790,103619,57.89,4557,1378,3614.0,2561.57
2022-08-30,2022,8,30,Tuesday,False,False,,False,False,False,1310,55590,42.44,1790,1577,2552.33,2523.43
2022-08-31,2022,8,31,Wednesday,False,False,,False,False,False,1734,91178,52.58,1310,1578,1611.33,2545.71
2022-09-01,2022,9,1,Thursday,False,False,,False,False,False,2086,127576,61.16,1734,1760,1710.0,2592.29
2022-09-02,2022,9,2,Friday,False,False,,False,False,False,2765,171122,61.89,2086,2174,2195.0,2676.71
2022-09-03,2022,9,3,Saturday,True,False,,False,True,False,5996,309256,51.58,2765,4495,3615.67,2891.14
2022-09-04,2022,9,4,Sunday,True,False,,False,True,False,3837,315442,82.21,5996,4557,4199.33,2788.29
2022-09-05,2022,9,5,Monday,False,False,,False,False,False,1136,45130,39.73,3837,1790,3656.33,2694.86
2022-09-06,2022,9,6,Tuesday,False,False,,False,False,False,1321,51012,38.62,1136,1310,2098.0,2696.43
2022-09-07,2022,9,7,Wednesday,False,False,,False,False,False,1921,106875,55.64,1321,1734,1459.33,2723.14
2022-09-08,2022,9,8,Thursday,False,False,,False,False,False,2001,106488,53.22,1921,2086,1747.67,2711.0
2022-09-09,2022,9,9,Friday,False,True,추석,False,True,True,2510,190848,76.04,2001,2765,2144.0,2674.57
2022-09-10,2022,9,10,Saturday,True,True,추석,False,True,True,2769,203878,73.63,2510,5996,2426.67,2213.57
2022-09-11,2022,9,11,Sunday,True,True,추석,False,True,True,2753,229018,83.19,2769,3837,2677.33,2058.71
2022-09-12,2022,9,12,Monday,False,True,추석연휴,False,True,True,2888,288719,99.97,2753,1136,2803.33,2309.0
2022-09-13,2022,9,13,Tuesday,False,False,,False,False,False,1465,101915,69.57,2888,1321,2368.67,2329.57
2022-09-14,2022,9,14,Wednesday,False,False,,False,False,False,1712,126287,73.77,1465,1921,2021.67,2299.71
2022-09-15,2022,9,15,Thursday,False,False,,False,False,False,1868,132149,70.74,1712,2001,1681.67,2280.71
2022-09-16,2022,9,16,Friday,False,False,,False,False,False,2038,132200,64.87,1868,2510,1872.67,2213.29
2022-09-17,2022,9,17,Saturday,True,False,,False,True,False,6267,326802,52.15,2038,2769,3391.0,2713.0
2022-09-18,2022,9,18,Sunday,True,False,,False,True,False,6875,498703,72.54,6267,2753,5060.0,3301.86
2022-09-19,2022,9,19,Monday,False,False,,False,False,False,2110,145438,68.93,6875,2888,5084.0,3190.71
2022-09-20,2022,9,20,Tuesday,False,False,,False,False,False,1961,130413,66.5,2110,1465,3648.67,3261.57
2022-09-21,2022,9,21,Wednesday,False,False,,False,False,False,1877,132302,70.49,1961,1712,1982.67,3285.14
2022-09-22,2022,9,22,Thursday,False,False,,False,False,False,1979,127132,64.24,1877,1868,1939.0,3301.0
2022-09-23,2022,9,23,Friday,False,False,,False,False,False,2181,132803,60.89,1979,2038,2012.33,3321.43
2022-09-24,2022,9,24,Saturday,True,False,,False,True,False,4584,382094,83.35,2181,6267,2914.67,3081.0
2022-09-25,2022,9,25,Sunday,True,False,,False,True,False,4893,429828,87.85,4584,6875,3886.0,2797.86
2022-09-26,2022,9,26,Monday,False,False,,False,False,False,1951,136263,69.84,4893,2110,3809.33,2775.14
2022-09-27,2022,9,27,Tuesday,False,False,,False,False,False,2002,145156,72.51,1951,1961,2948.67,2781.0
2022-09-28,2022,9,28,Wednesday,False,False,,False,False,False,1303,77810,59.72,2002,1877,1752.0,2699.0
2022-09-29,2022,9,29,Thursday,False,False,,False,False,False,1845,123909,67.16,1303,1979,1716.67,2679.86
2022-09-30,2022,9,30,Friday,False,False,,False,False,False,2053,138315,67.37,1845,2181,1733.67,2661.57
2022-10-01,2022,10,1,Saturday,True,False,,False,True,True,2838,247292,87.14,2053,4584,2245.33,2412.14
2022-10-02,2022,10,2,Sunday,True,False,,False,True,True,1880,139104,73.99,2838,4893,2257.0,1981.71
2022-10-03,2022,10,3,Monday,False,True,개천절,False,True,True,1101,77530,70.42,1880,1951,1939.67,1860.29
2022-10-04,2022,10,4,Tuesday,False,False,,False,False,False,1503,82967,55.2,1101,2002,1494.67,1789.0
2022-10-05,2022,10,5,Wednesday,False,False,,False,False,False,1932,113994,59.0,1503,1303,1512.0,1878.86
2022-10-06,2022,10,6,Thursday,False,False,,False,False,False,1883,119353,63.38,1932,1845,1772.67,1884.29
2022-10-07,2022,10,7,Friday,False,False,,False,False,False,2068,113050,54.67,1883,2053,1961.0,1886.43
2022-10-08,2022,10,8,Saturday,True,False,,False,True,False,3141,253689,80.77,2068,2838,2364.0,1929.71
2022-10-09,2022,10,9,Sunday,True,True,한글날,False,True,False,539,15403,28.58,3141,1880,1916.0,1738.14
2022-10-11,2022,10,11,Tuesday,False,False,,False,False,False,722,25662,35.54,539,1101,1467.33,1684.0
2022-10-12,2022,10,12,Wednesday,False,False,,False,False,False,1814,112433,61.98,722,1503,1025.0,1728.43
2022-10-13,2022,10,13,Thursday,False,False,,False,False,False,2000,131241,65.62,1814,1932,1512.0,1738.14
2022-10-14,2022,10,14,Friday,False,False,,False,False,False,2095,127230,60.73,2000,1883,1969.67,1768.43
2022-10-15,2022,10,15,Saturday,True,False,,False,True,False,3436,309646,90.12,2095,2068,2510.33,1963.86
2022-10-16,2022,10,16,Sunday,True,False,,False,True,False,2229,189458,85.0,3436,3141,2586.67,1833.57
2022-10-17,2022,10,17,Monday,False,False,,False,False,False,1842,116207,63.09,2229,539,2502.33,2019.71
2022-10-18,2022,10,18,Tuesday,False,False,,False,False,False,1796,103866,57.83,1842,722,1955.67,2173.14
2022-10-19,2022,10,19,Wednesday,False,False,,False,False,False,1685,108104,64.16,1796,1814,1774.33,2154.71
2022-10-20,2022,10,20,Thursday,False,False,,False,False,False,1831,125523,68.55,1685,2000,1770.67,2130.57
2022-10-21,2022,10,21,Friday,False,False,,False,False,False,2099,138296,65.89,1831,2095,1871.67,2131.14
2022-10-22,2022,10,22,Saturday,True,False,,False,True,False,775,10302,13.29,2099,3436,1568.33,1751.0
2022-10-25,2022,10,25,Tuesday,False,False,,False,False,False,967,51506,53.26,775,2229,1280.33,1570.71
2022-10-26,2022,10,26,Wednesday,False,False,,False,False,False,1676,121635,72.57,967,1842,1139.33,1547.0
2022-10-27,2022,10,27,Thursday,False,False,,False,False,False,1740,124578,71.6,1676,1796,1461.0,1539.0
2022-10-28,2022,10,28,Friday,False,False,,False,False,False,1951,111761,57.28,1740,1685,1789.0,1577.0
2022-10-29,2022,10,29,Saturday,True,False,,False,True,False,2363,182318,77.16,1951,1831,2018.0,1653.0
2022-10-30,2022,10,30,Sunday,True,False,,False,True,False,2522,221968,88.01,2363,2099,2278.67,1713.43
2022-10-31,2022,10,31,Monday,False,False,,False,False,False,1692,100631,59.47,2522,775,2192.33,1844.43
2022-11-01,2022,11,1,Tuesday,False,False,,False,False,False,1582,98402,62.2,1692,967,1932.0,1932.29
2022-11-02,2022,11,2,Wednesday,False,False,,False,False,False,1705,100067,58.69,1582,1676,1659.67,1936.43
2022-11-03,2022,11,3,Thursday,False,False,,False,False,False,1442,101108,70.12,1705,1740,1576.33,1893.86
2022-11-04,2022,11,4,Friday,False,False,,False,False,False,1503,81907,54.5,1442,1951,1550.0,1829.86
2022-11-05,2022,11,5,Saturday,True,False,,False,True,False,1861,140193,75.33,1503,2363,1602.0,1758.14
2022-11-06,2022,11,6,Sunday,True,False,,False,True,False,2122,170295,80.25,1861,2522,1828.67,1701.0
2022-11-07,2022,11,7,Monday,False,False,,False,False,False,1506,86014,57.11,2122,1692,1829.67,1674.43
2022-11-08,2022,11,8,Tuesday,False,False,,False,False,False,1506,83325,55.33,1506,1582,1711.33,1663.57
2022-11-09,2022,11,9,Wednesday,False,False,,False,False,False,1378,67230,48.79,1506,1705,1463.33,1616.86
2022-11-10,2022,11,10,Thursday,False,False,,False,False,False,916,49584,54.13,1378,1442,1266.67,1541.71
2022-11-11,2022,11,11,Friday,False,False,,False,False,False,1902,123481,64.92,916,1503,1398.67,1598.71
2022-11-12,2022,11,12,Saturday,True,False,,False,True,False,1722,89354,51.89,1902,1861,1513.33,1578.86
2022-11-13,2022,11,13,Sunday,True,False,,False,True,False,1803,148488,82.36,1722,2122,1809.0,1533.29
2022-11-14,2022,11,14,Monday,False,False,,False,False,False,1565,100037,63.92,1803,1506,1696.67,1541.71
2022-11-15,2022,11,15,Tuesday,False,False,,False,False,False,1375,41234,29.99,1565,1506,1581.0,1523.0
2022-11-16,2022,11,16,Wednesday,False,False,,False,False,False,1620,99272,61.28,1375,1378,1520.0,1557.57
2022-11-17,2022,11,17,Thursday,False,False,,False,False,False,1695,109416,64.55,1620,916,1563.33,1668.86
2022-11-18,2022,11,18,Friday,False,False,,False,False,False,1861,107255,57.63,1695,1902,1725.33,1663.0
2022-11-19,2022,11,19,Saturday,True,False,,False,True,False,2372,150185,63.32,1861,1722,1976.0,1755.86
2022-11-20,2022,11,20,Sunday,True,False,,False,True,False,2279,159486,69.98,2372,1803,2170.67,1823.86
2022-11-21,2022,11,21,Monday,False,False,,False,False,False,1629,99020,60.79,2279,1565,2093.33,1833.0
2022-11-22,2022,11,22,Tuesday,False,False,,False,False,False,1472,98547,66.95,1629,1375,1793.33,1846.86
2022-11-23,2022,11,23,Wednesday,False,False,,False,False,False,1618,109393,67.61,1472,1620,1573.0,1846.57
2022-11-24,2022,11,24,Thursday,False,False,,False,False,False,1427,95878,67.19,1618,1695,1505.67,1808.29
2022-11-25,2022,11,25,Friday,False,False,,False,False,False,1636,114474,69.97,1427,1861,1560.33,1776.14
2022-11-26,2022,11,26,Saturday,True,False,,False,True,False,1853,130323,70.33,1636,2372,1638.67,1702.0
2022-11-27,2022,11,27,Sunday,True,False,,False,True,False,1537,121089,78.78,1853,2279,1675.33,1596.0
2022-11-28,2022,11,28,Monday,False,False,,False,False,False,1127,74573,66.17,1537,1629,1505.67,1524.29
2022-11-29,2022,11,29,Tuesday,False,False,,False,False,False,1212,82132,67.77,1127,1472,1292.0,1487.14
2022-11-30,2022,11,30,Wednesday,False,False,,False,False,False,1303,70319,53.97,1212,1618,1214.0,1442.14
2022-12-01,2022,12,1,Thursday,False,False,,False,False,False,1202,62664,52.13,1303,1427,1239.0,1410.0
2022-12-02,2022,12,2,Friday,False,False,,False,False,False,1248,72618,58.19,1202,1636,1251.0,1354.57
2022-12-03,2022,12,3,Saturday,True,False,,False,True,False,1220,71307,58.45,1248,1853,1223.33,1264.14
2022-12-04,2022,12,4,Sunday,True,False,,False,True,False,1035,66030,63.8,1220,1537,1167.67,1192.43
2022-12-05,2022,12,5,Monday,False,False,,False,False,False,1301,82802,63.64,1035,1127,1185.33,1217.29
2022-12-06,2022,12,6,Tuesday,False,False,,False,False,False,1162,71797,61.79,1301,1212,1166.0,1210.14
2022-12-07,2022,12,7,Wednesday,False,False,,False,False,False,1340,73714,55.01,1162,1303,1267.67,1215.43
2022-12-08,2022,12,8,Thursday,False,False,,False,False,False,1416,72008,50.85,1340,1202,1306.0,1246.0
2022-12-09,2022,12,9,Friday,False,False,,False,False,False,1378,83378,60.51,1416,1248,1378.0,1264.57
2022-12-10,2022,12,10,Saturday,True,False,,False,True,False,1360,94138,69.22,1378,1220,1384.67,1284.57
2022-12-11,2022,12,11,Sunday,True,False,,False,True,False,1292,90211,69.82,1360,1035,1343.33,1321.29
2022-12-12,2022,12,12,Monday,False,False,,False,False,False,1212,67109,55.37,1292,1301,1288.0,1308.57
2022-12-13,2022,12,13,Tuesday,False,False,,False,False,False,1119,66899,59.78,1212,1162,1207.67,1302.43
2022-12-14,2022,12,14,Wednesday,False,False,,False,False,False,1081,72670,67.22,1119,1340,1137.33,1265.43
2022-12-15,2022,12,15,Thursday,False,False,,False,False,False,955,65918,69.02,1081,1416,1051.67,1199.57
2022-12-16,2022,12,16,Friday,False,False,,False,False,False,1256,80156,63.82,955,1378,1097.33,1182.14
2022-12-17,2022,12,17,Saturday,True,False,,False,True,False,1141,64470,56.5,1256,1360,1117.33,1150.86
2022-12-18,2022,12,18,Sunday,True,False,,False,True,False,823,45852,55.71,1141,1292,1073.33,1083.86
2022-12-19,2022,12,19,Monday,False,False,,False,False,False,1151,73400,63.77,823,1212,1038.33,1075.14
2022-12-20,2022,12,20,Tuesday,False,False,,False,False,False,1465,75597,51.6,1151,1119,1146.33,1124.57
2022-12-21,2022,12,21,Wednesday,False,False,,False,False,False,844,46746,55.39,1465,1081,1153.33,1090.71
2022-12-22,2022,12,22,Thursday,False,False,,False,False,False,1133,62461,55.13,844,955,1147.33,1116.14
2022-12-23,2022,12,23,Friday,False,False,,False,False,False,1088,49520,45.51,1133,1256,1021.67,1092.14
2022-12-24,2022,12,24,Saturday,True,False,,False,True,False,1038,47279,45.55,1088,1141,1086.33,1077.43
2022-12-25,2022,12,25,Sunday,True,True,크리스마스,False,True,False,1013,54829,54.13,1038,823,1046.33,1104.57
2022-12-26,2022,12,26,Monday,False,False,,False,False,False,1135,68457,60.31,1013,1151,1062.0,1102.29
2022-12-27,2022,12,27,Tuesday,False,False,,False,False,False,1212,73003,60.23,1135,1465,1120.0,1066.14
2022-12-28,2022,12,28,Wednesday,False,False,,False,False,False,1155,62302,53.94,1212,844,1167.33,1110.57
2022-12-29,2022,12,29,Thursday,False,False,,False,False,False,1260,75624,60.02,1155,1133,1209.0,1128.71
2022-12-30,2022,12,30,Friday,False,False,,False,False,False,1272,69023,54.26,1260,1088,1229.0,1155.0
2022-12-31,2022,12,31,Saturday,True,False,,False,True,False,1224,65183,53.25,1272,1038,1252.0,1181.57
2023-01-01,2023,1,1,Sunday,True,True,신정,False,True,False,1216,49877,41.02,1224,1013,1237.33,1210.57
2023-01-02,2023,1,2,Monday,False,False,,False,False,False,1058,47352,44.76,1216,1135,1166.0,1199.57
2023-01-03,2023,1,3,Tuesday,False,False,,False,False,False,1216,56935,46.82,1058,1212,1163.33,1200.14
2023-01-04,2023,1,4,Wednesday,False,False,,False,False,False,1160,61072,52.65,1216,1155,1144.67,1200.86
2023-01-05,2023,1,5,Thursday,False,False,,False,False,False,1068,60619,56.76,1160,1260,1148.0,1173.43
2023-01-06,2023,1,6,Friday,False,False,,False,False,False,1233,59503,48.26,1068,1272,1153.67,1167.86
2023-01-07,2023,1,7,Saturday,True,False,,False,True,False,1172,74390,63.47,1233,1224,1157.67,1160.43
2023-01-08,2023,1,8,Sunday,True,False,,False,True,False,1039,60287,58.02,1172,1216,1148.0,1135.14
2023-01-09,2023,1,9,Monday,False,False,,False,False,False,1189,53376,44.89,1039,1058,1133.33,1153.86
2023-01-10,2023,1,10,Tuesday,False,False,,False,False,False,1253,61163,48.81,1189,1216,1160.33,1159.14
2023-01-11,2023,1,11,Wednesday,False,False,,False,False,False,1328,61962,46.66,1253,1160,1256.67,1183.14
2023-01-12,2023,1,12,Thursday,False,False,,False,False,False,1383,67520,48.82,1328,1068,1321.33,1228.14
2023-01-13,2023,1,13,Friday,False,False,,False,False,False,675,21560,31.94,1383,1233,1128.67,1148.43
2023-01-14,2023,1,14,Saturday,True,False,,False,True,False,246,3364,13.67,675,1172,768.0,1016.14
2023-01-16,2023,1,16,Monday,False,False,,False,False,False,513,19863,38.72,246,1039,478.0,941.0
2023-01-17,2023,1,17,Tuesday,False,False,,False,False,False,1203,64788,53.86,513,1189,654.0,943.0
2023-01-18,2023,1,18,Wednesday,False,False,,False,False,False,1394,58207,41.76,1203,1253,1036.67,963.14
2023-01-19,2023,1,19,Thursday,False,False,,False,False,False,1344,59891,44.56,1394,1328,1313.67,965.43
2023-01-20,2023,1,20,Friday,False,False,,False,False,False,1216,46090,37.9,1344,1383,1318.0,941.57
2023-01-21,2023,1,21,Saturday,True,True,설날,False,True,True,960,41328,43.05,1216,675,1173.33,982.29
2023-01-22,2023,1,22,Sunday,True,True,설날,False,True,True,946,37083,39.2,960,246,1040.67,1082.29
2023-01-23,2023,1,23,Monday,False,True,설날,False,True,True,1064,57509,54.05,946,513,990.0,1161.0
2023-01-24,2023,1,24,Tuesday,False,True,설날연휴,False,True,True,701,23336,33.29,1064,1203,903.67,1089.29
2023-01-25,2023,1,25,Wednesday,False,False,,False,False,False,1167,35610,30.51,701,1394,977.33,1056.86
2023-01-26,2023,1,26,Thursday,False,False,,False,False,False,906,44980,49.65,1167,1344,924.67,994.29
2023-01-27,2023,1,27,Friday,False,False,,False,False,False,1110,48118,43.35,906,1216,1061.0,979.14
2023-01-28,2023,1,28,Saturday,True,False,,False,True,False,1123,45733,40.72,1110,960,1046.33,1002.43
2023-01-29,2023,1,29,Sunday,True,False,,False,True,False,1019,47418,46.53,1123,946,1084.0,1012.86
2023-01-30,2023,1,30,Monday,False,False,,False,False,False,1290,53376,41.38,1019,1064,1144.0,1045.14
2023-01-31,2023,1,31,Tuesday,False,False,,False,False,False,1238,52047,42.04,1290,701,1182.33,1121.86
2023-02-01,2023,2,1,Wednesday,False,False,,False,False,False,1233,41348,33.53,1238,1167,1253.67,1131.29
2023-02-02,2023,2,2,Thursday,False,False,,False,False,False,1173,54035,46.07,1233,906,1214.67,1169.43
2023-02-03,2023,2,3,Friday,False,False,,False,False,False,1325,55319,41.75,1173,1110,1243.67,1200.14
2023-02-04,2023,2,4,Saturday,True,False,,False,True,False,1602,86733,54.14,1325,1123,1366.67,1268.57
2023-02-05,2023,2,5,Sunday,True,False,,False,True,False,1354,80766,59.65,1602,1019,1427.0,1316.43
2023-02-06,2023,2,6,Monday,False,False,,False,False,False,701,25817,36.83,1354,1290,1219.0,1232.29
2023-02-07,2023,2,7,Tuesday,False,False,,False,False,False,1293,60094,46.48,701,1238,1116.0,1240.14
2023-02-08,2023,2,8,Wednesday,False,False,,False,False,False,1493,70751,47.39,1293,1233,1162.33,1277.29
2023-02-09,2023,2,9,Thursday,False,False,,False,False,False,1353,60013,44.36,1493,1173,1379.67,1303.0
2023-02-10,2023,2,10,Friday,False,False,,False,False,False,1504,68080,45.27,1353,1325,1450.0,1328.57
2023-02-11,2023,2,11,Saturday,True,False,,False,True,False,1643,94753,57.67,1504,1602,1500.0,1334.43
2023-02-12,2023,2,12,Sunday,True,False,,False,True,False,1342,91556,68.22,1643,1354,1496.33,1332.71
2023-02-13,2023,2,13,Monday,False,False,,False,False,False,1349,60594,44.92,1342,701,1444.67,1425.29
2023-02-14,2023,2,14,Tuesday,False,False,,False,False,False,1431,59453,41.55,1349,1293,1374.0,1445.0
2023-02-15,2023,2,15,Wednesday,False,False,,False,False,False,1474,75551,51.26,1431,1493,1418.0,1442.29
2023-02-16,2023,2,16,Thursday,False,False,,False,False,False,1289,66393,51.51,1474,1353,1398.0,1433.14
2023-02-17,2023,2,17,Friday,False,False,,False,False,False,1549,77960,50.33,1289,1504,1437.33,1439.57
2023-02-18,2023,2,18,Saturday,True,False,,False,True,False,1430,77911,54.48,1549,1643,1422.67,1409.14
2023-02-19,2023,2,19,Sunday,True,False,,False,True,False,1531,95845,62.6,1430,1342,1503.33,1436.14
2023-02-20,2023,2,20,Monday,False,False,,False,False,False,1446,63630,44.0,1531,1349,1469.0,1450.0
2023-02-21,2023,2,21,Tuesday,False,False,,False,False,False,1450,59411,40.97,1446,1431,1475.67,1452.71
2023-02-22,2023,2,22,Wednesday,False,False,,False,False,False,1394,65375,46.9,1450,1474,1430.0,1441.29
2023-02-23,2023,2,23,Thursday,False,False,,False,False,False,1320,74151,56.17,1394,1289,1388.0,1445.71
2023-02-24,2023,2,24,Friday,False,False,,False,False,False,1506,79302,52.66,1320,1549,1406.67,1439.57
2023-02-25,2023,2,25,Saturday,True,False,,False,True,False,1519,82445,54.28,1506,1430,1448.33,1452.29
2023-02-26,2023,2,26,Sunday,True,False,,False,True,False,1657,116281,70.18,1519,1531,1560.67,1470.29
2023-02-27,2023,2,27,Monday,False,False,,False,False,False,1565,71081,45.42,1657,1446,1580.33,1487.29
2023-02-28,2023,2,28,Tuesday,False,False,,False,False,False,1680,79874,47.54,1565,1450,1634.0,1520.14
2023-03-01,2023,3,1,Wednesday,False,True,삼일절,False,True,False,1575,109092,69.26,1680,1394,1606.67,1546.0
2023-03-02,2023,3,2,Thursday,False,False,,False,False,False,1305,59795,45.82,1575,1320,1520.0,1543.86
2023-03-03,2023,3,3,Friday,False,False,,False,False,False,1417,68185,48.12,1305,1506,1432.33,1531.14
2023-03-04,2023,3,4,Saturday,True,False,,False,True,False,1712,128034,74.79,1417,1519,1478.0,1558.71
2023-03-05,2023,3,5,Sunday,True,False,,False,True,False,1866,147373,78.98,1712,1657,1665.0,1588.57
2023-03-06,2023,3,6,Monday,False,False,,False,False,False,1468,75309,51.3,1866,1565,1682.0,1574.71
2023-03-07,2023,3,7,Tuesday,False,False,,False,False,False,1377,89644,65.1,1468,1680,1570.33,1531.43
2023-03-08,2023,3,8,Wednesday,False,False,,False,False,False,1397,83681,59.9,1377,1575,1414.0,1506.0
2023-03-09,2023,3,9,Thursday,False,False,,False,False,False,1444,74023,51.26,1397,1305,1406.0,1525.86
2023-03-10,2023,3,10,Friday,False,False,,False,False,False,1778,99196,55.79,1444,1417,1539.67,1577.43
2023-03-11,2023,3,11,Saturday,True,False,,False,True,False,2330,183705,78.84,1778,1712,1850.67,1665.71
2023-03-12,2023,3,12,Sunday,True,False,,False,True,False,1142,55277,48.4,2330,1866,1750.0,1562.29
2023-03-13,2023,3,13,Monday,False,False,,False,False,False,1494,82878,55.47,1142,1468,1655.33,1566.0
2023-03-14,2023,3,14,Tuesday,False,False,,False,False,False,1387,71155,51.3,1494,1377,1341.0,1567.43
2023-03-15,2023,3,15,Wednesday,False,False,,False,False,False,1451,77492,53.41,1387,1397,1444.0,1575.14
2023-03-16,2023,3,16,Thursday,False,False,,False,False,False,1374,79270,57.69,1451,1444,1404.0,1565.14
2023-03-17,2023,3,17,Friday,False,False,,False,False,False,1700,94443,55.55,1374,1778,1508.33,1554.0
2023-03-18,2023,3,18,Saturday,True,False,,False,True,False,2281,176491,77.37,1700,2330,1785.0,1547.0
2023-03-19,2023,3,19,Sunday,True,False,,False,True,False,2044,183113,89.59,2281,1142,2008.33,1675.86
2023-03-20,2023,3,20,Monday,False,False,,False,False,False,1575,99146,62.95,2044,1494,1966.67,1687.43
2023-03-21,2023,3,21,Tuesday,False,False,,False,False,False,1607,107950,67.17,1575,1387,1742.0,1718.86
2023-03-22,2023,3,22,Wednesday,False,False,,False,False,False,1558,104948,67.36,1607,1451,1580.0,1734.14
2023-03-23,2023,3,23,Thursday,False,False,,False,False,False,1731,104265,60.23,1558,1374,1632.0,1785.14
2023-03-24,2023,3,24,Friday,False,False,,False,False,False,1714,108784,63.47,1731,1700,1667.67,1787.14
2023-03-25,2023,3,25,Saturday,True,False,,False,True,False,2492,201343,80.8,1714,2281,1979.0,1817.29
2023-03-26,2023,3,26,Sunday,True,False,,False,True,False,2982,233665,78.36,2492,2044,2396.0,1951.29
2023-03-27,2023,3,27,Monday,False,False,,False,False,False,1779,113244,63.66,2982,1575,2417.67,1980.43
2023-03-28,2023,3,28,Tuesday,False,False,,False,False,False,1920,114975,59.88,1779,1607,2227.0,2025.14
2023-03-29,2023,3,29,Wednesday,False,False,,False,False,False,1712,98054,57.27,1920,1558,1803.67,2047.14
2023-03-30,2023,3,30,Thursday,False,False,,False,False,False,1790,97759,54.61,1712,1731,1807.33,2055.57
2023-03-31,2023,3,31,Friday,False,False,,False,False,False,2140,110784,51.77,1790,1714,1880.67,2116.43
2023-04-01,2023,4,1,Saturday,True,False,,False,True,False,3008,225215,74.87,2140,2492,2312.67,2190.14
2023-04-02,2023,4,2,Sunday,True,False,,False,True,False,3509,344368,98.14,3008,2982,2885.67,2265.43
2023-04-03,2023,4,3,Monday,False,False,,False,False,False,2181,121207,55.57,3509,1779,2899.33,2322.86
2023-04-04,2023,4,4,Tuesday,False,False,,False,False,False,1636,100546,61.46,2181,1920,2442.0,2282.29
2023-04-05,2023,4,5,Wednesday,False,False,,False,False,False,1254,53755,42.87,1636,1712,1690.33,2216.86
2023-04-06,2023,4,6,Thursday,False,False,,False,False,False,1587,70879,44.66,1254,1790,1492.33,2187.86
2023-04-07,2023,4,7,Friday,False,False,,False,False,False,2017,99217,49.19,1587,2140,1619.33,2170.29
2023-04-08,2023,4,8,Saturday,True,False,,False,True,False,2775,194960,70.26,2017,3008,2126.33,2137.0
2023-04-09,2023,4,9,Sunday,True,False,,False,True,False,2855,227135,79.56,2775,3509,2549.0,2043.57
2023-04-10,2023,4,10,Monday,False,False,,False,False,False,2109,119587,56.7,2855,2181,2579.67,2033.29
2023-04-11,2023,4,11,Tuesday,False,False,,False,False,False,1304,59424,45.57,2109,1636,2089.33,1985.86
2023-04-12,2023,4,12,Wednesday,False,False,,False,False,False,1699,101757,59.89,1304,1254,1704.0,2049.43
2023-04-13,2023,4,13,Thursday,False,False,,False,False,False,1744,102499,58.77,1699,1587,1582.33,2071.86
2023-04-14,2023,4,14,Friday,False,False,,False,False,False,2102,123887,58.94,1744,2017,1848.33,2084.0
2023-04-15,2023,4,15,Saturday,True,False,,False,True,False,3015,214841,71.26,2102,2775,2287.0,2118.29
2023-04-16,2023,4,16,Sunday,True,False,,False,True,False,3321,320677,96.56,3015,2855,2812.67,2184.86
2023-04-17,2023,4,17,Monday,False,False,,False,False,False,1973,133199,67.51,3321,2109,2769.67,2165.43
2023-04-18,2023,4,18,Tuesday,False,False,,False,False,False,1770,85395,48.25,1973,1304,2354.67,2232.0
2023-04-19,2023,4,19,Wednesday,False,False,,False,False,False,2182,135821,62.25,1770,1699,1975.0,2301.0
2023-04-20,2023,4,20,Thursday,False,False,,False,False,False,1806,97185,53.81,2182,1744,1919.33,2309.86
2023-04-21,2023,4,21,Friday,False,False,,False,False,False,2056,122022,59.35,1806,2102,2014.67,2303.29
2023-04-22,2023,4,22,Saturday,True,False,,False,True,False,2993,291040,97.24,2056,3015,2285.0,2300.14
2023-04-23,2023,4,23,Sunday,True,False,,False,True,False,3301,347232,105.19,2993,3321,2783.33,2297.29
2023-04-24,2023,4,24,Monday,False,False,,False,False,False,1852,115986,62.63,3301,1973,2715.33,2280.0
2023-04-25,2023,4,25,Tuesday,False,False,,False,False,False,1525,97430,63.89,1852,1770,2226.0,2245.0
2023-04-26,2023,4,26,Wednesday,False,False,,False,False,False,1748,122518,70.09,1525,2182,1708.33,2183.0
2023-04-27,2023,4,27,Thursday,False,False,,False,False,False,1892,136967,72.39,1748,1806,1721.67,2195.29
2023-04-28,2023,4,28,Friday,False,False,,False,False,False,2193,137245,62.58,1892,2056,1944.33,2214.86
2023-04-29,2023,4,29,Saturday,True,False,,False,True,False,4145,313019,75.52,2193,2993,2743.33,2379.43
2023-04-30,2023,4,30,Sunday,True,False,,False,True,False,4249,308886,72.7,4145,3301,3529.0,2514.86
2023-05-01,2023,5,1,Monday,False,False,,False,False,False,2500,223690,89.48,4249,1852,3631.33,2607.43
2023-05-02,2023,5,2,Tuesday,False,False,,False,False,False,1913,121145,63.33,2500,1525,2887.33,2662.86
2023-05-03,2023,5,3,Wednesday,False,False,,False,False,False,1958,121950,62.28,1913,1748,2123.67,2692.86
2023-05-04,2023,5,4,Thursday,False,False,,False,False,False,1928,118670,61.55,1958,1892,1933.0,2698.0
2023-05-05,2023,5,5,Friday,False,True,어린이날,False,True,True,1143,59967,52.46,1928,2193,1676.33,2548.0
2023-05-06,2023,5,6,Saturday,True,False,,False,True,True,3386,364001,107.5,1143,4145,2152.33,2439.57
2023-05-07,2023,5,7,Sunday,True,False,,False,True,True,3406,382650,112.35,3386,4249,2645.0,2319.14
2023-05-08,2023,5,8,Monday,False,False,,False,False,False,1902,124724,65.58,3406,2500,2898.0,2233.71
2023-05-09,2023,5,9,Tuesday,False,False,,False,False,False,1534,75269,49.07,1902,1913,2280.67,2179.57
2023-05-10,2023,5,10,Wednesday,False,False,,False,False,False,1834,109989,59.97,1534,1958,1756.67,2161.86
2023-05-11,2023,5,11,Thursday,False,False,,False,False,False,1766,109796,62.17,1834,1928,1711.33,2138.71
2023-05-12,2023,5,12,Friday,False,False,,False,False,False,2054,135659,66.05,1766,1143,1884.67,2268.86
2023-05-13,2023,5,13,Saturday,True,False,,False,True,False,2846,254340,89.37,2054,3386,2222.0,2191.71
2023-05-14,2023,5,14,Sunday,True,False,,False,True,False,3229,331034,102.52,2846,3406,2709.67,2166.43
2023-05-15,2023,5,15,Monday,False,False,,False,False,False,1889,131250,69.48,3229,1902,2654.67,2164.57
2023-05-16,2023,5,16,Tuesday,False,False,,False,False,False,1815,122004,67.22,1889,1534,2311.0,2204.71
2023-05-17,2023,5,17,Wednesday,False,False,,False,False,False,1919,122322,63.74,1815,1834,1874.33,2216.86
2023-05-18,2023,5,18,Thursday,False,False,,False,False,False,1719,114517,66.62,1919,1766,1817.67,2210.14
2023-05-19,2023,5,19,Friday,False,False,,False,False,False,2069,122986,59.44,1719,2054,1902.33,2212.29
2023-05-20,2023,5,20,Saturday,True,False,,False,True,False,2871,258545,90.05,2069,2846,2219.67,2215.86
2023-05-21,2023,5,21,Sunday,True,False,,False,True,False,2560,258878,101.12,2871,3229,2500.0,2120.29
2023-05-22,2023,5,22,Monday,False,False,,False,False,False,1802,110725,61.45,2560,1889,2411.0,2107.86
2023-05-23,2023,5,23,Tuesday,False,False,,False,False,False,1930,117505,60.88,1802,1815,2097.33,2124.29
2023-05-24,2023,5,24,Wednesday,False,False,,False,False,False,1825,125881,68.98,1930,1919,1852.33,2110.86
2023-05-25,2023,5,25,Thursday,False,False,,False,False,False,1956,132403,67.69,1825,1719,1903.67,2144.71
2023-05-26,2023,5,26,Friday,False,False,,False,False,False,2178,134717,61.85,1956,2069,1986.33,2160.29
2023-05-27,2023,5,27,Saturday,True,True,대선,False,True,True,3432,329453,95.99,2178,2871,2522.0,2240.43
2023-05-28,2023,5,28,Sunday,True,False,,False,True,True,3385,288986,85.37,3432,2560,2998.33,2358.29
2023-05-29,2023,5,29,Monday,False,True,대체공휴일,True,True,True,2377,199768,84.04,3385,1802,3064.67,2440.43
2023-05-30,2023,5,30,Tuesday,False,False,,False,False,False,1941,116584,60.06,2377,1930,2567.67,2442.0
2023-05-31,2023,5,31,Wednesday,False,False,,False,False,False,1831,117746,64.31,1941,1825,2049.67,2442.86
2023-06-01,2023,6,1,Thursday,False,False,,False,False,False,1896,140549,74.13,1831,1956,1889.33,2434.29
2023-06-02,2023,6,2,Friday,False,False,,False,False,False,1973,121194,61.43,1896,2178,1900.0,2405.0
2023-06-03,2023,6,3,Saturday,True,False,,False,True,False,49,76,1.55,1973,3432,1306.0,1921.71
2023-06-05,2023,6,5,Monday,False,False,,False,False,False,1323,76061,57.49,49,3385,1115.0,1627.14
2023-06-06,2023,6,6,Tuesday,False,True,현충일,False,True,False,3191,334549,104.84,1323,2377,1521.0,1743.43
2023-06-07,2023,6,7,Wednesday,False,False,,False,False,False,1760,89624,50.92,3191,1941,2091.33,1717.57
2023-06-08,2023,6,8,Thursday,False,False,,False,False,False,1602,91534,57.14,1760,1831,2184.33,1684.86
2023-06-09,2023,6,9,Friday,False,False,,False,False,False,1845,108164,58.63,1602,1896,1735.67,1677.57
2023-06-10,2023,6,10,Saturday,True,False,,False,True,False,2041,180640,88.51,1845,1973,1829.33,1687.29
2023-06-11,2023,6,11,Sunday,True,False,,False,True,False,2376,212929,89.62,2041,49,2087.33,2019.71
2023-06-12,2023,6,12,Monday,False,False,,False,False,False,1775,122800,69.18,2376,1323,2064.0,2084.29
2023-06-13,2023,6,13,Tuesday,False,False,,False,False,False,1631,102021,62.55,1775,3191,1927.33,1861.43
2023-06-14,2023,6,14,Wednesday,False,False,,False,False,False,1703,125092,73.45,1631,1760,1703.0,1853.29
2023-06-15,2023,6,15,Thursday,False,False,,False,False,False,2071,151242,73.03,1703,1602,1801.67,1920.29
2023-06-16,2023,6,16,Friday,False,False,,False,False,False,2338,146068,62.48,2071,1845,2037.33,1990.71
2023-06-17,2023,6,17,Saturday,True,False,,False,True,False,3966,358951,90.51,2338,2041,2791.67,2265.71
2023-06-18,2023,6,18,Sunday,True,False,,False,True,False,3819,385582,100.96,3966,2376,3374.33,2471.86
2023-06-19,2023,6,19,Monday,False,False,,False,False,False,1837,107328,58.43,3819,1775,3207.33,2480.71
2023-06-20,2023,6,20,Tuesday,False,False,,False,False,False,1708,102143,59.8,1837,1631,2454.67,2491.71
2023-06-21,2023,6,21,Wednesday,False,False,,False,False,False,1603,86635,54.05,1708,1703,1716.0,2477.43
2023-06-22,2023,6,22,Thursday,False,False,,False,False,False,1920,115608,60.21,1603,2071,1743.67,2455.86
2023-06-23,2023,6,23,Friday,False,False,,False,False,False,2246,118719,52.86,1920,2338,1923.0,2442.71
2023-06-24,2023,6,24,Saturday,True,False,,False,True,False,2812,283710,100.89,2246,3966,2326.0,2277.86
2023-06-25,2023,6,25,Sunday,True,False,,False,True,False,2562,286263,111.73,2812,3819,2540.0,2098.29
2023-06-26,2023,6,26,Monday,False,False,,False,False,False,1277,57799,45.26,2562,1837,2217.0,2018.29
2023-06-27,2023,6,27,Tuesday,False,False,,False,False,False,1675,112004,66.87,1277,1708,1838.0,2013.57
2023-06-28,2023,6,28,Wednesday,False,False,,False,False,False,1656,102137,61.68,1675,1603,1536.0,2021.14
2023-06-29,2023,6,29,Thursday,False,False,,False,False,False,1191,65687,55.15,1656,1920,1507.33,1917.0
2023-06-30,2023,6,30,Friday,False,False,,False,False,False,1731,94452,54.56,1191,2246,1526.0,1843.43
2023-07-01,2023,7,1,Saturday,True,False,,False,True,False,2589,247330,95.53,1731,2812,1837.0,1811.57
2023-07-02,2023,7,2,Sunday,True,False,,False,True,False,2178,228384,104.86,2589,2562,2166.0,1756.71
2023-07-03,2023,7,3,Monday,False,False,,False,False,False,1733,96318,55.58,2178,1277,2166.67,1821.86
2023-07-04,2023,7,4,Tuesday,False,False,,False,False,False,1237,59117,47.79,1733,1675,1716.0,1759.29
2023-07-05,2023,7,5,Wednesday,False,False,,False,False,False,1567,86231,55.03,1237,1656,1512.33,1746.57
2023-07-06,2023,7,6,Thursday,False,False,,False,False,False,1698,94709,55.78,1567,1191,1500.67,1819.0
2023-07-07,2023,7,7,Friday,False,False,,False,False,False,1913,101622,53.12,1698,1731,1726.0,1845.0
2023-07-08,2023,7,8,Saturday,True,False,,False,True,False,2528,245536,97.13,1913,2589,2046.33,1836.29
2023-07-09,2023,7,9,Sunday,True,False,,False,True,False,1537,104915,68.26,2528,2178,1992.67,1744.71
2023-07-10,2023,7,10,Monday,False,False,,False,False,False,1556,86952,55.88,1537,1733,1873.67,1719.43
2023-07-11,2023,7,11,Tuesday,False,False,,False,False,False,731,30912,42.29,1556,1237,1274.67,1647.14
2023-07-12,2023,7,12,Wednesday,False,False,,False,False,False,1408,89946,63.88,731,1567,1231.67,1624.43
2023-07-13,2023,7,13,Thursday,False,False,,False,False,False,1052,61155,58.13,1408,1698,1063.67,1532.14
2023-07-14,2023,7,14,Friday,False,False,,False,False,False,1078,59925,55.59,1052,1913,1179.33,1412.86
2023-07-15,2023,7,15,Saturday,True,False,,False,True,False,1178,72051,61.16,1078,2528,1102.67,1220.0
2023-07-16,2023,7,16,Sunday,True,False,,False,True,False,1197,68616,57.32,1178,1537,1151.0,1171.43
2023-07-17,2023,7,17,Monday,False,False,,False,False,False,1210,61396,50.74,1197,1556,1195.0,1122.0
2023-07-18,2023,7,18,Tuesday,False,False,,False,False,False,1261,60967,48.35,1210,731,1222.67,1197.71
2023-07-19,2023,7,19,Wednesday,False,False,,False,False,False,1342,73468,54.75,1261,1408,1271.0,1188.29
2023-07-20,2023,7,20,Thursday,False,False,,False,False,False,925,60355,65.25,1342,1052,1176.0,1170.14
2023-07-21,2023,7,21,Friday,False,False,,False,False,False,1668,79671,47.76,925,1078,1311.67,1254.43
2023-07-22,2023,7,22,Saturday,True,False,,False,True,False,1642,151177,92.07,1668,1178,1411.67,1320.71
2023-07-23,2023,7,23,Sunday,True,False,,False,True,False,818,49834,60.92,1642,1197,1376.0,1266.57
2023-07-24,2023,7,24,Monday,False,False,,False,False,False,1291,79272,61.4,818,1210,1250.33,1278.14
2023-07-25,2023,7,25,Tuesday,False,False,,False,False,False,1380,95913,69.5,1291,1261,1163.0,1295.14
2023-07-26,2023,7,26,Wednesday,False,False,,False,False,False,1380,88156,63.88,1380,1342,1350.33,1300.57
2023-07-27,2023,7,27,Thursday,False,False,,False,False,False,1730,138079,79.81,1380,925,1496.67,1415.57
2023-07-28,2023,7,28,Friday,False,False,,False,False,False,1664,121138,72.8,1730,1668,1591.33,1415.0
2023-07-29,2023,7,29,Saturday,True,False,,False,True,False,1962,186754,95.19,1664,1642,1785.33,1460.71
2023-07-30,2023,7,30,Sunday,True,False,,False,True,False,1699,187779,110.52,1962,818,1775.0,1586.57
2023-07-31,2023,7,31,Monday,False,False,,False,False,False,1282,111358,86.86,1699,1291,1647.67,1585.29
2023-08-01,2023,8,1,Tuesday,False,False,,False,False,False,1484,107475,72.42,1282,1380,1488.33,1600.14
2023-08-02,2023,8,2,Wednesday,False,False,,False,False,False,1527,119349,78.16,1484,1380,1431.0,1621.14
2023-08-03,2023,8,3,Thursday,False,False,,False,False,False,1485,109285,73.59,1527,1730,1498.67,1586.14
2023-08-04,2023,8,4,Friday,False,False,,False,False,False,1620,107648,66.45,1485,1664,1544.0,1579.86
2023-08-05,2023,8,5,Saturday,True,False,,False,True,False,1987,173790,87.46,1620,1962,1697.33,1583.43
2023-08-06,2023,8,6,Sunday,True,False,,False,True,False,1731,174592,100.86,1987,1699,1779.33,1588.0
2023-08-07,2023,8,7,Monday,False,False,,False,False,False,1399,81211,58.05,1731,1282,1705.67,1604.71
2023-08-08,2023,8,8,Tuesday,False,False,,False,False,False,1556,105304,67.68,1399,1484,1562.0,1615.0
2023-08-09,2023,8,9,Wednesday,False,False,,False,False,False,740,35295,47.7,1556,1527,1231.67,1502.57
2023-08-10,2023,8,10,Thursday,False,False,,False,False,False,812,56163,69.17,740,1485,1036.0,1406.43
2023-08-11,2023,8,11,Friday,False,False,,False,False,False,1168,76176,65.22,812,1620,906.67,1341.86
2023-08-12,2023,8,12,Saturday,True,False,,False,True,False,1768,129182,73.07,1168,1987,1249.33,1310.57
2023-08-13,2023,8,13,Sunday,True,False,,False,True,False,2121,224316,105.76,1768,1731,1685.67,1366.29
2023-08-14,2023,8,14,Monday,False,False,,False,False,False,1664,141455,85.01,2121,1399,1851.0,1404.14
2023-08-15,2023,8,15,Tuesday,False,True,광복절,False,True,False,2294,273047,119.03,1664,1556,2026.33,1509.57
2023-08-16,2023,8,16,Wednesday,False,False,,False,False,False,1430,87894,61.46,2294,740,1796.0,1608.14
2023-08-17,2023,8,17,Thursday,False,False,,False,False,False,1489,90029,60.46,1430,812,1737.67,1704.86
2023-08-18,2023,8,18,Friday,False,False,,False,False,False,1654,106050,64.12,1489,1168,1524.33,1774.29
2023-08-19,2023,8,19,Saturday,True,False,,False,True,False,2195,203765,92.83,1654,1768,1779.33,1835.29
2023-08-20,2023,8,20,Sunday,True,False,,False,True,False,2028,219332,108.15,2195,2121,1959.0,1822.0
2023-08-21,2023,8,21,Monday,False,False,,False,False,False,1495,75918,50.78,2028,1664,1906.0,1797.86
2023-08-22,2023,8,22,Tuesday,False,False,,False,False,False,1120,64906,57.95,1495,2294,1547.67,1630.14
2023-08-23,2023,8,23,Wednesday,False,False,,False,False,False,1101,70180,63.74,1120,1430,1238.67,1583.14
2023-08-24,2023,8,24,Thursday,False,False,,False,False,False,1304,82454,63.23,1101,1489,1175.0,1556.71
2023-08-25,2023,8,25,Friday,False,False,,False,False,False,1988,102128,51.37,1304,1654,1464.33,1604.43
2023-08-26,2023,8,26,Saturday,True,False,,False,True,False,2138,171554,80.24,1988,2195,1810.0,1596.29
2023-08-27,2023,8,27,Sunday,True,False,,False,True,False,1999,192125,96.11,2138,2028,2041.67,1592.14
2023-08-28,2023,8,28,Monday,False,False,,False,False,False,1393,66486,47.73,1999,1495,1843.33,1577.57
2023-08-29,2023,8,29,Tuesday,False,False,,False,False,False,1273,67342,52.9,1393,1120,1555.0,1599.43
2023-08-30,2023,8,30,Wednesday,False,False,,False,False,False,1424,85628,60.13,1273,1101,1363.33,1645.57
2023-08-31,2023,8,31,Thursday,False,False,,False,False,False,1966,129149,65.69,1424,1304,1554.33,1740.14
2023-09-01,2023,9,1,Friday,False,False,,False,False,False,2137,144601,67.67,1966,1988,1842.33,1761.43
2023-09-02,2023,9,2,Saturday,True,False,,False,True,False,3905,404509,103.59,2137,2138,2669.33,2013.86
2023-09-03,2023,9,3,Sunday,True,False,,False,True,False,3849,453195,117.74,3905,1999,3297.0,2278.14
2023-09-04,2023,9,4,Monday,False,False,,False,False,False,1582,97890,61.88,3849,1393,3112.0,2305.14
2023-09-05,2023,9,5,Tuesday,False,False,,False,False,False,1457,98184,67.39,1582,1273,2296.0,2331.43
2023-09-06,2023,9,6,Wednesday,False,False,,False,False,False,1688,112397,66.59,1457,1424,1575.67,2369.14
2023-09-07,2023,9,7,Thursday,False,False,,False,False,False,1761,108713,61.73,1688,1966,1635.33,2339.86
2023-09-08,2023,9,8,Friday,False,False,,False,False,False,2234,135848,60.81,1761,2137,1894.33,2353.71
2023-09-09,2023,9,9,Saturday,True,False,,False,True,False,4206,426609,101.43,2234,3905,2733.67,2396.71
2023-09-10,2023,9,10,Sunday,True,False,,False,True,False,3847,425511,110.61,4206,3849,3429.0,2396.43
2023-09-11,2023,9,11,Monday,False,False,,False,False,False,1693,110021,64.99,3847,1582,3248.67,2412.29
2023-09-12,2023,9,12,Tuesday,False,False,,False,False,False,1663,119209,71.68,1693,1457,2401.0,2441.71
2023-09-13,2023,9,13,Wednesday,False,False,,False,False,False,1582,98607,62.33,1663,1688,1646.0,2426.57
2023-09-14,2023,9,14,Thursday,False,False,,False,False,False,2023,163654,80.9,1582,1761,1756.0,2464.0
2023-09-15,2023,9,15,Friday,False,False,,False,False,False,1034,52462,50.74,2023,2234,1546.33,2292.57
2023-09-16,2023,9,16,Saturday,True,False,,False,True,False,2539,274840,108.25,1034,4206,1865.33,2054.43
2023-09-17,2023,9,17,Sunday,True,False,,False,True,False,3716,368243,99.1,2539,3847,2429.67,2035.71
2023-09-18,2023,9,18,Monday,False,False,,False,False,False,2003,127419,63.61,3716,1693,2752.67,2080.0
2023-09-19,2023,9,19,Tuesday,False,False,,False,False,False,1739,112749,64.84,2003,1663,2486.0,2090.86
2023-09-20,2023,9,20,Wednesday,False,False,,False,False,False,1390,75246,54.13,1739,1582,1710.67,2063.43
2023-09-21,2023,9,21,Thursday,False,False,,False,False,False,1761,127218,72.24,1390,2023,1630.0,2026.0
2023-09-22,2023,9,22,Friday,False,False,,False,False,False,2096,123756,59.04,1761,1034,1749.0,2177.71
2023-09-23,2023,9,23,Saturday,True,False,,False,True,False,2796,264230,94.5,2096,2539,2217.67,2214.43
2023-09-24,2023,9,24,Sunday,True,False,,False,True,False,2753,297833,108.18,2796,3716,2548.33,2076.86
2023-09-25,2023,9,25,Monday,False,False,,False,False,False,1703,115203,67.65,2753,2003,2417.33,2034.0
2023-09-26,2023,9,26,Tuesday,False,False,,False,False,False,1511,70265,46.5,1703,1739,1989.0,2001.43
2023-09-27,2023,9,27,Wednesday,False,False,,False,False,False,1505,69661,46.29,1511,1390,1573.0,2017.86
2023-09-28,2023,9,28,Thursday,False,True,추석,False,True,True,1925,165890,86.18,1505,1761,1647.0,2041.29
2023-09-29,2023,9,29,Friday,False,True,추석,False,True,True,2901,169834,58.54,1925,2096,2110.33,2156.29
2023-09-30,2023,9,30,Saturday,True,True,추석연휴,False,True,True,2053,154582,75.3,2901,2796,2293.0,2050.14
2023-10-01,2023,10,1,Sunday,True,False,,False,True,True,2918,266846,91.45,2053,2753,2624.0,2073.71
2023-10-02,2023,10,2,Monday,False,False,,False,False,False,3014,299070,99.23,2918,1703,2661.67,2261.0
2023-10-03,2023,10,3,Tuesday,False,True,개천절,False,True,False,2469,267960,108.53,3014,1511,2800.33,2397.86
2023-10-04,2023,10,4,Wednesday,False,False,,False,False,False,1426,76753,53.82,2469,1505,2303.0,2386.57
2023-10-05,2023,10,5,Thursday,False,False,,False,False,False,1632,106288,65.13,1426,1925,1842.33,2344.71
2023-10-06,2023,10,6,Friday,False,False,,False,False,False,1753,106983,61.03,1632,2901,1603.67,2180.71
2023-10-07,2023,10,7,Saturday,True,False,,False,True,True,2886,261707,90.68,1753,2053,2090.33,2299.71
2023-10-08,2023,10,8,Sunday,True,False,,False,True,True,2403,219881,91.5,2886,2918,2347.33,2226.14
2023-10-09,2023,10,9,Monday,False,True,한글날,False,True,True,2470,251608,101.87,2403,3014,2586.33,2148.43
2023-10-10,2023,10,10,Tuesday,False,False,,False,False,False,1485,69656,46.91,2470,2469,2119.33,2007.86
2023-10-11,2023,10,11,Wednesday,False,False,,False,False,False,1830,122737,67.07,1485,1426,1928.33,2065.57
2023-10-12,2023,10,12,Thursday,False,False,,False,False,False,1874,129339,69.02,1830,1632,1729.67,2100.14
2023-10-13,2023,10,13,Friday,False,False,,False,False,False,2197,147808,67.28,1874,1753,1967.0,2163.57
2023-10-14,2023,10,14,Saturday,True,False,,False,True,False,3352,215087,64.17,2197,2886,2474.33,2230.14
2023-10-15,2023,10,15,Sunday,True,False,,False,True,False,3994,350827,87.84,3352,2403,3181.0,2457.43
2023-10-16,2023,10,16,Monday,False,False,,False,False,False,1929,115790,60.03,3994,2470,3091.67,2380.14
2023-10-17,2023,10,17,Tuesday,False,False,,False,False,False,1894,126452,66.76,1929,1485,2605.67,2438.57
2023-10-18,2023,10,18,Wednesday,False,False,,False,False,False,1765,126188,71.49,1894,1830,1862.67,2429.29
2023-10-19,2023,10,19,Thursday,False,False,,False,False,False,1593,109845,68.95,1765,1874,1750.67,2389.14
2023-10-20,2023,10,20,Friday,False,False,,False,False,False,1984,116341,58.64,1593,2197,1780.67,2358.71
2023-10-21,2023,10,21,Saturday,True,False,,False,True,False,2192,182448,83.23,1984,3352,1923.0,2193.0
2023-10-22,2023,10,22,Sunday,True,False,,False,True,False,2336,238091,101.92,2192,3994,2170.67,1956.14
2023-10-23,2023,10,23,Monday,False,False,,False,False,False,1729,123622,71.5,2336,1929,2085.67,1927.57
2023-10-24,2023,10,24,Tuesday,False,False,,False,False,False,1655,108081,65.31,1729,1894,1906.67,1893.43
2023-10-25,2023,10,25,Wednesday,False,False,,False,False,False,1675,110834,66.17,1655,1765,1686.33,1880.57
2023-10-26,2023,10,26,Thursday,False,False,,False,False,False,1631,106807,65.49,1675,1593,1653.67,1886.0
2023-10-27,2023,10,27,Friday,False,False,,False,False,False,1874,124119,66.23,1631,1984,1726.67,1870.29
2023-10-28,2023,10,28,Saturday,True,False,,False,True,False,2323,196979,84.8,1874,2192,1942.67,1889.0
2023-10-29,2023,10,29,Sunday,True,False,,False,True,False,2458,240441,97.82,2323,2336,2218.33,1906.43
2023-10-30,2023,10,30,Monday,False,False,,False,False,False,1685,99502,59.05,2458,1729,2155.33,1900.14
2023-10-31,2023,10,31,Tuesday,False,False,,False,False,False,1653,103045,62.34,1685,1655,1932.0,1899.86
2023-11-01,2023,11,1,Wednesday,False,False,,False,False,False,1569,96229,61.33,1653,1675,1635.67,1884.71
2023-11-02,2023,11,2,Thursday,False,False,,False,False,False,1739,114787,66.01,1569,1631,1653.67,1900.14
2023-11-03,2023,11,3,Friday,False,False,,False,False,False,1421,88944,62.59,1739,1874,1576.33,1835.43
2023-11-04,2023,11,4,Saturday,True,False,,False,True,False,2094,166818,79.66,1421,2323,1751.33,1802.71
2023-11-05,2023,11,5,Sunday,True,False,,False,True,False,1066,62326,58.47,2094,2458,1527.0,1603.86
2023-11-06,2023,11,6,Monday,False,False,,False,False,False,1287,69454,53.97,1066,1685,1482.33,1547.0
2023-11-07,2023,11,7,Tuesday,False,False,,False,False,False,1457,84950,58.3,1287,1653,1270.0,1519.0
2023-11-08,2023,11,8,Wednesday,False,False,,False,False,False,1584,93244,58.87,1457,1569,1442.67,1521.14
2023-11-09,2023,11,9,Thursday,False,False,,False,False,False,1520,83520,54.95,1584,1739,1520.33,1489.86
2023-11-10,2023,11,10,Friday,False,False,,False,False,False,1543,86307,55.93,1520,1421,1549.0,1507.29
2023-11-11,2023,11,11,Saturday,True,False,,False,True,False,1356,94086,69.38,1543,2094,1473.0,1401.86
2023-11-12,2023,11,12,Sunday,True,False,,False,True,False,1296,107403,82.87,1356,1066,1398.33,1434.71
2023-11-13,2023,11,13,Monday,False,False,,False,False,False,1325,77481,58.48,1296,1287,1325.67,1440.14
2023-11-14,2023,11,14,Tuesday,False,False,,False,False,False,1187,62930,53.02,1325,1457,1269.33,1401.57
2023-11-15,2023,11,15,Wednesday,False,False,,False,False,False,1424,91919,64.55,1187,1584,1312.0,1378.71
2023-11-16,2023,11,16,Thursday,False,False,,False,False,False,1170,65967,56.38,1424,1520,1260.33,1328.71
2023-11-17,2023,11,17,Friday,False,False,,False,False,False,1395,77168,55.32,1170,1543,1329.67,1307.57
2023-11-18,2023,11,18,Saturday,True,False,,False,True,False,1390,93584,67.33,1395,1356,1318.33,1312.43
2023-11-19,2023,11,19,Sunday,True,False,,False,True,False,1454,120832,83.1,1390,1296,1413.0,1335.0
2023-11-20,2023,11,20,Monday,False,False,,False,False,False,1356,80828,59.61,1454,1325,1400.0,1339.43
2023-11-21,2023,11,21,Tuesday,False,False,,False,False,False,1326,77782,58.66,1356,1187,1378.67,1359.29
2023-11-22,2023,11,22,Wednesday,False,False,,False,False,False,1364,77116,56.54,1326,1424,1348.67,1350.71
2023-11-23,2023,11,23,Thursday,False,False,,False,False,False,1313,74866,57.02,1364,1170,1334.33,1371.14
2023-11-24,2023,11,24,Friday,False,False,,False,False,False,1305,67184,51.48,1313,1395,1327.33,1358.29
2023-11-25,2023,11,25,Saturday,True,False,,False,True,False,1326,75803,57.17,1305,1390,1314.67,1349.14
2023-11-26,2023,11,26,Sunday,True,False,,False,True,False,1123,92466,82.34,1326,1454,1251.33,1301.86
2023-11-27,2023,11,27,Monday,False,False,,False,False,False,1161,51105,44.02,1123,1356,1203.33,1274.0
2023-11-28,2023,11,28,Tuesday,False,False,,False,False,False,1257,64648,51.43,1161,1326,1180.33,1264.14
2023-11-29,2023,11,29,Wednesday,False,False,,False,False,False,1164,65485,56.26,1257,1364,1194.0,1235.57
2023-11-30,2023,11,30,Thursday,False,False,,False,False,False,1101,65621,59.6,1164,1313,1174.0,1205.29
2023-12-01,2023,12,1,Friday,False,False,,False,False,False,1235,77277,62.57,1101,1305,1166.67,1195.29
2023-12-02,2023,12,2,Saturday,True,False,,False,True,False,1182,76555,64.77,1235,1326,1172.67,1174.71
2023-12-03,2023,12,3,Sunday,True,False,,False,True,False,1015,65031,64.07,1182,1123,1144.0,1159.29
2023-12-04,2023,12,4,Monday,False,False,,False,False,False,1188,62247,52.4,1015,1161,1128.33,1163.14
2023-12-05,2023,12,5,Tuesday,False,False,,False,False,False,1179,53398,45.29,1188,1257,1127.33,1152.0
2023-12-06,2023,12,6,Wednesday,False,False,,False,False,False,1059,48443,45.74,1179,1164,1142.0,1137.0
2023-12-07,2023,12,7,Thursday,False,False,,False,False,False,1148,56310,49.05,1059,1101,1128.67,1143.71
2023-12-08,2023,12,8,Friday,False,False,,False,False,False,1279,73966,57.83,1148,1235,1162.0,1150.0
2023-12-09,2023,12,9,Saturday,True,False,,False,True,False,1398,95215,68.11,1279,1182,1275.0,1180.86
2023-12-10,2023,12,10,Sunday,True,False,,False,True,False,1329,106627,80.23,1398,1015,1335.33,1225.71
2023-12-11,2023,12,11,Monday,False,False,,False,False,False,1025,43974,42.9,1329,1188,1250.67,1202.43
2023-12-12,2023,12,12,Tuesday,False,False,,False,False,False,1005,59501,59.2,1025,1179,1119.67,1177.57
2023-12-13,2023,12,13,Wednesday,False,False,,False,False,False,1185,81372,68.67,1005,1059,1071.67,1195.57
2023-12-14,2023,12,14,Thursday,False,False,,False,False,False,1060,60398,56.98,1185,1148,1083.33,1183.0
2023-12-15,2023,12,15,Friday,False,False,,False,False,False,1137,57924,50.94,1060,1279,1127.33,1162.71
2023-12-16,2023,12,16,Saturday,True,False,,False,True,False,985,54477,55.31,1137,1398,1060.67,1103.71
2023-12-17,2023,12,17,Sunday,True,False,,False,True,False,753,41316,54.87,985,1329,958.33,1021.43
2023-12-18,2023,12,18,Monday,False,False,,False,False,False,1121,59401,52.99,753,1025,953.0,1035.14
2023-12-19,2023,12,19,Tuesday,False,False,,False,False,False,1004,55894,55.67,1121,1005,959.33,1035.0
2023-12-20,2023,12,20,Wednesday,False,False,,False,False,False,899,54305,60.41,1004,1185,1008.0,994.14
2023-12-21,2023,12,21,Thursday,False,False,,False,False,False,995,48841,49.09,899,1060,966.0,984.86
2023-12-22,2023,12,22,Friday,False,False,,False,False,False,909,44501,48.96,995,1137,934.33,952.29
2023-12-23,2023,12,23,Saturday,True,False,,False,True,True,751,41693,55.52,909,985,885.0,918.86
2023-12-24,2023,12,24,Sunday,True,False,,False,True,True,996,59950,60.19,751,753,885.33,953.57
2023-12-25,2023,12,25,Monday,False,True,크리스마스,False,True,True,747,51083,68.38,996,1121,831.33,900.14
2023-12-26,2023,12,26,Tuesday,False,False,,False,False,False,1078,58444,54.22,747,1004,940.33,910.71
2023-12-27,2023,12,27,Wednesday,False,False,,False,False,False,1017,59102,58.11,1078,899,947.33,927.57
2023-12-28,2023,12,28,Thursday,False,False,,False,False,False,1057,61263,57.96,1017,995,1050.67,936.43
2023-12-29,2023,12,29,Friday,False,False,,False,False,False,1048,61386,58.57,1057,909,1040.67,956.29
2023-12-30,2023,12,30,Saturday,True,False,,False,True,True,731,35676,48.8,1048,751,945.33,953.43
2023-12-31,2023,12,31,Sunday,True,False,,False,True,True,910,45564,50.07,731,996,896.33,941.14
2024-01-01,2024,1,1,Monday,False,True,신정,False,True,True,1194,56907,47.66,910,747,945.0,1005.0
2024-01-02,2024,1,2,Tuesday,False,False,,False,False,False,967,49062,50.74,1194,1078,1023.67,989.14
2024-01-03,2024,1,3,Wednesday,False,False,,False,False,False,1013,52217,51.55,967,1017,1058.0,988.57
2024-01-04,2024,1,4,Thursday,False,False,,False,False,False,1008,52362,51.95,1013,1057,996.0,981.57
2024-01-05,2024,1,5,Friday,False,False,,False,False,False,1093,58434,53.46,1008,1048,1038.0,988.0
2024-01-06,2024,1,6,Saturday,True,False,,False,True,False,1204,73195,60.79,1093,731,1101.67,1055.57
2024-01-07,2024,1,7,Sunday,True,False,,False,True,False,754,38863,51.54,1204,910,1017.0,1033.29
2024-01-08,2024,1,8,Monday,False,False,,False,False,False,1057,48105,45.51,754,1194,1005.0,1013.71
2024-01-09,2024,1,9,Tuesday,False,False,,False,False,False,767,45776,59.68,1057,967,859.33,985.14
2024-01-10,2024,1,10,Wednesday,False,False,,False,False,False,948,53047,55.96,767,1013,924.0,975.86
2024-01-11,2024,1,11,Thursday,False,False,,False,False,False,1080,60910,56.4,948,1008,931.67,986.14
2024-01-12,2024,1,12,Friday,False,False,,False,False,False,1095,56068,51.2,1080,1093,1041.0,986.43
2024-01-13,2024,1,13,Saturday,True,False,,False,True,False,1201,72327,60.22,1095,1204,1125.33,986.0
2024-01-14,2024,1,14,Sunday,True,False,,False,True,False,764,39062,51.13,1201,754,1020.0,987.43
2024-01-15,2024,1,15,Monday,False,False,,False,False,False,960,41900,43.65,764,1057,975.0,973.57
2024-01-16,2024,1,16,Tuesday,False,False,,False,False,False,716,30355,42.4,960,767,813.33,966.29
2024-01-17,2024,1,17,Wednesday,False,False,,False,False,False,969,52566,54.25,716,948,881.67,969.29
2024-01-18,2024,1,18,Thursday,False,False,,False,False,False,1060,52319,49.36,969,1080,915.0,966.43
2024-01-19,2024,1,19,Friday,False,False,,False,False,False,1098,64242,58.51,1060,1095,1042.33,966.86
2024-01-20,2024,1,20,Saturday,True,False,,False,True,False,973,57370,58.96,1098,1201,1043.67,934.29
2024-01-21,2024,1,21,Sunday,True,False,,False,True,False,881,54102,61.41,973,764,984.0,951.0
2024-01-22,2024,1,22,Monday,False,False,,False,False,False,994,44734,45.0,881,960,949.33,955.86
2024-01-23,2024,1,23,Tuesday,False,False,,False,False,False,914,37660,41.2,994,716,929.67,984.14
2024-01-24,2024,1,24,Wednesday,False,False,,False,False,False,961,46062,47.93,914,969,956.33,983.0
2024-01-25,2024,1,25,Thursday,False,False,,False,False,False,981,51265,52.26,961,1060,952.0,971.71
2024-01-26,2024,1,26,Friday,False,False,,False,False,False,1106,57120,51.65,981,1098,1016.0,972.86
2024-01-27,2024,1,27,Saturday,True,False,,False,True,False,1096,67725,61.79,1106,973,1061.0,990.43
2024-01-28,2024,1,28,Sunday,True,False,,False,True,False,1035,65226,63.02,1096,881,1079.0,1012.43
2024-01-29,2024,1,29,Monday,False,False,,False,False,False,1138,60242,52.94,1035,994,1089.67,1033.0
2024-01-30,2024,1,30,Tuesday,False,False,,False,False,False,1179,50455,42.79,1138,914,1117.33,1070.86
2024-01-31,2024,1,31,Wednesday,False,False,,False,False,False,1185,57803,48.78,1179,961,1167.33,1102.86
2024-02-01,2024,2,1,Thursday,False,False,,False,False,False,1102,49665,45.07,1185,981,1155.33,1120.14
2024-02-02,2024,2,2,Friday,False,False,,False,False,False,1225,59428,48.51,1102,1106,1170.67,1137.14
2024-02-03,2024,2,3,Saturday,True,False,,False,True,False,1139,80024,70.26,1225,1096,1155.33,1143.29
2024-02-04,2024,2,4,Sunday,True,False,,False,True,False,1281,90542,70.68,1139,1035,1215.0,1178.43
2024-02-05,2024,2,5,Monday,False,False,,False,False,False,1109,46335,41.78,1281,1138,1176.33,1174.29
2024-02-06,2024,2,6,Tuesday,False,False,,False,False,False,1107,57742,52.16,1109,1179,1165.67,1164.0
2024-02-07,2024,2,7,Wednesday,False,False,,False,False,False,1175,56900,48.43,1107,1185,1130.33,1162.57
2024-02-08,2024,2,8,Thursday,False,False,,False,False,False,1133,54624,48.21,1175,1102,1138.33,1167.0
2024-02-09,2024,2,9,Friday,False,True,설날,False,True,True,968,64452,66.58,1133,1225,1092.0,1130.29
2024-02-10,2024,2,10,Saturday,True,True,설날,False,True,True,1315,43154,32.82,968,1139,1138.67,1155.43
2024-02-11,2024,2,11,Sunday,True,True,설날,False,True,True,1356,48100,35.47,1315,1281,1213.0,1166.14
2024-02-12,2024,2,12,Monday,False,True,설날연휴,False,True,True,1169,89486,76.55,1356,1109,1280.0,1174.71
2024-02-13,2024,2,13,Tuesday,False,False,,False,False,False,1003,59796,59.62,1169,1107,1176.0,1159.86
2024-02-14,2024,2,14,Wednesday,False,False,,False,False,False,1292,75577,58.5,1003,1175,1154.67,1176.57
2024-02-15,2024,2,15,Thursday,False,False,,False,False,False,1083,42630,39.36,1292,1133,1126.0,1169.43
2024-02-16,2024,2,16,Friday,False,False,,False,False,False,1363,76605,56.2,1083,968,1246.0,1225.86
2024-02-17,2024,2,17,Saturday,True,False,,False,True,False,1535,119856,78.08,1363,1315,1327.0,1257.29
2024-02-18,2024,2,18,Sunday,True,False,,False,True,False,1018,80322,78.9,1535,1356,1305.33,1209.0
2024-02-19,2024,2,19,Monday,False,False,,False,False,False,1088,44589,40.98,1018,1169,1213.67,1197.43
2024-02-20,2024,2,20,Tuesday,False,False,,False,False,False,1081,55139,51.01,1088,1003,1062.33,1208.57
2024-02-21,2024,2,21,Wednesday,False,False,,False,False,False,1049,50817,48.44,1081,1292,1072.67,1173.86
2024-02-22,2024,2,22,Thursday,False,False,,False,False,False,967,51932,53.7,1049,1083,1032.33,1157.29
2024-02-23,2024,2,23,Friday,False,False,,False,False,False,1296,78418,60.51,967,1363,1104.0,1147.71
2024-02-24,2024,2,24,Saturday,True,False,,False,True,False,1312,101756,77.56,1296,1535,1191.67,1115.86
2024-02-25,2024,2,25,Sunday,True,False,,False,True,False,1143,96229,84.19,1312,1018,1250.33,1133.71
2024-02-26,2024,2,26,Monday,False,False,,False,False,False,1319,78605,59.59,1143,1088,1258.0,1166.71
2024-02-27,2024,2,27,Tuesday,False,False,,False,False,False,1318,85195,64.64,1319,1081,1260.0,1200.57
2024-02-28,2024,2,28,Wednesday,False,False,,False,False,False,1268,89979,70.96,1318,1049,1301.67,1231.86
2024-02-29,2024,2,29,Thursday,False,False,,False,False,False,1491,83150,55.77,1268,967,1359.0,1306.71
2024-03-01,2024,3,1,Friday,False,True,삼일절,False,True,True,1304,84239,64.6,1491,1296,1354.33,1307.86
2024-03-02,2024,3,2,Saturday,True,False,,False,True,True,1132,83426,73.7,1304,1312,1309.0,1282.14
2024-03-03,2024,3,3,Sunday,True,False,,False,True,True,1243,98813,79.5,1132,1143,1226.33,1296.43
2024-03-04,2024,3,4,Monday,False,False,,False,False,False,1291,75392,58.4,1243,1319,1222.0,1292.43
2024-03-05,2024,3,5,Tuesday,False,False,,False,False,False,1099,71942,65.46,1291,1318,1211.0,1261.14
2024-03-06,2024,3,6,Wednesday,False,False,,False,False,False,1216,78917,64.9,1099,1268,1202.0,1253.71
2024-03-07,2024,3,7,Thursday,False,False,,False,False,False,1208,79054,65.44,1216,1491,1174.33,1213.29
2024-03-08,2024,3,8,Friday,False,False,,False,False,False,1379,84660,61.39,1208,1304,1267.67,1224.0
2024-03-09,2024,3,9,Saturday,True,False,,False,True,False,1689,128151,75.87,1379,1132,1425.33,1303.57
2024-03-10,2024,3,10,Sunday,True,False,,False,True,False,1921,165709,86.26,1689,1243,1663.0,1400.43
2024-03-11,2024,3,11,Monday,False,False,,False,False,False,1291,86504,67.01,1921,1291,1633.67,1400.43
2024-03-12,2024,3,12,Tuesday,False,False,,False,False,False,1147,57681,50.29,1291,1099,1453.0,1407.29
2024-03-13,2024,3,13,Wednesday,False,False,,False,False,False,1304,67084,51.44,1147,1216,1247.33,1419.86
2024-03-14,2024,3,14,Thursday,False,False,,False,False,False,1542,83555,54.19,1304,1208,1331.0,1467.57
2024-03-15,2024,3,15,Friday,False,False,,False,False,False,1663,92256,55.48,1542,1379,1503.0,1508.14
2024-03-16,2024,3,16,Saturday,True,False,,False,True,False,2414,203456,84.28,1663,1689,1873.0,1611.71
2024-03-17,2024,3,17,Sunday,True,False,,False,True,False,1720,160168,93.12,2414,1921,1932.33,1583.0
2024-03-18,2024,3,18,Monday,False,False,,False,False,False,1511,88081,58.29,1720,1291,1881.67,1614.43
2024-03-19,2024,3,19,Tuesday,False,False,,False,False,False,1272,65941,51.84,1511,1147,1501.0,1632.29
2024-03-20,2024,3,20,Wednesday,False,False,,False,False,False,1328,75647,56.96,1272,1304,1370.33,1635.71
2024-03-21,2024,3,21,Thursday,False,False,,False,False,False,1513,100346,66.32,1328,1542,1371.0,1631.57
2024-03-22,2024,3,22,Friday,False,False,,False,False,False,1355,85596,63.17,1513,1663,1398.67,1587.57
2024-03-23,2024,3,23,Saturday,True,False,,False,True,False,2364,195639,82.76,1355,2414,1744.0,1580.43
2024-03-24,2024,3,24,Sunday,True,False,,False,True,False,3466,363489,104.87,2364,1720,2395.0,1829.86
2024-03-25,2024,3,25,Monday,False,False,,False,False,False,1214,53831,44.34,3466,1511,2348.0,1787.43
2024-03-26,2024,3,26,Tuesday,False,False,,False,False,False,1331,66576,50.02,1214,1272,2003.67,1795.86
2024-03-27,2024,3,27,Wednesday,False,False,,False,False,False,1631,96511,59.17,1331,1328,1392.0,1839.14
2024-03-28,2024,3,28,Thursday,False,False,,False,False,False,1298,69300,53.39,1631,1513,1420.0,1808.43
2024-03-29,2024,3,29,Friday,False,False,,False,False,False,1529,73258,47.91,1298,1355,1486.0,1833.29
2024-03-30,2024,3,30,Saturday,True,False,,False,True,False,1927,156969,81.46,1529,2364,1584.67,1770.86
2024-03-31,2024,3,31,Sunday,True,False,,False,True,False,2464,228389,92.69,1927,3466,1973.33,1627.71
2024-04-01,2024,4,1,Monday,False,False,,False,False,False,1633,92866,56.87,2464,1214,2008.0,1687.57
2024-04-02,2024,4,2,Tuesday,False,False,,False,False,False,1876,108779,57.98,1633,1331,1991.0,1765.43
2024-04-03,2024,4,3,Wednesday,False,False,,False,False,False,1567,103150,65.83,1876,1631,1692.0,1756.29
2024-04-04,2024,4,4,Thursday,False,False,,False,False,False,1781,109703,61.6,1567,1298,1741.33,1825.29
2024-04-05,2024,4,5,Friday,False,False,,False,False,False,1958,124802,63.74,1781,1529,1768.67,1886.57
2024-04-06,2024,4,6,Saturday,True,False,,False,True,False,2690,246652,91.69,1958,1927,2143.0,1995.57
2024-04-07,2024,4,7,Sunday,True,False,,False,True,False,3221,343484,106.64,2690,2464,2623.0,2103.71
2024-04-08,2024,4,8,Monday,False,False,,False,False,False,1758,108103,61.49,3221,1633,2556.33,2121.57
2024-04-09,2024,4,9,Tuesday,False,False,,False,False,False,1610,81434,50.58,1758,1876,2196.33,2083.57
2024-04-10,2024,4,10,Wednesday,False,True,식목일,False,True,False,2764,322664,116.74,1610,1567,2044.0,2254.57
2024-04-11,2024,4,11,Thursday,False,False,,False,False,False,1854,93618,50.5,2764,1781,2076.0,2265.0
2024-04-12,2024,4,12,Friday,False,False,,False,False,False,1838,119266,64.89,1854,1958,2152.0,2247.86
2024-04-13,2024,4,13,Saturday,True,False,,False,True,False,3291,343106,104.26,1838,2690,2327.67,2333.71
2024-04-14,2024,4,14,Sunday,True,False,,False,True,False,3287,366759,111.58,3291,3221,2805.33,2343.14
2024-04-15,2024,4,15,Monday,False,False,,False,False,False,1068,32500,30.43,3287,1758,2548.67,2244.57
2024-04-16,2024,4,16,Tuesday,False,False,,False,False,False,1201,67743,56.41,1068,1610,1852.0,2186.14
2024-04-17,2024,4,17,Wednesday,False,False,,False,False,False,1671,95292,57.03,1201,2764,1313.33,2030.0
2024-04-18,2024,4,18,Thursday,False,False,,False,False,False,1563,93227,59.65,1671,1854,1478.33,1988.43
2024-04-19,2024,4,19,Friday,False,False,,False,False,False,1867,106948,57.28,1563,1838,1700.33,1992.57
2024-04-20,2024,4,20,Saturday,True,False,,False,True,False,1450,83603,57.66,1867,3291,1626.67,1729.57
2024-04-21,2024,4,21,Sunday,True,False,,False,True,False,2292,244049,106.48,1450,3287,1869.67,1587.43
2024-04-22,2024,4,22,Monday,False,False,,False,False,False,1750,113398,64.8,2292,1068,1830.67,1684.86
2024-04-23,2024,4,23,Tuesday,False,False,,False,False,False,1760,102998,58.52,1750,1201,1934.0,1764.71
2024-04-24,2024,4,24,Wednesday,False,False,,False,False,False,1758,94639,53.83,1760,1671,1756.0,1777.14
2024-04-25,2024,4,25,Thursday,False,False,,False,False,False,1898,122614,64.6,1758,1563,1805.33,1825.0
2024-04-26,2024,4,26,Friday,False,False,,False,False,False,1985,105160,52.98,1898,1867,1880.33,1841.86
2024-04-27,2024,4,27,Saturday,True,False,,False,True,False,3026,298158,98.53,1985,1450,2303.0,2067.0
2024-04-28,2024,4,28,Sunday,True,False,,False,True,False,3102,330803,106.64,3026,2292,2704.33,2182.71
2024-04-29,2024,4,29,Monday,False,False,,False,False,False,1780,97265,54.64,3102,1750,2636.0,2187.0
2024-04-30,2024,4,30,Tuesday,False,False,,False,False,False,2069,129811,62.74,1780,1760,2317.0,2231.14
2024-05-01,2024,5,1,Wednesday,False,False,,False,False,False,2654,297262,112.01,2069,1758,2167.67,2359.14
2024-05-02,2024,5,2,Thursday,False,False,,False,False,False,2055,144433,70.28,2654,1898,2259.33,2381.57
2024-05-03,2024,5,3,Friday,False,False,,False,False,False,2328,171110,73.5,2055,1985,2345.67,2430.57
2024-05-04,2024,5,4,Saturday,True,False,,False,True,True,4896,241877,49.4,2328,3026,3093.0,2697.71
2024-05-05,2024,5,5,Sunday,True,True,어린이날,False,True,True,2142,101425,47.35,4896,3102,3122.0,2560.57
2024-05-06,2024,5,6,Monday,False,True,대체공휴일,True,True,True,1362,85681,62.91,2142,1780,2800.0,2500.86
2024-05-07,2024,5,7,Tuesday,False,False,,False,False,False,1479,70308,47.54,1362,2069,1661.0,2416.57
2024-05-08,2024,5,8,Wednesday,False,False,,False,False,False,1765,102305,57.96,1479,2654,1535.33,2289.57
2024-05-09,2024,5,9,Thursday,False,False,,False,False,False,1839,108978,59.26,1765,2055,1694.33,2258.71
2024-05-10,2024,5,10,Friday,False,False,,False,False,False,2159,123939,57.41,1839,2328,1921.0,2234.57
2024-05-11,2024,5,11,Saturday,True,False,,False,True,False,1647,98936,60.07,2159,4896,1881.67,1770.43
2024-05-12,2024,5,12,Sunday,True,False,,False,True,False,3001,311072,103.66,1647,2142,2269.0,1893.14
2024-05-13,2024,5,13,Monday,False,False,,False,False,False,1936,117035,60.45,3001,1362,2194.67,1975.14
2024-05-14,2024,5,14,Tuesday,False,False,,False,False,False,1897,98240,51.79,1936,1479,2278.0,2034.86
2024-05-15,2024,5,15,Wednesday,False,True,스승의날,False,True,False,1358,96036,70.72,1897,1765,1730.33,1976.71
2024-05-16,2024,5,16,Thursday,False,False,,False,False,False,2079,120964,58.18,1358,1839,1778.0,2011.0
2024-05-17,2024,5,17,Friday,False,False,,False,False,False,1960,129516,66.08,2079,2159,1799.0,1982.57
2024-05-18,2024,5,18,Saturday,True,False,,False,True,False,3302,315232,95.47,1960,1647,2447.0,2219.0
2024-05-19,2024,5,19,Sunday,True,False,,False,True,False,3297,340677,103.33,3302,3001,2853.0,2261.29
2024-05-20,2024,5,20,Monday,False,False,,False,False,False,1537,57611,37.48,3297,1936,2712.0,2204.29
2024-05-21,2024,5,21,Tuesday,False,False,,False,False,False,1950,121086,62.1,1537,1897,2261.33,2211.86
2024-05-22,2024,5,22,Wednesday,False,False,,False,False,False,2050,119383,58.24,1950,1358,1845.67,2310.71
2024-05-23,2024,5,23,Thursday,False,False,,False,False,False,1947,105958,54.42,2050,2079,1982.33,2291.86
2024-05-24,2024,5,24,Friday,False,False,,False,False,False,1923,109899,57.15,1947,1960,1973.33,2286.57
2024-05-25,2024,5,25,Saturday,True,False,,False,True,False,3100,297748,96.05,1923,3302,2323.33,2257.71
2024-05-26,2024,5,26,Sunday,True,False,,False,True,False,1821,122575,67.31,3100,3297,2281.33,2046.86
2024-05-27,2024,5,27,Monday,False,False,,False,False,False,1798,105379,58.61,1821,1537,2239.67,2084.14
2024-05-28,2024,5,28,Tuesday,False,False,,False,False,False,2086,141633,67.9,1798,1950,1901.67,2103.57
2024-05-29,2024,5,29,Wednesday,False,False,,False,False,False,2064,144856,70.18,2086,2050,1982.67,2105.57
2024-05-30,2024,5,30,Thursday,False,False,,False,False,False,1768,122783,69.45,2064,1947,1972.67,2080.0
2024-05-31,2024,5,31,Friday,False,False,,False,False,False,2316,150483,64.98,1768,1923,2049.33,2136.14
2024-06-01,2024,6,1,Saturday,True,False,,False,True,False,4711,340856,72.35,2316,3100,2931.67,2366.29
2024-06-03,2024,6,3,Monday,False,False,,False,False,False,440,17262,39.23,4711,1821,2489.0,2169.0
2024-06-04,2024,6,4,Tuesday,False,False,,False,False,False,1923,108498,56.42,440,1798,2358.0,2186.86
2024-06-05,2024,6,5,Wednesday,False,False,,False,False,False,2119,115738,54.62,1923,2086,1494.0,2191.57
2024-06-06,2024,6,6,Thursday,False,True,현충일,False,True,False,2869,276505,96.38,2119,2064,2303.67,2306.57
2024-06-07,2024,6,7,Friday,False,False,,False,False,False,2001,130852,65.39,2869,1768,2329.67,2339.86
2024-06-08,2024,6,8,Saturday,True,False,,False,True,False,2011,144306,71.76,2001,2316,2293.67,2296.29
2024-06-09,2024,6,9,Sunday,True,False,,False,True,False,2737,283801,103.69,2011,4711,2249.67,2014.29
2024-06-10,2024,6,10,Monday,False,False,,False,False,False,1794,108027,60.22,2737,440,2180.67,2207.71
2024-06-11,2024,6,11,Tuesday,False,False,,False,False,False,1551,82436,53.15,1794,1923,2027.33,2154.57
2024-06-12,2024,6,12,Wednesday,False,False,,False,False,False,1593,89289,56.05,1551,2119,1646.0,2079.43
2024-06-13,2024,6,13,Thursday,False,False,,False,False,False,2147,121224,56.46,1593,2869,1763.67,1976.29
2024-06-14,2024,6,14,Friday,False,False,,False,False,False,2208,122535,55.5,2147,2001,1982.67,2005.86
2024-06-15,2024,6,15,Saturday,True,False,,False,True,False,4097,398638,97.3,2208,2011,2817.33,2303.86
2024-06-16,2024,6,16,Sunday,True,False,,False,True,False,3487,319548,91.64,4097,2737,3264.0,2411.0
2024-06-17,2024,6,17,Monday,False,False,,False,False,False,1857,91970,49.53,3487,1794,3147.0,2420.0
2024-06-18,2024,6,18,Tuesday,False,False,,False,False,False,1856,103255,55.63,1857,1551,2400.0,2463.57
2024-06-19,2024,6,19,Wednesday,False,False,,False,False,False,1995,100098,50.17,1856,1593,1902.67,2521.0
2024-06-20,2024,6,20,Thursday,False,False,,False,False,False,1917,107965,56.32,1995,2147,1922.67,2488.14
2024-06-21,2024,6,21,Friday,False,False,,False,False,False,2076,124345,59.9,1917,2208,1996.0,2469.29
2024-06-22,2024,6,22,Saturday,True,False,,False,True,False,1892,133060,70.33,2076,4097,1961.67,2154.29
2024-06-23,2024,6,23,Sunday,True,False,,False,True,False,2575,265375,103.06,1892,3487,2181.0,2024.0
2024-06-24,2024,6,24,Monday,False,False,,False,False,False,1627,85091,52.3,2575,1857,2031.33,1991.14
2024-06-25,2024,6,25,Tuesday,False,False,,False,False,False,1808,103248,57.11,1627,1856,2003.33,1984.29
2024-06-26,2024,6,26,Wednesday,False,False,,False,False,False,1780,109090,61.29,1808,1995,1738.33,1953.57
2024-06-27,2024,6,27,Thursday,False,False,,False,False,False,1781,107181,60.18,1780,1917,1789.67,1934.14
2024-06-28,2024,6,28,Friday,False,False,,False,False,False,2085,115856,55.57,1781,2076,1882.0,1935.43
2024-06-29,2024,6,29,Saturday,True,False,,False,True,False,2152,213045,99.0,2085,1892,2006.0,1972.57
2024-06-30,2024,6,30,Sunday,True,False,,False,True,False,1383,88942,64.31,2152,2575,1873.33,1802.29
2024-07-01,2024,7,1,Monday,False,False,,False,False,False,1643,79528,48.4,1383,1627,1726.0,1804.57
2024-07-02,2024,7,2,Tuesday,False,False,,False,False,False,1230,43925,35.71,1643,1808,1418.67,1722.0
2024-07-03,2024,7,3,Wednesday,False,False,,False,False,False,1425,67972,47.7,1230,1780,1432.67,1671.29
2024-07-04,2024,7,4,Thursday,False,False,,False,False,False,1515,81359,53.7,1425,1781,1390.0,1633.29
2024-07-05,2024,7,5,Friday,False,False,,False,False,False,1549,85120,54.95,1515,2085,1496.33,1556.71
2024-07-06,2024,7,6,Saturday,True,False,,False,True,False,1711,128092,74.86,1549,2152,1591.67,1493.71
2024-07-07,2024,7,7,Sunday,True,False,,False,True,False,1825,176143,96.52,1711,1383,1695.0,1556.86
2024-07-08,2024,7,8,Monday,False,False,,False,False,False,1351,51988,38.48,1825,1643,1629.0,1515.14
2024-07-09,2024,7,9,Tuesday,False,False,,False,False,False,1161,52417,45.15,1351,1230,1445.67,1505.29
2024-07-10,2024,7,10,Wednesday,False,False,,False,False,False,1368,70721,51.7,1161,1425,1293.33,1497.14
2024-07-11,2024,7,11,Thursday,False,False,,False,False,False,1618,88582,54.75,1368,1515,1382.33,1511.86
2024-07-12,2024,7,12,Friday,False,False,,False,False,False,1764,109108,61.85,1618,1549,1583.33,1542.57
2024-07-13,2024,7,13,Saturday,True,False,,False,True,False,2318,211380,91.19,1764,1711,1900.0,1629.29
2024-07-14,2024,7,14,Sunday,True,False,,False,True,False,2185,224403,102.7,2318,1825,2089.0,1680.71
2024-07-15,2024,7,15,Monday,False,False,,False,False,False,1576,73789,46.82,2185,1351,2026.33,1712.86
2024-07-16,2024,7,16,Tuesday,False,False,,False,False,False,1393,57822,41.51,1576,1161,1718.0,1746.0
2024-07-17,2024,7,17,Wednesday,False,False,,False,False,False,1419,43241,30.47,1393,1368,1462.67,1753.29
2024-07-18,2024,7,18,Thursday,False,False,,False,False,False,1099,40811,37.13,1419,1618,1303.67,1679.14
2024-07-19,2024,7,19,Friday,False,False,,False,False,False,1424,67819,47.63,1099,1764,1314.0,1630.57
2024-07-20,2024,7,20,Saturday,True,False,,False,True,False,1272,71004,55.82,1424,2318,1265.0,1481.14
2024-07-21,2024,7,21,Sunday,True,False,,False,True,False,1415,87165,61.6,1272,2185,1370.33,1371.14
2024-07-22,2024,7,22,Monday,False,False,,False,False,False,1293,47837,37.0,1415,1576,1326.67,1330.71
2024-07-23,2024,7,23,Tuesday,False,False,,False,False,False,1257,67591,53.77,1293,1393,1321.67,1311.29
2024-07-24,2024,7,24,Wednesday,False,False,,False,False,False,1390,70156,50.47,1257,1419,1313.33,1307.14
2024-07-25,2024,7,25,Thursday,False,False,,False,False,False,1418,80723,56.93,1390,1099,1355.0,1352.71
2024-07-26,2024,7,26,Friday,False,False,,False,False,False,1483,75305,50.78,1418,1424,1430.33,1361.14
2024-07-27,2024,7,27,Saturday,True,False,,False,True,False,1479,99754,67.45,1483,1272,1460.0,1390.71
2024-07-28,2024,7,28,Sunday,True,False,,False,True,False,1661,113870,68.56,1479,1415,1541.0,1425.86
2024-07-29,2024,7,29,Monday,False,False,,False,False,False,1537,87736,57.08,1661,1293,1559.0,1460.71
2024-07-30,2024,7,30,Tuesday,False,False,,False,False,False,1517,72635,47.88,1537,1257,1571.67,1497.86
2024-07-31,2024,7,31,Wednesday,False,False,,False,False,False,1778,102057,57.4,1517,1390,1610.67,1553.29
2024-08-01,2024,8,1,Thursday,False,False,,False,False,False,1513,67720,44.76,1778,1418,1602.67,1566.86
2024-08-02,2024,8,2,Friday,False,False,,False,False,False,1701,123366,72.53,1513,1483,1664.0,1598.0
2024-08-03,2024,8,3,Saturday,True,False,,False,True,False,2193,200959,91.64,1701,1479,1802.33,1700.0
2024-08-04,2024,8,4,Sunday,True,False,,False,True,False,1723,147307,85.49,2193,1661,1872.33,1708.86
2024-08-05,2024,8,5,Monday,False,False,,False,False,False,1490,81358,54.6,1723,1537,1802.0,1702.14
2024-08-06,2024,8,6,Tuesday,False,False,,False,False,False,1487,78812,53.0,1490,1517,1566.67,1697.86
2024-08-07,2024,8,7,Wednesday,False,False,,False,False,False,1438,78172,54.36,1487,1778,1471.67,1649.29
2024-08-08,2024,8,8,Thursday,False,False,,False,False,False,1695,102447,60.44,1438,1513,1540.0,1675.29
2024-08-09,2024,8,9,Friday,False,False,,False,False,False,1898,123945,65.3,1695,1701,1677.0,1703.43
2024-08-10,2024,8,10,Saturday,True,False,,False,True,False,2401,219687,91.5,1898,2193,1998.0,1733.14
2024-08-11,2024,8,11,Sunday,True,False,,False,True,False,2164,215957,99.8,2401,1723,2154.33,1796.14
2024-08-12,2024,8,12,Monday,False,False,,False,False,False,1772,90418,51.03,2164,1490,2112.33,1836.43
2024-08-13,2024,8,13,Tuesday,False,False,,False,False,False,1572,93053,59.19,1772,1487,1836.0,1848.57
2024-08-14,2024,8,14,Wednesday,False,False,,False,False,False,1708,94911,55.57,1572,1438,1684.0,1887.14
2024-08-15,2024,8,15,Thursday,False,True,광복절,False,True,False,2148,229335,106.77,1708,1695,1809.33,1951.86
2024-08-16,2024,8,16,Friday,False,False,,False,False,False,1773,128904,72.7,2148,1898,1876.33,1934.0
2024-08-17,2024,8,17,Saturday,True,False,,False,True,False,2234,221744,99.26,1773,2401,2051.67,1910.14
2024-08-18,2024,8,18,Sunday,True,False,,False,True,False,2099,198294,94.47,2234,2164,2035.33,1900.86
2024-08-19,2024,8,19,Monday,False,False,,False,False,False,1511,55592,36.79,2099,1772,1948.0,1863.57
2024-08-20,2024,8,20,Tuesday,False,False,,False,False,False,1510,66404,43.98,1511,1572,1706.67,1854.71
2024-08-21,2024,8,21,Wednesday,False,False,,False,False,False,1495,55724,37.27,1510,1708,1505.33,1824.29
2024-08-22,2024,8,22,Thursday,False,False,,False,False,False,1484,66224,44.63,1495,2148,1496.33,1729.43
2024-08-23,2024,8,23,Friday,False,False,,False,False,False,1812,84288,46.52,1484,1773,1597.0,1735.0
2024-08-24,2024,8,24,Saturday,True,False,,False,True,False,1920,136265,70.97,1812,2234,1738.67,1690.14
2024-08-25,2024,8,25,Sunday,True,False,,False,True,False,1703,121474,71.33,1920,2099,1811.67,1633.57
2024-08-26,2024,8,26,Monday,False,False,,False,False,False,1812,71943,39.7,1703,1511,1811.67,1676.57
2024-08-27,2024,8,27,Tuesday,False,False,,False,False,False,1831,69764,38.1,1812,1510,1782.0,1722.43
2024-08-28,2024,8,28,Wednesday,False,False,,False,False,False,1778,67560,38.0,1831,1495,1807.0,1762.86
2024-08-29,2024,8,29,Thursday,False,False,,False,False,False,1808,82815,45.8,1778,1484,1805.67,1809.14
2024-08-30,2024,8,30,Friday,False,False,,False,False,False,2278,93734,41.15,1808,1812,1954.67,1875.71
2024-08-31,2024,8,31,Saturday,True,False,,False,True,False,2353,167250,71.08,2278,1920,2146.33,1937.57
2024-09-01,2024,9,1,Sunday,True,False,,False,True,False,2183,198453,90.91,2353,1703,2271.33,2006.14
2024-09-02,2024,9,2,Monday,False,False,,False,False,False,1830,82458,45.06,2183,1812,2122.0,2008.71
2024-09-03,2024,9,3,Tuesday,False,False,,False,False,False,1871,101671,54.34,1830,1831,1961.33,2014.43
2024-09-04,2024,9,4,Wednesday,False,False,,False,False,False,1906,86802,45.54,1871,1778,1869.0,2032.71
2024-09-05,2024,9,5,Thursday,False,False,,False,False,False,2088,123293,59.05,1906,1808,1955.0,2072.71
2024-09-06,2024,9,6,Friday,False,False,,False,False,False,2249,116176,51.66,2088,2278,2081.0,2068.57
2024-09-07,2024,9,7,Saturday,True,False,,False,True,False,4533,215429,47.52,2249,2353,2956.67,2380.0
2024-09-08,2024,9,8,Sunday,True,False,,False,True,False,4690,347237,74.04,4533,2183,3824.0,2738.14
2024-09-09,2024,9,9,Monday,False,False,,False,False,False,1883,87728,46.59,4690,1830,3702.0,2745.71
2024-09-10,2024,9,10,Tuesday,False,False,,False,False,False,1790,67770,37.86,1883,1871,2787.67,2734.14
2024-09-11,2024,9,11,Wednesday,False,False,,False,False,False,1945,82556,42.45,1790,1906,1872.67,2739.71
2024-09-12,2024,9,12,Thursday,False,False,,False,False,False,1714,64834,37.83,1945,2088,1816.33,2686.29
2024-09-13,2024,9,13,Friday,False,False,,False,False,False,1601,70849,44.25,1714,2249,1753.33,2593.71
2024-09-14,2024,9,14,Saturday,True,False,,False,True,True,2009,129119,64.27,1601,4533,1774.67,2233.14
2024-09-15,2024,9,15,Sunday,True,False,,False,True,True,1926,130263,67.63,2009,4690,1845.33,1838.29
2024-09-16,2024,9,16,Monday,False,True,추석,False,True,True,2119,130145,61.42,1926,1883,2018.0,1872.0
2024-09-17,2024,9,17,Tuesday,False,True,추석연휴,False,True,True,1970,105604,53.61,2119,1790,2005.0,1897.71
2024-09-18,2024,9,18,Wednesday,False,True,추석연휴,False,True,True,1726,117885,68.3,1970,1945,1938.33,1866.43
2024-09-19,2024,9,19,Thursday,False,False,,False,False,False,1550,79093,51.03,1726,1714,1748.67,1843.0
2024-09-20,2024,9,20,Friday,False,False,,False,False,False,1552,66397,42.78,1550,1601,1609.33,1836.0
2024-09-21,2024,9,21,Saturday,True,False,,False,True,False,4008,316973,79.09,1552,2009,2370.0,2121.57
2024-09-22,2024,9,22,Sunday,True,False,,False,True,False,4411,260877,59.14,4008,1926,3323.67,2476.57
2024-09-23,2024,9,23,Monday,False,False,,False,False,False,2349,121969,51.92,4411,2119,3589.33,2509.43
2024-09-24,2024,9,24,Tuesday,False,False,,False,False,False,1488,29610,19.9,2349,1970,2749.33,2440.57
2024-09-25,2024,9,25,Wednesday,False,False,,False,False,False,1411,85794,60.8,1488,1726,1749.33,2395.57
2024-09-26,2024,9,26,Thursday,False,False,,False,False,False,2476,156008,63.01,1411,1550,1791.67,2527.86
2024-09-27,2024,9,27,Friday,False,False,,False,False,False,2915,201302,69.06,2476,1552,2267.33,2722.57
2024-09-28,2024,9,28,Saturday,True,False,,False,True,False,5061,433205,85.6,2915,4008,3484.0,2873.0
2024-09-29,2024,9,29,Sunday,True,False,,False,True,False,3998,230363,57.62,5061,4411,3991.33,2814.0
2024-09-30,2024,9,30,Monday,False,False,,False,False,False,2465,135317,54.9,3998,2349,3841.33,2830.57
2024-10-01,2024,10,1,Tuesday,False,False,,False,False,False,2312,186400,80.62,2465,1488,2925.0,2948.29
2024-10-02,2024,10,2,Wednesday,False,False,,False,False,False,2213,99021,44.75,2312,1411,2330.0,3062.86
2024-10-03,2024,10,3,Thursday,False,True,개천절,False,True,False,3120,309997,99.36,2213,2476,2548.33,3154.86
2024-10-04,2024,10,4,Friday,False,False,,False,False,False,2045,128435,62.8,3120,2915,2459.33,3030.57
2024-10-05,2024,10,5,Saturday,True,False,,False,True,False,3224,270065,83.77,2045,5061,2796.33,2768.14
2024-10-06,2024,10,6,Sunday,True,False,,False,True,False,1878,167278,89.07,3224,3998,2382.33,2465.29
2024-10-07,2024,10,7,Monday,False,False,,False,False,False,1926,110875,57.57,1878,2465,2342.67,2388.29
2024-10-08,2024,10,8,Tuesday,False,False,,False,False,False,1838,87031,47.35,1926,2312,1880.67,2320.57
2024-10-09,2024,10,9,Wednesday,False,True,한글날,False,True,False,3382,372716,110.21,1838,2213,2382.0,2487.57
2024-10-10,2024,10,10,Thursday,False,False,,False,False,False,2191,143112,65.32,3382,3120,2470.33,2354.86
2024-10-11,2024,10,11,Friday,False,False,,False,False,False,2526,157635,62.4,2191,2045,2699.67,2423.57
2024-10-12,2024,10,12,Saturday,True,False,,False,True,False,4146,284640,68.65,2526,3224,2954.33,2555.29
2024-10-13,2024,10,13,Sunday,True,False,,False,True,False,3900,360223,92.36,4146,1878,3524.0,2844.14
2024-10-14,2024,10,14,Monday,False,False,,False,False,False,2158,123499,57.23,3900,1926,3401.33,2877.29
2024-10-15,2024,10,15,Tuesday,False,False,,False,False,False,1816,93081,51.26,2158,1838,2624.67,2874.14
2024-10-16,2024,10,16,Wednesday,False,False,,False,False,False,2058,119313,57.98,1816,3382,2010.67,2685.0
2024-10-17,2024,10,17,Thursday,False,False,,False,False,False,2187,143580,65.65,2058,2191,2020.33,2684.43
2024-10-18,2024,10,18,Friday,False,False,,False,False,False,1620,69886,43.14,2187,2526,1955.0,2555.0
2024-10-19,2024,10,19,Saturday,True,False,,False,True,False,2506,219359,87.53,1620,4146,2104.33,2320.71
2024-10-20,2024,10,20,Sunday,True,False,,False,True,False,3071,306369,99.76,2506,3900,2399.0,2202.29
2024-10-21,2024,10,21,Monday,False,False,,False,False,False,1635,86245,52.75,3071,2158,2404.0,2127.57
2024-10-22,2024,10,22,Tuesday,False,False,,False,False,False,1475,50192,34.03,1635,1816,2060.33,2078.86
2024-10-23,2024,10,23,Wednesday,False,False,,False,False,False,1832,89210,48.7,1475,2058,1647.33,2046.57
2024-10-24,2024,10,24,Thursday,False,False,,False,False,False,1824,99925,54.78,1832,2187,1710.33,1994.71
2024-10-25,2024,10,25,Friday,False,False,,False,False,False,2231,133091,59.66,1824,1620,1962.33,2082.0
2024-10-26,2024,10,26,Saturday,True,False,,False,True,False,3356,350067,104.31,2231,2506,2470.33,2203.43
2024-10-27,2024,10,27,Sunday,True,False,,False,True,False,2344,226831,96.77,3356,3071,2643.67,2099.57
2024-10-28,2024,10,28,Monday,False,False,,False,False,False,1957,100866,51.54,2344,1635,2552.33,2145.57
2024-10-29,2024,10,29,Tuesday,False,False,,False,False,False,1907,103966,54.52,1957,1475,2069.33,2207.29
2024-10-30,2024,10,30,Wednesday,False,False,,False,False,False,2102,122836,58.44,1907,1832,1988.67,2245.86
2024-10-31,2024,10,31,Thursday,False,False,,False,False,False,2162,115389,53.37,2102,1824,2057.0,2294.14
2024-11-01,2024,11,1,Friday,False,False,,False,False,False,1882,93634,49.75,2162,2231,2048.67,2244.29
2024-11-02,2024,11,2,Saturday,True,False,,False,True,False,2508,208239,83.03,1882,3356,2184.0,2123.14
2024-11-03,2024,11,3,Sunday,True,False,,False,True,False,2554,234502,91.82,2508,2344,2314.67,2153.14
2024-11-04,2024,11,4,Monday,False,False,,False,False,False,1846,93939,50.89,2554,1957,2302.67,2137.29
2024-11-05,2024,11,5,Tuesday,False,False,,False,False,False,1749,88501,50.6,1846,1907,2049.67,2114.71
2024-11-06,2024,11,6,Wednesday,False,False,,False,False,False,1828,87719,47.99,1749,2102,1807.67,2075.57
2024-11-07,2024,11,7,Thursday,False,False,,False,False,False,1769,91622,51.79,1828,2162,1782.0,2019.43
2024-11-08,2024,11,8,Friday,False,False,,False,False,False,1790,91355,51.04,1769,1882,1795.67,2006.29
2024-11-09,2024,11,9,Saturday,True,False,,False,True,False,2104,179016,85.08,1790,2508,1887.67,1948.57
2024-11-10,2024,11,10,Sunday,True,False,,False,True,False,2253,191212,84.87,2104,2554,2049.0,1905.57
2024-11-11,2024,11,11,Monday,False,False,,False,False,False,1854,98344,53.04,2253,1846,2070.33,1906.71
2024-11-12,2024,11,12,Tuesday,False,False,,False,False,False,1476,54398,36.86,1854,1749,1861.0,1867.71
2024-11-13,2024,11,13,Wednesday,False,False,,False,False,False,1820,87332,47.98,1476,1828,1716.67,1866.57
2024-11-14,2024,11,14,Thursday,False,False,,False,False,False,1497,81955,54.75,1820,1769,1597.67,1827.71
2024-11-15,2024,11,15,Friday,False,False,,False,False,False,1760,92101,52.33,1497,1790,1692.33,1823.43
2024-11-16,2024,11,16,Saturday,True,False,,False,True,False,1790,130135,72.7,1760,2104,1682.33,1778.57
2024-11-17,2024,11,17,Sunday,True,False,,False,True,False,1691,130832,77.37,1790,2253,1747.0,1698.29
2024-11-18,2024,11,18,Monday,False,False,,False,False,False,1563,63681,40.74,1691,1854,1681.33,1656.71
2024-11-19,2024,11,19,Tuesday,False,False,,False,False,False,1536,62518,40.7,1563,1476,1596.67,1665.29
2024-11-20,2024,11,20,Wednesday,False,False,,False,False,False,1544,66256,42.91,1536,1820,1547.67,1625.86
2024-11-21,2024,11,21,Thursday,False,False,,False,False,False,1540,73755,47.89,1544,1497,1540.0,1632.0
2024-11-22,2024,11,22,Friday,False,False,,False,False,False,1779,74910,42.11,1540,1760,1621.0,1634.71
2024-11-23,2024,11,23,Saturday,True,False,,False,True,False,1861,133825,71.91,1779,1790,1726.67,1644.86
2024-11-24,2024,11,24,Sunday,True,False,,False,True,False,1597,126377,79.13,1861,1691,1745.67,1631.43
2024-11-25,2024,11,25,Monday,False,False,,False,False,False,1746,68437,39.2,1597,1563,1734.67,1657.57
2024-11-26,2024,11,26,Tuesday,False,False,,False,False,False,1299,42871,33.0,1746,1536,1547.33,1623.71
2024-11-27,2024,11,27,Wednesday,False,False,,False,False,False,1232,40707,33.04,1299,1544,1425.67,1579.14
2024-11-28,2024,11,28,Thursday,False,False,,False,False,False,1104,43185,39.12,1232,1540,1211.67,1516.86
2024-11-29,2024,11,29,Friday,False,False,,False,False,False,1479,48273,32.64,1104,1779,1271.67,1474.0
2024-11-30,2024,11,30,Saturday,True,False,,False,True,False,1432,68637,47.93,1479,1861,1338.33,1412.71
2024-12-01,2024,12,1,Sunday,True,False,,False,True,False,1152,86294,74.91,1432,1597,1354.33,1349.14
2024-12-02,2024,12,2,Monday,False,False,,False,False,False,1458,46295,31.75,1152,1746,1347.33,1308.0
2024-12-03,2024,12,3,Tuesday,False,False,,False,False,False,1513,54717,36.16,1458,1299,1374.33,1338.57
2024-12-04,2024,12,4,Wednesday,False,False,,False,False,False,1348,57073,42.34,1513,1232,1439.67,1355.14
2024-12-05,2024,12,5,Thursday,False,False,,False,False,False,1562,55865,35.77,1348,1104,1474.33,1420.57
2024-12-06,2024,12,6,Friday,False,False,,False,False,False,1744,64912,37.22,1562,1479,1551.33,1458.43
2024-12-07,2024,12,7,Saturday,True,False,,False,True,False,1465,85191,58.15,1744,1432,1590.33,1463.14
2024-12-08,2024,12,8,Sunday,True,False,,False,True,False,1164,76232,65.49,1465,1152,1457.67,1464.86
2024-12-09,2024,12,9,Monday,False,False,,False,False,False,1417,47570,33.57,1164,1458,1348.67,1459.0
2024-12-10,2024,12,10,Tuesday,False,False,,False,False,False,1367,32457,23.74,1417,1513,1316.0,1438.14
2024-12-11,2024,12,11,Wednesday,False,False,,False,False,False,1301,40671,31.26,1367,1348,1361.67,1431.43
2024-12-12,2024,12,12,Thursday,False,False,,False,False,False,1384,36949,26.7,1301,1562,1350.67,1406.0
2024-12-13,2024,12,13,Friday,False,False,,False,False,False,1249,47698,38.19,1384,1744,1311.33,1335.29
2024-12-14,2024,12,14,Saturday,True,False,,False,True,False,1152,58804,51.05,1249,1465,1261.67,1290.57
2024-12-15,2024,12,15,Sunday,True,False,,False,True,False,1019,58259,57.17,1152,1164,1140.0,1269.86
2024-12-16,2024,12,16,Monday,False,False,,False,False,False,1416,43152,30.47,1019,1417,1195.67,1269.71
2024-12-17,2024,12,17,Tuesday,False,False,,False,False,False,1362,42410,31.14,1416,1367,1265.67,1269.0
2024-12-18,2024,12,18,Wednesday,False,False,,False,False,False,1448,45995,31.76,1362,1301,1408.67,1290.0
2024-12-19,2024,12,19,Thursday,False,False,,False,False,False,1397,39430,28.22,1448,1384,1402.33,1291.86
2024-12-20,2024,12,20,Friday,False,False,,False,False,False,1185,47088,39.74,1397,1249,1343.33,1282.71
2024-12-21,2024,12,21,Saturday,True,False,,False,True,False,1097,50169,45.73,1185,1152,1226.33,1274.86
2024-12-22,2024,12,22,Sunday,True,False,,False,True,False,890,44730,50.26,1097,1019,1057.33,1256.43
2024-12-23,2024,12,23,Monday,False,False,,False,False,False,1243,40397,32.5,890,1416,1076.67,1231.71
2024-12-24,2024,12,24,Tuesday,False,False,,False,False,False,1598,48072,30.08,1243,1362,1243.67,1265.43
2024-12-25,2024,12,25,Wednesday,False,True,크리스마스,False,True,False,1071,65877,61.51,1598,1448,1304.0,1211.57
2024-12-26,2024,12,26,Thursday,False,False,,False,False,False,1274,43559,34.19,1071,1397,1314.33,1194.0
2024-12-27,2024,12,27,Friday,False,False,,False,False,False,1211,41233,34.05,1274,1185,1185.33,1197.71
2024-12-28,2024,12,28,Saturday,True,False,,False,True,False,1047,51418,49.11,1211,1097,1177.33,1190.57
2024-12-29,2024,12,29,Sunday,True,False,,False,True,False,848,50453,59.5,1047,890,1035.33,1184.57
2024-12-30,2024,12,30,Monday,False,False,,False,False,False,983,48500,49.34,848,1243,959.33,1147.43
2024-12-31,2024,12,31,Tuesday,False,False,,False,False,False,1187,43260,36.44,983,1598,1006.0,1088.71
2025-01-01,2025,1,1,Wednesday,False,True,신정,False,True,False,1375,67991,49.45,1187,1071,1181.67,1132.14
2025-01-02,2025,1,2,Thursday,False,False,,False,False,False,1234,29480,23.89,1375,1274,1265.33,1126.43
2025-01-03,2025,1,3,Friday,False,False,,False,False,False,1280,38961,30.44,1234,1211,1296.33,1136.29
2025-01-04,2025,1,4,Saturday,True,False,,False,True,False,1068,57938,54.25,1280,1047,1194.0,1139.29
2025-01-05,2025,1,5,Sunday,True,False,,False,True,False,721,31605,43.83,1068,848,1023.0,1121.14
2025-01-06,2025,1,6,Monday,False,False,,False,False,False,1004,31297,31.17,721,983,931.0,1124.14
2025-01-07,2025,1,7,Tuesday,False,False,,False,False,False,1090,31352,28.76,1004,1187,938.33,1110.29
2025-01-08,2025,1,8,Wednesday,False,False,,False,False,False,874,30523,34.92,1090,1375,989.33,1038.71
2025-01-09,2025,1,9,Thursday,False,False,,False,False,False,1079,25661,23.78,874,1234,1014.33,1016.57
2025-01-10,2025,1,10,Friday,False,False,,False,False,False,1261,33988,26.95,1079,1280,1071.33,1013.86
2025-01-11,2025,1,11,Saturday,True,False,,False,True,False,989,45038,45.54,1261,1068,1109.67,1002.57
2025-01-12,2025,1,12,Sunday,True,False,,False,True,False,871,45363,52.08,989,721,1040.33,1024.0
2025-01-13,2025,1,13,Monday,False,False,,False,False,False,1125,33339,29.63,871,1004,995.0,1041.29
2025-01-14,2025,1,14,Tuesday,False,False,,False,False,False,1172,29574,25.23,1125,1090,1056.0,1053.0
2025-01-15,2025,1,15,Wednesday,False,False,,False,False,False,1261,33065,26.22,1172,874,1186.0,1108.29
2025-01-16,2025,1,16,Thursday,False,False,,False,False,False,1233,32588,26.43,1261,1079,1222.0,1130.29
2025-01-17,2025,1,17,Friday,False,False,,False,False,False,1356,47082,34.72,1233,1261,1283.33,1143.86
2025-01-18,2025,1,18,Saturday,True,False,,False,True,False,1296,69397,53.55,1356,989,1295.0,1187.71
2025-01-19,2025,1,19,Sunday,True,False,,False,True,False,936,59576,63.65,1296,871,1196.0,1197.0
2025-01-20,2025,1,20,Monday,False,False,,False,False,False,1226,37510,30.6,936,1125,1152.67,1211.43
2025-01-21,2025,1,21,Tuesday,False,False,,False,False,False,1193,36148,30.3,1226,1172,1118.33,1214.43
2025-01-22,2025,1,22,Wednesday,False,False,,False,False,False,1262,38400,30.43,1193,1261,1227.0,1214.57
2025-01-23,2025,1,23,Thursday,False,False,,False,False,False,1409,36628,26.0,1262,1233,1288.0,1239.71
2025-01-24,2025,1,24,Friday,False,False,,False,False,False,1451,47678,32.86,1409,1356,1374.0,1253.29
2025-01-25,2025,1,25,Saturday,True,False,,False,True,True,1127,76598,67.97,1451,1296,1329.0,1229.14
2025-01-26,2025,1,26,Sunday,True,False,,False,True,True,1199,82942,69.18,1127,936,1259.0,1266.71
2025-01-27,2025,1,27,Monday,False,True,설날,False,True,True,722,30556,42.32,1199,1226,1016.0,1194.71
2025-01-28,2025,1,28,Tuesday,False,True,설날,False,True,True,643,10571,16.44,722,1193,854.67,1116.14
2025-01-29,2025,1,29,Wednesday,False,True,설날,False,True,True,808,6738,8.34,643,1262,724.33,1051.29
2025-01-30,2025,1,30,Thursday,False,True,설날연휴,False,True,True,807,9555,11.84,808,1409,752.67,965.29
2025-01-31,2025,1,31,Friday,False,False,,False,False,False,717,42327,59.03,807,1451,777.33,860.43
2025-02-01,2025,2,1,Saturday,True,False,,False,True,False,999,60623,60.68,717,1127,841.0,842.14
2025-02-02,2025,2,2,Sunday,True,False,,False,True,False,1016,61042,60.08,999,1199,910.67,816.0
2025-02-03,2025,2,3,Monday,False,False,,False,False,False,1212,28947,23.88,1016,722,1075.67,886.0
2025-02-04,2025,2,4,Tuesday,False,False,,False,False,False,1276,31316,24.54,1212,643,1168.0,976.43
2025-02-05,2025,2,5,Wednesday,False,False,,False,False,False,1226,29277,23.88,1276,808,1238.0,1036.14
2025-02-06,2025,2,6,Thursday,False,False,,False,False,False,1299,32332,24.89,1226,807,1267.0,1106.43
2025-02-07,2025,2,7,Friday,False,False,,False,False,False,1012,31387,31.01,1299,717,1179.0,1148.57
2025-02-08,2025,2,8,Saturday,True,False,,False,True,False,745,37445,50.26,1012,999,1018.67,1112.29
2025-02-09,2025,2,9,Sunday,True,False,,False,True,False,891,40930,45.94,745,1016,882.67,1094.43
2025-02-10,2025,2,10,Monday,False,False,,False,False,False,1239,32996,26.63,891,1212,958.33,1098.29
2025-02-11,2025,2,11,Tuesday,False,False,,False,False,False,1362,35253,25.88,1239,1276,1164.0,1110.57
2025-02-12,2025,2,12,Wednesday,False,False,,False,False,False,1008,28945,28.72,1362,1226,1203.0,1079.43
2025-02-13,2025,2,13,Thursday,False,False,,False,False,False,1401,38868,27.74,1008,1299,1257.0,1094.0
2025-02-14,2025,2,14,Friday,False,False,,False,False,False,1493,47998,32.15,1401,1012,1300.67,1162.71
2025-02-15,2025,2,15,Saturday,True,False,,False,True,False,1267,79446,62.7,1493,745,1387.0,1237.29
2025-02-16,2025,2,16,Sunday,True,False,,False,True,False,1204,85563,71.07,1267,891,1321.33,1282.0
2025-02-17,2025,2,17,Monday,False,False,,False,False,False,1367,37814,27.66,1204,1239,1279.33,1300.29
2025-02-18,2025,2,18,Tuesday,False,False,,False,False,False,1356,36285,26.76,1367,1362,1309.0,1299.43
2025-02-19,2025,2,19,Wednesday,False,False,,False,False,False,1320,36424,27.59,1356,1008,1347.67,1344.0
2025-02-20,2025,2,20,Thursday,False,False,,False,False,False,1335,36330,27.21,1320,1401,1337.0,1334.57
2025-02-21,2025,2,21,Friday,False,False,,False,False,False,1394,42486,30.48,1335,1493,1349.67,1320.43
2025-02-22,2025,2,22,Saturday,True,False,,False,True,False,1331,66208,49.74,1394,1267,1353.33,1329.57
2025-02-23,2025,2,23,Sunday,True,False,,False,True,False,1059,60566,57.19,1331,1204,1261.33,1308.86
2025-02-24,2025,2,24,Monday,False,False,,False,False,False,1395,36390,26.09,1059,1367,1261.67,1312.86
2025-02-25,2025,2,25,Tuesday,False,False,,False,False,False,1471,52906,35.97,1395,1356,1308.33,1329.29
2025-02-26,2025,2,26,Wednesday,False,False,,False,False,False,1557,55035,35.35,1471,1320,1474.33,1363.14
2025-02-27,2025,2,27,Thursday,False,False,,False,False,False,1575,62829,39.89,1557,1335,1534.33,1397.43
2025-02-28,2025,2,28,Friday,False,False,,False,False,False,1453,70640,48.62,1575,1394,1528.33,1405.86
2025-03-01,2025,3,1,Saturday,True,True,삼일절,False,True,True,1324,87970,66.44,1453,1331,1450.67,1404.86
2025-03-02,2025,3,2,Sunday,True,False,,False,True,True,1108,57093,51.53,1324,1059,1295.0,1411.86
2025-03-03,2025,3,3,Monday,False,True,삼일절대체공휴일,False,True,True,1164,75119,64.54,1108,1395,1198.67,1378.86
2025-03-04,2025,3,4,Tuesday,False,False,,False,False,False,1157,28959,25.03,1164,1471,1143.0,1334.0
2025-03-05,2025,3,5,Wednesday,False,False,,False,False,False,1494,43856,29.35,1157,1557,1271.67,1325.0
2025-03-06,2025,3,6,Thursday,False,False,,False,False,False,1480,42876,28.97,1494,1575,1377.0,1311.43
2025-03-07,2025,3,7,Friday,False,False,,False,False,False,1515,59312,39.15,1480,1453,1496.33,1320.29
2025-03-08,2025,3,8,Saturday,True,False,,False,True,False,1583,105533,66.67,1515,1324,1526.0,1357.29
2025-03-09,2025,3,9,Sunday,True,False,,False,True,False,1786,148979,83.41,1583,1108,1628.0,1454.14
2025-03-10,2025,3,10,Monday,False,False,,False,False,False,1490,52319,35.11,1786,1164,1619.67,1500.71
2025-03-11,2025,3,11,Tuesday,False,False,,False,False,False,1395,40436,28.99,1490,1157,1557.0,1534.71
2025-03-12,2025,3,12,Wednesday,False,False,,False,False,False,1245,47399,38.07,1395,1494,1376.67,1499.14
2025-03-13,2025,3,13,Thursday,False,False,,False,False,False,1703,63210,37.12,1245,1480,1447.67,1531.0
2025-03-14,2025,3,14,Friday,False,False,,False,False,False,1720,92993,54.07,1703,1515,1556.0,1560.29
2025-03-15,2025,3,15,Saturday,True,False,,False,True,False,2328,202009,86.77,1720,1583,1917.0,1666.71
2025-03-16,2025,3,16,Sunday,True,False,,False,True,False,1098,60721,55.3,2328,1786,1715.33,1568.43
2025-03-17,2025,3,17,Monday,False,False,,False,False,False,1449,54083,37.32,1098,1490,1625.0,1562.57
2025-03-18,2025,3,18,Tuesday,False,False,,False,False,False,1283,46868,36.53,1449,1395,1276.67,1546.57
2025-03-19,2025,3,19,Wednesday,False,False,,False,False,False,1566,62640,40.0,1283,1245,1432.67,1592.43
2025-03-20,2025,3,20,Thursday,False,False,,False,False,False,1831,76733,41.91,1566,1703,1560.0,1610.71
2025-03-21,2025,3,21,Friday,False,False,,False,False,False,1787,85882,48.06,1831,1720,1728.0,1620.29
2025-03-22,2025,3,22,Saturday,True,False,,False,True,False,2345,186919,79.71,1787,2328,1987.67,1622.71
2025-03-23,2025,3,23,Sunday,True,False,,False,True,False,2724,254202,93.32,2345,1098,2285.33,1855.0
2025-03-24,2025,3,24,Monday,False,False,,False,False,False,1730,75303,43.53,2724,1449,2266.33,1895.14
2025-03-25,2025,3,25,Tuesday,False,False,,False,False,False,1528,61127,40.0,1730,1283,1994.0,1930.14
2025-03-26,2025,3,26,Wednesday,False,False,,False,False,False,1756,87980,50.1,1528,1566,1671.33,1957.29
2025-03-27,2025,3,27,Thursday,False,False,,False,False,False,1616,73659,45.58,1756,1831,1633.33,1926.57
2025-03-28,2025,3,28,Friday,False,False,,False,False,False,1913,82244,42.99,1616,1787,1761.67,1944.57
2025-03-29,2025,3,29,Saturday,True,False,,False,True,False,1591,95916,60.29,1913,2345,1706.67,1836.86
2025-03-30,2025,3,30,Sunday,True,False,,False,True,False,1478,116062,78.53,1591,2724,1660.67,1658.86
2025-03-31,2025,3,31,Monday,False,False,,False,False,False,1734,69868,40.29,1478,1730,1601.0,1659.43
2025-04-01,2025,4,1,Tuesday,False,False,,False,False,False,1716,79186,46.15,1734,1528,1642.67,1686.29
2025-04-02,2025,4,2,Wednesday,False,False,,False,False,False,1480,67989,45.94,1716,1756,1643.33,1646.86
2025-04-03,2025,4,3,Thursday,False,False,,False,False,False,1803,107067,59.38,1480,1616,1666.33,1673.57
2025-04-04,2025,4,4,Friday,False,False,,False,False,False,1932,102477,53.04,1803,1913,1738.33,1676.29
2025-04-05,2025,4,5,Saturday,True,False,,False,True,False,1075,56617,52.67,1932,1591,1603.33,1602.57
2025-04-06,2025,4,6,Sunday,True,False,,False,True,False,2417,181728,75.19,1075,1478,1808.0,1736.71
2025-04-07,2025,4,7,Monday,False,False,,False,False,False,1889,90448,47.88,2417,1734,1793.67,1758.86
2025-04-08,2025,4,8,Tuesday,False,False,,False,False,False,1643,70322,42.8,1889,1716,1983.0,1748.43
2025-04-09,2025,4,9,Wednesday,False,False,,False,False,False,1561,68078,43.61,1643,1480,1697.67,1760.0
2025-04-10,2025,4,10,Thursday,False,False,,False,False,False,2194,99946,45.55,1561,1803,1799.33,1815.86
2025-04-11,2025,4,11,Friday,False,False,,False,False,False,2517,150067,59.62,2194,1932,2090.67,1899.43
2025-04-12,2025,4,12,Saturday,True,False,,False,True,False,1440,93118,64.67,2517,1075,2050.33,1951.57
2025-04-13,2025,4,13,Sunday,True,False,,False,True,False,651,32391,49.76,1440,2417,1536.0,1699.29
2025-04-14,2025,4,14,Monday,False,False,,False,False,False,1273,37845,29.73,651,1889,1121.33,1611.29
2025-04-15,2025,4,15,Tuesday,False,False,,False,False,False,1280,77104,60.24,1273,1643,1068.0,1559.43
2025-04-16,2025,4,16,Wednesday,False,False,,False,False,False,1859,98154,52.8,1280,1561,1470.67,1602.0
2025-04-17,2025,4,17,Thursday,False,False,,False,False,False,1836,92568,50.42,1859,2194,1658.33,1550.86
2025-04-18,2025,4,18,Friday,False,False,,False,False,False,2141,110280,51.51,1836,2517,1945.33,1497.14
2025-04-19,2025,4,19,Saturday,True,False,,False,True,False,1390,78353,56.37,2141,1440,1789.0,1490.0
2025-04-20,2025,4,20,Sunday,True,False,,False,True,False,3755,336440,89.6,1390,651,2428.67,1933.43
2025-04-21,2025,4,21,Monday,False,False,,False,False,False,1959,92313,47.12,3755,1273,2368.0,2031.43
2025-04-22,2025,4,22,Tuesday,False,False,,False,False,False,818,54116,66.16,1959,1280,2177.33,1965.43
2025-04-23,2025,4,23,Wednesday,False,False,,False,False,False,2244,148022,65.96,818,1859,1673.67,2020.43
2025-04-24,2025,4,24,Thursday,False,False,,False,False,False,2156,134430,62.35,2244,1836,1739.33,2066.14
2025-04-25,2025,4,25,Friday,False,False,,False,False,False,2508,151718,60.49,2156,2141,2302.67,2118.57
2025-04-26,2025,4,26,Saturday,True,False,,False,True,False,4412,415974,94.28,2508,1390,3025.33,2550.29
2025-04-27,2025,4,27,Sunday,True,False,,False,True,False,3968,435330,109.71,4412,3755,3629.33,2580.71
2025-04-28,2025,4,28,Monday,False,False,,False,False,False,2224,118861,53.44,3968,1959,3534.67,2618.57
2025-04-29,2025,4,29,Tuesday,False,False,,False,False,False,2070,115549,55.82,2224,818,2754.0,2797.43
2025-04-30,2025,4,30,Wednesday,False,False,,False,False,False,2359,112672,47.76,2070,2244,2217.67,2813.86
2025-05-01,2025,5,1,Thursday,False,False,,False,False,False,1165,77485,66.51,2359,2156,1864.67,2672.29
2025-05-02,2025,5,2,Friday,False,False,,False,False,False,1916,124399,64.93,1165,2508,1813.33,2587.71
2025-05-03,2025,5,3,Saturday,True,False,,False,True,True,1667,133385,80.01,1916,4412,1582.67,2195.57
2025-05-04,2025,5,4,Sunday,True,False,,False,True,True,3130,269269,86.03,1667,3968,2237.67,2075.86
2025-05-05,2025,5,5,Monday,False,True,어린이날,False,True,True,2012,182910,90.91,3130,2224,2269.67,2045.57
2025-05-06,2025,5,6,Tuesday,False,True,대체공휴일,True,True,True,2428,240602,99.09,2012,2070,2523.33,2096.71
2025-05-07,2025,5,7,Wednesday,False,False,,False,False,False,1929,87605,45.41,2428,2359,2123.0,2035.29
2025-05-08,2025,5,8,Thursday,False,False,,False,False,False,1974,103122,52.24,1929,1165,2110.33,2150.86
2025-05-09,2025,5,9,Friday,False,False,,False,False,False,1583,58197,36.76,1974,1916,1828.67,2103.29
2025-05-10,2025,5,10,Saturday,True,False,,False,True,False,1296,75490,58.25,1583,1667,1617.67,2050.29
2025-05-11,2025,5,11,Sunday,True,False,,False,True,False,2729,280458,102.77,1296,3130,1869.33,1993.0
2025-05-12,2025,5,12,Monday,False,False,,False,False,False,1996,98559,49.38,2729,2012,2007.0,1990.71
2025-05-13,2025,5,13,Tuesday,False,False,,False,False,False,1823,84219,46.2,1996,2428,2182.67,1904.29
2025-05-14,2025,5,14,Wednesday,False,False,,False,False,False,1979,105660,53.39,1823,1929,1932.67,1911.43
2025-05-15,2025,5,15,Thursday,False,False,,False,False,False,1942,94876,48.85,1979,1974,1914.67,1906.86
2025-05-16,2025,5,16,Friday,False,False,,False,False,False,1813,68421,37.74,1942,1583,1911.33,1939.71
2025-05-17,2025,5,17,Saturday,True,False,,False,True,False,2229,180371,80.92,1813,1296,1994.67,2073.0
2025-05-18,2025,5,18,Sunday,True,False,,False,True,False,3378,347214,102.79,2229,2729,2473.33,2165.71
2025-05-19,2025,5,19,Monday,False,False,,False,False,False,1744,100554,57.66,3378,1996,2450.33,2129.71
2025-05-20,2025,5,20,Tuesday,False,False,,False,False,False,1905,121587,63.83,1744,1823,2342.33,2141.43
2025-05-21,2025,5,21,Wednesday,False,False,,False,False,False,1914,122457,63.98,1905,1979,1854.33,2132.14
2025-05-22,2025,5,22,Thursday,False,False,,False,False,False,2217,132749,59.88,1914,1942,2012.0,2171.43
2025-05-23,2025,5,23,Friday,False,False,,False,False,False,2435,145118,59.6,2217,1813,2188.67,2260.29
2025-05-24,2025,5,24,Saturday,True,False,,False,True,False,4978,376177,75.57,2435,2229,3210.0,2653.0
2025-05-25,2025,5,25,Sunday,True,False,,False,True,False,4303,310877,72.25,4978,3378,3905.33,2785.14
2025-05-26,2025,5,26,Monday,False,False,,False,False,False,2033,105861,52.07,4303,1744,3771.33,2826.43
2025-05-27,2025,5,27,Tuesday,False,False,,False,False,False,1954,93660,47.93,2033,1905,2763.33,2833.43
2025-05-28,2025,5,28,Wednesday,False,False,,False,False,False,1813,84812,46.78,1954,1914,1933.33,2819.0
2025-05-29,2025,5,29,Thursday,False,False,,False,False,False,1995,105538,52.9,1813,2217,1920.67,2787.29
2025-05-30,2025,5,30,Friday,False,False,,False,False,False,2066,107813,52.18,1995,2435,1958.0,2734.57
2025-05-31,2025,5,31,Saturday,True,False,,False,True,False,2982,292972,98.25,2066,4978,2347.67,2449.43
2025-06-01,2025,6,1,Sunday,True,False,,False,True,False,2685,278968,103.9,2982,4303,2577.67,2218.29
2025-06-02,2025,6,2,Monday,False,False,,False,False,False,1991,92828,46.62,2685,2033,2552.67,2212.29
2025-06-03,2025,6,3,Tuesday,False,True,현충일연휴,False,True,False,2829,313831,110.93,1991,1954,2501.67,2337.29
2025-06-04,2025,6,4,Wednesday,False,False,,False,False,False,2096,95487,45.56,2829,1813,2305.33,2377.71
2025-06-05,2025,6,5,Thursday,False,False,,False,False,False,2227,109377,49.11,2096,1995,2384.0,2410.86
2025-06-06,2025,6,6,Friday,False,True,현충일,False,True,True,2994,310867,103.83,2227,2066,2439.0,2543.43
2025-06-07,2025,6,7,Saturday,True,False,,False,True,True,2609,267631,102.58,2994,2982,2610.0,2490.14
2025-06-08,2025,6,8,Sunday,True,False,,False,True,True,2482,263165,106.03,2609,2685,2695.0,2461.14
2025-06-09,2025,6,9,Monday,False,False,,False,False,False,1865,85837,46.03,2482,1991,2318.67,2443.14
2025-06-10,2025,6,10,Tuesday,False,False,,False,False,False,1684,82832,49.19,1865,2829,2010.33,2279.57
2025-06-11,2025,6,11,Wednesday,False,False,,False,False,False,1990,101340,50.92,1684,2096,1846.33,2264.43
2025-06-12,2025,6,12,Thursday,False,False,,False,False,False,1914,87682,45.81,1990,2227,1862.67,2219.71
2025-06-13,2025,6,13,Friday,False,False,,False,False,False,1879,91138,48.5,1914,2994,1927.67,2060.43
2025-06-14,2025,6,14,Saturday,True,False,,False,True,False,2350,196471,83.6,1879,2609,2047.67,2023.43
2025-06-15,2025,6,15,Sunday,True,False,,False,True,False,1768,161857,91.55,2350,2482,1999.0,1921.43
2025-06-16,2025,6,16,Monday,False,False,,False,False,False,1861,73402,39.44,1768,1865,1993.0,1920.86
2025-06-17,2025,6,17,Tuesday,False,False,,False,False,False,1885,101493,53.84,1861,1684,1838.0,1949.57
2025-06-18,2025,6,18,Wednesday,False,False,,False,False,False,1799,99641,55.39,1885,1990,1848.33,1922.29
2025-06-19,2025,6,19,Thursday,False,False,,False,False,False,1597,79084,49.52,1799,1914,1760.33,1877.0
2025-06-20,2025,6,20,Friday,False,False,,False,False,False,1475,57500,38.98,1597,1879,1623.67,1819.29
2025-06-21,2025,6,21,Saturday,True,False,,False,True,False,1826,144474,79.12,1475,2350,1632.67,1744.43
2025-06-22,2025,6,22,Sunday,True,False,,False,True,False,2907,322514,110.94,1826,1768,2069.33,1907.14
2025-06-23,2025,6,23,Monday,False,False,,False,False,False,1891,78827,41.69,2907,1861,2208.0,1911.43
2025-06-24,2025,6,24,Tuesday,False,False,,False,False,False,1673,79243,47.37,1891,1885,2157.0,1881.14
2025-06-25,2025,6,25,Wednesday,False,False,,False,False,False,1490,52450,35.2,1673,1799,1684.67,1837.0
2025-06-26,2025,6,26,Thursday,False,False,,False,False,False,1777,79189,44.56,1490,1597,1646.67,1862.71
2025-06-27,2025,6,27,Friday,False,False,,False,False,False,1797,97195,54.09,1777,1475,1688.0,1908.71
2025-06-28,2025,6,28,Saturday,True,False,,False,True,False,1747,143142,81.94,1797,1826,1773.67,1897.43
2025-06-29,2025,6,29,Sunday,True,False,,False,True,False,2109,204663,97.04,1747,2907,1884.33,1783.43
2025-06-30,2025,6,30,Monday,False,False,,False,False,False,1707,74024,43.36,2109,1891,1854.33,1757.14
2025-07-01,2025,7,1,Tuesday,False,False,,False,False,False,1501,63528,42.32,1707,1673,1772.33,1732.57
2025-07-02,2025,7,2,Wednesday,False,False,,False,False,False,1512,62036,41.03,1501,1490,1573.33,1735.71
2025-07-03,2025,7,3,Thursday,False,False,,False,False,False,1783,75099,42.12,1512,1777,1598.67,1736.57
2025-07-04,2025,7,4,Friday,False,False,,False,False,False,1794,100839,56.21,1783,1797,1696.33,1736.14
2025-07-05,2025,7,5,Saturday,True,False,,False,True,False,2437,251741,103.3,1794,1747,2004.67,1834.71
2025-07-06,2025,7,6,Sunday,True,False,,False,True,False,2222,253203,113.95,2437,2109,2151.0,1850.86
2025-07-07,2025,7,7,Monday,False,False,,False,False,False,1687,72612,43.04,2222,1707,2115.33,1848.0
2025-07-08,2025,7,8,Tuesday,False,False,,False,False,False,1715,55663,32.46,1687,1501,1874.67,1878.57
2025-07-09,2025,7,9,Wednesday,False,False,,False,False,False,1745,81815,46.89,1715,1512,1715.67,1911.86
2025-07-10,2025,7,10,Thursday,False,False,,False,False,False,1752,67669,38.62,1745,1783,1737.33,1907.43
2025-07-11,2025,7,11,Friday,False,False,,False,False,False,1950,96272,49.37,1752,1794,1815.67,1929.71
2025-07-12,2025,7,12,Saturday,True,False,,False,True,False,2444,233011,95.34,1950,2437,2048.67,1930.71
2025-07-13,2025,7,13,Sunday,True,False,,False,True,False,1930,191198,99.07,2444,2222,2108.0,1889.0
2025-07-14,2025,7,14,Monday,False,False,,False,False,False,1565,65083,41.59,1930,1687,1979.67,1871.57
2025-07-15,2025,7,15,Tuesday,False,False,,False,False,False,1681,81090,48.24,1565,1715,1725.33,1866.71
2025-07-16,2025,7,16,Wednesday,False,False,,False,False,False,1343,56654,42.18,1681,1745,1529.67,1809.29
2025-07-17,2025,7,17,Thursday,False,False,,False,False,False,1482,50229,33.89,1343,1752,1502.0,1770.71
2025-07-18,2025,7,18,Friday,False,False,,False,False,False,1526,64396,42.2,1482,1950,1450.33,1710.14
2025-07-19,2025,7,19,Saturday,True,False,,False,True,False,1283,89179,69.51,1526,2444,1430.33,1544.29
2025-07-20,2025,7,20,Sunday,True,False,,False,True,False,1587,102141,64.36,1283,1930,1465.33,1495.29
2025-07-21,2025,7,21,Monday,False,False,,False,False,False,1758,81520,46.37,1587,1565,1542.67,1522.86
2025-07-22,2025,7,22,Tuesday,False,False,,False,False,False,1652,66418,40.2,1758,1681,1665.67,1518.71
2025-07-23,2025,7,23,Wednesday,False,False,,False,False,False,1680,74786,44.52,1652,1343,1696.67,1566.86
2025-07-24,2025,7,24,Thursday,False,False,,False,False,False,1751,79607,45.46,1680,1482,1694.33,1605.29
2025-07-25,2025,7,25,Friday,False,False,,False,False,False,2090,99509,47.61,1751,1526,1840.33,1685.86
2025-07-26,2025,7,26,Saturday,True,False,,False,True,False,2431,195981,80.62,2090,1283,2090.67,1849.86
2025-07-27,2025,7,27,Sunday,True,False,,False,True,False,2209,197311,89.32,2431,1587,2243.33,1938.71
2025-07-28,2025,7,28,Monday,False,False,,False,False,False,1949,100861,51.75,2209,1758,2196.33,1966.0
2025-07-29,2025,7,29,Tuesday,False,False,,False,False,False,1818,96578,53.12,1949,1652,1992.0,1989.71
2025-07-30,2025,7,30,Wednesday,False,False,,False,False,False,1697,97690,57.57,1818,1680,1821.33,1992.14
2025-07-31,2025,7,31,Thursday,False,False,,False,False,False,1956,109158,55.81,1697,1751,1823.67,2021.43
2025-08-01,2025,8,1,Friday,False,False,,False,False,False,1823,133389,73.17,1956,2090,1825.33,1983.29
2025-08-02,2025,8,2,Saturday,True,False,,False,True,False,2074,201646,97.23,1823,2431,1951.0,1932.29
2025-08-03,2025,8,3,Sunday,True,False,,False,True,False,1813,196512,108.39,2074,2209,1903.33,1875.71
2025-08-04,2025,8,4,Monday,False,False,,False,False,False,1499,79831,53.26,1813,1949,1795.33,1811.43
2025-08-05,2025,8,5,Tuesday,False,False,,False,False,False,1619,88627,54.74,1499,1818,1643.67,1783.0
2025-08-06,2025,8,6,Wednesday,False,False,,False,False,False,1315,57600,43.8,1619,1697,1477.67,1728.43
2025-08-07,2025,8,7,Thursday,False,False,,False,False,False,1807,97223,53.8,1315,1956,1580.33,1707.14
2025-08-08,2025,8,8,Friday,False,False,,False,False,False,2015,112925,56.04,1807,1823,1712.33,1734.57
2025-08-09,2025,8,9,Saturday,True,False,,False,True,False,2125,164759,77.53,2015,2074,1982.33,1741.86
2025-08-10,2025,8,10,Sunday,True,False,,False,True,False,2598,258098,99.34,2125,1813,2246.0,1854.0
2025-08-11,2025,8,11,Monday,False,False,,False,False,False,1719,79035,45.98,2598,1499,2147.33,1885.43
2025-08-12,2025,8,12,Tuesday,False,False,,False,False,False,1835,100385,54.71,1719,1619,2050.67,1916.29
2025-08-13,2025,8,13,Wednesday,False,False,,False,False,False,1482,38623,26.06,1835,1315,1678.67,1940.14
2025-08-14,2025,8,14,Thursday,False,False,,False,False,False,1528,47822,31.3,1482,1807,1615.0,1900.29
2025-08-15,2025,8,15,Friday,False,True,광복절,False,True,True,2125,206666,97.25,1528,2015,1711.67,1916.0
2025-08-16,2025,8,16,Saturday,True,False,,False,True,True,2622,294606,112.36,2125,2125,2091.67,1987.0
2025-08-17,2025,8,17,Sunday,True,False,,False,True,True,2157,241576,112.0,2622,2598,2301.33,1924.0
2025-08-18,2025,8,18,Monday,False,False,,False,False,False,1654,76031,45.97,2157,1719,2144.33,1914.71
2025-08-19,2025,8,19,Tuesday,False,False,,False,False,False,1645,95109,57.82,1654,1835,1818.67,1887.57
2025-08-20,2025,8,20,Wednesday,False,False,,False,False,False,1768,87654,49.58,1645,1482,1689.0,1928.43
2025-08-21,2025,8,21,Thursday,False,False,,False,False,False,1760,84667,48.11,1768,1528,1724.33,1961.57
2025-08-22,2025,8,22,Friday,False,False,,False,False,False,1994,103911,52.11,1760,2125,1840.67,1942.86
2025-08-23,2025,8,23,Saturday,True,False,,False,True,False,2560,275770,107.72,1994,2622,2104.67,1934.0
2025-08-24,2025,8,24,Sunday,True,False,,False,True,False,2101,221339,105.35,2560,2157,2218.33,1926.0
2025-08-25,2025,8,25,Monday,False,False,,False,False,False,1377,60327,43.81,2101,1654,2012.67,1886.43
2025-08-26,2025,8,26,Tuesday,False,False,,False,False,False,1741,72968,41.91,1377,1645,1739.67,1900.14
2025-08-27,2025,8,27,Wednesday,False,False,,False,False,False,1879,88649,47.18,1741,1768,1665.67,1916.0
2025-08-28,2025,8,28,Thursday,False,False,,False,False,False,1785,92253,51.68,1879,1760,1801.67,1919.57
2025-08-29,2025,8,29,Friday,False,False,,False,False,False,1884,100204,53.19,1785,1994,1849.33,1903.86
2025-08-30,2025,8,30,Saturday,True,False,,False,True,False,2228,209123,93.86,1884,2560,1965.67,1856.43
2025-08-31,2025,8,31,Sunday,True,False,,False,True,False,1996,195625,98.01,2228,2101,2036.0,1841.43
2025-09-01,2025,9,1,Monday,False,False,,False,False,False,1598,55386,34.66,1996,1377,1940.67,1873.0
2025-09-02,2025,9,2,Tuesday,False,False,,False,False,False,1869,108400,58.0,1598,1741,1821.0,1891.29
2025-09-03,2025,9,3,Wednesday,False,False,,False,False,False,1995,110184,55.23,1869,1879,1820.67,1907.86
2025-09-04,2025,9,4,Thursday,False,False,,False,False,False,1926,113057,58.7,1995,1785,1930.0,1928.0
2025-09-05,2025,9,5,Friday,False,False,,False,False,False,2355,144591,61.4,1926,1884,2092.0,1995.29
2025-09-06,2025,9,6,Saturday,True,False,,False,True,False,3931,345164,87.81,2355,2228,2737.33,2238.57
2025-09-07,2025,9,7,Sunday,True,False,,False,True,False,4363,360584,82.65,3931,1996,3549.67,2576.71
2025-09-08,2025,9,8,Monday,False,False,,False,False,False,1939,107343,55.36,4363,1598,3411.0,2625.43
2025-09-09,2025,9,9,Tuesday,False,False,,False,False,False,1811,107857,59.56,1939,1869,2704.33,2617.14
2025-09-10,2025,9,10,Wednesday,False,False,,False,False,False,2191,114890,52.44,1811,1995,1980.33,2645.14
2025-09-11,2025,9,11,Thursday,False,False,,False,False,False,2232,117387,52.59,2191,1926,2078.0,2688.86
2025-09-12,2025,9,12,Friday,False,False,,False,False,False,2185,116483,53.31,2232,2355,2202.67,2664.57
2025-09-13,2025,9,13,Saturday,True,False,,False,True,False,3830,358122,93.5,2185,3931,2749.0,2650.14
2025-09-14,2025,9,14,Sunday,True,False,,False,True,False,3695,356876,96.58,3830,4363,3236.67,2554.71
2025-09-15,2025,9,15,Monday,False,False,,False,False,False,2293,117304,51.16,3695,1939,3272.67,2605.29
2025-09-16,2025,9,16,Tuesday,False,False,,False,False,False,1803,118232,65.58,2293,1811,2597.0,2604.14
2025-09-17,2025,9,17,Wednesday,False,False,,False,False,False,1797,124078,69.05,1803,2191,1964.33,2547.86
2025-09-18,2025,9,18,Thursday,False,False,,False,False,False,2450,190691,77.83,1797,2232,2016.67,2579.0
2025-09-19,2025,9,19,Friday,False,False,,False,False,False,2223,197116,88.67,2450,2185,2156.67,2584.43
2025-09-20,2025,9,20,Saturday,True,False,,False,True,False,3574,456305,127.67,2223,3830,2749.0,2547.86
2025-09-21,2025,9,21,Sunday,True,False,,False,True,False,4673,514104,110.02,3574,3695,3490.0,2687.57
2025-09-22,2025,9,22,Monday,False,False,,False,False,False,2294,153069,66.73,4673,2293,3513.67,2687.71
2025-09-23,2025,9,23,Tuesday,False,False,,False,False,False,2402,131550,54.77,2294,1803,3123.0,2773.29
2025-09-24,2025,9,24,Wednesday,False,False,,False,False,False,1460,66003,45.21,2402,1797,2052.0,2725.14
2025-09-25,2025,9,25,Thursday,False,False,,False,False,False,2269,145016,63.91,1460,2450,2043.67,2699.29
2025-09-26,2025,9,26,Friday,False,False,,False,False,False,2774,153697,55.41,2269,2223,2167.67,2778.0
2025-09-27,2025,9,27,Saturday,True,False,,False,True,False,5508,653955,118.73,2774,3574,3517.0,3054.29
2025-09-28,2025,9,28,Sunday,True,False,,False,True,False,4023,357249,88.8,5508,4673,4101.67,2961.43
2025-09-29,2025,9,29,Monday,False,False,,False,False,False,2168,123395,56.92,4023,2294,3899.67,2943.43
2025-09-30,2025,9,30,Tuesday,False,False,,False,False,False,2062,112948,54.78,2168,2402,2751.0,2894.86
2025-10-01,2025,10,1,Wednesday,False,False,,False,False,False,2082,106736,51.27,2062,1460,2104.0,2983.71
2025-10-02,2025,10,2,Thursday,False,False,,False,False,False,2137,114681,53.66,2082,2269,2093.67,2964.86
2025-10-03,2025,10,3,Friday,False,True,개천절,False,True,True,1804,145777,80.81,2137,2774,2007.67,2826.29
2025-10-04,2025,10,4,Saturday,True,False,,False,True,True,2077,197587,95.13,1804,5508,2006.0,2336.14
2025-10-05,2025,10,5,Sunday,True,True,대체공휴일,True,True,True,1305,99806,76.48,2077,4023,1728.67,1947.86
2025-10-06,2025,10,6,Monday,False,True,대체공휴일,True,True,True,1020,50808,49.81,1305,2168,1467.33,1783.86
2025-10-07,2025,10,7,Tuesday,False,True,추석,False,True,True,1156,86601,74.91,1020,2062,1160.33,1654.43
2025-10-08,2025,10,8,Wednesday,False,True,추석연휴,False,True,True,3158,318894,100.98,1156,2082,1778.0,1808.14
2025-10-09,2025,10,9,Thursday,False,True,한글날,False,True,True,2317,274547,118.49,3158,2137,2210.33,1833.86
2025-10-10,2025,10,10,Friday,False,False,,False,False,False,1369,130156,95.07,2317,1804,2281.33,1771.71
2025-10-11,2025,10,11,Saturday,True,False,,False,True,False,1655,149335,90.23,1369,2077,1780.33,1711.43
2025-10-12,2025,10,12,Sunday,True,False,,False,True,False,1965,200707,102.14,1655,1305,1663.0,1805.71
2025-10-13,2025,10,13,Monday,False,False,,False,False,False,1531,62998,41.15,1965,1020,1717.0,1878.71
2025-10-14,2025,10,14,Tuesday,False,False,,False,False,False,1720,93836,54.56,1531,1156,1738.67,1959.29
2025-10-15,2025,10,15,Wednesday,False,False,,False,False,False,1963,115839,59.01,1720,3158,1738.0,1788.57
2025-10-16,2025,10,16,Thursday,False,False,,False,False,False,2278,143962,63.2,1963,2317,1987.0,1783.0
2025-10-17,2025,10,17,Friday,False,False,,False,False,False,2388,136401,57.12,2278,1369,2209.67,1928.57
2025-10-18,2025,10,18,Saturday,True,False,,False,True,False,3839,397366,103.51,2388,1655,2835.0,2240.57
2025-10-19,2025,10,19,Sunday,True,False,,False,True,False,2856,295270,103.39,3839,1965,3027.67,2367.86
2025-10-20,2025,10,20,Monday,False,False,,False,False,False,1977,116324,58.84,2856,1531,2890.67,2431.57
2025-10-21,2025,10,21,Tuesday,False,False,,False,False,False,1837,91896,50.03,1977,1720,2223.33,2448.29
2025-10-22,2025,10,22,Wednesday,False,False,,False,False,False,2217,117608,53.05,1837,1963,2010.33,2484.57
2025-10-23,2025,10,23,Thursday,False,False,,False,False,False,2025,110050,54.35,2217,2278,2026.33,2448.43
2025-10-24,2025,10,24,Friday,False,False,,False,False,False,2332,133219,57.13,2025,2388,2191.33,2440.43
2025-10-25,2025,10,25,Saturday,True,False,,False,True,False,2385,218198,91.49,2332,3839,2247.33,2232.71
2025-10-26,2025,10,26,Sunday,True,False,,False,True,False,1908,191835,100.54,2385,2856,2208.33,2097.29
2025-10-27,2025,10,27,Monday,False,False,,False,False,False,1792,89316,49.84,1908,1977,2028.33,2070.86
2025-10-28,2025,10,28,Tuesday,False,False,,False,False,False,1989,86374,43.43,1792,1837,1896.33,2092.57
2025-10-29,2025,10,29,Wednesday,False,False,,False,False,False,1967,93697,47.63,1989,2217,1916.0,2056.86
2025-10-30,2025,10,30,Thursday,False,False,,False,False,False,1946,112088,57.6,1967,2025,1967.33,2045.57
2025-10-31,2025,10,31,Friday,False,False,,False,False,False,1906,96027,50.38,1946,2332,1939.67,1984.71
2025-11-01,2025,11,1,Saturday,True,False,,False,True,False,2109,159888,75.81,1906,2385,1987.0,1945.29
2025-11-02,2025,11,2,Sunday,True,False,,False,True,False,1830,139219,76.08,2109,1908,1948.33,1934.14
2025-11-03,2025,11,3,Monday,False,False,,False,False,False,1790,74100,41.4,1830,1792,1909.67,1933.86
2025-11-04,2025,11,4,Tuesday,False,False,,False,False,False,1686,88108,52.26,1790,1989,1768.67,1890.57
2025-11-05,2025,11,5,Wednesday,False,False,,False,False,False,1729,76266,44.11,1686,1967,1735.0,1856.57
2025-11-06,2025,11,6,Thursday,False,False,,False,False,False,1848,101108,54.71,1729,1946,1754.33,1842.57
2025-11-07,2025,11,7,Friday,False,False,,False,False,False,2013,116962,58.1,1848,1906,1863.33,1857.86
2025-11-08,2025,11,8,Saturday,True,False,,False,True,False,1691,152915,90.43,2013,2109,1850.67,1798.14
2025-11-09,2025,11,9,Sunday,True,False,,False,True,False,1942,187417,96.51,1691,1830,1882.0,1814.14
2025-11-10,2025,11,10,Monday,False,False,,False,False,False,1835,70723,38.54,1942,1790,1822.67,1820.57
2025-11-11,2025,11,11,Tuesday,False,False,,False,False,False,1841,83631,45.43,1835,1686,1872.67,1842.71
2025-11-12,2025,11,12,Wednesday,False,False,,False,False,False,1819,86802,47.72,1841,1729,1831.67,1855.57
2025-11-13,2025,11,13,Thursday,False,False,,False,False,False,1798,113948,63.37,1819,1848,1819.33,1848.43
2025-11-14,2025,11,14,Friday,False,False,,False,False,False,2066,130392,63.11,1798,2013,1894.33,1856.0
2025-11-15,2025,11,15,Saturday,True,False,,False,True,False,1861,154184,82.85,2066,1691,1908.33,1880.29
2025-11-16,2025,11,16,Sunday,True,False,,False,True,False,1760,169624,96.38,1861,1942,1895.67,1854.29
2025-11-17,2025,11,17,Monday,False,False,,False,False,False,1604,79051,49.28,1760,1835,1741.67,1821.29
2025-11-18,2025,11,18,Tuesday,False,False,,False,False,False,1669,60774,36.41,1604,1841,1677.67,1796.71
2025-11-19,2025,11,19,Wednesday,False,False,,False,False,False,1607,70094,43.62,1669,1819,1626.67,1766.43
2025-11-20,2025,11,20,Thursday,False,False,,False,False,False,1539,75241,48.89,1607,1798,1605.0,1729.43
2025-11-21,2025,11,21,Friday,False,False,,False,False,False,1740,85585,49.19,1539,2066,1628.67,1682.86
2025-11-22,2025,11,22,Saturday,True,False,,False,True,False,1725,130665,75.75,1740,1861,1668.0,1663.43
2025-11-23,2025,11,23,Sunday,True,False,,False,True,False,1436,131149,91.33,1725,1760,1633.67,1617.14
2025-11-24,2025,11,24,Monday,False,False,,False,False,False,1354,66728,49.28,1436,1604,1505.0,1581.43
2025-11-25,2025,11,25,Tuesday,False,False,,False,False,False,1570,59550,37.93,1354,1669,1453.33,1567.29
2025-11-26,2025,11,26,Wednesday,False,False,,False,False,False,1491,79615,53.4,1570,1607,1471.67,1550.71
2025-11-27,2025,11,27,Thursday,False,False,,False,False,False,1382,55548,40.19,1491,1539,1481.0,1528.29
2025-11-28,2025,11,28,Friday,False,False,,False,False,False,1682,79887,47.5,1382,1740,1518.33,1520.0
2025-11-29,2025,11,29,Saturday,True,False,,False,True,False,1413,105624,74.75,1682,1725,1492.33,1475.43
2025-11-30,2025,11,30,Sunday,True,False,,False,True,False,1325,104879,79.15,1413,1436,1473.33,1459.57
2025-12-01,2025,12,1,Monday,False,False,,False,False,False,1504,62010,41.23,1325,1354,1414.0,1481.0
2025-12-02,2025,12,2,Tuesday,False,False,,False,False,False,1447,77832,53.79,1504,1570,1425.33,1463.43
2025-12-03,2025,12,3,Wednesday,False,False,,False,False,False,1325,67515,50.95,1447,1491,1425.33,1439.71
2025-12-04,2025,12,4,Thursday,False,False,,False,False,False,1715,59894,34.92,1325,1382,1495.67,1487.29
2025-12-05,2025,12,5,Friday,False,False,,False,False,False,1254,58007,46.26,1715,1682,1431.33,1426.14
2025-12-06,2025,12,6,Saturday,True,False,,False,True,False,1068,65479,61.31,1254,1413,1345.67,1376.86
2025-12-07,2025,12,7,Sunday,True,False,,False,True,False,1116,77578,69.51,1068,1325,1146.0,1347.0
2025-12-08,2025,12,8,Monday,False,False,,False,False,False,1659,57700,34.78,1116,1504,1281.0,1369.14
2025-12-09,2025,12,9,Tuesday,False,False,,False,False,False,1602,60628,37.85,1659,1447,1459.0,1391.29
2025-12-10,2025,12,10,Wednesday,False,False,,False,False,False,1436,71920,50.08,1602,1325,1565.67,1407.14
2025-12-11,2025,12,11,Thursday,False,False,,False,False,False,1461,65341,44.72,1436,1715,1499.67,1370.86
2025-12-12,2025,12,12,Friday,False,False,,False,False,False,1501,65725,43.79,1461,1254,1466.0,1406.14
2025-12-13,2025,12,13,Saturday,True,False,,False,True,False,827,48419,58.55,1501,1068,1263.0,1371.71
2025-12-14,2025,12,14,Sunday,True,False,,False,True,False,879,62639,71.26,827,1116,1069.0,1337.86
2025-12-15,2025,12,15,Monday,False,False,,False,False,False,1357,43375,31.96,879,1659,1021.0,1294.71
2025-12-16,2025,12,16,Tuesday,False,False,,False,False,False,1320,39562,29.97,1357,1602,1185.33,1254.43
2025-12-17,2025,12,17,Wednesday,False,False,,False,False,False,1327,49343,37.18,1320,1436,1334.67,1238.86
2025-12-18,2025,12,18,Thursday,False,False,,False,False,False,1421,48279,33.98,1327,1461,1356.0,1233.14
2025-12-19,2025,12,19,Friday,False,False,,False,False,False,1352,62140,45.96,1421,1501,1366.67,1211.86
2025-12-20,2025,12,20,Saturday,True,False,,False,True,False,1170,58080,49.64,1352,827,1314.33,1260.86
2025-12-21,2025,12,21,Sunday,True,False,,False,True,False,1051,65616,62.43,1170,879,1191.0,1285.43
2025-12-22,2025,12,22,Monday,False,False,,False,False,False,1545,46511,30.1,1051,1357,1255.33,1312.29
2025-12-23,2025,12,23,Tuesday,False,False,,False,False,False,1254,38166,30.44,1545,1320,1283.33,1302.86
2025-12-24,2025,12,24,Wednesday,False,False,,False,False,False,1352,53063,39.25,1254,1327,1383.67,1306.43
2025-12-25,2025,12,25,Thursday,False,True,크리스마스,False,True,False,880,56715,64.45,1352,1421,1162.0,1229.14
2025-12-26,2025,12,26,Friday,False,False,,False,False,False,1050,44611,42.49,880,1352,1094.0,1186.0
2025-12-27,2025,12,27,Saturday,True,False,,False,True,False,919,60191,65.5,1050,1170,949.67,1150.14
2025-12-28,2025,12,28,Sunday,True,False,,False,True,False,810,61107,75.44,919,1051,926.33,1115.71
2025-12-29,2025,12,29,Monday,False,False,,False,False,False,1197,52821,44.13,810,1545,975.33,1066.0
2025-12-30,2025,12,30,Tuesday,False,False,,False,False,False,1127,51848,46.01,1197,1254,1044.67,1047.86
2025-12-31,2025,12,31,Wednesday,False,False,,False,False,False,1253,49468,39.48,1127,1352,1192.33,1033.71
2026-01-01,2026,1,1,Thursday,False,False,,False,False,False,951,51582,54.24,1253,880,1110.33,1043.86
2026-01-02,2026,1,2,Friday,False,False,,False,False,False,926,45591,49.23,951,1050,1043.33,1026.14
2026-01-03,2026,1,3,Saturday,True,False,,False,True,False,862,52257,60.62,926,919,913.0,1018.0
2026-01-04,2026,1,4,Sunday,True,False,,False,True,False,928,67702,72.95,862,810,905.33,1034.86
2026-01-05,2026,1,5,Monday,False,False,,False,False,False,1270,37990,29.91,928,1197,1020.0,1045.29
2026-01-06,2026,1,6,Tuesday,False,False,,False,False,False,1191,48102,40.39,1270,1127,1129.67,1054.43
2026-01-07,2026,1,7,Wednesday,False,False,,False,False,False,1092,39594,36.26,1191,1253,1184.33,1031.43
2026-01-08,2026,1,8,Thursday,False,False,,False,False,False,1284,41964,32.68,1092,951,1189.0,1079.0
2026-01-09,2026,1,9,Friday,False,False,,False,False,False,1116,52243,46.81,1284,926,1164.0,1106.14
2026-01-10,2026,1,10,Saturday,True,False,,False,True,False,767,47582,62.04,1116,862,1055.67,1092.57
2026-01-11,2026,1,11,Sunday,True,False,,False,True,False,722,46539,64.46,767,928,868.33,1063.14
2026-01-12,2026,1,12,Monday,False,False,,False,False,False,1314,37072,28.21,722,1270,934.33,1069.43
2026-01-13,2026,1,13,Tuesday,False,False,,False,False,False,1514,34197,22.59,1314,1191,1183.33,1115.57
2026-01-14,2026,1,14,Wednesday,False,False,,False,False,False,1545,42622,27.59,1514,1092,1457.67,1180.29
2026-01-15,2026,1,15,Thursday,False,False,,False,False,False,1493,47429,31.77,1545,1284,1517.33,1210.14
2026-01-16,2026,1,16,Friday,False,False,,False,False,False,1333,52404,39.31,1493,1116,1457.0,1241.14
2026-01-17,2026,1,17,Saturday,True,False,,False,True,False,1266,60119,47.49,1333,767,1364.0,1312.43
2026-01-18,2026,1,18,Sunday,True,False,,False,True,False,837,56522,67.53,1266,722,1145.33,1328.86
2026-01-19,2026,1,19,Monday,False,False,,False,False,False,1096,34218,31.22,837,1314,1066.33,1297.71
2026-01-20,2026,1,20,Tuesday,False,False,,False,False,False,1219,34427,28.24,1096,1514,1050.67,1255.57
2026-01-21,2026,1,21,Wednesday,False,False,,False,False,False,1351,32921,24.37,1219,1545,1222.0,1227.86
2026-01-22,2026,1,22,Thursday,False,False,,False,False,False,1156,33835,29.27,1351,1493,1242.0,1179.71
2026-01-23,2026,1,23,Friday,False,False,,False,False,False,1387,43566,31.41,1156,1333,1298.0,1187.43
2026-01-24,2026,1,24,Saturday,True,False,,False,True,False,887,39472,44.5,1387,1266,1143.33,1133.29
2026-01-25,2026,1,25,Sunday,True,False,,False,True,False,755,41399,54.83,887,837,1009.67,1121.57
2026-01-26,2026,1,26,Monday,False,False,,False,False,False,1274,41187,32.33,755,1096,972.0,1147.0
2026-01-27,2026,1,27,Tuesday,False,False,,False,False,False,1320,45212,34.25,1274,1219,1116.33,1161.43
2026-01-28,2026,1,28,Wednesday,False,False,,False,False,False,1463,43828,29.96,1320,1351,1352.33,1177.43
2026-01-29,2026,1,29,Thursday,False,False,,False,False,False,1310,44540,34.0,1463,1156,1364.33,1199.43
2026-01-30,2026,1,30,Friday,False,False,,False,False,False,1318,49985,37.92,1310,1387,1363.67,1189.57
2026-01-31,2026,1,31,Saturday,True,False,,False,True,False,973,52271,53.72,1318,887,1200.33,1201.86
2026-02-01,2026,2,1,Sunday,True,False,,False,True,False,831,52459,63.13,973,755,1040.67,1212.71
2026-02-02,2026,2,2,Monday,False,False,,False,False,False,1086,23590,21.72,831,1274,963.33,1185.86
2026-02-03,2026,2,3,Tuesday,False,False,,False,False,False,1522,45770,30.07,1086,1320,1146.33,1214.71
2026-02-04,2026,2,4,Wednesday,False,False,,False,False,False,1262,45731,36.24,1522,1463,1290.0,1186.0
2026-02-05,2026,2,5,Thursday,False,False,,False,False,False,1291,43137,33.41,1262,1310,1358.33,1183.29
2026-02-06,2026,2,6,Friday,False,False,,False,False,False,1504,41429,27.55,1291,1318,1352.33,1209.86
2026-02-07,2026,2,7,Saturday,True,False,,False,True,False,880,43293,49.2,1504,973,1225.0,1196.57
2026-02-08,2026,2,8,Sunday,True,False,,False,True,False,731,46972,64.26,880,831,1038.33,1182.29
2026-02-09,2026,2,9,Monday,False,False,,False,False,False,1383,36431,26.34,731,1086,998.0,1224.71
2026-02-10,2026,2,10,Tuesday,False,False,,False,False,False,1301,39700,30.51,1383,1522,1138.33,1193.14
2026-02-11,2026,2,11,Wednesday,False,False,,False,False,False,1512,36484,24.13,1301,1262,1398.67,1228.86
2026-02-12,2026,2,12,Thursday,False,False,,False,False,False,1713,50398,29.42,1512,1291,1508.67,1289.14
2026-02-13,2026,2,13,Friday,False,False,,False,False,False,1374,43997,32.02,1713,1504,1533.0,1270.57
2026-02-14,2026,2,14,Saturday,True,False,,False,True,False,1206,89141,73.91,1374,880,1431.0,1317.14
2026-02-15,2026,2,15,Sunday,True,False,,False,True,False,1097,78928,71.95,1206,731,1225.67,1369.43
2026-02-16,2026,2,16,Monday,False,False,,False,False,False,1127,72299,64.15,1097,1383,1143.33,1332.86
2026-02-17,2026,2,17,Tuesday,False,False,,False,False,False,1151,55013,47.8,1127,1301,1125.0,1311.43
2026-02-18,2026,2,18,Wednesday,False,False,,False,False,False,1076,76803,71.38,1151,1512,1118.0,1249.14
2026-02-19,2026,2,19,Thursday,False,False,,False,False,False,1221,59239,48.52,1076,1713,1149.33,1178.86
2026-02-20,2026,2,20,Friday,False,False,,False,False,False,1329,67414,50.73,1221,1374,1208.67,1172.43
2026-02-21,2026,2,21,Saturday,True,False,,False,True,False,1843,147426,79.99,1329,1206,1464.33,1263.43
2026-02-22,2026,2,22,Sunday,True,False,,False,True,False,1116,84755,75.95,1843,1097,1429.33,1266.14
2026-02-23,2026,2,23,Monday,False,False,,False,False,False,1383,43914,31.75,1116,1127,1447.33,1302.71
2026-02-24,2026,2,24,Tuesday,False,False,,False,False,False,1365,51385,37.64,1383,1151,1288.0,1333.29
2026-02-25,2026,2,25,Wednesday,False,False,,False,False,False,1579,60995,38.63,1365,1076,1442.33,1405.14
2026-02-26,2026,2,26,Thursday,False,False,,False,False,False,1620,66024,40.76,1579,1221,1521.33,1462.14
2026-02-27,2026,2,27,Friday,False,False,,False,False,False,1611,81183,50.39,1620,1329,1603.33,1502.43
2026-02-28,2026,2,28,Saturday,True,False,,False,True,False,1988,151139,76.03,1611,1843,1739.67,1523.14
2026-03-01,2026,3,1,Sunday,True,False,,False,True,False,1573,136310,86.66,1988,1116,1724.0,1588.43
2026-03-02,2026,3,2,Monday,False,False,,False,False,False,825,65122,78.94,1573,1383,1462.0,1508.71
2026-03-03,2026,3,3,Tuesday,False,False,,False,False,False,1441,66328,46.03,825,1365,1279.67,1519.57
2026-03-04,2026,3,4,Wednesday,False,False,,False,False,False,1486,65930,44.37,1441,1579,1250.67,1506.29
2026-03-05,2026,3,5,Thursday,False,False,,False,False,False,1365,55071,40.35,1486,1620,1430.67,1469.86
2026-03-06,2026,3,6,Friday,False,False,,False,False,False,1268,63069,49.74,1365,1611,1373.0,1420.86
2026-03-07,2026,3,7,Saturday,True,False,,False,True,False,1384,106609,77.03,1268,1988,1339.0,1334.57
2026-03-08,2026,3,8,Sunday,True,False,,False,True,False,1215,100819,82.98,1384,1573,1289.0,1283.43
2026-03-09,2026,3,9,Monday,False,False,,False,False,False,1287,48778,37.9,1215,825,1295.33,1349.43
2026-03-10,2026,3,10,Tuesday,False,False,,False,False,False,1252,49655,39.66,1287,1441,1251.33,1322.43
2026-03-11,2026,3,11,Wednesday,False,False,,False,False,False,1268,56054,44.21,1252,1486,1269.0,1291.29
2026-03-12,2026,3,12,Thursday,False,False,,False,False,False,1433,72847,50.84,1268,1365,1317.67,1301.0
2026-03-13,2026,3,13,Friday,False,False,,False,False,False,1532,81634,53.29,1433,1268,1411.0,1338.71
2026-03-14,2026,3,14,Saturday,True,False,,False,True,False,1723,146780,85.19,1532,1384,1562.67,1387.14
2026-03-15,2026,3,15,Sunday,True,False,,False,True,False,1450,138323,95.4,1723,1215,1568.33,1420.71
2026-03-16,2026,3,16,Monday,False,False,,False,False,False,1417,66487,46.92,1450,1287,1530.0,1439.29
2026-03-17,2026,3,17,Tuesday,False,False,,False,False,False,1381,62555,45.3,1417,1252,1416.0,1457.71
2026-03-18,2026,3,18,Wednesday,False,False,,False,False,False,1345,51645,38.4,1381,1268,1381.0,1468.71
2026-03-19,2026,3,19,Thursday,False,False,,False,False,False,1670,85156,50.99,1345,1433,1465.33,1502.57
2026-03-20,2026,3,20,Friday,False,False,,False,False,False,1725,96642,56.02,1670,1532,1580.0,1530.14
2026-03-21,2026,3,21,Saturday,True,False,,False,True,False,1990,191588,96.28,1725,1723,1795.0,1568.29
2026-03-22,2026,3,22,Sunday,True,False,,False,True,False,2321,228988,98.66,1990,1450,2012.0,1692.71
2026-03-23,2026,3,23,Monday,False,False,,False,False,False,1687,70386,41.72,2321,1417,1999.33,1731.29
2026-03-24,2026,3,24,Tuesday,False,False,,False,False,False,1550,72562,46.81,1687,1381,1852.67,1755.43
2026-03-25,2026,3,25,Wednesday,False,False,,False,False,False,1742,91290,52.41,1550,1345,1659.67,1812.14
2026-03-26,2026,3,26,Thursday,False,False,,False,False,False,1673,89320,53.39,1742,1670,1655.0,1812.57
2026-03-27,2026,3,27,Friday,False,False,,False,False,False,1700,93715,55.13,1673,1725,1705.0,1809.0
2026-03-28,2026,3,28,Saturday,True,False,,False,True,False,2312,204256,88.35,1700,1990,1895.0,1855.0
2026-03-29,2026,3,29,Sunday,True,False,,False,True,False,2259,224074,99.19,2312,2321,2090.33,1846.14
2026-03-30,2026,3,30,Monday,False,False,,False,False,False,1521,72484,47.66,2259,1687,2030.67,1822.43
2026-03-31,2026,3,31,Tuesday,False,False,,False,False,False,1560,84009,53.85,1521,1550,1780.0,1823.86
2026-04-01,2026,4,1,Wednesday,False,False,,False,False,False,1626,96044,59.07,1560,1742,1569.0,1807.29
2026-04-02,2026,4,2,Thursday,False,False,,False,False,False,1829,109558,59.9,1626,1673,1671.67,1829.57
