datetime,date,hour,year,month,day,weather_code_label,temperature_2m,relative_humidity_2m,dew_point_2m,apparent_temperature,precipitation,rain,snowfall,snow_depth,weather_code,pressure_msl,surface_pressure,cloud_cover,cloud_cover_low,cloud_cover_mid,cloud_cover_high,visibility,wind_speed_10m,wind_direction_10m,wind_gusts_10m,shortwave_radiation,direct_radiation,diffuse_radiation,sunshine_duration
2026-01-01T00:00,2026-01-01,0,2026,1,1,맑음,-8.5,52,-16.5,-13.8,0.0,0.0,0.0,0.0,0,1029.9,1025.5,0,0,0,0,,10.9,324,24.1,0.0,0.0,0.0,0.0
2026-01-01T01:00,2026-01-01,1,2026,1,1,맑음,-8.6,50,-17.1,-14.0,0.0,0.0,0.0,0.0,0,1029.4,1025.0,0,0,0,0,,12.0,323,25.2,0.0,0.0,0.0,0.0
2026-01-01T02:00,2026-01-01,2,2026,1,1,맑음,-8.8,46,-18.5,-14.3,0.0,0.0,0.0,0.0,0,1029.3,1024.9,0,0,0,0,,12.2,323,26.6,0.0,0.0,0.0,0.0
2026-01-01T03:00,2026-01-01,3,2026,1,1,대체로 맑음,-9.1,50,-17.6,-14.6,0.0,0.0,0.0,0.0,1,1029.5,1025.1,20,0,0,20,,12.2,327,26.6,0.0,0.0,0.0,0.0
2026-01-01T04:00,2026-01-01,4,2026,1,1,부분적으로 흐림,-9.4,45,-19.0,-14.9,0.0,0.0,0.0,0.0,2,1028.9,1024.5,59,0,0,59,,12.3,326,26.6,0.0,0.0,0.0,0.0
2026-01-01T05:00,2026-01-01,5,2026,1,1,흐림,-9.7,42,-20.2,-15.4,0.0,0.0,0.0,0.0,3,1028.7,1024.3,98,0,0,98,,12.6,326,27.7,0.0,0.0,0.0,0.0
2026-01-01T06:00,2026-01-01,6,2026,1,1,흐림,-10.1,41,-20.9,-15.6,0.0,0.0,0.0,0.0,3,1028.6,1024.2,100,0,0,100,,11.6,324,27.7,0.0,0.0,0.0,0.0
2026-01-01T07:00,2026-01-01,7,2026,1,1,흐림,-10.2,38,-21.8,-15.7,0.0,0.0,0.0,0.0,3,1028.6,1024.2,100,0,0,100,,10.9,316,25.9,0.0,0.0,0.0,0.0
2026-01-01T08:00,2026-01-01,8,2026,1,1,흐림,-10.4,37,-22.2,-15.9,0.0,0.0,0.0,0.0,3,1028.6,1024.2,100,0,0,100,,10.8,314,25.9,1.0,0.0,1.0,0.0
2026-01-01T09:00,2026-01-01,9,2026,1,1,흐림,-10.8,47,-20.0,-15.8,0.0,0.0,0.0,0.0,3,1029.3,1024.9,81,0,0,81,,8.2,308,25.6,64.0,17.0,47.0,2892.08
2026-01-01T10:00,2026-01-01,10,2026,1,1,부분적으로 흐림,-9.3,38,-21.0,-14.4,0.0,0.0,0.0,0.0,2,1029.6,1025.2,63,0,0,63,,8.6,309,23.4,221.0,139.0,82.0,3600.0
2026-01-01T11:00,2026-01-01,11,2026,1,1,대체로 맑음,-7.7,30,-22.4,-12.8,0.0,0.0,0.0,0.0,1,1029.4,1025.0,41,0,0,41,,8.7,315,24.8,365.0,270.0,95.0,3600.0
2026-01-01T12:00,2026-01-01,12,2026,1,1,부분적으로 흐림,-6.2,25,-23.1,-11.5,0.0,0.0,0.0,0.0,2,1028.1,1023.8,54,0,0,54,,9.8,322,27.4,458.0,352.0,106.0,3600.0
2026-01-01T13:00,2026-01-01,13,2026,1,1,대체로 맑음,-4.9,22,-23.6,-10.6,0.0,0.0,0.0,0.0,1,1026.8,1022.5,27,0,0,27,,12.0,316,31.0,496.0,390.0,106.0,3600.0
2026-01-01T14:00,2026-01-01,14,2026,1,1,맑음,-4.3,20,-24.0,-10.3,0.0,0.0,0.0,0.0,0,1026.1,1021.8,0,0,0,0,,13.6,317,33.8,474.0,371.0,103.0,3600.0
2026-01-01T15:00,2026-01-01,15,2026,1,1,맑음,-4.1,26,-20.9,-9.8,0.0,0.0,0.0,0.0,0,1025.6,1021.3,2,0,2,0,,12.8,302,33.8,390.0,297.0,93.0,3600.0
2026-01-01T16:00,2026-01-01,16,2026,1,1,맑음,-4.4,29,-20.0,-10.2,0.0,0.0,0.0,0.0,0,1025.5,1021.2,0,0,0,0,,13.4,296,30.6,256.0,178.0,78.0,3600.0
2026-01-01T17:00,2026-01-01,17,2026,1,1,맑음,-5.4,30,-20.3,-11.2,0.0,0.0,0.0,0.0,0,1025.7,1021.4,0,0,0,0,,13.6,298,31.0,102.0,56.0,46.0,3600.0
2026-01-01T18:00,2026-01-01,18,2026,1,1,맑음,-6.1,30,-20.9,-11.8,0.0,0.0,0.0,0.0,0,1026.1,1021.8,0,0,0,0,,13.0,304,28.8,5.0,1.0,4.0,0.0
2026-01-01T19:00,2026-01-01,19,2026,1,1,맑음,-6.7,30,-21.4,-12.6,0.0,0.0,0.0,0.0,0,1026.1,1021.8,0,0,0,0,,14.3,318,29.5,0.0,0.0,0.0,0.0
2026-01-01T20:00,2026-01-01,20,2026,1,1,맑음,-7.7,33,-21.2,-13.8,0.0,0.0,0.0,0.0,0,1026.2,1021.9,0,0,0,0,,16.0,325,33.5,0.0,0.0,0.0,0.0
2026-01-01T21:00,2026-01-01,21,2026,1,1,맑음,-8.0,45,-18.0,-13.7,0.0,0.0,0.0,0.0,0,1026.2,1021.8,0,0,0,0,,13.7,320,33.5,0.0,0.0,0.0,0.0
2026-01-01T22:00,2026-01-01,22,2026,1,1,맑음,-8.5,48,-17.5,-14.3,0.0,0.0,0.0,0.0,0,1026.4,1022.0,0,0,0,0,,14.6,322,30.6,0.0,0.0,0.0,0.0
2026-01-01T23:00,2026-01-01,23,2026,1,1,맑음,-9.1,43,-19.4,-15.0,0.0,0.0,0.0,0.0,0,1026.5,1022.1,0,0,0,0,,13.9,323,31.7,0.0,0.0,0.0,0.0
2026-01-02T00:00,2026-01-02,0,2026,1,2,맑음,-9.6,42,-20.1,-15.3,0.0,0.0,0.0,0.0,0,1026.3,1021.9,0,0,0,0,,12.7,322,29.5,0.0,0.0,0.0,0.0
2026-01-02T01:00,2026-01-02,1,2026,1,2,맑음,-10.1,41,-21.0,-15.8,0.0,0.0,0.0,0.0,0,1026.0,1021.6,0,0,0,0,,12.3,320,27.4,0.0,0.0,0.0,0.0
2026-01-02T02:00,2026-01-02,2,2026,1,2,맑음,-10.6,38,-22.2,-16.2,0.0,0.0,0.0,0.0,0,1026.2,1021.8,0,0,0,0,,12.2,317,27.4,0.0,0.0,0.0,0.0
2026-01-02T03:00,2026-01-02,3,2026,1,2,맑음,-11.2,48,-20.1,-16.6,0.0,0.0,0.0,0.0,0,1026.6,1022.2,0,0,0,0,,10.3,319,28.1,0.0,0.0,0.0,0.0
2026-01-02T04:00,2026-01-02,4,2026,1,2,맑음,-11.4,47,-20.5,-16.8,0.0,0.0,0.0,0.0,0,1026.5,1022.1,0,0,0,0,,11.0,322,25.2,0.0,0.0,0.0,0.0
2026-01-02T05:00,2026-01-02,5,2026,1,2,맑음,-11.6,46,-20.9,-17.0,0.0,0.0,0.0,0.0,0,1026.7,1022.3,0,0,0,0,,10.4,323,25.6,0.0,0.0,0.0,0.0
2026-01-02T06:00,2026-01-02,6,2026,1,2,맑음,-11.8,47,-20.8,-16.8,0.0,0.0,0.0,0.0,0,1026.7,1022.3,0,0,0,0,,8.4,325,24.1,0.0,0.0,0.0,0.0
2026-01-02T07:00,2026-01-02,7,2026,1,2,맑음,-11.8,47,-20.8,-16.8,0.0,0.0,0.0,0.0,0,1026.9,1022.5,0,0,0,0,,7.9,319,20.2,0.0,0.0,0.0,0.0
2026-01-02T08:00,2026-01-02,8,2026,1,2,맑음,-11.9,48,-20.7,-17.1,0.0,0.0,0.0,0.0,0,1027.2,1022.8,0,0,0,0,,8.7,308,20.9,1.0,0.0,1.0,0.0
2026-01-02T09:00,2026-01-02,9,2026,1,2,맑음,-12.0,54,-19.5,-16.8,0.0,0.0,0.0,0.0,0,1027.9,1023.5,0,0,0,0,,6.6,303,23.0,73.0,37.0,36.0,3600.0
2026-01-02T10:00,2026-01-02,10,2026,1,2,맑음,-10.5,45,-20.0,-15.2,0.0,0.0,0.0,0.0,0,1028.0,1023.6,0,0,0,0,,5.8,309,19.1,225.0,150.0,75.0,3600.0
2026-01-02T11:00,2026-01-02,11,2026,1,2,맑음,-9.0,39,-20.5,-13.6,0.0,0.0,0.0,0.0,0,1027.9,1023.5,0,0,0,0,,4.9,280,18.4,365.0,271.0,94.0,3600.0
2026-01-02T12:00,2026-01-02,12,2026,1,2,맑음,-7.8,35,-20.7,-12.7,0.0,0.0,0.0,0.0,0,1027.1,1022.7,0,0,0,0,,7.9,286,23.8,459.0,356.0,103.0,3600.0
2026-01-02T13:00,2026-01-02,13,2026,1,2,맑음,-6.6,32,-20.5,-11.8,0.0,0.0,0.0,0.0,0,1026.2,1021.9,0,0,0,0,,9.5,297,26.6,499.0,396.0,103.0,3600.0
2026-01-02T14:00,2026-01-02,14,2026,1,2,맑음,-5.8,33,-19.7,-11.1,0.0,0.0,0.0,0.0,0,1025.5,1021.2,0,0,0,0,,10.5,303,28.4,477.0,378.0,99.0,3600.0
2026-01-02T15:00,2026-01-02,15,2026,1,2,맑음,-5.6,39,-17.5,-10.6,0.0,0.0,0.0,0.0,0,1025.0,1020.7,0,0,0,0,,8.7,294,28.4,391.0,297.0,94.0,3600.0
2026-01-02T16:00,2026-01-02,16,2026,1,2,맑음,-5.6,42,-16.5,-10.6,0.0,0.0,0.0,0.0,0,1025.2,1020.9,0,0,0,0,,9.2,298,24.1,259.0,183.0,76.0,3600.0
2026-01-02T17:00,2026-01-02,17,2026,1,2,맑음,-5.9,44,-16.2,-10.9,0.0,0.0,0.0,0.0,0,1025.5,1021.2,0,0,0,0,,9.0,305,23.4,101.0,53.0,48.0,3600.0
2026-01-02T18:00,2026-01-02,18,2026,1,2,맑음,-6.2,46,-15.9,-11.1,0.0,0.0,0.0,0.0,0,1026.0,1021.7,0,0,0,0,,8.6,307,20.2,5.0,1.0,4.0,0.0
2026-01-02T19:00,2026-01-02,19,2026,1,2,맑음,-6.6,47,-15.9,-12.1,0.0,0.0,0.0,0.0,0,1026.5,1022.2,0,0,0,0,,13.1,314,27.0,0.0,0.0,0.0,0.0
2026-01-02T20:00,2026-01-02,20,2026,1,2,맑음,-7.3,48,-16.5,-12.9,0.0,0.0,0.0,0.0,0,1026.6,1022.3,0,0,0,0,,13.0,318,28.8,0.0,0.0,0.0,0.0
2026-01-02T21:00,2026-01-02,21,2026,1,2,맑음,-8.2,53,-16.1,-13.2,0.0,0.0,0.0,0.0,0,1027.3,1022.9,0,0,0,0,,9.2,321,27.4,0.0,0.0,0.0,0.0
2026-01-02T22:00,2026-01-02,22,2026,1,2,맑음,-8.4,54,-16.1,-13.1,0.0,0.0,0.0,0.0,0,1027.6,1023.2,0,0,0,0,,6.7,304,19.1,0.0,0.0,0.0,0.0
2026-01-02T23:00,2026-01-02,23,2026,1,2,맑음,-8.7,56,-15.9,-13.0,0.0,0.0,0.0,0.0,0,1027.9,1023.5,0,0,0,0,,4.9,270,13.7,0.0,0.0,0.0,0.0
2026-01-03T00:00,2026-01-03,0,2026,1,3,맑음,-8.9,58,-15.6,-13.1,0.0,0.0,0.0,0.0,0,1028.0,1023.6,0,0,0,0,,3.8,253,9.7,0.0,0.0,0.0,0.0
2026-01-03T01:00,2026-01-03,1,2026,1,3,맑음,-9.1,61,-15.4,-13.3,0.0,0.0,0.0,0.0,0,1027.6,1023.2,0,0,0,0,,3.5,258,7.6,0.0,0.0,0.0,0.0
2026-01-03T02:00,2026-01-03,2,2026,1,3,맑음,-9.2,62,-15.1,-13.3,0.0,0.0,0.0,0.0,0,1027.8,1023.4,0,0,0,0,,3.4,264,6.8,0.0,0.0,0.0,0.0
2026-01-03T03:00,2026-01-03,3,2026,1,3,맑음,-9.8,71,-14.1,-13.4,0.0,0.0,0.0,0.0,0,1028.6,1024.2,0,0,0,0,,0.2,180,7.2,0.0,0.0,0.0,0.0
2026-01-03T04:00,2026-01-03,4,2026,1,3,맑음,-10.1,71,-14.4,-13.8,0.0,0.0,0.0,0.0,0,1028.4,1024.0,0,0,0,0,,0.5,135,1.4,0.0,0.0,0.0,0.0
2026-01-03T05:00,2026-01-03,5,2026,1,3,맑음,-10.1,71,-14.4,-13.7,0.0,0.0,0.0,0.0,0,1028.3,1023.9,0,0,0,0,,0.3,45,1.8,0.0,0.0,0.0,0.0
2026-01-03T06:00,2026-01-03,6,2026,1,3,맑음,-10.1,70,-14.4,-13.7,0.0,0.0,0.0,0.0,0,1028.3,1023.9,0,0,0,0,,0.4,153,1.8,0.0,0.0,0.0,0.0
2026-01-03T07:00,2026-01-03,7,2026,1,3,맑음,-10.1,69,-14.7,-13.7,0.0,0.0,0.0,0.0,0,1028.5,1024.1,0,0,0,0,,0.2,180,1.8,0.0,0.0,0.0,0.0
2026-01-03T08:00,2026-01-03,8,2026,1,3,맑음,-10.4,73,-14.2,-14.1,0.0,0.0,0.0,0.0,0,1028.7,1024.3,0,0,0,0,,1.2,117,2.9,1.0,0.0,1.0,0.0
2026-01-03T09:00,2026-01-03,9,2026,1,3,맑음,-9.2,68,-14.1,-13.4,0.0,0.0,0.0,0.0,0,1029.3,1024.9,0,0,0,0,,4.5,90,9.4,73.0,38.0,35.0,3600.0
2026-01-03T10:00,2026-01-03,10,2026,1,3,맑음,-6.5,53,-14.4,-10.6,0.0,0.0,0.0,0.0,0,1029.6,1025.3,0,0,0,0,,3.8,85,14.0,228.0,155.0,73.0,3600.0
2026-01-03T11:00,2026-01-03,11,2026,1,3,대체로 맑음,-4.0,44,-14.4,-7.9,0.0,0.0,0.0,0.0,1,1029.4,1025.1,24,24,0,0,,2.1,75,14.0,361.0,263.0,98.0,3600.0
2026-01-03T12:00,2026-01-03,12,2026,1,3,흐림,-2.2,41,-13.9,-6.0,0.0,0.0,0.0,0.0,3,1028.4,1024.1,100,100,0,0,,1.3,270,13.0,412.0,272.0,140.0,3600.0
2026-01-03T13:00,2026-01-03,13,2026,1,3,흐림,-1.1,40,-12.9,-5.1,0.0,0.0,0.0,0.0,3,1027.5,1023.3,100,100,0,0,,3.8,265,15.8,363.0,117.0,246.0,3600.0
2026-01-03T14:00,2026-01-03,14,2026,1,3,흐림,-0.6,42,-11.9,-4.8,0.0,0.0,0.0,0.0,3,1026.9,1022.7,98,98,0,0,,5.5,243,17.3,280.0,66.0,214.0,2390.68
2026-01-03T15:00,2026-01-03,15,2026,1,3,흐림,-1.0,49,-10.5,-5.1,0.0,0.0,0.0,0.0,3,1026.9,1022.7,100,100,0,0,,5.4,264,18.0,253.0,55.0,198.0,2272.44
2026-01-03T16:00,2026-01-03,16,2026,1,3,부분적으로 흐림,-0.9,52,-9.6,-5.0,0.0,0.0,0.0,0.0,2,1026.8,1022.6,77,77,0,0,,5.6,255,15.1,96.0,4.0,92.0,0.0
2026-01-03T17:00,2026-01-03,17,2026,1,3,흐림,-1.5,59,-8.6,-5.1,0.0,0.0,0.0,0.0,3,1026.7,1022.4,100,100,0,0,,2.7,247,14.4,77.0,24.0,53.0,3098.78
2026-01-03T18:00,2026-01-03,18,2026,1,3,흐림,-1.8,62,-8.1,-5.2,0.0,0.0,0.0,0.0,3,1026.7,1022.4,100,100,0,0,,2.3,212,5.8,3.0,0.0,3.0,0.0
2026-01-03T19:00,2026-01-03,19,2026,1,3,흐림,-1.7,62,-8.1,-4.8,0.0,0.0,0.0,0.0,3,1026.6,1022.3,83,83,0,0,,0.4,90,4.3,0.0,0.0,0.0,0.0
2026-01-03T20:00,2026-01-03,20,2026,1,3,흐림,-1.8,62,-8.0,-5.0,0.0,0.0,0.0,0.0,3,1026.4,1022.1,88,88,0,0,,1.2,117,2.5,0.0,0.0,0.0,0.0
2026-01-03T21:00,2026-01-03,21,2026,1,3,흐림,-3.2,71,-7.7,-6.6,0.0,0.0,0.0,0.0,3,1026.6,1022.3,99,99,0,0,,2.4,103,9.7,0.0,0.0,0.0,0.0
2026-01-03T22:00,2026-01-03,22,2026,1,3,흐림,-2.8,69,-7.7,-6.2,0.0,0.0,0.0,0.0,3,1026.4,1022.1,100,100,0,0,,2.4,77,5.8,0.0,0.0,0.0,0.0
2026-01-03T23:00,2026-01-03,23,2026,1,3,흐림,-2.8,70,-7.4,-6.4,0.0,0.0,0.0,0.0,3,1026.5,1022.2,100,100,0,0,,3.8,85,7.2,0.0,0.0,0.0,0.0
2026-01-04T00:00,2026-01-04,0,2026,1,4,흐림,-2.3,70,-7.1,-6.1,0.0,0.0,0.0,0.0,3,1026.4,1022.1,93,93,0,0,,5.4,84,10.4,0.0,0.0,0.0,0.0
2026-01-04T01:00,2026-01-04,1,2026,1,4,부분적으로 흐림,-2.8,73,-6.9,-6.5,0.0,0.0,0.0,0.0,2,1025.9,1021.6,73,73,0,0,,5.2,115,10.4,0.0,0.0,0.0,0.0
2026-01-04T02:00,2026-01-04,2,2026,1,4,흐림,-3.0,74,-7.0,-6.5,0.0,0.0,0.0,0.0,3,1026.0,1021.7,82,82,0,0,,3.8,98,9.4,0.0,0.0,0.0,0.0
2026-01-04T03:00,2026-01-04,3,2026,1,4,대체로 맑음,-3.7,74,-7.6,-7.3,0.0,0.0,0.0,0.0,1,1026.2,1021.9,20,20,0,0,,4.4,52,8.3,0.0,0.0,0.0,0.0
2026-01-04T04:00,2026-01-04,4,2026,1,4,부분적으로 흐림,-4.2,81,-7.0,-7.8,0.0,0.0,0.0,0.0,2,1025.9,1021.6,59,59,0,0,,4.1,49,7.9,0.0,0.0,0.0,0.0
2026-01-04T05:00,2026-01-04,5,2026,1,4,흐림,-3.7,82,-6.3,-7.3,0.0,0.0,0.0,0.0,3,1025.7,1021.4,84,84,0,0,,4.7,47,9.0,0.0,0.0,0.0,0.0
2026-01-04T06:00,2026-01-04,6,2026,1,4,흐림,-3.2,82,-5.8,-6.6,0.0,0.0,0.0,0.0,3,1025.6,1021.3,99,99,0,0,,3.6,53,9.0,0.0,0.0,0.0,0.0
2026-01-04T07:00,2026-01-04,7,2026,1,4,흐림,-2.7,80,-5.6,-5.9,0.0,0.0,0.0,0.0,3,1025.7,1021.4,100,100,0,0,,2.7,37,6.8,0.0,0.0,0.0,0.0
2026-01-04T08:00,2026-01-04,8,2026,1,4,대체로 맑음,-2.8,81,-5.7,-6.1,0.0,0.0,0.0,0.0,1,1025.9,1021.6,24,24,0,0,,2.8,18,4.7,0.0,0.0,0.0,0.0
2026-01-04T09:00,2026-01-04,9,2026,1,4,맑음,-3.3,83,-5.8,-6.8,0.0,0.0,0.0,0.0,0,1026.5,1022.2,6,0,0,6,,4.2,350,9.4,65.0,29.0,36.0,3600.0
2026-01-04T10:00,2026-01-04,10,2026,1,4,맑음,-1.6,72,-6.0,-4.9,0.0,0.0,0.0,0.0,0,1026.8,1022.5,16,0,0,16,,2.6,335,11.2,219.0,142.0,77.0,3600.0
2026-01-04T11:00,2026-01-04,11,2026,1,4,대체로 맑음,-0.1,64,-6.2,-3.7,0.0,0.0,0.0,0.0,1,1027.1,1022.9,26,0,3,25,,5.1,302,16.9,358.0,263.0,95.0,3600.0
2026-01-04T12:00,2026-01-04,12,2026,1,4,흐림,1.1,55,-6.8,-2.8,0.0,0.0,0.0,0.0,3,1026.1,1021.9,97,0,57,95,,6.1,294,19.4,452.0,349.0,103.0,3600.0
2026-01-04T13:00,2026-01-04,13,2026,1,4,흐림,2.0,51,-7.2,-2.0,0.0,0.0,0.0,0.0,3,1025.1,1020.9,98,0,91,95,,6.9,279,20.9,454.0,306.0,148.0,3600.0
2026-01-04T14:00,2026-01-04,14,2026,1,4,흐림,2.5,50,-6.9,-1.6,0.0,0.0,0.0,0.0,3,1024.2,1020.0,97,0,97,3,,8.1,266,22.0,414.0,244.0,170.0,3600.0
2026-01-04T15:00,2026-01-04,15,2026,1,4,흐림,2.7,56,-5.3,-1.3,0.0,0.0,0.0,0.0,3,1023.8,1019.6,100,0,99,81,,7.9,269,22.3,366.0,248.0,118.0,3600.0
2026-01-04T16:00,2026-01-04,16,2026,1,4,흐림,2.0,61,-4.7,-2.0,0.0,0.0,0.0,0.0,3,1023.6,1019.4,100,0,100,100,,9.0,275,20.9,217.0,94.0,123.0,3600.0
2026-01-04T17:00,2026-01-04,17,2026,1,4,흐림,0.9,72,-3.7,-2.7,0.0,0.0,0.0,0.0,3,1023.5,1019.3,100,0,100,100,,6.1,267,19.1,76.0,8.0,68.0,0.0
2026-01-04T18:00,2026-01-04,18,2026,1,4,흐림,-0.2,80,-3.3,-3.8,0.0,0.0,0.0,0.0,3,1023.3,1019.1,100,0,100,100,,6.9,256,12.2,4.0,0.0,4.0,0.0
2026-01-04T19:00,2026-01-04,19,2026,1,4,흐림,-0.6,83,-3.2,-4.4,0.0,0.0,0.0,0.0,3,1023.2,1019.0,100,0,99,99,,7.8,261,14.8,0.0,0.0,0.0,0.0
2026-01-04T20:00,2026-01-04,20,2026,1,4,흐림,-0.8,85,-3.0,-4.2,0.0,0.0,0.0,0.0,3,1023.1,1018.9,100,0,99,100,,6.1,289,15.1,0.0,0.0,0.0,0.0
2026-01-04T21:00,2026-01-04,21,2026,1,4,흐림,-1.0,89,-2.7,-4.5,0.0,0.0,0.0,0.0,3,1023.1,1018.9,100,0,99,99,,6.7,308,12.6,0.0,0.0,0.0,0.0
2026-01-04T22:00,2026-01-04,22,2026,1,4,흐림,-0.8,79,-3.9,-4.6,0.0,0.0,0.0,0.0,3,1023.1,1018.9,100,0,56,100,,8.3,327,15.5,0.0,0.0,0.0,0.0
2026-01-04T23:00,2026-01-04,23,2026,1,4,흐림,-1.5,68,-6.5,-5.7,0.0,0.0,0.0,0.0,3,1023.1,1018.9,100,0,27,100,,8.7,328,16.6,0.0,0.0,0.0,0.0
2026-01-05T00:00,2026-01-05,0,2026,1,5,흐림,-1.9,65,-7.7,-6.2,0.0,0.0,0.0,0.0,3,1023.1,1018.9,100,0,63,100,,8.9,320,17.6,0.0,0.0,0.0,0.0
2026-01-05T01:00,2026-01-05,1,2026,1,5,흐림,-2.4,66,-7.9,-6.7,0.0,0.0,0.0,0.0,3,1022.9,1018.7,100,0,33,100,,8.6,307,17.6,0.0,0.0,0.0,0.0
2026-01-05T02:00,2026-01-05,2,2026,1,5,흐림,-2.8,69,-7.8,-7.1,0.0,0.0,0.0,0.0,3,1022.9,1018.6,100,0,100,100,,8.2,299,17.3,0.0,0.0,0.0,0.0
2026-01-05T03:00,2026-01-05,3,2026,1,5,흐림,-3.0,69,-7.9,-7.2,0.0,0.0,0.0,0.0,3,1022.9,1018.6,100,0,54,100,,7.8,296,16.2,0.0,0.0,0.0,0.0
2026-01-05T04:00,2026-01-05,4,2026,1,5,맑음,-3.8,72,-8.1,-7.7,0.0,0.0,0.0,0.0,0,1022.4,1018.1,5,0,5,0,,5.7,305,15.1,0.0,0.0,0.0,0.0
2026-01-05T05:00,2026-01-05,5,2026,1,5,맑음,-4.1,73,-8.2,-8.0,0.0,0.0,0.0,0.0,0,1022.2,1017.9,2,0,2,0,,5.2,311,10.8,0.0,0.0,0.0,0.0
2026-01-05T06:00,2026-01-05,6,2026,1,5,맑음,-4.1,73,-8.3,-8.2,0.0,0.0,0.0,0.0,0,1022.2,1017.9,2,0,2,0,,6.9,311,12.2,0.0,0.0,0.0,0.0
2026-01-05T07:00,2026-01-05,7,2026,1,5,맑음,-4.2,73,-8.4,-8.7,0.0,0.0,0.0,0.0,0,1022.5,1018.2,0,0,0,0,,9.4,318,18.0,0.0,0.0,0.0,0.0
2026-01-05T08:00,2026-01-05,8,2026,1,5,맑음,-4.8,73,-8.8,-9.4,0.0,0.0,0.0,0.0,0,1022.8,1018.5,0,0,0,0,,10.2,314,20.2,1.0,0.0,1.0,0.0
2026-01-05T09:00,2026-01-05,9,2026,1,5,맑음,-4.2,74,-8.2,-8.4,0.0,0.0,0.0,0.0,0,1023.4,1019.1,0,0,0,0,,7.7,309,23.0,74.0,39.0,35.0,3600.0
2026-01-05T10:00,2026-01-05,10,2026,1,5,맑음,-3.0,62,-9.2,-7.7,0.0,0.0,0.0,0.0,0,1024.0,1019.7,0,0,0,0,,11.0,318,26.3,230.0,156.0,74.0,3600.0
2026-01-05T11:00,2026-01-05,11,2026,1,5,맑음,-1.8,49,-10.9,-6.8,0.0,0.0,0.0,0.0,0,1024.2,1020.0,0,0,0,0,,12.0,316,29.5,373.0,282.0,91.0,3600.0
2026-01-05T12:00,2026-01-05,12,2026,1,5,맑음,-0.8,40,-12.6,-6.1,0.0,0.0,0.0,0.0,0,1023.5,1019.3,0,0,0,0,,13.4,317,32.4,471.0,371.0,100.0,3600.0
2026-01-05T13:00,2026-01-05,13,2026,1,5,맑음,0.1,33,-14.1,-5.6,0.0,0.0,0.0,0.0,0,1022.7,1018.5,0,0,0,0,,14.9,314,35.3,511.0,408.0,103.0,3600.0
2026-01-05T14:00,2026-01-05,14,2026,1,5,맑음,0.2,32,-14.6,-5.7,0.0,0.0,0.0,0.0,0,1022.3,1018.1,0,0,0,0,,16.2,310,37.4,488.0,389.0,99.0,3600.0
2026-01-05T15:00,2026-01-05,15,2026,1,5,맑음,-0.1,32,-14.9,-5.8,0.0,0.0,0.0,0.0,0,1022.4,1018.2,0,0,0,0,,14.9,313,37.4,405.0,313.0,92.0,3600.0
2026-01-05T16:00,2026-01-05,16,2026,1,5,맑음,-0.6,34,-14.5,-6.3,0.0,0.0,0.0,0.0,0,1022.9,1018.7,0,0,0,0,,14.3,314,33.5,272.0,194.0,78.0,3600.0
2026-01-05T17:00,2026-01-05,17,2026,1,5,맑음,-1.7,40,-13.6,-6.8,0.0,0.0,0.0,0.0,0,1023.3,1019.1,0,0,0,0,,11.1,310,30.6,113.0,66.0,47.0,3600.0
2026-01-05T18:00,2026-01-05,18,2026,1,5,맑음,-3.1,45,-13.4,-8.2,0.0,0.0,0.0,0.0,0,1024.0,1019.7,0,0,0,0,,10.9,310,23.0,7.0,2.0,5.0,0.0
2026-01-05T19:00,2026-01-05,19,2026,1,5,맑음,-3.8,48,-13.3,-8.9,0.0,0.0,0.0,0.0,0,1024.7,1020.4,0,0,0,0,,11.3,318,22.3,0.0,0.0,0.0,0.0
2026-01-05T20:00,2026-01-05,20,2026,1,5,맑음,-4.3,50,-13.3,-9.4,0.0,0.0,0.0,0.0,0,1025.1,1020.8,0,0,0,0,,11.0,319,22.7,0.0,0.0,0.0,0.0
2026-01-05T21:00,2026-01-05,21,2026,1,5,맑음,-4.5,55,-12.1,-9.3,0.0,0.0,0.0,0.0,0,1025.6,1021.3,0,0,0,0,,9.8,316,21.6,0.0,0.0,0.0,0.0
2026-01-05T22:00,2026-01-05,22,2026,1,5,맑음,-4.8,59,-11.6,-9.4,0.0,0.0,0.0,0.0,0,1026.0,1021.7,0,0,0,0,,8.4,313,19.1,0.0,0.0,0.0,0.0
2026-01-05T23:00,2026-01-05,23,2026,1,5,맑음,-5.1,61,-11.4,-9.4,0.0,0.0,0.0,0.0,0,1026.2,1021.9,0,0,0,0,,6.9,300,16.6,0.0,0.0,0.0,0.0
2026-01-06T00:00,2026-01-06,0,2026,1,6,맑음,-5.2,62,-11.3,-9.5,0.0,0.0,0.0,0.0,0,1026.2,1021.9,0,0,0,0,,6.1,289,13.3,0.0,0.0,0.0,0.0
2026-01-06T01:00,2026-01-06,1,2026,1,6,맑음,-5.3,63,-11.4,-9.5,0.0,0.0,0.0,0.0,0,1025.9,1021.6,0,0,0,0,,5.6,287,11.5,0.0,0.0,0.0,0.0
2026-01-06T02:00,2026-01-06,2,2026,1,6,맑음,-5.4,62,-11.4,-9.6,0.0,0.0,0.0,0.0,0,1026.1,1021.8,0,0,0,0,,5.8,290,11.5,0.0,0.0,0.0,0.0
2026-01-06T03:00,2026-01-06,3,2026,1,6,맑음,-6.3,66,-11.7,-10.2,0.0,0.0,0.0,0.0,0,1026.8,1022.5,0,0,0,0,,3.7,305,11.2,0.0,0.0,0.0,0.0
2026-01-06T04:00,2026-01-06,4,2026,1,6,맑음,-6.7,63,-12.4,-10.3,0.0,0.0,0.0,0.0,0,1026.4,1022.1,0,0,0,0,,1.5,353,7.6,0.0,0.0,0.0,0.0
2026-01-06T05:00,2026-01-06,5,2026,1,6,맑음,-6.8,65,-12.2,-10.3,0.0,0.0,0.0,0.0,0,1026.1,1021.8,0,0,0,0,,0.2,180,2.9,0.0,0.0,0.0,0.0
2026-01-06T06:00,2026-01-06,6,2026,1,6,맑음,-7.2,63,-13.0,-10.7,0.0,0.0,0.0,0.0,0,1026.0,1021.7,0,0,0,0,,0.4,153,1.8,0.0,0.0,0.0,0.0
2026-01-06T07:00,2026-01-06,7,2026,1,6,맑음,-7.6,63,-13.4,-11.3,0.0,0.0,0.0,0.0,0,1025.9,1021.6,0,0,0,0,,1.4,157,3.2,0.0,0.0,0.0,0.0
2026-01-06T08:00,2026-01-06,8,2026,1,6,맑음,-7.8,61,-13.9,-11.7,0.0,0.0,0.0,0.0,0,1025.9,1021.6,0,0,0,0,,2.9,133,5.4,1.0,0.0,1.0,0.0
2026-01-06T09:00,2026-01-06,9,2026,1,6,맑음,-6.8,63,-12.6,-11.0,0.0,0.0,0.0,0.0,0,1026.0,1021.7,0,0,0,0,,5.1,108,11.5,73.0,38.0,35.0,3600.0
2026-01-06T10:00,2026-01-06,10,2026,1,6,맑음,-4.2,46,-14.1,-8.5,0.0,0.0,0.0,0.0,0,1026.0,1021.7,0,0,0,0,,4.9,118,15.1,226.0,154.0,72.0,3600.0
2026-01-06T11:00,2026-01-06,11,2026,1,6,맑음,-1.8,35,-15.3,-6.0,0.0,0.0,0.0,0.0,0,1025.8,1021.5,0,0,0,0,,3.9,137,16.2,366.0,275.0,91.0,3600.0
2026-01-06T12:00,2026-01-06,12,2026,1,6,맑음,0.2,30,-15.4,-3.9,0.0,0.0,0.0,0.0,0,1024.8,1020.6,2,2,0,0,,3.8,180,15.8,460.0,359.0,101.0,3600.0
2026-01-06T13:00,2026-01-06,13,2026,1,6,맑음,1.7,31,-13.7,-2.5,0.0,0.0,0.0,0.0,0,1023.5,1019.3,6,6,0,0,,4.7,182,17.3,493.0,387.0,106.0,3600.0
2026-01-06T14:00,2026-01-06,14,2026,1,6,맑음,2.7,35,-11.4,-1.6,0.0,0.0,0.0,0.0,0,1022.6,1018.4,19,19,0,0,,6.3,200,18.7,465.0,355.0,110.0,3600.0
2026-01-06T15:00,2026-01-06,15,2026,1,6,부분적으로 흐림,2.1,48,-7.8,-2.0,0.0,0.0,0.0,0.0,2,1022.2,1018.0,76,76,0,0,,7.2,208,22.0,338.0,190.0,148.0,3600.0
2026-01-06T16:00,2026-01-06,16,2026,1,6,부분적으로 흐림,1.9,60,-5.2,-2.2,0.0,0.0,0.0,0.0,2,1022.0,1017.8,66,61,6,11,,8.8,208,20.5,160.0,43.0,117.0,2478.86
2026-01-06T17:00,2026-01-06,17,2026,1,6,대체로 맑음,0.8,70,-4.1,-2.5,0.0,0.0,0.0,0.0,1,1021.3,1017.1,23,12,13,10,,4.0,172,19.1,80.0,23.0,57.0,2661.27
2026-01-06T18:00,2026-01-06,18,2026,1,6,맑음,-0.6,77,-4.1,-4.2,0.0,0.0,0.0,0.0,0,1020.8,1016.6,16,2,16,2,,6.0,177,10.1,7.0,1.0,6.0,0.0
2026-01-06T19:00,2026-01-06,19,2026,1,6,부분적으로 흐림,-0.6,74,-4.6,-4.5,0.0,0.0,0.0,0.0,2,1020.6,1016.4,53,13,10,42,,8.0,171,14.4,0.0,0.0,0.0,0.0
2026-01-06T20:00,2026-01-06,20,2026,1,6,흐림,-0.9,72,-5.4,-5.0,0.0,0.0,0.0,0.0,3,1020.7,1016.5,98,34,91,87,,8.7,162,16.2,0.0,0.0,0.0,0.0
2026-01-06T21:00,2026-01-06,21,2026,1,6,흐림,-1.1,69,-6.1,-5.1,0.0,0.0,0.0,0.0,3,1020.9,1016.7,95,8,95,28,,7.2,153,16.6,0.0,0.0,0.0,0.0
2026-01-06T22:00,2026-01-06,22,2026,1,6,대체로 맑음,-1.4,75,-5.2,-5.2,0.0,0.0,0.0,0.0,1,1020.6,1016.4,23,2,22,0,,6.5,146,13.3,0.0,0.0,0.0,0.0
2026-01-06T23:00,2026-01-06,23,2026,1,6,대체로 맑음,-1.0,81,-3.9,-4.5,0.0,0.0,0.0,0.0,1,1020.4,1016.2,20,14,6,0,,5.6,155,12.6,0.0,0.0,0.0,0.0
2026-01-07T00:00,2026-01-07,0,2026,1,7,맑음,-0.6,83,-3.1,-4.0,0.0,0.0,0.0,0.0,0,1020.1,1015.9,17,14,3,0,,5.7,191,10.4,0.0,0.0,0.0,0.0
2026-01-07T01:00,2026-01-07,1,2026,1,7,맑음,0.4,80,-2.6,-3.1,0.0,0.0,0.0,0.0,0,1019.3,1015.1,0,0,0,0,,6.9,217,11.5,0.0,0.0,0.0,0.0
2026-01-07T02:00,2026-01-07,2,2026,1,7,맑음,0.9,79,-2.3,-2.7,0.0,0.0,0.0,0.0,0,1018.8,1014.6,1,1,0,0,,7.8,232,13.7,0.0,0.0,0.0,0.0
2026-01-07T03:00,2026-01-07,3,2026,1,7,맑음,-0.4,82,-3.2,-4.0,0.0,0.0,0.0,0.0,0,1019.0,1014.8,3,3,0,0,,7.0,260,14.0,0.0,0.0,0.0,0.0
2026-01-07T04:00,2026-01-07,4,2026,1,7,맑음,-0.6,81,-3.4,-4.1,0.0,0.0,0.0,0.0,0,1018.5,1014.3,2,2,1,0,,6.5,236,11.2,0.0,0.0,0.0,0.0
2026-01-07T05:00,2026-01-07,5,2026,1,7,흐림,-0.2,78,-3.5,-3.8,0.0,0.0,0.0,0.0,3,1017.8,1013.6,100,100,98,0,,7.1,234,11.5,0.0,0.0,0.0,0.0
2026-01-07T06:00,2026-01-07,6,2026,1,7,흐림,1.4,77,-2.2,-2.6,0.0,0.0,0.0,0.0,3,1017.9,1013.7,100,100,100,0,,10.7,283,20.5,0.0,0.0,0.0,0.0
2026-01-07T07:00,2026-01-07,7,2026,1,7,대체로 맑음,0.6,84,-1.8,-3.7,0.0,0.0,0.0,0.0,1,1018.8,1014.6,41,4,41,0,,13.3,308,25.9,0.0,0.0,0.0,0.0
2026-01-07T08:00,2026-01-07,8,2026,1,7,맑음,-1.5,88,-3.2,-5.8,0.0,0.0,0.0,0.0,0,1019.3,1015.1,0,0,0,0,,12.2,308,26.6,1.0,0.0,1.0,0.0
2026-01-07T09:00,2026-01-07,9,2026,1,7,맑음,-1.6,79,-4.7,-6.0,0.0,0.0,0.0,0.0,0,1019.9,1015.7,0,0,0,0,,11.6,302,29.5,72.0,37.0,35.0,3600.0
2026-01-07T10:00,2026-01-07,10,2026,1,7,맑음,-0.7,66,-6.2,-5.7,0.0,0.0,0.0,0.0,0,1020.5,1016.3,0,0,0,0,,14.1,305,31.7,225.0,151.0,74.0,3600.0
2026-01-07T11:00,2026-01-07,11,2026,1,7,맑음,0.2,50,-9.0,-5.2,0.0,0.0,0.0,0.0,0,1020.9,1016.7,0,0,0,0,,15.3,304,34.9,368.0,277.0,91.0,3600.0
2026-01-07T12:00,2026-01-07,12,2026,1,7,맑음,0.7,41,-10.9,-4.8,0.0,0.0,0.0,0.0,0,1020.8,1016.6,0,0,0,0,,14.9,301,35.6,469.0,370.0,99.0,3600.0
2026-01-07T13:00,2026-01-07,13,2026,1,7,맑음,1.0,39,-11.6,-4.7,0.0,0.0,0.0,0.0,0,1020.5,1016.3,0,0,0,0,,15.9,298,37.1,510.0,408.0,102.0,3600.0
2026-01-07T14:00,2026-01-07,14,2026,1,7,맑음,1.1,37,-12.1,-4.7,0.0,0.0,0.0,0.0,0,1020.6,1016.4,0,0,0,0,,16.3,298,37.4,486.0,387.0,99.0,3600.0
2026-01-07T15:00,2026-01-07,15,2026,1,7,맑음,1.1,36,-12.2,-4.4,0.0,0.0,0.0,0.0,0,1020.9,1016.7,0,0,0,0,,14.9,290,37.8,405.0,312.0,93.0,3600.0
2026-01-07T16:00,2026-01-07,16,2026,1,7,맑음,0.4,36,-12.8,-5.1,0.0,0.0,0.0,0.0,0,1021.0,1016.8,0,0,0,0,,14.6,292,33.8,274.0,196.0,78.0,3600.0
2026-01-07T17:00,2026-01-07,17,2026,1,7,맑음,-0.9,39,-13.1,-6.3,0.0,0.0,0.0,0.0,0,1021.5,1017.3,0,0,0,0,,12.8,292,31.3,118.0,69.0,49.0,3600.0
2026-01-07T18:00,2026-01-07,18,2026,1,7,맑음,-2.5,42,-13.6,-8.0,0.0,0.0,0.0,0.0,0,1022.6,1018.4,0,0,0,0,,13.0,303,26.6,8.0,2.0,6.0,0.0
2026-01-07T19:00,2026-01-07,19,2026,1,7,맑음,-3.7,49,-12.9,-9.5,0.0,0.0,0.0,0.0,0,1023.6,1019.3,0,0,0,0,,16.0,311,32.8,0.0,0.0,0.0,0.0
2026-01-07T20:00,2026-01-07,20,2026,1,7,맑음,-4.6,53,-12.6,-10.4,0.0,0.0,0.0,0.0,0,1024.7,1020.4,0,0,0,0,,16.4,312,34.9,0.0,0.0,0.0,0.0
2026-01-07T21:00,2026-01-07,21,2026,1,7,맑음,-4.7,50,-13.5,-10.4,0.0,0.0,0.0,0.0,0,1025.3,1021.0,0,0,0,0,,15.1,310,34.2,0.0,0.0,0.0,0.0
2026-01-07T22:00,2026-01-07,22,2026,1,7,맑음,-5.1,52,-13.5,-10.7,0.0,0.0,0.0,0.0,0,1026.0,1021.7,0,0,0,0,,14.6,314,31.0,0.0,0.0,0.0,0.0
2026-01-07T23:00,2026-01-07,23,2026,1,7,맑음,-5.3,51,-13.8,-11.0,0.0,0.0,0.0,0.0,0,1026.2,1021.9,0,0,0,0,,14.4,313,30.2,0.0,0.0,0.0,0.0
2026-01-08T00:00,2026-01-08,0,2026,1,8,맑음,-5.6,51,-14.2,-11.2,0.0,0.0,0.0,0.0,0,1026.3,1022.0,2,0,0,2,,14.1,313,29.9,0.0,0.0,0.0,0.0
2026-01-08T01:00,2026-01-08,1,2026,1,8,맑음,-5.8,49,-14.7,-11.5,0.0,0.0,0.0,0.0,0,1026.4,1022.1,1,0,0,1,,14.5,315,30.2,0.0,0.0,0.0,0.0
2026-01-08T02:00,2026-01-08,2,2026,1,8,맑음,-6.2,48,-15.4,-12.1,0.0,0.0,0.0,0.0,0,1026.7,1022.4,0,0,0,0,,15.4,322,32.4,0.0,0.0,0.0,0.0
2026-01-08T03:00,2026-01-08,3,2026,1,8,맑음,-6.3,50,-15.0,-11.8,0.0,0.0,0.0,0.0,0,1027.4,1023.1,0,0,0,0,,13.1,314,32.4,0.0,0.0,0.0,0.0
2026-01-08T04:00,2026-01-08,4,2026,1,8,맑음,-6.7,52,-15.0,-12.1,0.0,0.0,0.0,0.0,0,1027.4,1023.1,0,0,0,0,,12.6,319,27.4,0.0,0.0,0.0,0.0
2026-01-08T05:00,2026-01-08,5,2026,1,8,맑음,-7.1,51,-15.4,-12.5,0.0,0.0,0.0,0.0,0,1027.7,1023.4,0,0,0,0,,12.7,320,26.6,0.0,0.0,0.0,0.0
2026-01-08T06:00,2026-01-08,6,2026,1,8,맑음,-7.4,50,-16.1,-12.9,0.0,0.0,0.0,0.0,0,1028.0,1023.6,0,0,0,0,,12.3,322,26.6,0.0,0.0,0.0,0.0
2026-01-08T07:00,2026-01-08,7,2026,1,8,맑음,-7.7,48,-16.7,-13.1,0.0,0.0,0.0,0.0,0,1028.5,1024.1,0,0,0,0,,11.6,317,25.9,0.0,0.0,0.0,0.0
2026-01-08T08:00,2026-01-08,8,2026,1,8,맑음,-7.9,47,-17.3,-13.3,0.0,0.0,0.0,0.0,0,1028.8,1024.4,0,0,0,0,,11.6,305,23.8,1.0,0.0,1.0,0.0
2026-01-08T09:00,2026-01-08,9,2026,1,8,맑음,-8.0,43,-18.5,-13.5,0.0,0.0,0.0,0.0,0,1029.5,1025.1,0,0,0,0,,11.9,304,29.5,75.0,40.0,35.0,3600.0
2026-01-08T10:00,2026-01-08,10,2026,1,8,맑음,-6.8,39,-18.5,-12.3,0.0,0.0,0.0,0.0,0,1029.9,1025.6,0,0,0,0,,11.5,310,28.1,234.0,161.0,73.0,3600.0
2026-01-08T11:00,2026-01-08,11,2026,1,8,맑음,-5.7,35,-18.9,-11.1,0.0,0.0,0.0,0.0,0,1029.6,1025.3,0,0,0,0,,11.5,315,29.2,378.0,288.0,90.0,3600.0
2026-01-08T12:00,2026-01-08,12,2026,1,8,맑음,-4.7,33,-18.6,-10.0,0.0,0.0,0.0,0.0,0,1028.9,1024.6,0,0,0,0,,11.2,316,29.2,478.0,379.0,99.0,3600.0
2026-01-08T13:00,2026-01-08,13,2026,1,8,맑음,-3.8,31,-18.5,-9.1,0.0,0.0,0.0,0.0,0,1027.6,1023.3,0,0,0,0,,11.0,312,28.8,520.0,417.0,103.0,3600.0
2026-01-08T14:00,2026-01-08,14,2026,1,8,맑음,-3.1,31,-17.8,-8.3,0.0,0.0,0.0,0.0,0,1027.1,1022.8,0,0,0,0,,10.2,300,28.8,498.0,398.0,100.0,3600.0
2026-01-08T15:00,2026-01-08,15,2026,1,8,맑음,-3.2,33,-17.0,-8.0,0.0,0.0,0.0,0.0,0,1027.2,1022.9,0,0,0,0,,8.0,293,26.6,416.0,322.0,94.0,3600.0
2026-01-08T16:00,2026-01-08,16,2026,1,8,맑음,-3.2,35,-16.5,-7.9,0.0,0.0,0.0,0.0,0,1027.1,1022.8,0,0,0,0,,7.3,287,21.2,282.0,203.0,79.0,3600.0
2026-01-08T17:00,2026-01-08,17,2026,1,8,맑음,-3.8,42,-14.9,-8.2,0.0,0.0,0.0,0.0,0,1027.4,1023.1,0,0,0,0,,5.8,266,18.7,121.0,71.0,50.0,3600.0
2026-01-08T18:00,2026-01-08,18,2026,1,8,맑음,-4.6,52,-12.9,-8.9,0.0,0.0,0.0,0.0,0,1027.5,1023.2,0,0,0,0,,5.6,239,12.2,9.0,3.0,6.0,222.4
2026-01-08T19:00,2026-01-08,19,2026,1,8,맑음,-4.8,58,-11.8,-9.0,0.0,0.0,0.0,0.0,0,1027.7,1023.4,0,0,0,0,,5.5,226,11.9,0.0,0.0,0.0,0.0
2026-01-08T20:00,2026-01-08,20,2026,1,8,맑음,-4.9,64,-10.8,-8.8,0.0,0.0,0.0,0.0,0,1027.6,1023.3,0,0,0,0,,3.5,215,10.8,0.0,0.0,0.0,0.0
2026-01-08T21:00,2026-01-08,21,2026,1,8,맑음,-5.0,60,-11.6,-8.6,0.0,0.0,0.0,0.0,0,1027.8,1023.5,0,0,0,0,,1.4,157,6.8,0.0,0.0,0.0,0.0
2026-01-08T22:00,2026-01-08,22,2026,1,8,맑음,-4.9,49,-13.9,-8.6,0.0,0.0,0.0,0.0,0,1027.8,1023.5,0,0,0,0,,1.5,144,4.3,0.0,0.0,0.0,0.0
2026-01-08T23:00,2026-01-08,23,2026,1,8,맑음,-5.0,49,-14.1,-8.8,0.0,0.0,0.0,0.0,0,1027.6,1023.3,0,0,0,0,,1.6,153,4.3,0.0,0.0,0.0,0.0
2026-01-09T00:00,2026-01-09,0,2026,1,9,맑음,-5.1,48,-14.3,-8.9,0.0,0.0,0.0,0.0,0,1027.3,1023.0,0,0,0,0,,2.1,149,5.4,0.0,0.0,0.0,0.0
2026-01-09T01:00,2026-01-09,1,2026,1,9,맑음,-5.2,49,-14.2,-9.2,0.0,0.0,0.0,0.0,0,1027.0,1022.7,0,0,0,0,,3.5,129,6.8,0.0,0.0,0.0,0.0
2026-01-09T02:00,2026-01-09,2,2026,1,9,맑음,-5.3,50,-14.1,-10.0,0.0,0.0,0.0,0.0,0,1026.8,1022.5,0,0,0,0,,7.9,102,14.0,0.0,0.0,0.0,0.0
2026-01-09T03:00,2026-01-09,3,2026,1,9,대체로 맑음,-6.3,55,-13.9,-11.2,0.0,0.0,0.0,0.0,1,1026.5,1022.2,46,45,5,0,,8.9,108,19.4,0.0,0.0,0.0,0.0
2026-01-09T04:00,2026-01-09,4,2026,1,9,맑음,-6.5,56,-13.8,-11.4,0.0,0.0,0.0,0.0,0,1025.8,1021.5,13,13,0,0,,9.8,118,19.1,0.0,0.0,0.0,0.0
2026-01-09T05:00,2026-01-09,5,2026,1,9,대체로 맑음,-6.8,60,-13.2,-11.7,0.0,0.0,0.0,0.0,1,1025.1,1020.8,27,27,0,0,,9.5,127,19.1,0.0,0.0,0.0,0.0
2026-01-09T06:00,2026-01-09,6,2026,1,9,흐림,-6.2,62,-12.4,-11.1,0.0,0.0,0.0,0.0,3,1024.6,1020.3,100,100,0,0,,9.7,130,18.7,0.0,0.0,0.0,0.0
2026-01-09T07:00,2026-01-09,7,2026,1,9,맑음,-5.4,62,-11.6,-10.3,0.0,0.0,0.0,0.0,0,1024.0,1019.7,5,5,0,0,,10.4,134,19.4,0.0,0.0,0.0,0.0
2026-01-09T08:00,2026-01-09,8,2026,1,9,맑음,-5.2,66,-10.6,-10.1,0.0,0.0,0.0,0.0,0,1023.5,1019.2,2,2,0,0,,11.0,132,20.5,1.0,0.0,1.0,0.0
2026-01-09T09:00,2026-01-09,9,2026,1,9,흐림,-4.7,60,-11.4,-10.3,0.0,0.0,0.0,0.0,3,1023.5,1019.2,100,100,0,0,,15.4,101,22.7,70.0,33.0,37.0,3600.0
2026-01-09T10:00,2026-01-09,10,2026,1,9,부분적으로 흐림,-2.5,56,-10.1,-7.2,0.0,0.0,0.0,0.0,2,1023.2,1018.9,69,69,0,0,,9.7,117,24.5,117.0,12.0,105.0,0.0
2026-01-09T11:00,2026-01-09,11,2026,1,9,부분적으로 흐림,0.1,53,-8.4,-4.4,0.0,0.0,0.0,0.0,2,1022.7,1018.5,62,62,0,0,,9.6,130,23.4,251.0,99.0,152.0,3600.0
2026-01-09T12:00,2026-01-09,12,2026,1,9,흐림,2.1,51,-7.1,-2.4,0.0,0.0,0.0,0.0,3,1021.3,1017.1,100,100,34,0,,10.1,145,25.2,303.0,115.0,188.0,3600.0
2026-01-09T13:00,2026-01-09,13,2026,1,9,흐림,3.0,53,-5.7,-1.3,0.0,0.0,0.0,0.0,3,1020.0,1015.8,100,100,59,0,,9.6,157,24.8,217.0,25.0,192.0,0.0
2026-01-09T14:00,2026-01-09,14,2026,1,9,흐림,3.3,55,-4.9,-0.8,0.0,0.0,0.0,0.0,3,1018.9,1014.8,100,100,98,0,,9.6,164,22.7,169.0,7.0,162.0,0.0
2026-01-09T15:00,2026-01-09,15,2026,1,9,흐림,2.5,59,-4.8,-1.6,0.0,0.0,0.0,0.0,3,1018.4,1014.2,98,98,74,0,,9.1,148,22.7,126.0,6.0,120.0,0.0
2026-01-09T16:00,2026-01-09,16,2026,1,9,흐림,2.8,63,-3.5,-1.5,0.0,0.0,0.0,0.0,3,1017.7,1013.6,95,75,91,5,,11.5,145,23.0,101.0,10.0,91.0,0.0
2026-01-09T17:00,2026-01-09,17,2026,1,9,약한 이슬비,2.2,72,-2.2,-1.9,0.1,0.1,0.0,0.0,51,1017.1,1012.9,98,97,96,0,,12.0,148,24.8,52.0,7.0,45.0,0.0
2026-01-09T18:00,2026-01-09,18,2026,1,9,흐림,2.0,76,-1.8,-2.2,0.0,0.0,0.0,0.0,3,1016.1,1011.9,100,88,78,96,,12.5,144,24.5,3.0,0.0,3.0,0.0
2026-01-09T19:00,2026-01-09,19,2026,1,9,약한 이슬비,2.0,79,-1.4,-2.2,0.2,0.2,0.0,0.0,51,1015.8,1011.6,99,44,22,98,,12.2,147,24.5,0.0,0.0,0.0,0.0
2026-01-09T20:00,2026-01-09,20,2026,1,9,약한 이슬비,1.4,86,-0.7,-2.7,0.1,0.1,0.0,0.0,51,1015.2,1011.0,58,58,5,0,,12.8,145,24.5,0.0,0.0,0.0,0.0
2026-01-09T21:00,2026-01-09,21,2026,1,9,흐림,0.9,81,-2.0,-3.4,0.0,0.0,0.0,0.0,3,1015.0,1010.8,82,82,0,0,,13.0,153,25.6,0.0,0.0,0.0,0.0
2026-01-09T22:00,2026-01-09,22,2026,1,9,흐림,1.6,80,-1.4,-2.6,0.0,0.0,0.0,0.0,3,1014.0,1009.9,98,98,0,0,,13.1,157,25.6,0.0,0.0,0.0,0.0
2026-01-09T23:00,2026-01-09,23,2026,1,9,맑음,1.9,82,-0.9,-2.4,0.0,0.0,0.0,0.0,0,1013.3,1009.2,7,6,0,0,,13.6,157,26.6,0.0,0.0,0.0,0.0
2026-01-10T00:00,2026-01-10,0,2026,1,10,부분적으로 흐림,1.4,87,-0.6,-2.8,0.0,0.0,0.0,0.0,2,1012.3,1008.2,52,25,38,0,,13.5,157,27.0,0.0,0.0,0.0,0.0
2026-01-10T01:00,2026-01-10,1,2026,1,10,보통 눈,2.3,84,-0.1,-2.7,1.3,0.5,0.56,0.0,73,1010.6,1006.5,69,38,51,0,,19.7,174,38.2,0.0,0.0,0.0,0.0
2026-01-10T02:00,2026-01-10,2,2026,1,10,보통 눈,2.8,85,0.4,-2.1,1.5,0.4,0.77,0.01,73,1009.6,1005.5,100,100,91,0,,19.1,198,38.9,0.0,0.0,0.0,0.0
2026-01-10T03:00,2026-01-10,3,2026,1,10,약한 이슬비,2.8,93,1.8,-2.2,0.3,0.3,0.0,0.01,51,1009.4,1005.3,98,92,76,1,,22.0,212,47.9,0.0,0.0,0.0,0.0
2026-01-10T04:00,2026-01-10,4,2026,1,10,약한 눈,4.4,89,2.8,-0.5,2.5,2.3,0.14,0.01,71,1008.2,1004.1,88,73,58,27,,22.9,232,45.0,0.0,0.0,0.0,0.0
2026-01-10T05:00,2026-01-10,5,2026,1,10,보통 이슬비,3.0,94,2.2,-1.0,0.7,0.7,0.0,0.01,53,1007.3,1003.2,81,7,80,0,,15.5,218,46.4,0.0,0.0,0.0,0.0
2026-01-10T06:00,2026-01-10,6,2026,1,10,약한 이슬비,3.2,93,2.2,-0.9,0.2,0.2,0.0,0.01,51,1006.7,1002.6,39,0,39,0,,15.8,235,31.3,0.0,0.0,0.0,0.0
2026-01-10T07:00,2026-01-10,7,2026,1,10,약한 이슬비,3.0,91,1.6,-1.3,0.3,0.3,0.0,0.01,51,1006.7,1002.6,100,2,100,0,,16.8,244,35.6,0.0,0.0,0.0,0.0
2026-01-10T08:00,2026-01-10,8,2026,1,10,맑음,3.4,82,0.6,-1.8,0.0,0.0,0.0,0.01,0,1006.9,1002.8,18,13,7,0,,21.9,261,42.5,0.0,0.0,0.0,0.0
2026-01-10T09:00,2026-01-10,9,2026,1,10,대체로 맑음,2.8,73,-1.6,-2.9,0.0,0.0,0.0,0.01,1,1008.1,1004.0,30,20,16,0,,23.1,261,48.2,66.0,30.0,36.0,3600.0
2026-01-10T10:00,2026-01-10,10,2026,1,10,부분적으로 흐림,4.2,58,-3.2,-2.4,0.0,0.0,0.0,0.01,2,1009.0,1004.9,79,14,77,0,,28.1,267,57.6,202.0,113.0,89.0,3600.0
2026-01-10T11:00,2026-01-10,11,2026,1,10,약한 눈,3.9,60,-3.2,-3.3,0.1,0.0,0.07,0.01,71,1009.6,1005.5,49,26,33,0,,32.1,268,67.7,324.0,194.0,130.0,3600.0
2026-01-10T12:00,2026-01-10,12,2026,1,10,약한 눈,3.8,56,-4.2,-3.4,0.3,0.1,0.14,0.01,71,1009.7,1005.6,67,30,56,0,,30.6,267,68.4,383.0,222.0,161.0,3600.0
2026-01-10T13:00,2026-01-10,13,2026,1,10,약한 눈,3.2,48,-6.8,-4.5,0.2,0.0,0.14,0.01,71,1009.3,1005.2,92,9,91,0,,32.6,272,67.7,403.0,230.0,173.0,3600.0
2026-01-10T14:00,2026-01-10,14,2026,1,10,맑음,2.6,55,-5.4,-4.4,0.0,0.0,0.0,0.01,0,1009.4,1005.3,15,4,14,0,,28.8,272,69.1,414.0,216.0,198.0,3600.0
2026-01-10T15:00,2026-01-10,15,2026,1,10,맑음,1.0,57,-6.6,-6.1,0.0,0.0,0.0,0.01,0,1010.6,1006.5,11,11,5,0,,29.2,269,63.0,405.0,294.0,111.0,3600.0
2026-01-10T16:00,2026-01-10,16,2026,1,10,맑음,-0.1,68,-5.3,-6.5,0.0,0.0,0.0,0.01,0,1011.0,1006.8,11,9,4,0,,24.7,274,60.1,272.0,181.0,91.0,3600.0
2026-01-10T17:00,2026-01-10,17,2026,1,10,맑음,-1.1,71,-5.8,-7.1,0.0,0.0,0.0,0.01,0,1011.8,1007.6,9,6,3,0,,21.3,275,51.5,116.0,60.0,56.0,3600.0
2026-01-10T18:00,2026-01-10,18,2026,1,10,부분적으로 흐림,-2.5,74,-6.4,-8.5,0.0,0.0,0.0,0.01,2,1013.1,1008.9,73,73,2,0,,21.3,287,45.0,10.0,3.0,7.0,161.66
2026-01-10T19:00,2026-01-10,19,2026,1,10,흐림,-3.0,73,-7.2,-9.0,0.0,0.0,0.0,0.01,3,1014.2,1010.0,95,95,2,0,,20.5,298,46.1,0.0,0.0,0.0,0.0
2026-01-10T20:00,2026-01-10,20,2026,1,10,맑음,-3.4,65,-9.1,-9.6,0.0,0.0,0.0,0.01,0,1015.4,1011.2,16,13,4,0,,20.7,303,43.2,0.0,0.0,0.0,0.0
2026-01-10T21:00,2026-01-10,21,2026,1,10,흐림,-4.4,68,-9.4,-10.4,0.0,0.0,0.0,0.01,3,1017.2,1012.9,100,100,0,0,,19.2,296,43.6,0.0,0.0,0.0,0.0
2026-01-10T22:00,2026-01-10,22,2026,1,10,흐림,-4.6,62,-10.6,-10.8,0.0,0.0,0.0,0.01,3,1018.4,1014.1,98,98,0,0,,20.0,303,45.0,0.0,0.0,0.0,0.0
2026-01-10T23:00,2026-01-10,23,2026,1,10,맑음,-4.8,58,-11.9,-11.2,0.0,0.0,0.0,0.01,0,1019.3,1015.0,3,3,0,0,,19.9,307,45.4,0.0,0.0,0.0,0.0
2026-01-11T00:00,2026-01-11,0,2026,1,11,맑음,-6.2,60,-12.6,-12.2,0.0,0.0,0.0,0.01,0,1020.2,1015.9,0,0,0,0,,17.3,308,41.8,0.0,0.0,0.0,0.0
2026-01-11T01:00,2026-01-11,1,2026,1,11,맑음,-6.8,58,-13.6,-12.6,0.0,0.0,0.0,0.01,0,1020.9,1016.6,0,0,0,0,,16.0,309,36.0,0.0,0.0,0.0,0.0
2026-01-11T02:00,2026-01-11,2,2026,1,11,맑음,-7.4,59,-14.1,-13.2,0.0,0.0,0.0,0.01,0,1021.5,1017.2,0,0,0,0,,15.5,314,34.6,0.0,0.0,0.0,0.0
2026-01-11T03:00,2026-01-11,3,2026,1,11,맑음,-7.1,52,-15.1,-12.8,0.0,0.0,0.0,0.01,0,1022.6,1018.3,0,0,0,0,,14.8,307,32.8,0.0,0.0,0.0,0.0
2026-01-11T04:00,2026-01-11,4,2026,1,11,맑음,-7.4,53,-15.3,-12.9,0.0,0.0,0.0,0.01,0,1022.4,1018.1,0,0,0,0,,13.2,315,31.0,0.0,0.0,0.0,0.0
2026-01-11T05:00,2026-01-11,5,2026,1,11,맑음,-7.9,54,-15.5,-13.3,0.0,0.0,0.0,0.01,0,1022.5,1018.2,9,0,9,0,,12.4,318,27.4,0.0,0.0,0.0,0.0
2026-01-11T06:00,2026-01-11,6,2026,1,11,맑음,-8.4,55,-15.8,-13.8,0.0,0.0,0.0,0.01,0,1023.1,1018.8,2,0,2,0,,12.1,307,25.6,0.0,0.0,0.0,0.0
2026-01-11T07:00,2026-01-11,7,2026,1,11,맑음,-8.9,55,-16.3,-14.2,0.0,0.0,0.0,0.01,0,1023.7,1019.3,7,0,7,0,,11.8,310,25.6,0.0,0.0,0.0,0.0
2026-01-11T08:00,2026-01-11,8,2026,1,11,대체로 맑음,-9.1,55,-16.4,-14.4,0.0,0.0,0.0,0.01,1,1024.0,1019.6,28,0,28,0,,11.4,331,23.8,1.0,0.0,1.0,0.0
2026-01-11T09:00,2026-01-11,9,2026,1,11,맑음,-8.1,43,-18.5,-13.6,0.0,0.0,0.0,0.0,0,1024.9,1020.6,12,0,12,0,,11.3,326,26.3,76.0,38.0,38.0,3600.0
2026-01-11T10:00,2026-01-11,10,2026,1,11,맑음,-6.8,35,-19.9,-12.7,0.0,0.0,0.0,0.0,0,1025.6,1021.3,2,0,2,0,,14.4,328,33.1,234.0,158.0,76.0,3600.0
2026-01-11T11:00,2026-01-11,11,2026,1,11,맑음,-5.8,27,-22.0,-12.2,0.0,0.0,0.0,0.0,0,1025.9,1021.6,2,1,2,0,,16.7,330,38.9,381.0,287.0,94.0,3600.0
2026-01-11T12:00,2026-01-11,12,2026,1,11,맑음,-5.2,21,-24.1,-11.6,0.0,0.0,0.0,0.0,0,1025.4,1021.1,2,0,2,0,,17.4,329,40.7,481.0,378.0,103.0,3600.0
2026-01-11T13:00,2026-01-11,13,2026,1,11,맑음,-4.8,20,-24.4,-11.3,0.0,0.0,0.0,0.0,0,1024.9,1020.6,2,2,1,0,,17.5,324,41.8,524.0,418.0,106.0,3600.0
2026-01-11T14:00,2026-01-11,14,2026,1,11,맑음,-4.8,26,-21.5,-11.2,0.0,0.0,0.0,0.0,0,1024.9,1020.6,1,0,1,0,,17.7,308,42.5,504.0,399.0,105.0,3600.0
2026-01-11T15:00,2026-01-11,15,2026,1,11,흐림,-4.7,33,-18.5,-11.4,0.0,0.0,0.0,0.0,3,1025.1,1020.8,82,79,21,0,,20.4,302,48.6,418.0,316.0,102.0,3600.0
2026-01-11T16:00,2026-01-11,16,2026,1,11,대체로 맑음,-4.9,36,-17.6,-11.6,0.0,0.0,0.0,0.0,1,1025.5,1021.2,31,30,17,0,,20.5,304,46.4,286.0,199.0,87.0,3600.0
2026-01-11T17:00,2026-01-11,17,2026,1,11,맑음,-5.9,41,-17.1,-12.2,0.0,0.0,0.0,0.0,0,1026.0,1021.7,0,0,0,0,,17.4,311,43.6,127.0,71.0,56.0,3600.0
2026-01-11T18:00,2026-01-11,18,2026,1,11,맑음,-6.5,43,-17.1,-12.1,0.0,0.0,0.0,0.0,0,1026.7,1022.4,0,0,0,0,,13.4,307,36.7,11.0,3.0,8.0,130.34
2026-01-11T19:00,2026-01-11,19,2026,1,11,맑음,-7.1,41,-18.2,-12.9,0.0,0.0,0.0,0.0,0,1026.8,1022.5,0,0,0,0,,14.0,328,29.2,0.0,0.0,0.0,0.0
2026-01-11T20:00,2026-01-11,20,2026,1,11,맑음,-8.1,45,-17.9,-13.5,0.0,0.0,0.0,0.0,0,1026.5,1022.1,0,0,0,0,,11.8,339,29.2,0.0,0.0,0.0,0.0
2026-01-11T21:00,2026-01-11,21,2026,1,11,맑음,-8.5,45,-18.2,-13.4,0.0,0.0,0.0,0.0,0,1026.9,1022.5,0,0,0,0,,8.2,328,24.1,0.0,0.0,0.0,0.0
2026-01-11T22:00,2026-01-11,22,2026,1,11,맑음,-8.8,47,-18.1,-13.4,0.0,0.0,0.0,0.0,0,1026.9,1022.5,0,0,0,0,,6.1,332,16.6,0.0,0.0,0.0,0.0
2026-01-11T23:00,2026-01-11,23,2026,1,11,맑음,-9.3,50,-17.9,-13.4,0.0,0.0,0.0,0.0,0,1026.6,1022.2,0,0,0,0,,2.6,321,11.5,0.0,0.0,0.0,0.0
2026-01-12T00:00,2026-01-12,0,2026,1,12,맑음,-9.4,51,-17.6,-13.2,0.0,0.0,0.0,0.0,0,1026.5,1022.1,0,0,0,0,,0.4,243,4.7,0.0,0.0,0.0,0.0
2026-01-12T01:00,2026-01-12,1,2026,1,12,맑음,-9.4,51,-17.6,-13.2,0.0,0.0,0.0,0.0,0,1026.1,1021.7,0,0,0,0,,0.2,180,1.8,0.0,0.0,0.0,0.0
2026-01-12T02:00,2026-01-12,2,2026,1,12,맑음,-9.6,50,-18.2,-13.7,0.0,0.0,0.0,0.0,0,1025.9,1021.5,0,0,0,0,,2.2,99,3.6,0.0,0.0,0.0,0.0
2026-01-12T03:00,2026-01-12,3,2026,1,12,대체로 맑음,-10.3,57,-17.2,-14.7,0.0,0.0,0.0,0.0,1,1026.1,1021.7,29,29,0,0,,4.9,96,8.6,0.0,0.0,0.0,0.0
2026-01-12T04:00,2026-01-12,4,2026,1,12,대체로 맑음,-10.4,56,-17.4,-15.0,0.0,0.0,0.0,0.0,1,1025.8,1021.4,40,40,0,0,,6.0,87,11.9,0.0,0.0,0.0,0.0
2026-01-12T05:00,2026-01-12,5,2026,1,12,부분적으로 흐림,-10.4,56,-17.5,-15.2,0.0,0.0,0.0,0.0,2,1025.2,1020.8,77,77,0,0,,6.9,99,12.6,0.0,0.0,0.0,0.0
2026-01-12T06:00,2026-01-12,6,2026,1,12,흐림,-10.1,56,-17.2,-15.2,0.0,0.0,0.0,0.0,3,1024.3,1019.9,95,95,0,0,,10.2,116,18.0,0.0,0.0,0.0,0.0
2026-01-12T07:00,2026-01-12,7,2026,1,12,흐림,-9.9,58,-16.6,-15.2,0.0,0.0,0.0,0.0,3,1023.4,1019.0,99,99,0,0,,11.1,106,19.4,0.0,0.0,0.0,0.0
2026-01-12T08:00,2026-01-12,8,2026,1,12,흐림,-9.4,58,-16.0,-14.7,0.0,0.0,0.0,0.0,3,1023.1,1018.7,100,100,0,0,,11.5,110,19.8,1.0,0.0,1.0,0.0
2026-01-12T09:00,2026-01-12,9,2026,1,12,흐림,-7.8,56,-15.1,-12.8,0.0,0.0,0.0,0.0,3,1023.2,1018.9,100,100,0,0,,9.2,118,24.5,33.0,0.0,33.0,0.0
2026-01-12T10:00,2026-01-12,10,2026,1,12,흐림,-6.8,56,-14.1,-11.9,0.0,0.0,0.0,0.0,3,1022.7,1018.4,100,100,0,0,,10.8,118,23.8,65.0,0.0,65.0,0.0
2026-01-12T11:00,2026-01-12,11,2026,1,12,흐림,-5.2,54,-13.0,-10.2,0.0,0.0,0.0,0.0,3,1021.8,1017.5,100,100,1,0,,11.2,123,25.9,146.0,10.0,136.0,0.0
2026-01-12T12:00,2026-01-12,12,2026,1,12,흐림,-3.7,53,-11.9,-8.7,0.0,0.0,0.0,0.0,3,1020.6,1016.3,100,100,70,0,,11.5,130,27.4,171.0,19.0,152.0,0.0
2026-01-12T13:00,2026-01-12,13,2026,1,12,흐림,-2.4,57,-9.8,-7.4,0.0,0.0,0.0,0.0,3,1018.8,1014.6,100,100,99,0,,12.1,128,27.7,171.0,15.0,156.0,0.0
2026-01-12T14:00,2026-01-12,14,2026,1,12,흐림,-1.5,59,-8.4,-6.3,0.0,0.0,0.0,0.0,3,1017.2,1013.0,100,100,100,0,,12.1,120,27.7,140.0,6.0,134.0,0.0
2026-01-12T15:00,2026-01-12,15,2026,1,12,흐림,-1.6,67,-6.9,-6.0,0.0,0.0,0.0,0.01,3,1016.3,1012.1,100,100,98,0,,9.1,117,27.4,139.0,4.0,135.0,0.0
2026-01-12T16:00,2026-01-12,16,2026,1,12,약한 눈,-1.3,73,-5.6,-5.5,0.1,0.0,0.07,0.01,71,1015.2,1011.0,100,99,98,0,,9.1,129,20.2,63.0,0.0,63.0,0.0
2026-01-12T17:00,2026-01-12,17,2026,1,12,약한 눈,-1.2,79,-4.4,-5.7,0.2,0.0,0.14,0.01,71,1014.2,1010.0,97,95,88,0,,11.9,153,23.8,29.0,0.0,29.0,0.0
2026-01-12T18:00,2026-01-12,18,2026,1,12,약한 눈,-1.2,82,-3.8,-5.5,0.1,0.0,0.07,0.01,71,1013.7,1009.5,70,57,63,0,,11.1,144,23.8,5.0,0.0,5.0,0.0
2026-01-12T19:00,2026-01-12,19,2026,1,12,흐림,-1.2,86,-3.3,-5.4,0.0,0.0,0.0,0.01,3,1012.7,1008.5,100,52,99,0,,10.8,138,21.6,0.0,0.0,0.0,0.0
2026-01-12T20:00,2026-01-12,20,2026,1,12,약한 눈,-0.2,85,-2.4,-4.7,0.1,0.0,0.07,0.01,71,1011.6,1007.4,99,53,98,0,,13.8,154,27.0,0.0,0.0,0.0,0.0
2026-01-12T21:00,2026-01-12,21,2026,1,12,약한 눈,-0.8,90,-2.2,-4.9,0.1,0.0,0.07,0.01,71,1011.4,1007.2,100,99,100,0,,11.6,133,27.0,0.0,0.0,0.0,0.0
2026-01-12T22:00,2026-01-12,22,2026,1,12,강한 눈,-0.1,91,-1.3,-4.3,2.0,0.0,1.4,0.03,75,1010.6,1006.4,99,99,95,0,,13.1,173,25.6,0.0,0.0,0.0,0.0
2026-01-12T23:00,2026-01-12,23,2026,1,12,강한 눈,0.2,94,-0.6,-4.1,2.5,0.1,1.68,0.04,75,1009.9,1005.7,100,100,95,0,,14.9,192,27.4,0.0,0.0,0.0,0.0
2026-01-13T00:00,2026-01-13,0,2026,1,13,약한 이슬비,0.9,93,-0.1,-2.5,0.1,0.1,0.0,0.04,51,1009.7,1005.6,54,54,5,0,,8.0,207,27.7,0.0,0.0,0.0,0.0
2026-01-13T01:00,2026-01-13,1,2026,1,13,맑음,1.5,92,0.3,-2.8,0.0,0.0,0.0,0.04,0,1010.0,1005.9,12,12,0,0,,15.1,282,27.7,0.0,0.0,0.0,0.0
2026-01-13T02:00,2026-01-13,2,2026,1,13,흐림,0.2,92,-1.0,-4.7,0.0,0.0,0.0,0.04,3,1011.0,1006.8,93,92,10,0,,17.4,302,33.8,0.0,0.0,0.0,0.0
2026-01-13T03:00,2026-01-13,3,2026,1,13,맑음,-0.5,87,-2.5,-5.1,0.0,0.0,0.0,0.04,0,1012.1,1007.9,5,5,3,0,,14.3,305,34.2,0.0,0.0,0.0,0.0
2026-01-13T04:00,2026-01-13,4,2026,1,13,맑음,-2.3,88,-4.1,-6.4,0.0,0.0,0.0,0.04,0,1012.5,1008.3,0,0,0,0,,9.6,300,27.4,0.0,0.0,0.0,0.0
2026-01-13T05:00,2026-01-13,5,2026,1,13,맑음,-3.5,88,-5.2,-7.9,0.0,0.0,0.0,0.04,0,1013.1,1008.9,0,0,0,0,,11.2,303,20.5,0.0,0.0,0.0,0.0
2026-01-13T06:00,2026-01-13,6,2026,1,13,맑음,-4.3,87,-6.2,-9.0,0.0,0.0,0.0,0.04,0,1014.4,1010.2,1,0,1,0,,12.3,309,23.8,0.0,0.0,0.0,0.0
2026-01-13T07:00,2026-01-13,7,2026,1,13,맑음,-5.3,85,-7.4,-10.0,0.0,0.0,0.0,0.04,0,1015.7,1011.4,0,0,0,0,,11.0,311,23.4,0.0,0.0,0.0,0.0
2026-01-13T08:00,2026-01-13,8,2026,1,13,맑음,-5.8,82,-8.4,-11.0,0.0,0.0,0.0,0.04,0,1017.3,1013.0,2,0,2,0,,13.6,311,25.2,1.0,0.0,1.0,0.0
2026-01-13T09:00,2026-01-13,9,2026,1,13,맑음,-4.3,67,-9.6,-9.9,0.0,0.0,0.0,0.02,0,1018.4,1014.1,10,9,9,0,,15.8,302,32.8,80.0,39.0,41.0,3600.0
2026-01-13T10:00,2026-01-13,10,2026,1,13,맑음,-4.2,50,-13.1,-10.3,0.0,0.0,0.0,0.02,0,1019.4,1015.1,1,1,1,0,,18.6,311,39.6,240.0,159.0,81.0,3600.0
2026-01-13T11:00,2026-01-13,11,2026,1,13,맑음,-4.3,43,-14.9,-10.6,0.0,0.0,0.0,0.02,0,1020.3,1016.0,1,1,0,0,,18.4,311,41.0,387.0,287.0,100.0,3600.0
2026-01-13T12:00,2026-01-13,12,2026,1,13,맑음,-4.2,43,-14.9,-10.3,0.0,0.0,0.0,0.02,0,1020.5,1016.2,0,0,0,0,,17.0,306,40.7,490.0,379.0,111.0,3600.0
2026-01-13T13:00,2026-01-13,13,2026,1,13,대체로 맑음,-2.7,32,-17.1,-9.4,0.0,0.0,0.0,0.02,1,1019.9,1015.7,41,41,0,0,,20.8,300,45.0,535.0,422.0,113.0,3600.0
2026-01-13T14:00,2026-01-13,14,2026,1,13,맑음,-2.4,30,-17.8,-9.3,0.0,0.0,0.0,0.01,0,1019.7,1015.5,0,0,0,0,,21.6,298,48.6,513.0,399.0,114.0,3600.0
2026-01-13T15:00,2026-01-13,15,2026,1,13,맑음,-3.0,44,-13.6,-9.2,0.0,0.0,0.0,0.02,0,1019.7,1015.5,0,0,0,0,,18.2,293,46.4,435.0,332.0,103.0,3600.0
2026-01-13T16:00,2026-01-13,16,2026,1,13,맑음,-4.2,43,-14.9,-10.0,0.0,0.0,0.0,0.02,0,1020.2,1015.9,4,0,0,4,,14.8,300,38.5,301.0,213.0,88.0,3600.0
2026-01-13T17:00,2026-01-13,17,2026,1,13,대체로 맑음,-5.1,47,-14.8,-10.2,0.0,0.0,0.0,0.02,1,1020.4,1016.1,20,0,0,20,,10.3,305,32.4,137.0,80.0,57.0,3600.0
2026-01-13T18:00,2026-01-13,18,2026,1,13,맑음,-6.3,50,-15.1,-11.3,0.0,0.0,0.0,0.02,0,1021.4,1017.1,1,0,0,1,,9.3,311,22.7,13.0,4.0,9.0,397.24
2026-01-13T19:00,2026-01-13,19,2026,1,13,맑음,-7.2,54,-15.0,-12.0,0.0,0.0,0.0,0.02,0,1021.9,1017.6,0,0,0,0,,8.1,313,20.5,0.0,0.0,0.0,0.0
2026-01-13T20:00,2026-01-13,20,2026,1,13,맑음,-7.9,56,-15.1,-12.6,0.0,0.0,0.0,0.02,0,1022.5,1018.2,12,0,0,12,,7.8,310,17.6,0.0,0.0,0.0,0.0
2026-01-13T21:00,2026-01-13,21,2026,1,13,맑음,-7.6,55,-15.1,-12.7,0.0,0.0,0.0,0.02,0,1023.6,1019.3,2,0,0,2,,10.4,304,17.6,0.0,0.0,0.0,0.0
2026-01-13T22:00,2026-01-13,22,2026,1,13,맑음,-8.9,59,-15.4,-13.4,0.0,0.0,0.0,0.02,0,1023.9,1019.5,2,0,1,2,,6.7,306,20.5,0.0,0.0,0.0,0.0
2026-01-13T23:00,2026-01-13,23,2026,1,13,맑음,-10.4,62,-16.2,-14.8,0.0,0.0,0.0,0.02,0,1024.3,1019.9,0,0,0,0,,5.5,316,14.4,0.0,0.0,0.0,0.0
2026-01-14T00:00,2026-01-14,0,2026,1,14,맑음,-10.5,60,-16.8,-14.6,0.0,0.0,0.0,0.02,0,1024.3,1019.9,0,0,0,0,,3.0,327,10.4,0.0,0.0,0.0,0.0
2026-01-14T01:00,2026-01-14,1,2026,1,14,맑음,-10.4,59,-16.9,-14.4,0.0,0.0,0.0,0.02,0,1024.1,1019.7,0,0,0,0,,1.9,326,6.1,0.0,0.0,0.0,0.0
2026-01-14T02:00,2026-01-14,2,2026,1,14,맑음,-10.6,59,-17.0,-14.4,0.0,0.0,0.0,0.02,0,1024.3,1019.9,2,0,1,1,,1.4,337,4.0,0.0,0.0,0.0,0.0
2026-01-14T03:00,2026-01-14,3,2026,1,14,맑음,-10.1,65,-15.4,-13.8,0.0,0.0,0.0,0.02,0,1024.9,1020.5,0,0,0,0,,1.2,63,3.2,0.0,0.0,0.0,0.0
2026-01-14T04:00,2026-01-14,4,2026,1,14,맑음,-11.3,65,-16.6,-15.1,0.0,0.0,0.0,0.02,0,1025.0,1020.6,0,0,0,0,,1.2,117,3.2,0.0,0.0,0.0,0.0
2026-01-14T05:00,2026-01-14,5,2026,1,14,맑음,-11.9,69,-16.4,-16.1,0.0,0.0,0.0,0.02,0,1025.2,1020.8,0,0,0,0,,3.9,112,7.6,0.0,0.0,0.0,0.0
2026-01-14T06:00,2026-01-14,6,2026,1,14,맑음,-11.9,70,-16.3,-16.3,0.0,0.0,0.0,0.02,0,1025.4,1021.0,0,0,0,0,,5.4,96,10.4,0.0,0.0,0.0,0.0
2026-01-14T07:00,2026-01-14,7,2026,1,14,맑음,-11.6,69,-16.2,-16.1,0.0,0.0,0.0,0.02,0,1025.6,1021.2,0,0,0,0,,5.6,94,11.5,0.0,0.0,0.0,0.0
2026-01-14T08:00,2026-01-14,8,2026,1,14,맑음,-11.6,68,-16.3,-16.0,0.0,0.0,0.0,0.02,0,1025.8,1021.4,0,0,0,0,,5.4,96,11.5,1.0,0.0,1.0,0.0
2026-01-14T09:00,2026-01-14,9,2026,1,14,맑음,-9.6,64,-15.1,-14.3,0.0,0.0,0.0,0.02,0,1026.1,1021.7,0,0,0,0,,7.8,94,11.2,77.0,39.0,38.0,3600.0
2026-01-14T10:00,2026-01-14,10,2026,1,14,맑음,-7.5,56,-14.8,-11.8,0.0,0.0,0.0,0.02,0,1026.2,1021.9,0,0,0,0,,4.9,94,12.2,235.0,156.0,79.0,3600.0
2026-01-14T11:00,2026-01-14,11,2026,1,14,맑음,-5.3,47,-14.9,-9.7,0.0,0.0,0.0,0.02,0,1026.1,1021.8,0,0,0,0,,5.1,107,13.3,380.0,280.0,100.0,3600.0
2026-01-14T12:00,2026-01-14,12,2026,1,14,맑음,-3.5,42,-14.7,-7.7,0.0,0.0,0.0,0.02,0,1025.5,1021.2,5,5,0,0,,4.0,117,13.3,480.0,369.0,111.0,3600.0
2026-01-14T13:00,2026-01-14,13,2026,1,14,맑음,-2.2,38,-14.5,-6.3,0.0,0.0,0.0,0.02,0,1024.4,1020.1,1,1,0,0,,3.9,127,11.5,522.0,405.0,117.0,3600.0
2026-01-14T14:00,2026-01-14,14,2026,1,14,맑음,-1.0,41,-12.8,-4.9,0.0,0.0,0.0,0.02,0,1023.3,1019.1,3,2,0,1,,2.8,140,11.2,502.0,389.0,113.0,3600.0
2026-01-14T15:00,2026-01-14,15,2026,1,14,흐림,-0.6,31,-15.8,-4.6,0.0,0.0,0.0,0.02,3,1023.0,1018.8,93,14,4,92,,2.2,104,10.1,421.0,316.0,105.0,3600.0
2026-01-14T16:00,2026-01-14,16,2026,1,14,흐림,-0.2,32,-15.1,-4.8,0.0,0.0,0.0,0.02,3,1021.9,1017.7,91,1,69,84,,6.5,92,16.2,272.0,168.0,104.0,3600.0
2026-01-14T17:00,2026-01-14,17,2026,1,14,흐림,-0.9,36,-14.1,-5.5,0.0,0.0,0.0,0.02,3,1021.5,1017.3,98,1,63,96,,7.0,86,16.2,124.0,56.0,68.0,3600.0
2026-01-14T18:00,2026-01-14,18,2026,1,14,흐림,-1.8,40,-13.6,-6.6,0.0,0.0,0.0,0.02,3,1020.9,1016.7,100,51,98,100,,9.2,94,16.2,11.0,1.0,10.0,0.0
2026-01-14T19:00,2026-01-14,19,2026,1,14,흐림,-1.2,39,-13.3,-6.5,0.0,0.0,0.0,0.02,3,1020.1,1015.9,100,100,82,100,,12.1,102,22.0,0.0,0.0,0.0,0.0
2026-01-14T20:00,2026-01-14,20,2026,1,14,흐림,-0.8,41,-12.4,-6.0,0.0,0.0,0.0,0.02,3,1019.3,1015.1,100,100,91,100,,12.2,103,23.4,0.0,0.0,0.0,0.0
2026-01-14T21:00,2026-01-14,21,2026,1,14,흐림,-0.4,38,-13.1,-5.4,0.0,0.0,0.0,0.02,3,1019.5,1015.3,100,100,100,100,,10.5,98,23.8,0.0,0.0,0.0,0.0
2026-01-14T22:00,2026-01-14,22,2026,1,14,흐림,-0.2,40,-12.1,-5.6,0.0,0.0,0.0,0.02,3,1018.4,1014.2,100,100,98,100,,13.5,99,25.6,0.0,0.0,0.0,0.0
2026-01-14T23:00,2026-01-14,23,2026,1,14,약한 이슬비,-0.1,47,-10.1,-5.3,0.1,0.1,0.0,0.01,51,1017.6,1013.4,100,100,100,100,,13.8,103,27.0,0.0,0.0,0.0,0.0
2026-01-15T00:00,2026-01-15,0,2026,1,15,흐림,0.3,52,-8.4,-4.7,0.0,0.0,0.0,0.01,3,1016.9,1012.7,100,100,99,100,,13.2,101,26.6,0.0,0.0,0.0,0.0
2026-01-15T01:00,2026-01-15,1,2026,1,15,흐림,0.8,56,-7.0,-4.1,0.0,0.0,0.0,0.01,3,1015.6,1011.4,100,100,99,100,,12.7,96,25.2,0.0,0.0,0.0,0.0
2026-01-15T02:00,2026-01-15,2,2026,1,15,흐림,1.3,62,-5.2,-3.3,0.0,0.0,0.0,0.01,3,1014.9,1010.7,100,100,94,100,,12.0,97,23.8,0.0,0.0,0.0,0.0
2026-01-15T03:00,2026-01-15,3,2026,1,15,흐림,0.1,55,-7.8,-4.5,0.0,0.0,0.0,0.01,3,1015.1,1010.9,100,100,99,100,,10.4,90,22.7,0.0,0.0,0.0,0.0
2026-01-15T04:00,2026-01-15,4,2026,1,15,흐림,0.7,63,-5.5,-3.9,0.0,0.0,0.0,0.01,3,1014.2,1010.0,100,100,98,59,,11.9,100,22.0,0.0,0.0,0.0,0.0
2026-01-15T05:00,2026-01-15,5,2026,1,15,흐림,1.8,69,-3.4,-2.6,0.0,0.0,0.0,0.01,3,1013.2,1009.1,100,100,94,0,,12.0,116,24.5,0.0,0.0,0.0,0.0
2026-01-15T06:00,2026-01-15,6,2026,1,15,부분적으로 흐림,2.5,77,-1.1,-1.2,0.0,0.0,0.0,0.01,2,1012.8,1008.7,73,73,0,0,,9.3,133,22.7,0.0,0.0,0.0,0.0
2026-01-15T07:00,2026-01-15,7,2026,1,15,대체로 맑음,2.5,90,1.0,-0.5,0.0,0.0,0.0,0.01,1,1012.3,1008.2,20,20,0,0,,7.7,143,17.3,0.0,0.0,0.0,0.0
2026-01-15T08:00,2026-01-15,8,2026,1,15,대체로 맑음,2.5,96,1.9,-0.5,0.0,0.0,0.0,0.01,1,1012.5,1008.4,28,28,0,0,,7.8,146,14.0,1.0,0.0,1.0,0.0
2026-01-15T09:00,2026-01-15,9,2026,1,15,흐림,1.9,92,0.6,-1.2,0.0,0.0,0.0,0.01,3,1013.4,1009.3,100,100,9,0,,7.3,121,15.1,67.0,24.0,43.0,3600.0
2026-01-15T10:00,2026-01-15,10,2026,1,15,흐림,3.5,86,1.2,0.6,0.0,0.0,0.0,0.01,3,1013.9,1009.8,100,100,0,0,,6.6,101,15.1,116.0,22.0,94.0,611.42
2026-01-15T11:00,2026-01-15,11,2026,1,15,흐림,4.8,81,1.8,2.3,0.0,0.0,0.0,0.01,3,1014.1,1010.0,100,100,0,0,,3.9,112,13.0,144.0,3.0,141.0,0.0
2026-01-15T12:00,2026-01-15,12,2026,1,15,부분적으로 흐림,6.2,83,3.5,4.1,0.0,0.0,0.0,0.01,2,1013.7,1009.6,71,71,0,0,,3.7,241,10.4,203.0,17.0,186.0,0.0
2026-01-15T13:00,2026-01-15,13,2026,1,15,흐림,7.1,76,3.2,4.3,0.0,0.0,0.0,0.01,3,1013.4,1009.3,99,99,0,0,,8.3,292,20.2,352.0,147.0,205.0,3600.0
2026-01-15T14:00,2026-01-15,14,2026,1,15,흐림,6.7,75,2.6,3.7,0.0,0.0,0.0,0.01,3,1013.4,1009.3,99,99,0,0,,8.7,312,20.2,303.0,85.0,218.0,3284.4
2026-01-15T15:00,2026-01-15,15,2026,1,15,흐림,7.1,74,2.7,4.8,0.0,0.0,0.0,0.01,3,1013.5,1009.4,88,88,0,0,,4.1,293,20.2,279.0,75.0,204.0,3344.59
2026-01-15T16:00,2026-01-15,16,2026,1,15,대체로 맑음,7.1,71,2.2,4.3,0.0,0.0,0.0,0.01,1,1014.2,1010.1,30,30,0,0,,7.2,271,15.8,252.0,131.0,121.0,3600.0
2026-01-15T17:00,2026-01-15,17,2026,1,15,맑음,4.9,83,2.3,1.8,0.0,0.0,0.0,0.01,0,1015.1,1011.0,17,17,0,0,,9.6,250,18.0,123.0,60.0,63.0,3600.0
2026-01-15T18:00,2026-01-15,18,2026,1,15,맑음,2.5,94,1.6,-0.5,0.0,0.0,0.0,0.01,0,1016.1,1012.0,4,4,0,0,,7.5,249,18.4,13.0,4.0,9.0,330.25
2026-01-15T19:00,2026-01-15,19,2026,1,15,맑음,0.4,97,-0.1,-2.6,0.0,0.0,0.0,0.01,0,1016.7,1012.5,1,1,0,0,,6.1,251,13.0,0.0,0.0,0.0,0.0
2026-01-15T20:00,2026-01-15,20,2026,1,15,맑음,-0.1,95,-0.9,-3.2,0.0,0.0,0.0,0.01,0,1017.2,1013.0,0,0,0,0,,5.8,240,9.7,0.0,0.0,0.0,0.0
2026-01-15T21:00,2026-01-15,21,2026,1,15,맑음,-0.2,100,-0.2,-3.0,0.0,0.0,0.0,0.0,0,1018.1,1013.9,0,0,0,0,,4.8,236,9.4,0.0,0.0,0.0,0.0
2026-01-15T22:00,2026-01-15,22,2026,1,15,흐림,-0.9,100,-0.9,-3.8,0.0,0.0,0.0,0.0,3,1018.7,1014.5,96,96,0,0,,4.7,279,7.2,0.0,0.0,0.0,0.0
2026-01-15T23:00,2026-01-15,23,2026,1,15,흐림,-1.5,100,-1.6,-4.5,0.0,0.0,0.0,0.0,3,1019.3,1015.1,100,100,0,0,,4.3,332,7.2,0.0,0.0,0.0,0.0
2026-01-16T00:00,2026-01-16,0,2026,1,16,흐림,-1.8,99,-1.9,-4.5,0.0,0.0,0.0,0.0,3,1019.3,1015.1,100,100,0,0,,2.7,67,6.5,0.0,0.0,0.0,0.0
2026-01-16T01:00,2026-01-16,1,2026,1,16,흐림,-1.8,99,-1.9,-4.8,0.0,0.0,0.0,0.0,3,1018.7,1014.5,100,100,0,0,,3.9,106,8.6,0.0,0.0,0.0,0.0
2026-01-16T02:00,2026-01-16,2,2026,1,16,흐림,-1.4,99,-1.5,-4.1,0.0,0.0,0.0,0.0,3,1019.0,1014.8,100,100,0,0,,2.2,90,10.4,0.0,0.0,0.0,0.0
2026-01-16T03:00,2026-01-16,3,2026,1,16,흐림,-1.7,100,-1.8,-4.2,0.0,0.0,0.0,0.0,3,1019.7,1015.5,100,100,0,0,,0.7,104,5.4,0.0,0.0,0.0,0.0
2026-01-16T04:00,2026-01-16,4,2026,1,16,흐림,-1.4,100,-1.5,-4.1,0.0,0.0,0.0,0.0,3,1019.6,1015.4,100,100,0,0,,2.8,101,7.2,0.0,0.0,0.0,0.0
2026-01-16T05:00,2026-01-16,5,2026,1,16,흐림,-1.4,100,-1.5,-4.3,0.0,0.0,0.0,0.0,3,1019.3,1015.1,100,100,0,0,,4.2,83,10.1,0.0,0.0,0.0,0.0
2026-01-16T06:00,2026-01-16,6,2026,1,16,흐림,-1.4,99,-1.5,-4.4,0.0,0.0,0.0,0.0,3,1019.8,1015.6,100,100,0,0,,4.7,90,10.4,0.0,0.0,0.0,0.0
2026-01-16T07:00,2026-01-16,7,2026,1,16,흐림,-1.2,99,-1.3,-4.5,0.0,0.0,0.0,0.0,3,1019.8,1015.6,100,100,0,0,,6.7,99,14.0,0.0,0.0,0.0,0.0
2026-01-16T08:00,2026-01-16,8,2026,1,16,흐림,-1.1,99,-1.2,-4.5,0.0,0.0,0.0,0.0,3,1020.0,1015.8,100,100,0,0,,7.8,113,16.2,1.0,0.0,1.0,0.0
2026-01-16T09:00,2026-01-16,9,2026,1,16,흐림,-0.8,99,-0.9,-4.0,0.0,0.0,0.0,0.01,3,1020.7,1016.5,100,100,0,0,,7.0,122,18.7,44.0,3.0,41.0,0.0
2026-01-16T10:00,2026-01-16,10,2026,1,16,흐림,0.1,97,-0.4,-3.0,0.0,0.0,0.0,0.01,3,1021.1,1016.9,100,100,0,0,,6.1,114,16.6,108.0,6.0,102.0,0.0
2026-01-16T11:00,2026-01-16,11,2026,1,16,흐림,0.9,95,0.2,-2.2,0.0,0.0,0.0,0.01,3,1021.1,1016.9,100,100,0,0,,6.4,115,17.3,183.0,14.0,169.0,0.0
2026-01-16T12:00,2026-01-16,12,2026,1,16,흐림,2.6,87,0.6,-0.2,0.0,0.0,0.0,0.01,3,1020.5,1016.3,95,95,0,0,,5.3,108,18.4,329.0,116.0,213.0,3600.0
2026-01-16T13:00,2026-01-16,13,2026,1,16,맑음,4.4,78,0.9,1.9,0.0,0.0,0.0,0.01,0,1019.4,1015.3,1,1,0,0,,3.8,115,16.6,454.0,264.0,190.0,3600.0
2026-01-16T14:00,2026-01-16,14,2026,1,16,맑음,5.7,72,1.0,3.4,0.0,0.0,0.0,0.01,0,1018.5,1014.4,1,1,0,0,,2.2,99,14.0,494.0,376.0,118.0,3600.0
2026-01-16T15:00,2026-01-16,15,2026,1,16,맑음,6.3,69,1.0,4.2,0.0,0.0,0.0,0.01,0,1017.8,1013.7,0,0,0,0,,1.3,82,11.2,424.0,327.0,97.0,3600.0
2026-01-16T16:00,2026-01-16,16,2026,1,16,맑음,6.4,69,1.2,4.2,0.0,0.0,0.0,0.01,0,1017.7,1013.6,0,0,0,0,,2.2,351,7.6,297.0,215.0,82.0,3600.0
2026-01-16T17:00,2026-01-16,17,2026,1,16,맑음,3.8,79,0.5,1.2,0.0,0.0,0.0,0.01,0,1017.9,1013.8,0,0,0,0,,3.8,343,5.8,139.0,84.0,55.0,3600.0
2026-01-16T18:00,2026-01-16,18,2026,1,16,맑음,1.3,84,-1.0,-1.9,0.0,0.0,0.0,0.01,0,1018.2,1014.0,2,2,0,0,,6.2,350,8.6,15.0,6.0,9.0,955.06
2026-01-16T19:00,2026-01-16,19,2026,1,16,맑음,0.3,88,-1.5,-2.7,0.0,0.0,0.0,0.01,0,1018.3,1014.1,16,16,0,0,,5.1,8,9.7,0.0,0.0,0.0,0.0
2026-01-16T20:00,2026-01-16,20,2026,1,16,흐림,-0.1,89,-1.8,-3.1,0.0,0.0,0.0,0.01,3,1018.3,1014.1,100,100,0,0,,3.9,16,7.6,0.0,0.0,0.0,0.0
2026-01-16T21:00,2026-01-16,21,2026,1,16,흐림,0.2,90,-1.2,-2.5,0.0,0.0,0.0,0.01,3,1019.1,1014.9,100,100,0,0,,3.2,304,9.0,0.0,0.0,0.0,0.0
2026-01-16T22:00,2026-01-16,22,2026,1,16,흐림,1.6,85,-0.6,-1.5,0.0,0.0,0.0,0.01,3,1019.2,1015.0,100,100,0,0,,6.0,309,9.0,0.0,0.0,0.0,0.0
2026-01-16T23:00,2026-01-16,23,2026,1,16,흐림,2.0,82,-0.7,-1.5,0.0,0.0,0.0,0.01,3,1019.7,1015.5,100,100,0,0,,8.7,328,16.2,0.0,0.0,0.0,0.0
2026-01-17T00:00,2026-01-17,0,2026,1,17,흐림,1.6,84,-0.8,-1.9,0.0,0.0,0.0,0.01,3,1019.9,1015.7,99,98,0,30,,8.3,327,16.2,0.0,0.0,0.0,0.0
2026-01-17T01:00,2026-01-17,1,2026,1,17,대체로 맑음,0.6,82,-2.2,-3.6,0.0,0.0,0.0,0.01,1,1020.2,1016.0,41,10,0,34,,12.3,322,23.4,0.0,0.0,0.0,0.0
2026-01-17T02:00,2026-01-17,2,2026,1,17,맑음,-1.4,83,-4.0,-6.0,0.0,0.0,0.0,0.01,0,1020.9,1016.7,0,0,0,0,,13.6,320,27.4,0.0,0.0,0.0,0.0
2026-01-17T03:00,2026-01-17,3,2026,1,17,맑음,-1.8,89,-3.3,-5.7,0.0,0.0,0.0,0.01,0,1020.9,1016.7,2,2,0,0,,8.7,313,27.0,0.0,0.0,0.0,0.0
2026-01-17T04:00,2026-01-17,4,2026,1,17,맑음,-2.8,89,-4.2,-6.9,0.0,0.0,0.0,0.01,0,1021.0,1016.8,0,0,0,0,,10.2,316,19.1,0.0,0.0,0.0,0.0
2026-01-17T05:00,2026-01-17,5,2026,1,17,맑음,-3.7,88,-5.3,-8.0,0.0,0.0,0.0,0.01,0,1021.1,1016.8,0,0,0,0,,10.4,323,21.6,0.0,0.0,0.0,0.0
2026-01-17T06:00,2026-01-17,6,2026,1,17,맑음,-4.4,86,-6.4,-8.8,0.0,0.0,0.0,0.01,0,1021.6,1017.3,0,0,0,0,,10.4,321,20.2,0.0,0.0,0.0,0.0
2026-01-17T07:00,2026-01-17,7,2026,1,17,맑음,-5.1,81,-7.9,-9.8,0.0,0.0,0.0,0.01,0,1022.5,1018.2,0,0,0,0,,11.1,320,22.0,0.0,0.0,0.0,0.0
2026-01-17T08:00,2026-01-17,8,2026,1,17,맑음,-5.8,75,-9.5,-10.5,0.0,0.0,0.0,0.01,0,1023.3,1019.0,0,0,0,0,,10.3,325,22.0,1.0,0.0,1.0,0.0
2026-01-17T09:00,2026-01-17,9,2026,1,17,맑음,-4.8,73,-9.0,-9.1,0.0,0.0,0.0,0.0,0,1023.6,1019.3,0,0,0,0,,7.6,317,20.5,82.0,44.0,38.0,3600.0
2026-01-17T10:00,2026-01-17,10,2026,1,17,맑음,-3.5,61,-9.9,-7.7,0.0,0.0,0.0,0.0,0,1024.2,1019.9,0,0,0,0,,6.8,318,19.4,242.0,166.0,76.0,3600.0
2026-01-17T11:00,2026-01-17,11,2026,1,17,맑음,-1.8,49,-11.0,-6.0,0.0,0.0,0.0,0.0,0,1024.2,1020.0,0,0,0,0,,5.7,323,19.8,390.0,296.0,94.0,3600.0
2026-01-17T12:00,2026-01-17,12,2026,1,17,맑음,-0.1,39,-12.4,-4.3,0.0,0.0,0.0,0.0,0,1023.3,1019.1,0,0,0,0,,5.1,318,19.4,492.0,389.0,103.0,3600.0
2026-01-17T13:00,2026-01-17,13,2026,1,17,맑음,1.0,37,-12.1,-3.2,0.0,0.0,0.0,0.0,0,1022.2,1018.0,0,0,0,0,,5.5,319,18.4,536.0,431.0,105.0,3600.0
2026-01-17T14:00,2026-01-17,14,2026,1,17,맑음,1.8,36,-11.8,-2.8,0.0,0.0,0.0,0.0,0,1022.3,1018.1,0,0,0,0,,8.0,332,22.0,517.0,414.0,103.0,3600.0
2026-01-17T15:00,2026-01-17,15,2026,1,17,맑음,1.9,43,-9.4,-2.0,0.0,0.0,0.0,0.0,0,1021.6,1017.4,0,0,0,0,,4.9,332,22.0,437.0,343.0,94.0,3600.0
2026-01-17T16:00,2026-01-17,16,2026,1,17,맑음,1.8,44,-9.4,-2.4,0.0,0.0,0.0,0.0,0,1021.9,1017.7,0,0,0,0,,6.9,337,16.6,306.0,224.0,82.0,3600.0
2026-01-17T17:00,2026-01-17,17,2026,1,17,맑음,0.5,52,-8.3,-3.4,0.0,0.0,0.0,0.0,0,1022.2,1018.0,0,0,0,0,,5.1,342,16.6,145.0,90.0,55.0,3600.0
2026-01-17T18:00,2026-01-17,18,2026,1,17,맑음,-1.5,57,-8.9,-5.5,0.0,0.0,0.0,0.0,0,1022.5,1018.3,0,0,0,0,,5.7,332,10.8,17.0,7.0,10.0,1248.45
2026-01-17T19:00,2026-01-17,19,2026,1,17,맑음,-2.0,53,-10.4,-6.3,0.0,0.0,0.0,0.0,0,1022.7,1018.5,0,0,0,0,,6.7,324,11.9,0.0,0.0,0.0,0.0
2026-01-17T20:00,2026-01-17,20,2026,1,17,맑음,-2.8,52,-11.2,-7.1,0.0,0.0,0.0,0.0,0,1023.1,1018.8,0,0,0,0,,7.0,331,13.3,0.0,0.0,0.0,0.0
2026-01-17T21:00,2026-01-17,21,2026,1,17,맑음,-3.5,57,-10.8,-7.8,0.0,0.0,0.0,0.0,0,1023.0,1018.7,0,0,0,0,,6.1,332,13.0,0.0,0.0,0.0,0.0
2026-01-17T22:00,2026-01-17,22,2026,1,17,맑음,-3.9,56,-11.4,-8.2,0.0,0.0,0.0,0.0,0,1023.4,1019.1,0,0,0,0,,6.3,336,11.5,0.0,0.0,0.0,0.0
2026-01-17T23:00,2026-01-17,23,2026,1,17,맑음,-4.2,57,-11.4,-8.4,0.0,0.0,0.0,0.0,0,1023.3,1019.0,0,0,0,0,,5.8,344,12.2,0.0,0.0,0.0,0.0
2026-01-18T00:00,2026-01-18,0,2026,1,18,맑음,-4.2,58,-11.2,-8.3,0.0,0.0,0.0,0.0,0,1023.1,1018.8,0,0,0,0,,5.4,358,10.8,0.0,0.0,0.0,0.0
2026-01-18T01:00,2026-01-18,1,2026,1,18,맑음,-4.3,58,-11.4,-8.3,0.0,0.0,0.0,0.0,0,1022.9,1018.6,0,0,0,0,,4.3,5,10.4,0.0,0.0,0.0,0.0
2026-01-18T02:00,2026-01-18,2,2026,1,18,맑음,-4.7,59,-11.6,-8.6,0.0,0.0,0.0,0.0,0,1023.0,1018.7,16,0,0,16,,3.5,9,7.9,0.0,0.0,0.0,0.0
2026-01-18T03:00,2026-01-18,3,2026,1,18,대체로 맑음,-5.2,68,-10.1,-9.0,0.0,0.0,0.0,0.0,1,1023.7,1019.4,21,0,0,21,,4.2,12,7.6,0.0,0.0,0.0,0.0
2026-01-18T04:00,2026-01-18,4,2026,1,18,맑음,-5.2,67,-10.5,-8.8,0.0,0.0,0.0,0.0,0,1023.3,1019.0,0,0,0,0,,1.9,56,6.8,0.0,0.0,0.0,0.0
2026-01-18T05:00,2026-01-18,5,2026,1,18,맑음,-5.4,67,-10.5,-9.0,0.0,0.0,0.0,0.0,0,1023.1,1018.8,2,0,2,0,,2.0,63,3.6,0.0,0.0,0.0,0.0
2026-01-18T06:00,2026-01-18,6,2026,1,18,흐림,-5.4,68,-10.4,-9.1,0.0,0.0,0.0,0.0,3,1023.2,1018.9,99,0,99,0,,2.3,86,4.7,0.0,0.0,0.0,0.0
2026-01-18T07:00,2026-01-18,7,2026,1,18,흐림,-3.2,58,-10.3,-7.2,0.0,0.0,0.0,0.0,3,1023.1,1018.8,100,0,100,0,,4.3,85,8.3,0.0,0.0,0.0,0.0
2026-01-18T08:00,2026-01-18,8,2026,1,18,흐림,-2.8,55,-10.4,-6.7,0.0,0.0,0.0,0.0,3,1022.9,1018.6,100,0,100,0,,4.4,69,7.2,0.0,0.0,0.0,0.0
2026-01-18T09:00,2026-01-18,9,2026,1,18,흐림,-2.5,56,-9.9,-6.3,0.0,0.0,0.0,0.0,3,1023.5,1019.2,100,0,100,0,,4.3,332,10.1,36.0,2.0,34.0,0.0
2026-01-18T10:00,2026-01-18,10,2026,1,18,흐림,-1.3,53,-9.8,-5.2,0.0,0.0,0.0,0.0,3,1023.7,1019.5,100,0,100,0,,4.6,339,13.0,68.0,3.0,65.0,0.0
2026-01-18T11:00,2026-01-18,11,2026,1,18,흐림,-0.1,48,-9.8,-3.9,0.0,0.0,0.0,0.0,3,1024.0,1019.8,100,0,100,0,,4.3,343,12.6,94.0,3.0,91.0,0.0
2026-01-18T12:00,2026-01-18,12,2026,1,18,흐림,1.3,42,-10.1,-2.6,0.0,0.0,0.0,0.0,3,1022.9,1018.7,100,0,100,0,,4.7,2,12.6,129.0,9.0,120.0,0.0
2026-01-18T13:00,2026-01-18,13,2026,1,18,흐림,2.2,38,-10.6,-1.9,0.0,0.0,0.0,0.0,3,1021.8,1017.6,100,0,100,0,,5.6,6,14.8,153.0,8.0,145.0,0.0
2026-01-18T14:00,2026-01-18,14,2026,1,18,흐림,3.0,34,-11.4,-1.1,0.0,0.0,0.0,0.0,3,1021.2,1017.0,100,1,100,0,,5.3,8,14.8,174.0,8.0,166.0,0.0
2026-01-18T15:00,2026-01-18,15,2026,1,18,흐림,1.6,43,-9.6,-2.4,0.0,0.0,0.0,0.0,3,1020.8,1016.6,82,0,82,0,,5.4,6,14.0,113.0,2.0,111.0,0.0
2026-01-18T16:00,2026-01-18,16,2026,1,18,흐림,2.3,46,-8.2,-1.9,0.0,0.0,0.0,0.0,3,1021.3,1017.1,100,2,100,0,,7.7,360,18.7,188.0,67.0,121.0,3600.0
2026-01-18T17:00,2026-01-18,17,2026,1,18,흐림,1.2,55,-6.7,-3.1,0.0,0.0,0.0,0.0,3,1021.4,1017.2,100,0,100,4,,9.3,342,17.6,31.0,0.0,31.0,0.0
2026-01-18T18:00,2026-01-18,18,2026,1,18,약한 눈,0.4,66,-5.2,-3.5,0.1,0.0,0.07,0.0,71,1021.9,1017.7,100,5,100,26,,7.8,352,19.1,3.0,0.0,3.0,0.0
2026-01-18T19:00,2026-01-18,19,2026,1,18,약한 눈,0.0,72,-4.4,-4.0,0.1,0.0,0.07,0.0,71,1022.2,1018.0,100,2,100,90,,8.8,341,17.3,0.0,0.0,0.0,0.0
2026-01-18T20:00,2026-01-18,20,2026,1,18,약한 눈,-0.2,76,-4.1,-4.0,0.1,0.0,0.07,0.0,71,1022.7,1018.5,100,9,100,43,,7.6,332,17.6,0.0,0.0,0.0,0.0
2026-01-18T21:00,2026-01-18,21,2026,1,18,약한 눈,-0.2,81,-3.1,-3.5,0.2,0.0,0.14,0.0,71,1023.0,1018.8,100,9,100,100,,5.1,333,16.9,0.0,0.0,0.0,0.0
2026-01-18T22:00,2026-01-18,22,2026,1,18,약한 눈,-0.4,83,-3.0,-3.8,0.1,0.0,0.07,0.01,71,1023.3,1019.1,100,2,100,97,,5.6,297,9.7,0.0,0.0,0.0,0.0
2026-01-18T23:00,2026-01-18,23,2026,1,18,약한 눈,-0.8,85,-2.9,-4.4,0.2,0.0,0.14,0.01,71,1023.8,1019.6,100,1,100,100,,7.5,300,14.4,0.0,0.0,0.0,0.0
2026-01-19T00:00,2026-01-19,0,2026,1,19,약한 눈,-1.1,86,-3.2,-4.8,0.1,0.0,0.07,0.01,71,1023.7,1019.5,100,13,99,100,,7.7,303,15.5,0.0,0.0,0.0,0.0
2026-01-19T01:00,2026-01-19,1,2026,1,19,약한 눈,-1.5,87,-3.3,-5.3,0.1,0.0,0.07,0.01,71,1023.6,1019.4,100,17,100,97,,8.9,308,18.4,0.0,0.0,0.0,0.0
2026-01-19T02:00,2026-01-19,2,2026,1,19,보통 눈,-1.9,89,-3.5,-5.9,0.3,0.0,0.21,0.01,73,1024.0,1019.8,100,42,100,98,,9.9,302,20.2,0.0,0.0,0.0,0.0
2026-01-19T03:00,2026-01-19,3,2026,1,19,보통 눈,-1.9,92,-3.0,-5.9,0.3,0.0,0.21,0.01,73,1024.0,1019.8,100,84,100,100,,10.2,302,22.7,0.0,0.0,0.0,0.0
2026-01-19T04:00,2026-01-19,4,2026,1,19,보통 눈,-2.5,92,-3.6,-6.5,0.8,0.0,0.56,0.02,73,1023.4,1019.1,100,53,100,95,,9.2,303,20.9,0.0,0.0,0.0,0.0
2026-01-19T05:00,2026-01-19,5,2026,1,19,보통 눈,-3.0,89,-4.4,-7.1,0.4,0.0,0.28,0.02,73,1023.3,1019.0,100,48,100,55,,9.9,302,20.2,0.0,0.0,0.0,0.0
2026-01-19T06:00,2026-01-19,6,2026,1,19,약한 눈,-3.2,87,-5.1,-7.5,0.2,0.0,0.14,0.02,71,1023.5,1019.2,100,23,100,74,,10.0,304,20.2,0.0,0.0,0.0,0.0
2026-01-19T07:00,2026-01-19,7,2026,1,19,약한 눈,-3.5,79,-6.7,-8.4,0.1,0.0,0.07,0.02,71,1024.0,1019.7,100,7,100,0,,13.1,311,26.6,0.0,0.0,0.0,0.0
2026-01-19T08:00,2026-01-19,8,2026,1,19,흐림,-4.7,71,-9.1,-10.2,0.0,0.0,0.0,0.02,3,1025.2,1020.9,100,3,100,0,,15.7,315,34.2,1.0,0.0,1.0,0.0
2026-01-19T09:00,2026-01-19,9,2026,1,19,흐림,-4.3,63,-10.2,-9.3,0.0,0.0,0.0,0.01,3,1024.6,1020.3,100,0,100,13,,11.7,308,32.0,27.0,2.0,25.0,0.0
2026-01-19T10:00,2026-01-19,10,2026,1,19,맑음,-4.1,57,-11.4,-9.3,0.0,0.0,0.0,0.01,0,1025.1,1020.8,13,0,1,13,,12.6,311,29.2,172.0,71.0,101.0,3600.0
2026-01-19T11:00,2026-01-19,11,2026,1,19,대체로 맑음,-3.3,49,-12.6,-8.8,0.0,0.0,0.0,0.01,1,1025.6,1021.3,44,0,1,44,,13.5,304,31.7,382.0,276.0,106.0,3600.0
2026-01-19T12:00,2026-01-19,12,2026,1,19,부분적으로 흐림,-3.0,43,-13.8,-8.9,0.0,0.0,0.0,0.01,2,1025.3,1021.0,65,0,0,65,,16.6,307,38.5,478.0,351.0,127.0,3600.0
2026-01-19T13:00,2026-01-19,13,2026,1,19,대체로 맑음,-2.6,36,-15.6,-8.7,0.0,0.0,0.0,0.01,1,1024.2,1019.9,25,0,0,25,,17.3,312,40.0,533.0,411.0,122.0,3600.0
2026-01-19T14:00,2026-01-19,14,2026,1,19,맑음,-2.7,32,-17.1,-8.9,0.0,0.0,0.0,0.01,0,1024.0,1019.7,2,0,0,2,,17.6,312,41.0,517.0,392.0,125.0,3600.0
2026-01-19T15:00,2026-01-19,15,2026,1,19,대체로 맑음,-3.5,34,-17.2,-9.7,0.0,0.0,0.0,0.01,1,1024.1,1019.8,28,0,0,28,,17.7,308,41.4,446.0,345.0,101.0,3600.0
2026-01-19T16:00,2026-01-19,16,2026,1,19,흐림,-4.2,30,-19.2,-10.8,0.0,0.0,0.0,0.01,3,1025.1,1020.8,91,0,1,91,,19.2,310,42.5,313.0,223.0,90.0,3600.0
2026-01-19T17:00,2026-01-19,17,2026,1,19,대체로 맑음,-5.3,32,-19.4,-11.7,0.0,0.0,0.0,0.01,1,1025.7,1021.4,46,0,0,46,,18.1,311,41.4,149.0,79.0,70.0,3600.0
2026-01-19T18:00,2026-01-19,18,2026,1,19,부분적으로 흐림,-7.1,41,-18.2,-13.7,0.0,0.0,0.0,0.01,2,1026.2,1021.9,60,0,2,60,,19.5,317,40.3,20.0,7.0,13.0,1175.92
2026-01-19T19:00,2026-01-19,19,2026,1,19,대체로 맑음,-8.4,44,-18.5,-15.0,0.0,0.0,0.0,0.01,1,1027.1,1022.7,40,0,31,13,,19.0,322,41.4,0.0,0.0,0.0,0.0
2026-01-19T20:00,2026-01-19,20,2026,1,19,대체로 맑음,-9.4,45,-19.2,-16.0,0.0,0.0,0.0,0.01,1,1027.9,1023.5,45,0,19,43,,18.8,319,39.2,0.0,0.0,0.0,0.0
2026-01-19T21:00,2026-01-19,21,2026,1,19,흐림,-9.2,46,-18.8,-15.4,0.0,0.0,0.0,0.01,3,1028.3,1023.9,85,0,27,82,,16.3,319,39.2,0.0,0.0,0.0,0.0
2026-01-19T22:00,2026-01-19,22,2026,1,19,부분적으로 흐림,-9.6,41,-20.3,-15.8,0.0,0.0,0.0,0.01,2,1028.5,1024.1,73,0,9,73,,16.5,322,34.9,0.0,0.0,0.0,0.0
2026-01-19T23:00,2026-01-19,23,2026,1,19,흐림,-10.3,42,-20.9,-16.5,0.0,0.0,0.0,0.01,3,1029.2,1024.8,90,0,20,90,,15.9,321,34.2,0.0,0.0,0.0,0.0
2026-01-20T00:00,2026-01-20,0,2026,1,20,흐림,-11.0,42,-21.5,-17.1,0.0,0.0,0.0,0.01,3,1029.4,1025.0,100,0,0,100,,15.1,322,32.8,0.0,0.0,0.0,0.0
2026-01-20T01:00,2026-01-20,1,2026,1,20,흐림,-11.4,39,-22.6,-17.5,0.0,0.0,0.0,0.01,3,1029.7,1025.3,100,0,0,100,,15.1,328,32.8,0.0,0.0,0.0,0.0
2026-01-20T02:00,2026-01-20,2,2026,1,20,흐림,-12.0,39,-23.1,-17.8,0.0,0.0,0.0,0.01,3,1029.8,1025.4,100,0,0,100,,12.6,327,31.7,0.0,0.0,0.0,0.0
2026-01-20T03:00,2026-01-20,3,2026,1,20,흐림,-11.9,42,-22.3,-17.3,0.0,0.0,0.0,0.01,3,1030.1,1025.7,100,0,5,100,,10.4,328,25.9,0.0,0.0,0.0,0.0
2026-01-20T04:00,2026-01-20,4,2026,1,20,흐림,-11.9,39,-23.0,-17.5,0.0,0.0,0.0,0.01,3,1029.7,1025.3,100,0,0,100,,11.3,331,24.8,0.0,0.0,0.0,0.0
2026-01-20T05:00,2026-01-20,5,2026,1,20,흐림,-12.6,40,-23.4,-18.0,0.0,0.0,0.0,0.01,3,1030.0,1025.6,91,0,0,91,,10.2,323,24.8,0.0,0.0,0.0,0.0
2026-01-20T06:00,2026-01-20,6,2026,1,20,흐림,-13.1,41,-23.5,-18.4,0.0,0.0,0.0,0.01,3,1030.0,1025.5,100,0,0,100,,9.2,317,22.0,0.0,0.0,0.0,0.0
2026-01-20T07:00,2026-01-20,7,2026,1,20,흐림,-13.4,42,-23.7,-18.5,0.0,0.0,0.0,0.01,3,1029.7,1025.2,100,0,0,100,,8.0,318,19.8,0.0,0.0,0.0,0.0
2026-01-20T08:00,2026-01-20,8,2026,1,20,흐림,-13.5,41,-24.0,-18.4,0.0,0.0,0.0,0.01,3,1030.3,1025.8,100,0,0,100,,6.9,303,17.6,1.0,0.0,1.0,0.0
2026-01-20T09:00,2026-01-20,9,2026,1,20,흐림,-13.0,51,-21.0,-17.8,0.0,0.0,0.0,0.02,3,1031.0,1026.5,91,0,0,91,,6.2,306,18.4,85.0,41.0,44.0,3600.0
2026-01-20T10:00,2026-01-20,10,2026,1,20,흐림,-12.2,49,-20.8,-17.0,0.0,0.0,0.0,0.02,3,1031.5,1027.1,100,0,0,100,,6.5,312,16.9,250.0,161.0,89.0,3600.0
2026-01-20T11:00,2026-01-20,11,2026,1,20,맑음,-10.9,46,-20.2,-15.6,0.0,0.0,0.0,0.02,0,1031.2,1026.8,18,0,0,18,,6.2,311,17.6,400.0,288.0,112.0,3600.0
2026-01-20T12:00,2026-01-20,12,2026,1,20,맑음,-8.6,31,-22.6,-13.6,0.0,0.0,0.0,0.02,0,1030.4,1026.0,0,0,0,0,,7.0,305,22.7,515.0,402.0,113.0,3600.0
2026-01-20T13:00,2026-01-20,13,2026,1,20,맑음,-7.2,28,-22.6,-12.1,0.0,0.0,0.0,0.02,0,1028.9,1024.5,0,0,0,0,,7.1,308,23.0,563.0,450.0,113.0,3600.0
2026-01-20T14:00,2026-01-20,14,2026,1,20,맑음,-6.1,26,-22.4,-11.1,0.0,0.0,0.0,0.01,0,1028.1,1023.8,0,0,0,0,,8.0,308,23.4,546.0,435.0,111.0,3600.0
2026-01-20T15:00,2026-01-20,15,2026,1,20,맑음,-5.8,29,-21.1,-11.0,0.0,0.0,0.0,0.01,0,1027.9,1023.6,0,0,0,0,,9.3,304,25.2,466.0,363.0,103.0,3600.0
2026-01-20T16:00,2026-01-20,16,2026,1,20,맑음,-5.7,29,-21.0,-11.1,0.0,0.0,0.0,0.01,0,1027.8,1023.5,0,0,0,0,,10.8,307,26.3,330.0,242.0,88.0,3600.0
2026-01-20T17:00,2026-01-20,17,2026,1,20,맑음,-6.3,31,-20.9,-11.8,0.0,0.0,0.0,0.01,0,1027.6,1023.3,0,0,0,0,,11.1,309,25.9,163.0,102.0,61.0,3600.0
2026-01-20T18:00,2026-01-20,18,2026,1,20,맑음,-7.4,37,-19.6,-12.9,0.0,0.0,0.0,0.01,0,1027.8,1023.5,0,0,0,0,,11.1,306,23.8,22.0,9.0,13.0,1793.32
2026-01-20T19:00,2026-01-20,19,2026,1,20,맑음,-8.4,43,-18.7,-13.8,0.0,0.0,0.0,0.01,0,1028.2,1023.8,0,0,0,0,,11.5,315,22.3,0.0,0.0,0.0,0.0
2026-01-20T20:00,2026-01-20,20,2026,1,20,맑음,-9.2,49,-17.9,-14.6,0.0,0.0,0.0,0.01,0,1028.5,1024.1,0,0,0,0,,11.8,321,23.0,0.0,0.0,0.0,0.0
2026-01-20T21:00,2026-01-20,21,2026,1,20,맑음,-9.2,55,-16.5,-14.3,0.0,0.0,0.0,0.01,0,1028.9,1024.5,0,0,0,0,,9.8,300,23.0,0.0,0.0,0.0,0.0
2026-01-20T22:00,2026-01-20,22,2026,1,20,맑음,-9.6,59,-16.0,-14.9,0.0,0.0,0.0,0.01,0,1028.9,1024.5,0,0,0,0,,11.4,308,21.6,0.0,0.0,0.0,0.0
2026-01-20T23:00,2026-01-20,23,2026,1,20,맑음,-10.3,64,-15.9,-15.5,0.0,0.0,0.0,0.01,0,1029.2,1024.8,0,0,0,0,,10.5,307,21.6,0.0,0.0,0.0,0.0
2026-01-21T00:00,2026-01-21,0,2026,1,21,맑음,-10.9,67,-15.8,-16.0,0.0,0.0,0.0,0.01,0,1029.1,1024.7,0,0,0,0,,10.0,308,19.8,0.0,0.0,0.0,0.0
2026-01-21T01:00,2026-01-21,1,2026,1,21,맑음,-11.2,69,-15.7,-16.2,0.0,0.0,0.0,0.01,0,1028.8,1024.4,0,0,0,0,,9.7,309,18.7,0.0,0.0,0.0,0.0
2026-01-21T02:00,2026-01-21,2,2026,1,21,맑음,-11.4,69,-16.0,-16.6,0.0,0.0,0.0,0.01,0,1028.9,1024.5,3,0,0,3,,10.2,309,19.4,0.0,0.0,0.0,0.0
2026-01-21T03:00,2026-01-21,3,2026,1,21,맑음,-11.9,70,-16.2,-16.8,0.0,0.0,0.0,0.01,0,1029.8,1025.4,0,0,0,0,,8.6,296,19.4,0.0,0.0,0.0,0.0
2026-01-21T04:00,2026-01-21,4,2026,1,21,맑음,-11.9,68,-16.6,-17.2,0.0,0.0,0.0,0.01,0,1029.4,1025.0,0,0,0,0,,10.5,303,19.4,0.0,0.0,0.0,0.0
2026-01-21T05:00,2026-01-21,5,2026,1,21,맑음,-12.4,69,-16.9,-17.7,0.0,0.0,0.0,0.01,0,1029.2,1024.8,0,0,0,0,,11.4,307,22.3,0.0,0.0,0.0,0.0
2026-01-21T06:00,2026-01-21,6,2026,1,21,맑음,-12.9,70,-17.2,-18.3,0.0,0.0,0.0,0.01,0,1028.8,1024.4,1,1,0,0,,11.9,311,23.4,0.0,0.0,0.0,0.0
2026-01-21T07:00,2026-01-21,7,2026,1,21,맑음,-13.4,69,-17.9,-18.9,0.0,0.0,0.0,0.01,0,1028.5,1024.0,0,0,0,0,,12.0,313,23.8,0.0,0.0,0.0,0.0
2026-01-21T08:00,2026-01-21,8,2026,1,21,맑음,-13.9,66,-19.0,-19.4,0.0,0.0,0.0,0.01,0,1028.8,1024.3,0,0,0,0,,11.6,309,23.8,2.0,0.0,2.0,0.0
2026-01-21T09:00,2026-01-21,9,2026,1,21,맑음,-12.9,63,-18.4,-18.1,0.0,0.0,0.0,0.01,0,1029.1,1024.7,0,0,0,0,,10.5,303,26.6,89.0,48.0,41.0,3600.0
2026-01-21T10:00,2026-01-21,10,2026,1,21,맑음,-11.4,51,-19.5,-17.0,0.0,0.0,0.0,0.01,0,1029.4,1025.0,0,0,0,0,,12.5,311,30.2,256.0,176.0,80.0,3600.0
2026-01-21T11:00,2026-01-21,11,2026,1,21,맑음,-10.2,44,-20.2,-15.9,0.0,0.0,0.0,0.01,0,1029.6,1025.2,0,0,0,0,,12.8,310,31.7,410.0,311.0,99.0,3600.0
2026-01-21T12:00,2026-01-21,12,2026,1,21,맑음,-8.9,40,-20.2,-14.7,0.0,0.0,0.0,0.01,0,1029.1,1024.7,0,0,0,0,,13.4,311,33.5,516.0,408.0,108.0,3600.0
2026-01-21T13:00,2026-01-21,13,2026,1,21,맑음,-7.8,37,-19.9,-13.7,0.0,0.0,0.0,0.01,0,1028.1,1023.7,0,0,0,0,,14.5,308,35.6,563.0,451.0,112.0,3600.0
2026-01-21T14:00,2026-01-21,14,2026,1,21,맑음,-6.8,33,-20.3,-13.1,0.0,0.0,0.0,0.01,0,1027.4,1023.1,0,0,0,0,,16.7,310,39.2,545.0,435.0,110.0,3600.0
2026-01-21T15:00,2026-01-21,15,2026,1,21,맑음,-6.9,33,-20.5,-12.8,0.0,0.0,0.0,0.01,0,1027.1,1022.8,0,0,0,0,,14.3,303,40.7,466.0,363.0,103.0,3600.0
2026-01-21T16:00,2026-01-21,16,2026,1,21,맑음,-6.8,33,-20.5,-12.9,0.0,0.0,0.0,0.01,0,1027.3,1023.0,0,0,0,0,,14.9,301,34.2,332.0,243.0,89.0,3600.0
2026-01-21T17:00,2026-01-21,17,2026,1,21,맑음,-7.7,35,-20.6,-13.7,0.0,0.0,0.0,0.01,0,1027.6,1023.2,0,0,0,0,,14.8,302,34.2,165.0,103.0,62.0,3600.0
2026-01-21T18:00,2026-01-21,18,2026,1,21,맑음,-8.9,40,-20.1,-14.7,0.0,0.0,0.0,0.01,0,1028.0,1023.6,0,0,0,0,,13.5,306,31.3,23.0,10.0,13.0,2081.83
2026-01-21T19:00,2026-01-21,19,2026,1,21,맑음,-10.1,45,-19.8,-16.1,0.0,0.0,0.0,0.01,0,1028.5,1024.1,0,0,0,0,,15.4,313,31.7,0.0,0.0,0.0,0.0
2026-01-21T20:00,2026-01-21,20,2026,1,21,맑음,-11.2,53,-19.0,-17.4,0.0,0.0,0.0,0.01,0,1028.9,1024.5,0,0,0,0,,16.0,313,34.2,0.0,0.0,0.0,0.0
2026-01-21T21:00,2026-01-21,21,2026,1,21,맑음,-11.2,55,-18.4,-17.0,0.0,0.0,0.0,0.01,0,1029.7,1025.3,0,0,0,0,,14.1,305,33.1,0.0,0.0,0.0,0.0
2026-01-21T22:00,2026-01-21,22,2026,1,21,맑음,-11.8,58,-18.4,-17.6,0.0,0.0,0.0,0.01,0,1030.3,1025.9,0,0,0,0,,13.9,303,29.5,0.0,0.0,0.0,0.0
2026-01-21T23:00,2026-01-21,23,2026,1,21,맑음,-12.1,60,-18.2,-17.7,0.0,0.0,0.0,0.01,0,1030.5,1026.1,0,0,0,0,,12.5,307,28.4,0.0,0.0,0.0,0.0
2026-01-22T00:00,2026-01-22,0,2026,1,22,맑음,-12.4,61,-18.3,-17.8,0.0,0.0,0.0,0.01,0,1030.4,1026.0,0,0,0,0,,11.6,313,25.2,0.0,0.0,0.0,0.0
2026-01-22T01:00,2026-01-22,1,2026,1,22,맑음,-12.4,60,-18.5,-17.8,0.0,0.0,0.0,0.01,0,1029.8,1025.4,0,0,0,0,,11.7,319,23.4,0.0,0.0,0.0,0.0
2026-01-22T02:00,2026-01-22,2,2026,1,22,맑음,-12.5,58,-19.0,-18.1,0.0,0.0,0.0,0.01,0,1029.7,1025.3,0,0,0,0,,12.4,321,24.8,0.0,0.0,0.0,0.0
2026-01-22T03:00,2026-01-22,3,2026,1,22,맑음,-12.9,59,-19.2,-18.5,0.0,0.0,0.0,0.01,0,1030.4,1025.9,0,0,0,0,,12.6,313,26.6,0.0,0.0,0.0,0.0
2026-01-22T04:00,2026-01-22,4,2026,1,22,맑음,-13.2,59,-19.6,-18.9,0.0,0.0,0.0,0.01,0,1030.2,1025.7,0,0,0,0,,13.0,314,26.6,0.0,0.0,0.0,0.0
2026-01-22T05:00,2026-01-22,5,2026,1,22,맑음,-13.6,59,-20.0,-19.3,0.0,0.0,0.0,0.01,0,1030.1,1025.6,0,0,0,0,,12.6,312,26.3,0.0,0.0,0.0,0.0
2026-01-22T06:00,2026-01-22,6,2026,1,22,맑음,-14.1,57,-20.8,-19.7,0.0,0.0,0.0,0.01,0,1030.3,1025.8,0,0,0,0,,12.6,314,25.6,0.0,0.0,0.0,0.0
2026-01-22T07:00,2026-01-22,7,2026,1,22,맑음,-14.4,54,-21.7,-20.0,0.0,0.0,0.0,0.01,0,1030.3,1025.8,0,0,0,0,,12.5,316,25.9,0.0,0.0,0.0,0.0
2026-01-22T08:00,2026-01-22,8,2026,1,22,맑음,-14.4,52,-22.2,-20.0,0.0,0.0,0.0,0.01,0,1030.7,1026.2,0,0,0,0,,11.3,316,25.2,2.0,0.0,2.0,0.0
2026-01-22T09:00,2026-01-22,9,2026,1,22,맑음,-13.6,51,-21.5,-18.6,0.0,0.0,0.0,0.0,0,1031.4,1026.9,0,0,0,0,,7.9,287,22.3,90.0,48.0,42.0,3600.0
2026-01-22T10:00,2026-01-22,10,2026,1,22,맑음,-11.5,38,-22.9,-16.9,0.0,0.0,0.0,0.0,0,1031.5,1027.1,0,0,0,0,,10.3,313,25.6,259.0,180.0,79.0,3600.0
2026-01-22T11:00,2026-01-22,11,2026,1,22,맑음,-9.8,35,-22.5,-15.3,0.0,0.0,0.0,0.0,0,1031.3,1026.9,0,0,0,0,,11.1,313,28.1,410.0,309.0,101.0,3600.0
2026-01-22T12:00,2026-01-22,12,2026,1,22,맑음,-8.2,35,-21.0,-13.8,0.0,0.0,0.0,0.0,0,1030.5,1026.1,2,2,0,0,,11.8,306,30.2,513.0,401.0,112.0,3600.0
2026-01-22T13:00,2026-01-22,13,2026,1,22,맑음,-6.9,35,-19.7,-12.6,0.0,0.0,0.0,0.0,0,1029.1,1024.8,4,4,0,0,,13.1,304,32.8,561.0,445.0,116.0,3600.0
2026-01-22T14:00,2026-01-22,14,2026,1,22,맑음,-6.1,35,-19.0,-12.0,0.0,0.0,0.0,0.0,0,1028.1,1023.8,0,0,0,0,,14.8,303,35.6,545.0,433.0,112.0,3600.0
2026-01-22T15:00,2026-01-22,15,2026,1,22,맑음,-6.2,32,-20.1,-12.0,0.0,0.0,0.0,0.0,0,1028.3,1024.0,0,0,0,0,,13.5,308,36.7,466.0,361.0,105.0,3600.0
2026-01-22T16:00,2026-01-22,16,2026,1,22,대체로 맑음,-5.7,30,-20.4,-11.4,0.0,0.0,0.0,0.0,1,1028.0,1023.7,26,26,0,0,,13.3,300,32.4,332.0,242.0,90.0,3600.0
2026-01-22T17:00,2026-01-22,17,2026,1,22,맑음,-5.6,32,-19.6,-11.6,0.0,0.0,0.0,0.0,0,1027.5,1023.2,9,9,0,0,,15.3,301,34.2,154.0,80.0,74.0,3600.0
2026-01-22T18:00,2026-01-22,18,2026,1,22,맑음,-7.1,45,-17.0,-12.1,0.0,0.0,0.0,0.0,0,1027.3,1023.0,0,0,0,0,,9.1,277,31.3,24.0,10.0,14.0,2043.47
2026-01-22T19:00,2026-01-22,19,2026,1,22,맑음,-8.4,63,-14.1,-12.8,0.0,0.0,0.0,0.0,0,1027.4,1023.0,0,0,0,0,,6.0,280,18.0,0.0,0.0,0.0,0.0
2026-01-22T20:00,2026-01-22,20,2026,1,22,맑음,-8.8,51,-17.1,-13.8,0.0,0.0,0.0,0.0,0,1027.8,1023.4,0,0,0,0,,9.6,310,18.4,0.0,0.0,0.0,0.0
2026-01-22T21:00,2026-01-22,21,2026,1,22,맑음,-8.9,52,-17.0,-13.9,0.0,0.0,0.0,0.0,0,1028.3,1023.9,0,0,0,0,,8.4,312,19.1,0.0,0.0,0.0,0.0
2026-01-22T22:00,2026-01-22,22,2026,1,22,맑음,-9.6,54,-17.1,-14.6,0.0,0.0,0.0,0.0,0,1028.7,1024.3,0,0,0,0,,8.9,335,17.6,0.0,0.0,0.0,0.0
2026-01-22T23:00,2026-01-22,23,2026,1,22,맑음,-10.4,58,-17.1,-15.1,0.0,0.0,0.0,0.0,0,1028.9,1024.5,2,2,0,0,,6.6,347,16.9,0.0,0.0,0.0,0.0
2026-01-23T00:00,2026-01-23,0,2026,1,23,맑음,-11.4,61,-17.4,-15.7,0.0,0.0,0.0,0.0,0,1029.0,1024.6,1,1,0,0,,3.9,13,12.6,0.0,0.0,0.0,0.0
2026-01-23T01:00,2026-01-23,1,2026,1,23,맑음,-11.5,60,-17.6,-15.5,0.0,0.0,0.0,0.0,0,1028.5,1024.1,1,1,0,0,,2.0,45,6.5,0.0,0.0,0.0,0.0
2026-01-23T02:00,2026-01-23,2,2026,1,23,맑음,-11.6,61,-17.8,-15.8,0.0,0.0,0.0,0.0,0,1028.6,1024.2,1,1,0,0,,3.2,52,5.0,0.0,0.0,0.0,0.0
2026-01-23T03:00,2026-01-23,3,2026,1,23,맑음,-12.7,65,-17.9,-16.9,0.0,0.0,0.0,0.0,0,1029.0,1024.6,0,0,0,0,,3.2,43,7.6,0.0,0.0,0.0,0.0
2026-01-23T04:00,2026-01-23,4,2026,1,23,맑음,-13.1,68,-17.8,-17.1,0.0,0.0,0.0,0.0,0,1028.9,1024.5,0,0,0,0,,2.1,31,5.8,0.0,0.0,0.0,0.0
2026-01-23T05:00,2026-01-23,5,2026,1,23,맑음,-12.9,66,-18.0,-16.8,0.0,0.0,0.0,0.0,0,1028.7,1024.3,0,0,0,0,,1.4,360,4.0,0.0,0.0,0.0,0.0
2026-01-23T06:00,2026-01-23,6,2026,1,23,맑음,-12.9,65,-18.1,-16.9,0.0,0.0,0.0,0.0,0,1028.7,1024.3,0,0,0,0,,1.6,27,2.9,0.0,0.0,0.0,0.0
2026-01-23T07:00,2026-01-23,7,2026,1,23,맑음,-13.1,66,-18.1,-17.4,0.0,0.0,0.0,0.0,0,1028.6,1024.2,0,0,0,0,,4.3,48,7.9,0.0,0.0,0.0,0.0
2026-01-23T08:00,2026-01-23,8,2026,1,23,맑음,-12.6,63,-18.1,-17.2,0.0,0.0,0.0,0.0,0,1028.4,1024.0,0,0,0,0,,6.1,58,10.8,2.0,0.0,2.0,0.0
2026-01-23T09:00,2026-01-23,9,2026,1,23,맑음,-11.4,59,-17.8,-15.9,0.0,0.0,0.0,0.0,0,1028.7,1024.3,0,0,0,0,,5.4,150,12.6,91.0,50.0,41.0,3600.0
2026-01-23T10:00,2026-01-23,10,2026,1,23,흐림,-8.9,44,-18.9,-13.0,0.0,0.0,0.0,0.0,3,1029.0,1024.6,94,94,76,0,,2.7,172,13.0,243.0,155.0,88.0,3600.0
2026-01-23T11:00,2026-01-23,11,2026,1,23,흐림,-6.7,30,-21.2,-10.6,0.0,0.0,0.0,0.0,3,1028.8,1024.5,99,99,95,0,,0.9,127,12.2,360.0,227.0,133.0,3600.0
2026-01-23T12:00,2026-01-23,12,2026,1,23,흐림,-5.2,24,-22.9,-9.3,0.0,0.0,0.0,0.0,3,1028.3,1024.0,99,99,97,0,,1.0,248,11.5,343.0,114.0,229.0,3600.0
2026-01-23T13:00,2026-01-23,13,2026,1,23,흐림,-4.6,21,-23.4,-8.9,0.0,0.0,0.0,0.0,3,1027.3,1023.0,94,93,65,0,,2.5,210,12.6,285.0,51.0,234.0,1030.43
2026-01-23T14:00,2026-01-23,14,2026,1,23,맑음,-3.0,20,-22.7,-7.4,0.0,0.0,0.0,0.0,0,1026.4,1022.1,0,0,0,0,,3.1,183,14.8,430.0,219.0,211.0,3600.0
2026-01-23T15:00,2026-01-23,15,2026,1,23,맑음,-2.3,25,-19.8,-6.6,0.0,0.0,0.0,0.01,0,1025.6,1021.3,0,0,0,0,,3.2,254,15.1,461.0,360.0,101.0,3600.0
2026-01-23T16:00,2026-01-23,16,2026,1,23,맑음,-1.7,28,-18.0,-6.2,0.0,0.0,0.0,0.01,0,1025.1,1020.9,0,0,0,0,,5.1,252,15.1,328.0,238.0,90.0,3600.0
2026-01-23T17:00,2026-01-23,17,2026,1,23,대체로 맑음,-2.3,37,-14.9,-6.6,0.0,0.0,0.0,0.01,1,1024.7,1020.4,23,23,1,0,,4.8,248,14.8,165.0,101.0,64.0,3600.0
2026-01-23T18:00,2026-01-23,18,2026,1,23,대체로 맑음,-4.8,52,-13.1,-8.6,0.0,0.0,0.0,0.01,1,1024.5,1020.2,27,25,12,0,,2.8,235,9.0,24.0,8.0,16.0,1354.76
2026-01-23T19:00,2026-01-23,19,2026,1,23,흐림,-5.7,62,-11.9,-9.8,0.0,0.0,0.0,0.01,3,1024.3,1020.0,100,100,52,0,,4.5,173,6.1,0.0,0.0,0.0,0.0
2026-01-23T20:00,2026-01-23,20,2026,1,23,흐림,-4.7,67,-9.9,-8.6,0.0,0.0,0.0,0.01,3,1023.9,1019.6,95,89,82,0,,4.8,169,9.7,0.0,0.0,0.0,0.0
2026-01-23T21:00,2026-01-23,21,2026,1,23,강한 눈,-4.1,73,-8.2,-7.4,1.5,0.0,1.05,0.02,75,1024.2,1019.9,98,23,97,0,,1.3,98,7.6,0.0,0.0,0.0,0.0
2026-01-23T22:00,2026-01-23,22,2026,1,23,보통 눈,-4.2,81,-7.1,-7.6,0.5,0.0,0.35,0.02,73,1023.9,1019.6,100,80,100,0,,2.2,125,2.5,0.0,0.0,0.0,0.0
2026-01-23T23:00,2026-01-23,23,2026,1,23,약한 눈,-3.7,87,-5.6,-7.1,0.1,0.0,0.07,0.02,71,1023.3,1019.0,57,40,52,0,,3.9,167,7.6,0.0,0.0,0.0,0.0
2026-01-24T00:00,2026-01-24,0,2026,1,24,맑음,-5.4,87,-7.2,-9.7,0.0,0.0,0.0,0.02,0,1023.1,1018.8,5,5,2,0,,8.3,281,14.0,0.0,0.0,0.0,0.0
2026-01-24T01:00,2026-01-24,1,2026,1,24,맑음,-5.1,84,-7.3,-10.3,0.0,0.0,0.0,0.02,0,1023.5,1019.2,0,0,0,0,,15.2,318,29.9,0.0,0.0,0.0,0.0
2026-01-24T02:00,2026-01-24,2,2026,1,24,맑음,-6.9,77,-10.2,-12.1,0.0,0.0,0.0,0.02,0,1024.2,1019.9,0,0,0,0,,13.3,325,30.2,0.0,0.0,0.0,0.0
2026-01-24T03:00,2026-01-24,3,2026,1,24,맑음,-8.3,79,-11.2,-13.1,0.0,0.0,0.0,0.03,0,1024.6,1020.2,0,0,0,0,,10.2,319,26.6,0.0,0.0,0.0,0.0
2026-01-24T04:00,2026-01-24,4,2026,1,24,맑음,-10.3,79,-13.2,-14.8,0.0,0.0,0.0,0.03,0,1025.2,1020.8,0,0,0,0,,7.0,312,19.1,0.0,0.0,0.0,0.0
2026-01-24T05:00,2026-01-24,5,2026,1,24,맑음,-10.6,76,-14.0,-15.4,0.0,0.0,0.0,0.03,0,1025.5,1021.1,0,0,0,0,,8.6,306,16.6,0.0,0.0,0.0,0.0
2026-01-24T06:00,2026-01-24,6,2026,1,24,맑음,-11.2,71,-15.4,-16.2,0.0,0.0,0.0,0.03,0,1025.7,1021.3,0,0,0,0,,9.4,306,19.4,0.0,0.0,0.0,0.0
2026-01-24T07:00,2026-01-24,7,2026,1,24,맑음,-12.9,71,-17.1,-17.6,0.0,0.0,0.0,0.03,0,1026.1,1021.7,0,0,0,0,,7.0,302,18.7,0.0,0.0,0.0,0.0
2026-01-24T08:00,2026-01-24,8,2026,1,24,맑음,-14.2,69,-18.6,-19.0,0.0,0.0,0.0,0.02,0,1026.6,1022.1,0,0,0,0,,6.4,306,14.0,2.0,0.0,2.0,0.0
2026-01-24T09:00,2026-01-24,9,2026,1,24,맑음,-10.4,55,-17.8,-15.0,0.0,0.0,0.0,0.01,0,1027.3,1022.9,0,0,0,0,,6.2,282,11.9,93.0,52.0,41.0,3600.0
2026-01-24T10:00,2026-01-24,10,2026,1,24,맑음,-7.2,38,-19.2,-12.1,0.0,0.0,0.0,0.01,0,1028.1,1023.8,0,0,0,0,,7.8,283,19.4,265.0,186.0,79.0,3600.0
2026-01-24T11:00,2026-01-24,11,2026,1,24,맑음,-5.8,29,-21.1,-11.2,0.0,0.0,0.0,0.01,0,1028.4,1024.1,0,0,0,0,,10.1,305,25.9,420.0,320.0,100.0,3600.0
2026-01-24T12:00,2026-01-24,12,2026,1,24,맑음,-4.7,28,-20.5,-10.0,0.0,0.0,0.0,0.01,0,1028.0,1023.7,0,0,0,0,,10.3,297,27.0,526.0,416.0,110.0,3600.0
2026-01-24T13:00,2026-01-24,13,2026,1,24,맑음,-3.6,27,-20.0,-9.0,0.0,0.0,0.0,0.01,0,1027.1,1022.8,5,0,5,0,,12.0,288,29.9,572.0,457.0,115.0,3600.0
2026-01-24T14:00,2026-01-24,14,2026,1,24,대체로 맑음,-3.1,30,-18.5,-8.7,0.0,0.0,0.0,0.01,1,1026.4,1022.1,31,0,30,1,,12.9,286,32.0,553.0,439.0,114.0,3600.0
2026-01-24T15:00,2026-01-24,15,2026,1,24,부분적으로 흐림,-3.5,33,-17.6,-8.8,0.0,0.0,0.0,0.01,2,1026.1,1021.8,52,0,52,0,,10.7,278,34.9,470.0,363.0,107.0,3600.0
2026-01-24T16:00,2026-01-24,16,2026,1,24,맑음,-3.5,37,-16.3,-8.7,0.0,0.0,0.0,0.01,0,1025.9,1021.6,5,0,5,0,,10.6,261,26.6,337.0,243.0,94.0,3600.0
2026-01-24T17:00,2026-01-24,17,2026,1,24,맑음,-4.2,42,-15.1,-9.3,0.0,0.0,0.0,0.01,0,1025.9,1021.6,0,0,0,0,,10.7,265,25.2,171.0,106.0,65.0,3600.0
2026-01-24T18:00,2026-01-24,18,2026,1,24,맑음,-5.7,50,-14.5,-10.1,0.0,0.0,0.0,0.01,0,1026.3,1022.0,0,0,0,0,,6.5,247,21.6,27.0,11.0,16.0,2289.48
2026-01-24T19:00,2026-01-24,19,2026,1,24,맑음,-6.1,52,-14.2,-10.8,0.0,0.0,0.0,0.01,0,1026.3,1022.0,0,0,0,0,,8.0,262,13.7,0.0,0.0,0.0,0.0
2026-01-24T20:00,2026-01-24,20,2026,1,24,맑음,-6.2,60,-12.7,-11.2,0.0,0.0,0.0,0.01,0,1027.1,1022.8,0,0,0,0,,10.4,291,19.4,0.0,0.0,0.0,0.0
2026-01-24T21:00,2026-01-24,21,2026,1,24,맑음,-7.0,54,-14.9,-12.1,0.0,0.0,0.0,0.01,0,1027.9,1023.6,0,0,0,0,,10.3,316,21.2,0.0,0.0,0.0,0.0
2026-01-24T22:00,2026-01-24,22,2026,1,24,맑음,-7.7,53,-15.6,-12.8,0.0,0.0,0.0,0.01,0,1028.5,1024.1,0,0,0,0,,9.8,325,19.4,0.0,0.0,0.0,0.0
2026-01-24T23:00,2026-01-24,23,2026,1,24,맑음,-8.4,52,-16.5,-13.5,0.0,0.0,0.0,0.01,0,1029.4,1025.0,0,0,0,0,,9.6,334,18.4,0.0,0.0,0.0,0.0
2026-01-25T00:00,2026-01-25,0,2026,1,25,맑음,-9.1,54,-16.7,-13.6,0.0,0.0,0.0,0.01,0,1029.3,1024.9,0,0,0,0,,5.6,327,17.6,0.0,0.0,0.0,0.0
2026-01-25T01:00,2026-01-25,1,2026,1,25,맑음,-10.0,59,-16.5,-14.1,0.0,0.0,0.0,0.01,0,1029.8,1025.4,0,0,0,0,,3.3,276,10.1,0.0,0.0,0.0,0.0
2026-01-25T02:00,2026-01-25,2,2026,1,25,맑음,-10.4,64,-15.9,-14.6,0.0,0.0,0.0,0.01,0,1029.9,1025.5,0,0,0,0,,4.5,256,7.2,0.0,0.0,0.0,0.0
2026-01-25T03:00,2026-01-25,3,2026,1,25,맑음,-10.9,60,-17.1,-15.0,0.0,0.0,0.0,0.01,0,1030.3,1025.9,0,0,0,0,,2.8,243,7.6,0.0,0.0,0.0,0.0
2026-01-25T04:00,2026-01-25,4,2026,1,25,맑음,-10.2,61,-16.4,-14.8,0.0,0.0,0.0,0.01,0,1030.3,1025.9,0,0,0,0,,6.8,282,10.8,0.0,0.0,0.0,0.0
2026-01-25T05:00,2026-01-25,5,2026,1,25,맑음,-10.4,61,-16.5,-15.7,0.0,0.0,0.0,0.01,0,1030.4,1026.0,0,0,0,0,,11.3,299,20.5,0.0,0.0,0.0,0.0
2026-01-25T06:00,2026-01-25,6,2026,1,25,맑음,-10.9,59,-17.4,-16.3,0.0,0.0,0.0,0.01,0,1030.6,1026.2,0,0,0,0,,11.6,307,22.0,0.0,0.0,0.0,0.0
2026-01-25T07:00,2026-01-25,7,2026,1,25,맑음,-11.4,57,-18.4,-16.6,0.0,0.0,0.0,0.01,0,1031.1,1026.7,0,0,0,0,,9.3,306,21.2,0.0,0.0,0.0,0.0
2026-01-25T08:00,2026-01-25,8,2026,1,25,맑음,-11.9,55,-19.1,-16.9,0.0,0.0,0.0,0.01,0,1031.6,1027.2,0,0,0,0,,8.1,309,16.6,2.0,0.0,2.0,0.0
2026-01-25T09:00,2026-01-25,9,2026,1,25,맑음,-10.2,52,-18.2,-15.2,0.0,0.0,0.0,0.01,0,1032.3,1027.9,0,0,0,0,,8.3,303,18.0,96.0,53.0,43.0,3600.0
2026-01-25T10:00,2026-01-25,10,2026,1,25,맑음,-8.2,37,-20.5,-13.6,0.0,0.0,0.0,0.01,0,1032.5,1028.1,0,0,0,0,,10.7,319,25.6,268.0,188.0,80.0,3600.0
2026-01-25T11:00,2026-01-25,11,2026,1,25,맑음,-7.0,30,-21.6,-12.8,0.0,0.0,0.0,0.01,0,1031.8,1027.4,0,0,0,0,,13.1,347,31.7,424.0,324.0,100.0,3600.0
2026-01-25T12:00,2026-01-25,12,2026,1,25,맑음,-5.4,25,-22.2,-10.6,0.0,0.0,0.0,0.01,0,1031.9,1027.6,0,0,0,0,,9.2,313,31.7,535.0,425.0,110.0,3600.0
2026-01-25T13:00,2026-01-25,13,2026,1,25,맑음,-4.2,23,-22.1,-9.5,0.0,0.0,0.0,0.01,0,1031.4,1027.1,0,0,0,0,,10.3,293,27.7,582.0,469.0,113.0,3600.0
2026-01-25T14:00,2026-01-25,14,2026,1,25,맑음,-3.5,23,-21.8,-8.8,0.0,0.0,0.0,0.01,0,1030.7,1026.4,0,0,0,0,,10.8,296,28.4,564.0,452.0,112.0,3600.0
2026-01-25T15:00,2026-01-25,15,2026,1,25,맑음,-3.4,26,-20.0,-8.6,0.0,0.0,0.0,0.01,0,1030.5,1026.2,0,0,0,0,,9.8,287,28.1,482.0,377.0,105.0,3600.0
2026-01-25T16:00,2026-01-25,16,2026,1,25,대체로 맑음,-3.3,28,-19.2,-8.5,0.0,0.0,0.0,0.01,1,1030.6,1026.3,33,0,0,33,,9.3,286,25.6,346.0,255.0,91.0,3600.0
2026-01-25T17:00,2026-01-25,17,2026,1,25,대체로 맑음,-4.2,33,-18.1,-9.1,0.0,0.0,0.0,0.01,1,1030.6,1026.3,41,0,0,41,,8.3,274,22.7,176.0,109.0,67.0,3600.0
2026-01-25T18:00,2026-01-25,18,2026,1,25,대체로 맑음,-6.1,42,-16.9,-10.4,0.0,0.0,0.0,0.01,1,1030.6,1026.3,23,0,0,23,,4.1,247,16.9,28.0,10.0,18.0,1925.37
2026-01-25T19:00,2026-01-25,19,2026,1,25,맑음,-6.8,48,-16.0,-10.8,0.0,0.0,0.0,0.01,0,1030.8,1026.4,10,0,0,10,,2.5,240,6.8,0.0,0.0,0.0,0.0
2026-01-25T20:00,2026-01-25,20,2026,1,25,흐림,-7.4,49,-16.4,-11.4,0.0,0.0,0.0,0.01,3,1031.0,1026.6,100,0,0,100,,2.0,297,4.0,0.0,0.0,0.0,0.0
2026-01-25T21:00,2026-01-25,21,2026,1,25,흐림,-8.1,51,-16.4,-12.6,0.0,0.0,0.0,0.01,3,1032.7,1028.3,80,0,0,80,,5.5,311,10.1,0.0,0.0,0.0,0.0
2026-01-25T22:00,2026-01-25,22,2026,1,25,대체로 맑음,-7.7,47,-17.0,-12.5,0.0,0.0,0.0,0.01,1,1031.2,1026.8,35,0,0,35,,7.6,12,14.0,0.0,0.0,0.0,0.0
2026-01-25T23:00,2026-01-25,23,2026,1,25,맑음,-8.4,50,-17.0,-12.9,0.0,0.0,0.0,0.01,0,1031.4,1027.0,12,0,0,12,,5.3,8,13.3,0.0,0.0,0.0,0.0
2026-01-26T00:00,2026-01-26,0,2026,1,26,맑음,-9.4,54,-17.0,-13.5,0.0,0.0,0.0,0.01,0,1030.6,1026.2,0,0,0,0,,3.4,25,9.0,0.0,0.0,0.0,0.0
2026-01-26T01:00,2026-01-26,1,2026,1,26,맑음,-9.8,54,-17.4,-13.8,0.0,0.0,0.0,0.01,0,1029.9,1025.5,1,0,0,1,,2.1,52,5.4,0.0,0.0,0.0,0.0
2026-01-26T02:00,2026-01-26,2,2026,1,26,대체로 맑음,-10.1,55,-17.5,-13.9,0.0,0.0,0.0,0.01,1,1029.9,1025.5,20,0,0,20,,0.7,104,2.9,0.0,0.0,0.0,0.0
2026-01-26T03:00,2026-01-26,3,2026,1,26,흐림,-11.1,64,-16.5,-15.0,0.0,0.0,0.0,0.01,3,1030.6,1026.2,99,0,0,99,,2.1,31,1.4,0.0,0.0,0.0,0.0
2026-01-26T04:00,2026-01-26,4,2026,1,26,흐림,-11.2,66,-16.4,-15.0,0.0,0.0,0.0,0.01,3,1030.5,1026.1,100,0,0,100,,0.4,63,4.3,0.0,0.0,0.0,0.0
2026-01-26T05:00,2026-01-26,5,2026,1,26,흐림,-11.4,66,-16.5,-15.3,0.0,0.0,0.0,0.01,3,1030.4,1026.0,100,0,0,100,,1.3,56,2.2,0.0,0.0,0.0,0.0
2026-01-26T06:00,2026-01-26,6,2026,1,26,흐림,-10.9,64,-16.4,-15.0,0.0,0.0,0.0,0.01,3,1029.8,1025.4,100,0,0,100,,2.8,75,5.0,0.0,0.0,0.0,0.0
2026-01-26T07:00,2026-01-26,7,2026,1,26,흐림,-10.8,64,-16.4,-15.0,0.0,0.0,0.0,0.01,3,1029.5,1025.1,100,0,0,100,,3.4,148,6.1,0.0,0.0,0.0,0.0
2026-01-26T08:00,2026-01-26,8,2026,1,26,흐림,-10.9,65,-16.2,-15.1,0.0,0.0,0.0,0.01,3,1029.2,1024.8,100,0,0,100,,4.0,100,6.5,2.0,0.0,2.0,0.0
2026-01-26T09:00,2026-01-26,9,2026,1,26,흐림,-9.9,61,-16.0,-14.4,0.0,0.0,0.0,0.01,3,1028.7,1024.3,100,0,82,100,,6.2,75,11.5,67.0,10.0,57.0,427.95
2026-01-26T10:00,2026-01-26,10,2026,1,26,흐림,-7.6,53,-15.6,-11.6,0.0,0.0,0.0,0.01,3,1029.3,1024.9,100,0,25,100,,2.7,212,11.9,150.0,17.0,133.0,0.0
2026-01-26T11:00,2026-01-26,11,2026,1,26,흐림,-5.6,43,-16.1,-9.9,0.0,0.0,0.0,0.01,3,1029.5,1025.2,100,0,56,100,,4.2,239,14.4,258.0,56.0,202.0,2142.59
2026-01-26T12:00,2026-01-26,12,2026,1,26,흐림,-4.1,37,-16.6,-8.5,0.0,0.0,0.0,0.01,3,1028.9,1024.6,100,0,100,69,,5.4,256,18.7,390.0,142.0,248.0,3600.0
2026-01-26T13:00,2026-01-26,13,2026,1,26,흐림,-4.2,38,-16.4,-8.5,0.0,0.0,0.0,0.01,3,1027.7,1023.4,100,0,100,0,,4.7,274,18.0,186.0,5.0,181.0,0.0
2026-01-26T14:00,2026-01-26,14,2026,1,26,흐림,-4.1,39,-15.9,-8.1,0.0,0.0,0.0,0.01,3,1026.0,1021.7,100,0,100,2,,3.0,287,15.8,175.0,2.0,173.0,0.0
2026-01-26T15:00,2026-01-26,15,2026,1,26,부분적으로 흐림,-2.5,37,-15.4,-6.8,0.0,0.0,0.0,0.01,2,1025.5,1021.2,75,0,74,3,,4.7,286,15.1,333.0,147.0,186.0,3600.0
2026-01-26T16:00,2026-01-26,16,2026,1,26,부분적으로 흐림,-2.1,36,-15.3,-6.5,0.0,0.0,0.0,0.01,2,1024.9,1020.6,76,0,7,73,,5.7,294,16.9,305.0,169.0,136.0,3600.0
2026-01-26T17:00,2026-01-26,17,2026,1,26,흐림,-2.5,37,-15.1,-7.0,0.0,0.0,0.0,0.01,3,1024.5,1020.2,99,0,34,99,,6.4,306,16.2,169.0,98.0,71.0,3600.0
2026-01-26T18:00,2026-01-26,18,2026,1,26,흐림,-4.3,46,-14.2,-8.5,0.0,0.0,0.0,0.01,3,1024.8,1020.5,100,9,20,100,,4.8,301,13.0,28.0,7.0,21.0,916.66
2026-01-26T19:00,2026-01-26,19,2026,1,26,흐림,-5.2,51,-13.7,-9.2,0.0,0.0,0.0,0.01,3,1025.1,1020.8,100,13,13,100,,4.0,273,8.6,0.0,0.0,0.0,0.0
2026-01-26T20:00,2026-01-26,20,2026,1,26,흐림,-5.8,59,-12.6,-9.9,0.0,0.0,0.0,0.01,3,1025.5,1021.2,100,23,0,100,,4.8,243,8.3,0.0,0.0,0.0,0.0
2026-01-26T21:00,2026-01-26,21,2026,1,26,흐림,-5.8,79,-8.8,-9.5,0.0,0.0,0.0,0.01,3,1025.6,1021.3,100,100,89,100,,4.0,270,8.3,0.0,0.0,0.0,0.0
2026-01-26T22:00,2026-01-26,22,2026,1,26,흐림,-4.3,77,-7.7,-7.7,0.0,0.0,0.0,0.01,3,1025.3,1021.0,100,100,78,99,,1.9,202,6.1,0.0,0.0,0.0,0.0
2026-01-26T23:00,2026-01-26,23,2026,1,26,흐림,-3.6,78,-6.8,-7.5,0.0,0.0,0.0,0.01,3,1025.6,1021.3,90,89,10,6,,6.0,311,9.4,0.0,0.0,0.0,0.0
2026-01-27T00:00,2026-01-27,0,2026,1,27,부분적으로 흐림,-4.3,81,-7.1,-8.6,0.0,0.0,0.0,0.01,2,1025.6,1021.3,58,58,0,0,,8.9,322,16.2,0.0,0.0,0.0,0.0
2026-01-27T01:00,2026-01-27,1,2026,1,27,맑음,-5.4,75,-9.2,-10.2,0.0,0.0,0.0,0.01,0,1025.5,1021.2,7,7,0,0,,10.4,328,20.5,0.0,0.0,0.0,0.0
2026-01-27T02:00,2026-01-27,2,2026,1,27,맑음,-6.8,78,-10.0,-11.2,0.0,0.0,0.0,0.01,0,1025.4,1021.1,0,0,0,0,,8.0,326,20.5,0.0,0.0,0.0,0.0
2026-01-27T03:00,2026-01-27,3,2026,1,27,부분적으로 흐림,-7.6,81,-10.2,-11.8,0.0,0.0,0.0,0.01,2,1025.9,1021.6,63,63,0,0,,6.6,317,15.1,0.0,0.0,0.0,0.0
2026-01-27T04:00,2026-01-27,4,2026,1,27,맑음,-7.3,77,-10.8,-11.8,0.0,0.0,0.0,0.01,0,1025.6,1021.3,0,0,0,0,,8.0,306,14.8,0.0,0.0,0.0,0.0
2026-01-27T05:00,2026-01-27,5,2026,1,27,맑음,-7.6,76,-11.1,-12.4,0.0,0.0,0.0,0.01,0,1025.9,1021.6,0,0,0,0,,10.1,301,18.4,0.0,0.0,0.0,0.0
2026-01-27T06:00,2026-01-27,6,2026,1,27,맑음,-7.8,69,-12.5,-12.9,0.0,0.0,0.0,0.01,0,1026.3,1022.0,0,0,0,0,,11.5,309,22.7,0.0,0.0,0.0,0.0
2026-01-27T07:00,2026-01-27,7,2026,1,27,맑음,-8.3,61,-14.4,-13.4,0.0,0.0,0.0,0.01,0,1026.5,1022.1,0,0,0,0,,10.4,315,22.7,0.0,0.0,0.0,0.0
2026-01-27T08:00,2026-01-27,8,2026,1,27,맑음,-8.7,58,-15.4,-13.8,0.0,0.0,0.0,0.01,0,1027.1,1022.7,0,0,0,0,,10.0,311,20.5,3.0,0.0,3.0,0.0
2026-01-27T09:00,2026-01-27,9,2026,1,27,맑음,-7.9,62,-14.0,-12.7,0.0,0.0,0.0,0.01,0,1027.5,1023.1,0,0,0,0,,8.9,291,22.0,98.0,53.0,45.0,3600.0
2026-01-27T10:00,2026-01-27,10,2026,1,27,맑음,-5.5,45,-15.6,-10.8,0.0,0.0,0.0,0.01,0,1027.7,1023.4,0,0,0,0,,11.8,309,27.4,268.0,187.0,81.0,3600.0
2026-01-27T11:00,2026-01-27,11,2026,1,27,맑음,-4.2,36,-17.0,-9.7,0.0,0.0,0.0,0.01,0,1027.9,1023.6,0,0,0,0,,12.9,312,31.7,422.0,322.0,100.0,3600.0
2026-01-27T12:00,2026-01-27,12,2026,1,27,맑음,-3.1,33,-17.1,-8.7,0.0,0.0,0.0,0.01,0,1027.5,1023.2,0,0,0,0,,13.0,308,32.4,529.0,419.0,110.0,3600.0
2026-01-27T13:00,2026-01-27,13,2026,1,27,맑음,-2.2,32,-16.9,-7.8,0.0,0.0,0.0,0.0,0,1026.6,1022.3,0,0,0,0,,13.9,306,34.2,577.0,463.0,114.0,3600.0
2026-01-27T14:00,2026-01-27,14,2026,1,27,맑음,-1.8,30,-16.9,-7.5,0.0,0.0,0.0,0.0,0,1025.8,1021.5,0,0,0,0,,14.5,305,35.3,561.0,449.0,112.0,3600.0
2026-01-27T15:00,2026-01-27,15,2026,1,27,맑음,-1.6,29,-17.3,-7.2,0.0,0.0,0.0,0.0,0,1025.9,1021.7,2,0,0,2,,12.7,302,35.3,483.0,378.0,105.0,3600.0
2026-01-27T16:00,2026-01-27,16,2026,1,27,맑음,-1.7,29,-17.4,-7.3,0.0,0.0,0.0,0.0,0,1025.8,1021.6,0,0,0,0,,12.7,303,31.0,350.0,259.0,91.0,3600.0
2026-01-27T17:00,2026-01-27,17,2026,1,27,맑음,-2.5,31,-17.5,-8.0,0.0,0.0,0.0,0.0,0,1026.0,1021.7,0,0,0,0,,12.2,306,29.5,184.0,118.0,66.0,3600.0
2026-01-27T18:00,2026-01-27,18,2026,1,27,맑음,-3.9,36,-16.9,-9.1,0.0,0.0,0.0,0.0,0,1026.5,1022.2,0,0,0,0,,10.4,312,25.6,33.0,15.0,18.0,2752.75
2026-01-27T19:00,2026-01-27,19,2026,1,27,맑음,-4.8,37,-17.1,-10.3,0.0,0.0,0.0,0.0,0,1027.0,1022.7,9,0,0,9,,12.5,314,24.5,0.0,0.0,0.0,0.0
2026-01-27T20:00,2026-01-27,20,2026,1,27,흐림,-5.7,40,-17.1,-11.4,0.0,0.0,0.0,0.0,3,1027.8,1023.5,92,0,0,92,,14.0,316,28.4,0.0,0.0,0.0,0.0
2026-01-27T21:00,2026-01-27,21,2026,1,27,흐림,-6.2,47,-15.6,-11.8,0.0,0.0,0.0,0.0,3,1028.4,1024.1,98,0,0,98,,13.6,314,29.5,0.0,0.0,0.0,0.0
2026-01-27T22:00,2026-01-27,22,2026,1,27,흐림,-7.0,51,-15.6,-12.5,0.0,0.0,0.0,0.0,3,1028.9,1024.6,85,0,0,85,,13.1,324,28.1,0.0,0.0,0.0,0.0
2026-01-27T23:00,2026-01-27,23,2026,1,27,대체로 맑음,-7.6,51,-15.9,-12.9,0.0,0.0,0.0,0.0,1,1029.3,1024.9,43,0,0,43,,11.4,322,26.6,0.0,0.0,0.0,0.0
2026-01-28T00:00,2026-01-28,0,2026,1,28,대체로 맑음,-8.0,52,-16.1,-13.3,0.0,0.0,0.0,0.0,1,1029.6,1025.2,20,0,0,20,,11.2,320,23.0,0.0,0.0,0.0,0.0
2026-01-28T01:00,2026-01-28,1,2026,1,28,맑음,-8.2,53,-16.2,-13.4,0.0,0.0,0.0,0.0,0,1029.7,1025.3,8,0,0,8,,10.6,317,22.7,0.0,0.0,0.0,0.0
2026-01-28T02:00,2026-01-28,2,2026,1,28,맑음,-8.6,51,-16.9,-13.8,0.0,0.0,0.0,0.0,0,1030.1,1025.7,0,0,0,0,,10.8,313,21.6,0.0,0.0,0.0,0.0
2026-01-28T03:00,2026-01-28,3,2026,1,28,맑음,-9.2,55,-16.6,-14.1,0.0,0.0,0.0,0.0,0,1030.2,1025.8,0,0,0,0,,8.6,303,23.4,0.0,0.0,0.0,0.0
2026-01-28T04:00,2026-01-28,4,2026,1,28,맑음,-9.4,54,-17.0,-14.5,0.0,0.0,0.0,0.0,0,1030.1,1025.7,0,0,0,0,,9.9,307,19.1,0.0,0.0,0.0,0.0
2026-01-28T05:00,2026-01-28,5,2026,1,28,맑음,-9.6,51,-18.0,-15.0,0.0,0.0,0.0,0.0,0,1030.1,1025.7,0,0,0,0,,10.8,308,20.9,0.0,0.0,0.0,0.0
2026-01-28T06:00,2026-01-28,6,2026,1,28,맑음,-9.9,48,-18.8,-15.3,0.0,0.0,0.0,0.0,0,1030.3,1025.9,0,0,0,0,,10.8,307,21.2,0.0,0.0,0.0,0.0
2026-01-28T07:00,2026-01-28,7,2026,1,28,맑음,-10.2,48,-19.3,-15.7,0.0,0.0,0.0,0.0,0,1030.9,1026.5,0,0,0,0,,11.2,302,22.0,0.0,0.0,0.0,0.0
2026-01-28T08:00,2026-01-28,8,2026,1,28,맑음,-10.4,47,-19.5,-15.8,0.0,0.0,0.0,0.0,0,1031.4,1027.0,0,0,0,0,,11.3,303,22.0,3.0,1.0,2.0,0.0
2026-01-28T09:00,2026-01-28,9,2026,1,28,맑음,-9.6,49,-18.5,-14.5,0.0,0.0,0.0,0.0,0,1031.9,1027.5,0,0,0,0,,7.9,309,23.0,99.0,54.0,45.0,3600.0
2026-01-28T10:00,2026-01-28,10,2026,1,28,맑음,-7.5,38,-19.2,-12.8,0.0,0.0,0.0,0.0,0,1032.2,1027.8,0,0,0,0,,10.3,314,25.6,267.0,187.0,80.0,3600.0
2026-01-28T11:00,2026-01-28,11,2026,1,28,맑음,-5.8,32,-20.0,-11.3,0.0,0.0,0.0,0.0,0,1031.9,1027.6,0,0,0,0,,11.8,317,29.9,420.0,320.0,100.0,3600.0
2026-01-28T12:00,2026-01-28,12,2026,1,28,맑음,-4.3,27,-20.5,-9.9,0.0,0.0,0.0,0.0,0,1031.0,1026.7,0,0,0,0,,12.0,313,31.0,527.0,418.0,109.0,3600.0
2026-01-28T13:00,2026-01-28,13,2026,1,28,맑음,-3.2,25,-20.5,-8.8,0.0,0.0,0.0,0.0,0,1029.8,1025.5,0,0,0,0,,13.2,313,33.1,575.0,462.0,113.0,3600.0
2026-01-28T14:00,2026-01-28,14,2026,1,28,맑음,-2.3,24,-20.2,-8.2,0.0,0.0,0.0,0.0,0,1029.1,1024.8,0,0,0,0,,14.5,311,35.3,559.0,448.0,111.0,3600.0
2026-01-28T15:00,2026-01-28,15,2026,1,28,맑음,-2.3,22,-21.0,-7.8,0.0,0.0,0.0,0.0,0,1029.2,1024.9,0,0,0,0,,11.6,313,37.1,481.0,377.0,104.0,3600.0
2026-01-28T16:00,2026-01-28,16,2026,1,28,맑음,-2.2,22,-21.0,-7.8,0.0,0.0,0.0,0.0,0,1029.0,1024.7,0,0,0,0,,12.3,307,29.5,350.0,260.0,90.0,3600.0
2026-01-28T17:00,2026-01-28,17,2026,1,28,맑음,-2.8,25,-20.3,-8.3,0.0,0.0,0.0,0.0,0,1029.0,1024.7,0,0,0,0,,11.9,305,29.2,184.0,118.0,66.0,3600.0
2026-01-28T18:00,2026-01-28,18,2026,1,28,맑음,-3.8,29,-19.2,-8.8,0.0,0.0,0.0,0.0,0,1029.2,1024.9,0,0,0,0,,8.5,299,24.8,34.0,16.0,18.0,2819.87
2026-01-28T19:00,2026-01-28,19,2026,1,28,맑음,-4.6,36,-17.4,-9.5,0.0,0.0,0.0,0.0,0,1029.8,1025.5,0,0,0,0,,7.9,267,16.6,0.0,0.0,0.0,0.0
2026-01-28T20:00,2026-01-28,20,2026,1,28,맑음,-5.4,55,-13.1,-9.8,0.0,0.0,0.0,0.0,0,1029.8,1025.5,0,0,0,0,,6.7,268,15.5,0.0,0.0,0.0,0.0
2026-01-28T21:00,2026-01-28,21,2026,1,28,맑음,-5.7,33,-19.4,-10.7,0.0,0.0,0.0,0.0,0,1030.0,1025.7,0,0,0,0,,8.4,293,16.9,0.0,0.0,0.0,0.0
2026-01-28T22:00,2026-01-28,22,2026,1,28,맑음,-5.8,34,-19.4,-11.0,0.0,0.0,0.0,0.0,0,1030.5,1026.2,2,0,2,0,,9.5,302,18.0,0.0,0.0,0.0,0.0
2026-01-28T23:00,2026-01-28,23,2026,1,28,맑음,-6.6,37,-18.7,-11.7,0.0,0.0,0.0,0.0,0,1030.6,1026.3,0,0,0,0,,9.8,319,18.7,0.0,0.0,0.0,0.0
2026-01-29T00:00,2026-01-29,0,2026,1,29,맑음,-7.6,41,-18.5,-12.6,0.0,0.0,0.0,0.0,0,1030.9,1026.5,5,0,5,0,,9.0,330,18.7,0.0,0.0,0.0,0.0
2026-01-29T01:00,2026-01-29,1,2026,1,29,맑음,-8.2,45,-18.1,-13.1,0.0,0.0,0.0,0.0,0,1030.8,1026.4,4,0,4,0,,7.8,328,16.9,0.0,0.0,0.0,0.0
2026-01-29T02:00,2026-01-29,2,2026,1,29,맑음,-8.6,49,-17.5,-13.3,0.0,0.0,0.0,0.0,0,1031.3,1026.9,3,0,3,0,,6.7,329,14.4,0.0,0.0,0.0,0.0
2026-01-29T03:00,2026-01-29,3,2026,1,29,대체로 맑음,-9.5,56,-16.6,-13.8,0.0,0.0,0.0,0.0,1,1031.4,1027.0,37,0,37,0,,4.6,324,12.2,0.0,0.0,0.0,0.0
2026-01-29T04:00,2026-01-29,4,2026,1,29,부분적으로 흐림,-9.8,59,-16.3,-13.8,0.0,0.0,0.0,0.0,2,1031.2,1026.8,72,0,72,0,,2.3,321,7.6,0.0,0.0,0.0,0.0
2026-01-29T05:00,2026-01-29,5,2026,1,29,맑음,-9.9,60,-16.2,-13.9,0.0,0.0,0.0,0.0,0,1031.1,1026.7,5,0,5,0,,2.6,286,4.7,0.0,0.0,0.0,0.0
2026-01-29T06:00,2026-01-29,6,2026,1,29,맑음,-10.3,63,-16.0,-14.4,0.0,0.0,0.0,0.0,0,1030.8,1026.4,0,0,0,0,,2.8,325,5.0,0.0,0.0,0.0,0.0
2026-01-29T07:00,2026-01-29,7,2026,1,29,맑음,-10.6,65,-15.9,-14.8,0.0,0.0,0.0,0.0,0,1031.0,1026.6,0,0,0,0,,3.9,294,6.8,0.0,0.0,0.0,0.0
2026-01-29T08:00,2026-01-29,8,2026,1,29,맑음,-10.2,66,-15.4,-14.7,0.0,0.0,0.0,0.0,0,1031.4,1027.0,0,0,0,0,,5.8,292,9.4,3.0,1.0,2.0,0.0
2026-01-29T09:00,2026-01-29,9,2026,1,29,맑음,-8.8,58,-15.5,-13.0,0.0,0.0,0.0,0.0,0,1032.0,1027.6,0,0,0,0,,4.5,272,16.9,100.0,55.0,45.0,3600.0
2026-01-29T10:00,2026-01-29,10,2026,1,29,맑음,-6.2,45,-16.0,-10.8,0.0,0.0,0.0,0.0,0,1032.3,1028.0,0,0,0,0,,7.1,297,18.7,270.0,189.0,81.0,3600.0
2026-01-29T11:00,2026-01-29,11,2026,1,29,맑음,-4.6,34,-18.1,-9.7,0.0,0.0,0.0,0.0,0,1032.3,1028.0,0,0,0,0,,9.9,303,25.9,423.0,323.0,100.0,3600.0
2026-01-29T12:00,2026-01-29,12,2026,1,29,맑음,-3.2,29,-18.9,-8.6,0.0,0.0,0.0,0.0,0,1031.5,1027.2,0,0,0,0,,10.8,300,28.4,531.0,421.0,110.0,3600.0
2026-01-29T13:00,2026-01-29,13,2026,1,29,맑음,-2.2,25,-19.7,-7.5,0.0,0.0,0.0,0.0,0,1030.3,1026.0,0,0,0,0,,11.9,300,30.6,581.0,469.0,112.0,3600.0
2026-01-29T14:00,2026-01-29,14,2026,1,29,맑음,-1.5,25,-19.0,-7.2,0.0,0.0,0.0,0.0,0,1029.9,1025.6,0,0,0,0,,13.9,300,34.2,568.0,457.0,111.0,3600.0
2026-01-29T15:00,2026-01-29,15,2026,1,29,맑음,-1.5,25,-19.2,-7.4,0.0,0.0,0.0,0.0,0,1029.5,1025.2,0,0,0,0,,13.9,306,35.6,490.0,386.0,104.0,3600.0
2026-01-29T16:00,2026-01-29,16,2026,1,29,맑음,-1.5,24,-19.5,-7.4,0.0,0.0,0.0,0.0,0,1029.6,1025.3,1,0,0,1,,14.4,304,33.8,358.0,268.0,90.0,3600.0
2026-01-29T17:00,2026-01-29,17,2026,1,29,맑음,-2.2,25,-19.5,-8.0,0.0,0.0,0.0,0.0,0,1029.7,1025.4,0,0,0,0,,13.9,299,32.8,190.0,123.0,67.0,3600.0
2026-01-29T18:00,2026-01-29,18,2026,1,29,맑음,-3.5,28,-19.5,-9.1,0.0,0.0,0.0,0.0,0,1030.3,1026.0,0,0,0,0,,12.3,302,29.5,37.0,17.0,20.0,2887.33
2026-01-29T19:00,2026-01-29,19,2026,1,29,대체로 맑음,-4.6,29,-20.1,-10.4,0.0,0.0,0.0,0.0,1,1030.9,1026.6,39,0,0,39,,13.7,304,28.4,0.0,0.0,0.0,0.0
2026-01-29T20:00,2026-01-29,20,2026,1,29,부분적으로 흐림,-5.8,31,-20.1,-11.9,0.0,0.0,0.0,0.0,2,1031.9,1027.6,69,0,0,69,,15.4,307,31.7,0.0,0.0,0.0,0.0
2026-01-29T21:00,2026-01-29,21,2026,1,29,흐림,-6.4,36,-19.2,-12.7,0.0,0.0,0.0,0.0,3,1032.0,1027.6,82,0,0,82,,16.8,318,33.5,0.0,0.0,0.0,0.0
2026-01-29T22:00,2026-01-29,22,2026,1,29,흐림,-7.2,39,-18.9,-13.0,0.0,0.0,0.0,0.0,3,1032.2,1027.8,91,0,0,91,,14.0,329,34.9,0.0,0.0,0.0,0.0
2026-01-29T23:00,2026-01-29,23,2026,1,29,부분적으로 흐림,-7.7,39,-19.2,-13.3,0.0,0.0,0.0,0.0,2,1031.9,1027.5,66,0,0,66,,12.6,326,29.2,0.0,0.0,0.0,0.0
2026-01-30T00:00,2026-01-30,0,2026,1,30,대체로 맑음,-8.1,40,-19.5,-13.4,0.0,0.0,0.0,0.0,1,1031.8,1027.4,44,0,0,44,,10.4,318,25.9,0.0,0.0,0.0,0.0
2026-01-30T01:00,2026-01-30,1,2026,1,30,맑음,-8.6,41,-19.4,-13.8,0.0,0.0,0.0,0.0,0,1032.1,1027.7,0,0,0,0,,9.7,297,20.9,0.0,0.0,0.0,0.0
2026-01-30T02:00,2026-01-30,2,2026,1,30,대체로 맑음,-9.0,43,-19.2,-14.4,0.0,0.0,0.0,0.0,1,1032.2,1027.8,37,0,0,37,,10.9,297,21.6,0.0,0.0,0.0,0.0
2026-01-30T03:00,2026-01-30,3,2026,1,30,흐림,-9.4,44,-19.5,-14.7,0.0,0.0,0.0,0.0,3,1032.0,1027.6,100,0,0,100,,10.9,292,22.7,0.0,0.0,0.0,0.0
2026-01-30T04:00,2026-01-30,4,2026,1,30,맑음,-9.6,42,-20.0,-15.1,0.0,0.0,0.0,0.0,0,1032.1,1027.7,5,0,0,5,,11.4,294,23.4,0.0,0.0,0.0,0.0
2026-01-30T05:00,2026-01-30,5,2026,1,30,부분적으로 흐림,-10.1,42,-20.6,-15.5,0.0,0.0,0.0,0.0,2,1032.1,1027.7,51,0,0,51,,11.3,297,23.4,0.0,0.0,0.0,0.0
2026-01-30T06:00,2026-01-30,6,2026,1,30,대체로 맑음,-10.4,42,-20.8,-15.7,0.0,0.0,0.0,0.0,1,1032.2,1027.8,48,0,2,48,,10.5,294,23.0,0.0,0.0,0.0,0.0
2026-01-30T07:00,2026-01-30,7,2026,1,30,흐림,-10.6,43,-20.7,-15.9,0.0,0.0,0.0,0.0,3,1032.7,1028.3,86,0,9,86,,10.0,296,21.2,0.0,0.0,0.0,0.0
2026-01-30T08:00,2026-01-30,8,2026,1,30,흐림,-10.8,44,-20.6,-16.0,0.0,0.0,0.0,0.0,3,1033.1,1028.7,87,0,36,86,,9.8,306,20.2,4.0,0.0,4.0,0.0
2026-01-30T09:00,2026-01-30,9,2026,1,30,부분적으로 흐림,-9.9,45,-19.7,-14.9,0.0,0.0,0.0,0.0,2,1033.3,1028.9,71,0,13,71,,8.3,321,23.8,101.0,52.0,49.0,3600.0
2026-01-30T10:00,2026-01-30,10,2026,1,30,부분적으로 흐림,-8.4,36,-21.0,-13.4,0.0,0.0,0.0,0.0,2,1033.2,1028.8,75,0,6,73,,7.8,322,22.0,272.0,185.0,87.0,3600.0
2026-01-30T11:00,2026-01-30,11,2026,1,30,흐림,-6.9,29,-22.0,-12.0,0.0,0.0,0.0,0.0,3,1033.3,1028.9,89,0,42,88,,8.1,313,23.8,426.0,320.0,106.0,3600.0
2026-01-30T12:00,2026-01-30,12,2026,1,30,흐림,-5.4,25,-22.5,-10.6,0.0,0.0,0.0,0.0,3,1032.6,1028.3,98,0,3,98,,8.5,306,25.2,529.0,404.0,125.0,3600.0
2026-01-30T13:00,2026-01-30,13,2026,1,30,흐림,-4.5,24,-22.2,-9.8,0.0,0.0,0.0,0.0,3,1031.5,1027.2,100,0,3,100,,9.4,302,26.3,468.0,197.0,271.0,3600.0
2026-01-30T14:00,2026-01-30,14,2026,1,30,흐림,-3.3,22,-21.8,-8.7,0.0,0.0,0.0,0.0,3,1030.4,1026.1,99,0,23,98,,10.2,306,27.7,510.0,303.0,207.0,3600.0
2026-01-30T15:00,2026-01-30,15,2026,1,30,부분적으로 흐림,-3.3,24,-20.9,-8.6,0.0,0.0,0.0,0.0,2,1030.4,1026.1,73,0,9,73,,9.8,308,28.4,460.0,301.0,159.0,3600.0
2026-01-30T16:00,2026-01-30,16,2026,1,30,대체로 맑음,-3.0,24,-20.8,-8.4,0.0,0.0,0.0,0.0,1,1030.2,1025.9,44,0,2,42,,10.4,314,26.6,350.0,242.0,108.0,3600.0
2026-01-30T17:00,2026-01-30,17,2026,1,30,맑음,-3.6,26,-20.5,-8.9,0.0,0.0,0.0,0.0,0,1030.1,1025.8,0,0,0,0,,10.1,311,25.9,179.0,92.0,87.0,3600.0
2026-01-30T18:00,2026-01-30,18,2026,1,30,맑음,-4.9,31,-19.6,-9.9,0.0,0.0,0.0,0.0,0,1030.1,1025.8,0,0,0,0,,8.4,312,22.3,39.0,18.0,21.0,2955.04
2026-01-30T19:00,2026-01-30,19,2026,1,30,맑음,-5.9,34,-19.1,-10.9,0.0,0.0,0.0,0.0,0,1030.9,1026.6,0,0,0,0,,8.2,296,16.9,0.0,0.0,0.0,0.0
2026-01-30T20:00,2026-01-30,20,2026,1,30,맑음,-6.7,38,-18.8,-11.7,0.0,0.0,0.0,0.0,0,1031.0,1026.6,0,0,0,0,,8.6,309,15.8,0.0,0.0,0.0,0.0
2026-01-30T21:00,2026-01-30,21,2026,1,30,맑음,-7.4,43,-17.8,-12.1,0.0,0.0,0.0,0.0,0,1030.6,1026.2,0,0,0,0,,6.4,328,18.7,0.0,0.0,0.0,0.0
2026-01-30T22:00,2026-01-30,22,2026,1,30,맑음,-7.8,45,-17.6,-12.6,0.0,0.0,0.0,0.0,0,1030.8,1026.4,0,0,0,0,,8.0,333,15.1,0.0,0.0,0.0,0.0
2026-01-30T23:00,2026-01-30,23,2026,1,30,대체로 맑음,-8.4,48,-17.4,-13.0,0.0,0.0,0.0,0.0,1,1030.8,1026.4,34,0,0,34,,6.2,330,15.1,0.0,0.0,0.0,0.0
2026-01-31T00:00,2026-01-31,0,2026,1,31,대체로 맑음,-8.8,50,-17.3,-13.1,0.0,0.0,0.0,0.0,1,1031.1,1026.7,23,0,4,22,,4.4,302,11.5,0.0,0.0,0.0,0.0
2026-01-31T01:00,2026-01-31,1,2026,1,31,맑음,-9.4,54,-17.0,-13.6,0.0,0.0,0.0,0.0,0,1030.9,1026.5,5,0,0,5,,3.8,295,8.6,0.0,0.0,0.0,0.0
2026-01-31T02:00,2026-01-31,2,2026,1,31,대체로 맑음,-9.8,56,-16.9,-14.0,0.0,0.0,0.0,0.0,1,1030.5,1026.1,32,0,0,32,,3.8,295,7.2,0.0,0.0,0.0,0.0
2026-01-31T03:00,2026-01-31,3,2026,1,31,부분적으로 흐림,-10.4,62,-16.3,-14.6,0.0,0.0,0.0,0.0,2,1031.2,1026.8,63,0,3,62,,3.7,337,7.6,0.0,0.0,0.0,0.0
2026-01-31T04:00,2026-01-31,4,2026,1,31,부분적으로 흐림,-11.1,66,-16.1,-15.3,0.0,0.0,0.0,0.0,2,1030.9,1026.5,52,0,14,45,,3.8,341,7.2,0.0,0.0,0.0,0.0
2026-01-31T05:00,2026-01-31,5,2026,1,31,대체로 맑음,-11.2,67,-16.0,-15.2,0.0,0.0,0.0,0.0,1,1030.8,1026.4,48,0,48,0,,2.7,328,6.8,0.0,0.0,0.0,0.0
2026-01-31T06:00,2026-01-31,6,2026,1,31,맑음,-11.3,68,-16.0,-15.2,0.0,0.0,0.0,0.0,0,1030.6,1026.2,13,0,13,0,,1.8,315,4.7,0.0,0.0,0.0,0.0
2026-01-31T07:00,2026-01-31,7,2026,1,31,맑음,-11.4,68,-16.1,-15.2,0.0,0.0,0.0,0.0,0,1030.4,1026.0,9,0,9,0,,1.0,292,3.6,0.0,0.0,0.0,0.0
2026-01-31T08:00,2026-01-31,8,2026,1,31,맑음,-11.3,68,-16.0,-15.1,0.0,0.0,0.0,0.0,0,1030.3,1025.9,0,0,0,0,,0.8,297,2.2,4.0,1.0,3.0,0.0
2026-01-31T09:00,2026-01-31,9,2026,1,31,맑음,-10.0,60,-16.2,-13.9,0.0,0.0,0.0,0.0,0,1030.9,1026.5,2,0,2,0,,1.5,346,9.0,102.0,55.0,47.0,3600.0
2026-01-31T10:00,2026-01-31,10,2026,1,31,맑음,-7.5,45,-17.5,-11.5,0.0,0.0,0.0,0.0,0,1031.0,1026.6,0,0,0,0,,1.9,287,11.2,269.0,185.0,84.0,3600.0
2026-01-31T11:00,2026-01-31,11,2026,1,31,맑음,-5.2,34,-18.5,-9.5,0.0,0.0,0.0,0.0,0,1030.8,1026.5,0,0,0,0,,4.2,301,16.6,422.0,320.0,102.0,3600.0
2026-01-31T12:00,2026-01-31,12,2026,1,31,맑음,-3.2,28,-19.0,-7.7,0.0,0.0,0.0,0.0,0,1030.2,1025.9,0,0,0,0,,5.6,285,19.8,531.0,420.0,111.0,3600.0
2026-01-31T13:00,2026-01-31,13,2026,1,31,맑음,-1.5,25,-19.0,-6.2,0.0,0.0,0.0,0.0,0,1028.9,1024.6,0,0,0,0,,7.4,274,23.0,582.0,468.0,114.0,3600.0
2026-01-31T14:00,2026-01-31,14,2026,1,31,맑음,-0.4,24,-18.4,-5.4,0.0,0.0,0.0,0.0,0,1027.5,1023.3,0,0,0,0,,9.2,269,25.2,569.0,457.0,112.0,3600.0
2026-01-31T15:00,2026-01-31,15,2026,1,31,맑음,-0.4,28,-16.8,-5.5,0.0,0.0,0.0,0.0,0,1027.3,1023.1,0,0,0,0,,9.6,265,27.4,492.0,387.0,105.0,3600.0
2026-01-31T16:00,2026-01-31,16,2026,1,31,맑음,-0.6,32,-15.2,-5.6,0.0,0.0,0.0,0.0,0,1027.1,1022.9,0,0,0,0,,10.1,265,25.6,360.0,268.0,92.0,3600.0
2026-01-31T17:00,2026-01-31,17,2026,1,31,맑음,-1.5,38,-14.1,-6.7,0.0,0.0,0.0,0.0,0,1027.2,1022.9,2,2,0,0,,11.1,257,24.8,193.0,125.0,68.0,3600.0
2026-01-31T18:00,2026-01-31,18,2026,1,31,맑음,-3.0,47,-12.8,-7.6,0.0,0.0,0.0,0.0,0,1027.3,1023.0,15,2,14,0,,7.8,248,23.8,39.0,17.0,22.0,3022.93
2026-01-31T19:00,2026-01-31,19,2026,1,31,부분적으로 흐림,-3.5,58,-10.6,-7.7,0.0,0.0,0.0,0.0,2,1027.2,1022.9,66,66,24,0,,6.1,246,15.1,0.0,0.0,0.0,0.0
2026-01-31T20:00,2026-01-31,20,2026,1,31,흐림,-3.3,69,-8.2,-7.4,0.0,0.0,0.0,0.0,3,1027.1,1022.8,100,100,74,0,,6.9,233,13.0,0.0,0.0,0.0,0.0
2026-01-31T21:00,2026-01-31,21,2026,1,31,흐림,-2.3,49,-11.7,-6.9,0.0,0.0,0.0,0.0,3,1027.2,1022.9,96,96,12,0,,8.1,294,14.0,0.0,0.0,0.0,0.0
2026-01-31T22:00,2026-01-31,22,2026,1,31,부분적으로 흐림,-2.5,47,-12.4,-7.0,0.0,0.0,0.0,0.0,2,1027.4,1023.1,70,70,0,0,,7.3,318,16.2,0.0,0.0,0.0,0.0
2026-01-31T23:00,2026-01-31,23,2026,1,31,대체로 맑음,-3.1,50,-12.1,-7.2,0.0,0.0,0.0,0.0,1,1027.4,1023.1,49,49,0,0,,5.0,322,13.7,0.0,0.0,0.0,0.0
2026-02-01T00:00,2026-02-01,0,2026,2,1,흐림,-4.1,56,-11.6,-8.2,0.0,0.0,0.0,0.0,3,1027.5,1023.2,100,100,0,0,,5.2,335,9.4,0.0,0.0,0.0,0.0
2026-02-01T01:00,2026-02-01,1,2026,2,1,흐림,-3.8,56,-11.2,-8.4,0.0,0.0,0.0,0.0,3,1027.4,1023.1,98,98,0,0,,8.7,342,17.3,0.0,0.0,0.0,0.0
2026-02-01T02:00,2026-02-01,2,2026,2,1,흐림,-4.6,60,-11.1,-9.3,0.0,0.0,0.0,0.0,3,1027.5,1023.2,84,84,0,0,,9.3,333,18.4,0.0,0.0,0.0,0.0
2026-02-01T03:00,2026-02-01,3,2026,2,1,대체로 맑음,-5.3,65,-10.9,-9.8,0.0,0.0,0.0,0.0,1,1027.7,1023.4,26,26,0,0,,7.8,328,18.4,0.0,0.0,0.0,0.0
2026-02-01T04:00,2026-02-01,4,2026,2,1,맑음,-6.9,74,-10.8,-11.0,0.0,0.0,0.0,0.0,0,1027.5,1023.2,0,0,0,0,,5.6,329,15.5,0.0,0.0,0.0,0.0
2026-02-01T05:00,2026-02-01,5,2026,2,1,맑음,-8.0,81,-10.7,-11.9,0.0,0.0,0.0,0.0,0,1027.4,1023.0,0,0,0,0,,4.1,322,10.8,0.0,0.0,0.0,0.0
2026-02-01T06:00,2026-02-01,6,2026,2,1,맑음,-8.5,83,-10.9,-12.3,0.0,0.0,0.0,0.0,0,1027.3,1022.9,0,0,0,0,,3.6,315,7.9,0.0,0.0,0.0,0.0
2026-02-01T07:00,2026-02-01,7,2026,2,1,맑음,-8.8,84,-11.0,-12.6,0.0,0.0,0.0,0.0,0,1027.1,1022.7,0,0,0,0,,3.3,324,6.5,0.0,0.0,0.0,0.0
2026-02-01T08:00,2026-02-01,8,2026,2,1,맑음,-8.8,84,-10.9,-12.6,0.0,0.0,0.0,0.0,0,1027.4,1023.0,0,0,0,0,,3.7,305,6.5,4.0,1.0,3.0,0.0
2026-02-01T09:00,2026-02-01,9,2026,2,1,맑음,-7.2,80,-10.0,-11.0,0.0,0.0,0.0,0.0,0,1028.2,1023.9,0,0,0,0,,3.4,252,12.2,106.0,59.0,47.0,3600.0
2026-02-01T10:00,2026-02-01,10,2026,2,1,맑음,-4.7,64,-10.4,-8.5,0.0,0.0,0.0,0.0,0,1028.4,1024.1,0,0,0,0,,3.3,276,13.3,273.0,188.0,85.0,3600.0
2026-02-01T11:00,2026-02-01,11,2026,2,1,맑음,-2.7,41,-14.2,-6.9,0.0,0.0,0.0,0.0,0,1028.3,1024.0,0,0,0,0,,5.2,284,18.4,425.0,323.0,102.0,3600.0
2026-02-01T12:00,2026-02-01,12,2026,2,1,맑음,-1.0,30,-16.6,-5.7,0.0,0.0,0.0,0.0,0,1027.9,1023.7,0,0,0,0,,6.6,287,21.6,533.0,419.0,114.0,3600.0
2026-02-01T13:00,2026-02-01,13,2026,2,1,맑음,0.2,25,-17.6,-4.5,0.0,0.0,0.0,0.0,0,1026.8,1022.6,0,0,0,0,,8.2,279,24.1,581.0,464.0,117.0,3600.0
2026-02-01T14:00,2026-02-01,14,2026,2,1,맑음,0.9,24,-17.4,-4.4,0.0,0.0,0.0,0.0,0,1025.8,1021.6,3,0,3,0,,11.4,266,29.2,567.0,451.0,116.0,3600.0
2026-02-01T15:00,2026-02-01,15,2026,2,1,맑음,0.6,30,-15.1,-4.8,0.0,0.0,0.0,0.0,0,1025.6,1021.4,0,0,0,0,,12.7,263,34.9,489.0,380.0,109.0,3600.0
2026-02-01T16:00,2026-02-01,16,2026,2,1,맑음,0.1,33,-14.4,-5.3,0.0,0.0,0.0,0.0,0,1025.6,1021.4,3,2,3,0,,12.6,267,32.4,358.0,262.0,96.0,3600.0
2026-02-01T17:00,2026-02-01,17,2026,2,1,부분적으로 흐림,-0.7,36,-13.9,-5.8,0.0,0.0,0.0,0.0,2,1025.7,1021.5,76,3,76,0,,10.7,265,29.2,195.0,124.0,71.0,3600.0
2026-02-01T18:00,2026-02-01,18,2026,2,1,흐림,-2.5,44,-13.0,-6.7,0.0,0.0,0.0,0.0,3,1025.8,1021.5,100,100,100,0,,5.2,241,22.3,39.0,14.0,25.0,2911.58
2026-02-01T19:00,2026-02-01,19,2026,2,1,흐림,-2.0,44,-12.6,-6.2,0.0,0.0,0.0,0.0,3,1025.8,1021.5,100,99,100,0,,4.9,180,10.8,0.0,0.0,0.0,0.0
2026-02-01T20:00,2026-02-01,20,2026,2,1,흐림,-2.0,45,-12.4,-6.1,0.0,0.0,0.0,0.0,3,1025.3,1021.0,100,98,100,0,,4.7,122,10.4,0.0,0.0,0.0,0.0
2026-02-01T21:00,2026-02-01,21,2026,2,1,흐림,-2.0,53,-10.4,-5.8,0.0,0.0,0.0,0.0,3,1025.8,1021.5,98,97,89,0,,3.1,90,8.6,0.0,0.0,0.0,0.0
2026-02-01T22:00,2026-02-01,22,2026,2,1,흐림,-2.2,56,-9.9,-6.3,0.0,0.0,0.0,0.0,3,1025.6,1021.3,100,95,100,0,,5.2,88,9.7,0.0,0.0,0.0,0.0
2026-02-01T23:00,2026-02-01,23,2026,2,1,흐림,-2.3,57,-9.6,-6.2,0.0,0.0,0.0,0.0,3,1025.3,1021.0,97,70,97,0,,4.7,47,9.7,0.0,0.0,0.0,0.0
2026-02-02T00:00,2026-02-02,0,2026,2,2,약한 눈,-2.6,66,-8.1,-6.6,0.0,0.0,0.07,0.0,71,1025.1,1020.8,100,24,99,0,,6.6,69,11.9,0.0,0.0,0.0,0.0
2026-02-02T01:00,2026-02-02,1,2026,2,2,약한 눈,-3.0,76,-6.6,-7.3,0.2,0.0,0.14,0.01,71,1024.7,1020.4,100,99,100,0,,9.2,47,17.6,0.0,0.0,0.0,0.0
2026-02-02T02:00,2026-02-02,2,2026,2,2,보통 눈,-2.9,82,-5.5,-7.0,0.5,0.0,0.35,0.01,73,1024.3,1020.0,100,72,100,29,,8.8,75,19.1,0.0,0.0,0.0,0.0
2026-02-02T03:00,2026-02-02,3,2026,2,2,약한 눈,-2.8,86,-4.8,-6.0,0.1,0.0,0.07,0.02,71,1024.8,1020.5,100,19,100,70,,3.3,36,16.9,0.0,0.0,0.0,0.0
2026-02-02T04:00,2026-02-02,4,2026,2,2,약한 눈,-3.5,90,-4.9,-6.9,0.1,0.0,0.07,0.02,71,1024.8,1020.5,99,11,99,0,,3.8,355,7.2,0.0,0.0,0.0,0.0
2026-02-02T05:00,2026-02-02,5,2026,2,2,맑음,-4.2,92,-5.2,-7.7,0.0,0.0,0.0,0.02,0,1024.7,1020.4,5,5,0,0,,5.2,331,9.7,0.0,0.0,0.0,0.0
2026-02-02T06:00,2026-02-02,6,2026,2,2,대체로 맑음,-6.4,95,-7.1,-10.3,0.0,0.0,0.0,0.02,1,1025.4,1021.1,22,20,3,0,,6.5,330,13.0,0.0,0.0,0.0,0.0
2026-02-02T07:00,2026-02-02,7,2026,2,2,흐림,-6.7,93,-7.7,-10.7,0.0,0.0,0.0,0.02,3,1025.9,1021.6,100,100,51,0,,6.5,328,13.3,0.0,0.0,0.0,0.0
2026-02-02T08:00,2026-02-02,8,2026,2,2,대체로 맑음,-5.2,90,-6.6,-9.4,0.0,0.0,0.0,0.02,1,1026.6,1022.3,21,21,0,0,,7.9,319,14.4,3.0,0.0,3.0,0.0
2026-02-02T09:00,2026-02-02,9,2026,2,2,맑음,-5.6,80,-8.4,-10.0,0.0,0.0,0.0,0.02,0,1027.5,1023.2,8,6,2,0,,8.9,320,21.6,98.0,44.0,54.0,3600.0
2026-02-02T10:00,2026-02-02,10,2026,2,2,맑음,-4.0,74,-7.9,-8.0,0.0,0.0,0.0,0.02,0,1028.1,1023.8,0,0,0,0,,6.5,321,16.6,275.0,171.0,104.0,3600.0
2026-02-02T11:00,2026-02-02,11,2026,2,2,맑음,-2.8,59,-9.7,-7.5,0.0,0.0,0.0,0.02,0,1028.3,1024.0,0,0,0,0,,10.7,319,24.1,446.0,331.0,115.0,3600.0
2026-02-02T12:00,2026-02-02,12,2026,2,2,맑음,-2.5,47,-12.2,-7.8,0.0,0.0,0.0,0.02,0,1028.1,1023.8,0,0,0,0,,13.4,320,31.0,558.0,431.0,127.0,3600.0
2026-02-02T13:00,2026-02-02,13,2026,2,2,맑음,-2.1,47,-12.0,-7.1,0.0,0.0,0.0,0.02,0,1027.3,1023.0,0,0,0,0,,13.4,314,31.7,608.0,478.0,130.0,3600.0
2026-02-02T14:00,2026-02-02,14,2026,2,2,맑음,-1.6,46,-11.7,-6.5,0.0,0.0,0.0,0.02,0,1026.9,1022.6,0,0,0,0,,12.1,311,31.3,593.0,465.0,128.0,3600.0
2026-02-02T15:00,2026-02-02,15,2026,2,2,맑음,-0.7,37,-13.8,-5.9,0.0,0.0,0.0,0.0,0,1027.0,1022.8,0,0,0,0,,11.3,306,28.8,512.0,394.0,118.0,3600.0
2026-02-02T16:00,2026-02-02,16,2026,2,2,맑음,0.0,35,-13.8,-5.1,0.0,0.0,0.0,0.0,0,1027.3,1023.1,0,0,0,0,,10.6,300,28.4,371.0,275.0,96.0,3600.0
2026-02-02T17:00,2026-02-02,17,2026,2,2,맑음,-0.6,39,-12.9,-5.5,0.0,0.0,0.0,0.0,0,1027.5,1023.3,0,0,0,0,,9.6,276,25.2,203.0,131.0,72.0,3600.0
2026-02-02T18:00,2026-02-02,18,2026,2,2,맑음,-2.5,49,-11.8,-7.2,0.0,0.0,0.0,0.0,0,1028.1,1023.8,0,0,0,0,,9.3,243,20.2,44.0,21.0,23.0,3158.93
2026-02-02T19:00,2026-02-02,19,2026,2,2,맑음,-3.0,53,-11.4,-7.7,0.0,0.0,0.0,0.0,0,1028.5,1024.2,0,0,0,0,,9.2,244,18.0,0.0,0.0,0.0,0.0
2026-02-02T20:00,2026-02-02,20,2026,2,2,맑음,-3.2,53,-11.6,-7.9,0.0,0.0,0.0,0.0,0,1029.0,1024.7,0,0,0,0,,8.7,276,16.9,0.0,0.0,0.0,0.0
2026-02-02T21:00,2026-02-02,21,2026,2,2,맑음,-3.8,53,-11.9,-8.4,0.0,0.0,0.0,0.0,0,1029.6,1025.3,0,0,0,0,,8.8,285,18.4,0.0,0.0,0.0,0.0
2026-02-02T22:00,2026-02-02,22,2026,2,2,맑음,-4.3,52,-12.8,-8.9,0.0,0.0,0.0,0.0,0,1030.4,1026.1,0,0,0,0,,8.0,301,16.9,0.0,0.0,0.0,0.0
2026-02-02T23:00,2026-02-02,23,2026,2,2,맑음,-5.1,56,-12.5,-9.4,0.0,0.0,0.0,0.0,0,1030.9,1026.6,0,0,0,0,,6.0,311,15.1,0.0,0.0,0.0,0.0
2026-02-03T00:00,2026-02-03,0,2026,2,3,맑음,-6.1,63,-12.0,-10.2,0.0,0.0,0.0,0.0,0,1031.1,1026.8,0,0,0,0,,4.5,310,11.2,0.0,0.0,0.0,0.0
2026-02-03T01:00,2026-02-03,1,2026,2,3,맑음,-6.6,68,-11.6,-10.5,0.0,0.0,0.0,0.0,0,1030.8,1026.5,0,0,0,0,,3.7,299,7.6,0.0,0.0,0.0,0.0
2026-02-03T02:00,2026-02-03,2,2026,2,3,맑음,-6.8,71,-11.3,-10.6,0.0,0.0,0.0,0.0,0,1031.0,1026.6,0,0,0,0,,2.9,281,6.5,0.0,0.0,0.0,0.0
2026-02-03T03:00,2026-02-03,3,2026,2,3,맑음,-7.6,72,-11.6,-11.3,0.0,0.0,0.0,0.0,0,1031.9,1027.5,0,0,0,0,,2.3,293,5.0,0.0,0.0,0.0,0.0
2026-02-03T04:00,2026-02-03,4,2026,2,3,맑음,-8.0,74,-11.8,-11.5,0.0,0.0,0.0,0.0,0,1031.8,1027.4,0,0,0,0,,0.9,233,3.6,0.0,0.0,0.0,0.0
2026-02-03T05:00,2026-02-03,5,2026,2,3,맑음,-8.4,76,-11.9,-11.7,0.0,0.0,0.0,0.0,0,1031.8,1027.4,0,0,0,0,,0.0,270,1.8,0.0,0.0,0.0,0.0
2026-02-03T06:00,2026-02-03,6,2026,2,3,맑음,-8.6,77,-11.9,-12.2,0.0,0.0,0.0,0.0,0,1031.7,1027.3,0,0,0,0,,1.0,121,2.2,0.0,0.0,0.0,0.0
2026-02-03T07:00,2026-02-03,7,2026,2,3,맑음,-8.9,79,-11.9,-12.7,0.0,0.0,0.0,0.0,0,1031.7,1027.3,0,0,0,0,,2.3,108,4.7,0.0,0.0,0.0,0.0
2026-02-03T08:00,2026-02-03,8,2026,2,3,맑음,-8.7,77,-11.9,-12.7,0.0,0.0,0.0,0.0,0,1031.9,1027.5,0,0,0,0,,3.9,106,6.8,5.0,1.0,4.0,0.0
2026-02-03T09:00,2026-02-03,9,2026,2,3,맑음,-6.8,66,-12.0,-11.0,0.0,0.0,0.0,0.0,0,1032.3,1027.9,0,0,0,0,,5.3,108,11.9,109.0,60.0,49.0,3600.0
2026-02-03T10:00,2026-02-03,10,2026,2,3,맑음,-3.7,49,-12.9,-7.6,0.0,0.0,0.0,0.0,0,1032.0,1027.7,0,0,0,0,,3.4,122,13.7,278.0,193.0,85.0,3600.0
2026-02-03T11:00,2026-02-03,11,2026,2,3,맑음,-1.3,41,-12.8,-5.1,0.0,0.0,0.0,0.0,0,1031.8,1027.5,0,0,0,0,,2.3,203,13.7,432.0,329.0,103.0,3600.0
2026-02-03T12:00,2026-02-03,12,2026,2,3,맑음,0.6,40,-11.4,-3.2,0.0,0.0,0.0,0.0,0,1030.9,1026.7,3,3,0,0,,2.7,233,15.1,539.0,425.0,114.0,3600.0
2026-02-03T13:00,2026-02-03,13,2026,2,3,맑음,2.0,41,-9.8,-1.7,0.0,0.0,0.0,0.0,0,1029.6,1025.4,0,0,0,0,,4.8,248,18.4,587.0,467.0,120.0,3600.0
2026-02-03T14:00,2026-02-03,14,2026,2,3,맑음,3.0,43,-8.4,-1.2,0.0,0.0,0.0,0.0,0,1028.6,1024.4,3,3,0,0,,8.0,245,23.0,572.0,455.0,117.0,3600.0
2026-02-03T15:00,2026-02-03,15,2026,2,3,부분적으로 흐림,3.2,50,-6.1,-1.3,0.0,0.0,0.0,0.0,2,1028.0,1023.8,58,58,0,0,,11.0,267,24.8,493.0,380.0,113.0,3600.0
2026-02-03T16:00,2026-02-03,16,2026,2,3,부분적으로 흐림,2.9,57,-4.7,-1.7,0.0,0.0,0.0,0.0,2,1027.6,1023.4,73,73,0,0,,12.6,265,28.1,326.0,193.0,133.0,3600.0
2026-02-03T17:00,2026-02-03,17,2026,2,3,부분적으로 흐림,1.9,66,-3.8,-2.2,0.0,0.0,0.0,0.0,2,1027.7,1023.5,66,66,0,0,,10.1,260,29.9,165.0,68.0,97.0,3600.0
2026-02-03T18:00,2026-02-03,18,2026,2,3,대체로 맑음,0.0,79,-3.2,-3.2,0.0,0.0,0.0,0.0,1,1027.4,1023.2,21,21,0,0,,4.3,248,20.9,37.0,11.0,26.0,1871.98
2026-02-03T19:00,2026-02-03,19,2026,2,3,맑음,-1.0,81,-3.8,-4.1,0.0,0.0,0.0,0.0,0,1027.3,1023.1,5,5,0,0,,3.3,229,6.8,0.0,0.0,0.0,0.0
2026-02-03T20:00,2026-02-03,20,2026,2,3,흐림,-1.5,83,-4.1,-4.6,0.0,0.0,0.0,0.0,3,1026.6,1022.4,94,0,0,94,,2.7,184,5.8,0.0,0.0,0.0,0.0
2026-02-03T21:00,2026-02-03,21,2026,2,3,흐림,-0.8,80,-3.9,-3.5,0.0,0.0,0.0,0.0,3,1026.5,1022.3,94,77,0,73,,0.4,63,5.0,0.0,0.0,0.0,0.0
2026-02-03T22:00,2026-02-03,22,2026,2,3,부분적으로 흐림,-0.8,83,-3.3,-3.4,0.0,0.0,0.0,0.0,2,1026.0,1021.8,78,21,0,73,,0.5,90,2.5,0.0,0.0,0.0,0.0
2026-02-03T23:00,2026-02-03,23,2026,2,3,대체로 맑음,-1.5,84,-3.8,-4.4,0.0,0.0,0.0,0.0,1,1026.0,1021.8,20,20,0,0,,1.7,122,2.5,0.0,0.0,0.0,0.0
2026-02-04T00:00,2026-02-04,0,2026,2,4,대체로 맑음,-1.5,85,-3.8,-4.9,0.0,0.0,0.0,0.0,1,1026.1,1021.9,23,23,0,0,,5.0,167,8.3,0.0,0.0,0.0,0.0
2026-02-04T01:00,2026-02-04,1,2026,2,4,맑음,-1.5,87,-3.3,-4.9,0.0,0.0,0.0,0.0,0,1025.8,1021.6,0,0,0,0,,6.2,165,11.5,0.0,0.0,0.0,0.0
2026-02-04T02:00,2026-02-04,2,2026,2,4,대체로 맑음,-1.9,89,-3.4,-5.3,0.0,0.0,0.0,0.0,1,1025.5,1021.2,45,10,0,39,,5.6,132,11.5,0.0,0.0,0.0,0.0
2026-02-04T03:00,2026-02-04,3,2026,2,4,흐림,-1.7,89,-3.3,-5.2,0.0,0.0,0.0,0.0,3,1025.4,1021.2,93,91,0,16,,6.2,120,13.0,0.0,0.0,0.0,0.0
2026-02-04T04:00,2026-02-04,4,2026,2,4,흐림,-1.4,88,-3.0,-5.0,0.0,0.0,0.0,0.0,3,1024.8,1020.6,98,93,0,83,,7.6,118,14.0,0.0,0.0,0.0,0.0
2026-02-04T05:00,2026-02-04,5,2026,2,4,흐림,-1.1,87,-3.0,-4.8,0.0,0.0,0.0,0.0,3,1024.5,1020.3,98,83,0,91,,7.6,115,14.0,0.0,0.0,0.0,0.0
2026-02-04T06:00,2026-02-04,6,2026,2,4,흐림,-0.9,85,-3.1,-4.7,0.0,0.0,0.0,0.0,3,1024.4,1020.2,83,82,0,2,,8.0,115,14.8,0.0,0.0,0.0,0.0
2026-02-04T07:00,2026-02-04,7,2026,2,4,흐림,-1.4,87,-3.3,-5.2,0.0,0.0,0.0,0.0,3,1023.9,1019.7,92,34,0,88,,8.8,116,16.2,0.0,0.0,0.0,0.0
2026-02-04T08:00,2026-02-04,8,2026,2,4,흐림,-1.4,86,-3.4,-5.2,0.0,0.0,0.0,0.0,3,1024.0,1019.8,98,36,0,97,,8.8,121,16.6,5.0,1.0,4.0,0.0
2026-02-04T09:00,2026-02-04,9,2026,2,4,흐림,-1.1,77,-4.7,-5.3,0.0,0.0,0.0,0.0,3,1024.4,1020.2,100,81,88,98,,9.8,95,17.3,100.0,41.0,59.0,3600.0
2026-02-04T10:00,2026-02-04,10,2026,2,4,흐림,1.2,68,-4.1,-2.6,0.0,0.0,0.0,0.0,3,1024.2,1020.0,100,40,9,100,,7.5,110,19.1,175.0,37.0,138.0,1605.41
2026-02-04T11:00,2026-02-04,11,2026,2,4,흐림,3.7,61,-3.1,0.2,0.0,0.0,0.0,0.0,3,1023.9,1019.7,100,28,100,100,,6.4,135,18.4,310.0,130.0,180.0,3600.0
2026-02-04T12:00,2026-02-04,12,2026,2,4,흐림,4.8,60,-2.2,1.3,0.0,0.0,0.0,0.0,3,1023.4,1019.3,100,51,100,98,,7.0,170,18.4,297.0,82.0,215.0,2701.51
2026-02-04T13:00,2026-02-04,13,2026,2,4,흐림,4.8,63,-1.8,1.3,0.0,0.0,0.0,0.0,3,1022.5,1018.4,99,63,98,2,,7.2,177,18.7,206.0,13.0,193.0,0.0
2026-02-04T14:00,2026-02-04,14,2026,2,4,흐림,6.0,62,-0.8,2.6,0.0,0.0,0.0,0.0,3,1021.5,1017.4,100,72,99,0,,8.2,189,20.9,391.0,109.0,282.0,3600.0
2026-02-04T15:00,2026-02-04,15,2026,2,4,흐림,5.7,66,-0.3,2.2,0.0,0.0,0.0,0.0,3,1021.2,1017.1,100,98,98,0,,9.0,235,25.2,282.0,49.0,233.0,1067.58
2026-02-04T16:00,2026-02-04,16,2026,2,4,흐림,5.5,71,0.6,2.6,0.0,0.0,0.0,0.0,3,1020.9,1016.8,98,51,97,0,,6.1,230,19.1,169.0,29.0,140.0,354.72
2026-02-04T17:00,2026-02-04,17,2026,2,4,대체로 맑음,4.6,80,1.4,2.3,0.0,0.0,0.0,0.0,1,1020.8,1016.7,36,31,6,0,,2.7,212,13.7,139.0,42.0,97.0,3125.91
2026-02-04T18:00,2026-02-04,18,2026,2,4,부분적으로 흐림,2.5,82,-0.3,-0.1,0.0,0.0,0.0,0.0,2,1020.7,1016.5,73,73,0,0,,2.7,172,4.3,38.0,11.0,27.0,1829.81
2026-02-04T19:00,2026-02-04,19,2026,2,4,대체로 맑음,2.0,84,-0.3,-0.6,0.0,0.0,0.0,0.0,1,1020.5,1016.3,32,32,0,0,,3.2,137,4.3,0.0,0.0,0.0,0.0
2026-02-04T20:00,2026-02-04,20,2026,2,4,맑음,1.5,87,-0.4,-1.5,0.0,0.0,0.0,0.0,0,1020.8,1016.6,17,17,0,0,,5.2,139,8.6,0.0,0.0,0.0,0.0
2026-02-04T21:00,2026-02-04,21,2026,2,4,대체로 맑음,0.9,87,-0.9,-2.1,0.0,0.0,0.0,0.0,1,1020.5,1016.3,38,24,0,18,,5.5,128,11.9,0.0,0.0,0.0,0.0
2026-02-04T22:00,2026-02-04,22,2026,2,4,부분적으로 흐림,0.6,88,-1.1,-2.5,0.0,0.0,0.0,0.0,2,1020.3,1016.1,71,12,0,67,,5.9,135,10.8,0.0,0.0,0.0,0.0
2026-02-04T23:00,2026-02-04,23,2026,2,4,대체로 맑음,0.2,88,-1.5,-2.9,0.0,0.0,0.0,0.0,1,1020.1,1015.9,20,20,0,0,,5.3,128,10.8,0.0,0.0,0.0,0.0
2026-02-05T00:00,2026-02-05,0,2026,2,5,부분적으로 흐림,-0.2,89,-1.8,-3.3,0.0,0.0,0.0,0.0,2,1020.1,1015.9,59,59,0,0,,5.1,135,9.4,0.0,0.0,0.0,0.0
2026-02-05T01:00,2026-02-05,1,2026,2,5,흐림,0.1,89,-1.5,-3.0,0.0,0.0,0.0,0.0,3,1019.7,1015.5,99,99,0,0,,4.9,129,8.6,0.0,0.0,0.0,0.0
2026-02-05T02:00,2026-02-05,2,2026,2,5,흐림,0.2,88,-1.5,-3.0,0.0,0.0,0.0,0.0,3,1019.6,1015.4,97,94,0,46,,5.9,135,10.1,0.0,0.0,0.0,0.0
2026-02-05T03:00,2026-02-05,3,2026,2,5,흐림,-0.3,89,-2.0,-3.5,0.0,0.0,0.0,0.0,3,1019.7,1015.5,99,85,0,94,,5.2,117,11.5,0.0,0.0,0.0,0.0
2026-02-05T04:00,2026-02-05,4,2026,2,5,흐림,-0.1,89,-1.6,-3.2,0.0,0.0,0.0,0.0,3,1019.3,1015.1,93,90,0,27,,5.2,110,10.4,0.0,0.0,0.0,0.0
2026-02-05T05:00,2026-02-05,5,2026,2,5,흐림,0.2,89,-1.5,-3.2,0.0,0.0,0.0,0.0,3,1018.9,1014.7,100,100,0,7,,6.7,110,11.9,0.0,0.0,0.0,0.0
2026-02-05T06:00,2026-02-05,6,2026,2,5,흐림,0.4,89,-1.2,-3.0,0.0,0.0,0.0,0.0,3,1018.5,1014.3,100,100,0,3,,7.7,114,14.0,0.0,0.0,0.0,0.0
2026-02-05T07:00,2026-02-05,7,2026,2,5,흐림,1.0,88,-0.7,-2.1,0.0,0.0,0.0,0.0,3,1017.9,1013.7,100,100,0,0,,5.8,116,14.4,0.0,0.0,0.0,0.0
2026-02-05T08:00,2026-02-05,8,2026,2,5,흐림,1.1,89,-0.6,-1.8,0.0,0.0,0.0,0.0,3,1018.3,1014.1,100,100,0,1,,4.8,112,10.4,3.0,0.0,3.0,0.0
2026-02-05T09:00,2026-02-05,9,2026,2,5,흐림,1.6,89,0.0,-1.3,0.0,0.0,0.0,0.0,3,1018.7,1014.5,100,100,5,22,,5.5,117,10.1,62.0,5.0,57.0,0.0
2026-02-05T10:00,2026-02-05,10,2026,2,5,흐림,3.1,85,0.8,0.1,0.0,0.0,0.0,0.0,3,1018.4,1014.3,99,99,0,0,,6.7,136,14.8,115.0,8.0,107.0,0.0
2026-02-05T11:00,2026-02-05,11,2026,2,5,부분적으로 흐림,4.6,80,1.4,2.1,0.0,0.0,0.0,0.0,2,1018.1,1014.0,67,61,0,16,,3.8,155,14.8,191.0,37.0,154.0,605.23
2026-02-05T12:00,2026-02-05,12,2026,2,5,흐림,6.2,78,2.8,3.6,0.0,0.0,0.0,0.0,3,1017.5,1013.4,80,73,0,23,,6.8,235,16.2,320.0,118.0,202.0,3600.0
2026-02-05T13:00,2026-02-05,13,2026,2,5,흐림,7.3,76,3.3,4.0,0.0,0.0,0.0,0.0,3,1016.6,1012.5,100,100,0,17,,12.2,246,28.1,396.0,148.0,248.0,3600.0
2026-02-05T14:00,2026-02-05,14,2026,2,5,흐림,7.8,71,2.9,3.9,0.0,0.0,0.0,0.0,3,1016.5,1012.4,100,100,0,0,,15.7,260,33.5,377.0,102.0,275.0,3482.68
2026-02-05T15:00,2026-02-05,15,2026,2,5,대체로 맑음,7.2,75,3.0,3.4,0.0,0.0,0.0,0.0,1,1016.3,1012.2,48,47,0,3,,14.7,259,34.6,277.0,90.0,187.0,3423.43
2026-02-05T16:00,2026-02-05,16,2026,2,5,대체로 맑음,6.9,80,3.7,3.6,0.0,0.0,0.0,0.0,1,1016.6,1012.5,38,38,0,0,,13.1,257,31.0,254.0,102.0,152.0,3600.0
2026-02-05T17:00,2026-02-05,17,2026,2,5,대체로 맑음,6.2,83,3.5,2.9,0.0,0.0,0.0,0.0,1,1017.4,1013.3,43,28,0,20,,11.8,241,29.2,173.0,80.0,93.0,3600.0
2026-02-05T18:00,2026-02-05,18,2026,2,5,맑음,4.0,78,0.4,-0.8,0.0,0.0,0.0,0.0,0,1019.0,1014.9,16,9,0,6,,18.1,307,37.4,39.0,15.0,24.0,3049.24
2026-02-05T19:00,2026-02-05,19,2026,2,5,맑음,1.6,69,-3.5,-3.3,0.0,0.0,0.0,0.0,0,1020.3,1016.1,9,0,0,9,,15.7,307,37.4,0.0,0.0,0.0,0.0
2026-02-05T20:00,2026-02-05,20,2026,2,5,흐림,-0.8,59,-7.8,-6.3,0.0,0.0,0.0,0.0,3,1020.8,1016.6,100,0,0,100,,16.7,312,34.6,0.0,0.0,0.0,0.0
2026-02-05T21:00,2026-02-05,21,2026,2,5,흐림,-0.9,60,-7.6,-6.1,0.0,0.0,0.0,0.0,3,1020.4,1016.2,100,0,0,100,,15.1,303,34.6,0.0,0.0,0.0,0.0
2026-02-05T22:00,2026-02-05,22,2026,2,5,흐림,-2.2,58,-9.3,-7.8,0.0,0.0,0.0,0.0,3,1021.2,1017.0,99,0,0,99,,16.5,309,33.8,0.0,0.0,0.0,0.0
2026-02-05T23:00,2026-02-05,23,2026,2,5,흐림,-3.2,56,-10.9,-9.0,0.0,0.0,0.0,0.0,3,1021.7,1017.4,100,0,3,100,,17.0,310,35.6,0.0,0.0,0.0,0.0
2026-02-06T00:00,2026-02-06,0,2026,2,6,흐림,-3.8,52,-12.4,-9.6,0.0,0.0,0.0,0.0,3,1022.5,1018.2,100,0,34,100,,15.8,315,34.9,0.0,0.0,0.0,0.0
2026-02-06T01:00,2026-02-06,1,2026,2,6,흐림,-4.8,47,-14.4,-10.9,0.0,0.0,0.0,0.0,3,1023.0,1018.7,100,0,29,100,,18.1,319,37.8,0.0,0.0,0.0,0.0
2026-02-06T02:00,2026-02-06,2,2026,2,6,흐림,-5.9,43,-16.5,-12.4,0.0,0.0,0.0,0.0,3,1024.1,1019.8,100,0,8,100,,18.9,319,40.0,0.0,0.0,0.0,0.0
2026-02-06T03:00,2026-02-06,3,2026,2,6,흐림,-5.7,47,-15.2,-12.0,0.0,0.0,0.0,0.0,3,1024.7,1020.4,100,0,13,100,,18.9,312,40.0,0.0,0.0,0.0,0.0
2026-02-06T04:00,2026-02-06,4,2026,2,6,흐림,-6.7,43,-17.1,-13.1,0.0,0.0,0.0,0.0,3,1024.9,1020.6,99,0,0,99,,18.8,316,41.8,0.0,0.0,0.0,0.0
2026-02-06T05:00,2026-02-06,5,2026,2,6,흐림,-7.7,41,-18.7,-13.9,0.0,0.0,0.0,0.0,3,1025.5,1021.2,98,0,0,98,,16.8,322,39.6,0.0,0.0,0.0,0.0
2026-02-06T06:00,2026-02-06,6,2026,2,6,흐림,-8.7,39,-20.2,-14.8,0.0,0.0,0.0,0.0,3,1026.1,1021.7,85,0,0,85,,15.9,321,35.6,0.0,0.0,0.0,0.0
2026-02-06T07:00,2026-02-06,7,2026,2,6,흐림,-9.2,37,-21.1,-15.3,0.0,0.0,0.0,0.0,3,1026.4,1022.0,100,0,0,100,,15.1,324,33.8,0.0,0.0,0.0,0.0
2026-02-06T08:00,2026-02-06,8,2026,2,6,대체로 맑음,-9.7,35,-22.2,-15.8,0.0,0.0,0.0,0.0,1,1027.1,1022.7,45,0,0,45,,14.8,327,32.0,7.0,1.0,6.0,0.0
2026-02-06T09:00,2026-02-06,9,2026,2,6,흐림,-8.6,33,-21.9,-14.2,0.0,0.0,0.0,0.0,3,1027.3,1022.9,93,0,0,93,,11.8,324,35.3,122.0,67.0,55.0,3600.0
2026-02-06T10:00,2026-02-06,10,2026,2,6,흐림,-7.9,35,-20.8,-13.6,0.0,0.0,0.0,0.0,3,1027.3,1022.9,97,0,0,97,,12.6,324,31.3,293.0,194.0,99.0,3600.0
2026-02-06T11:00,2026-02-06,11,2026,2,6,부분적으로 흐림,-6.8,34,-20.2,-12.4,0.0,0.0,0.0,0.0,2,1027.6,1023.3,56,0,0,56,,12.5,321,32.0,451.0,332.0,119.0,3600.0
2026-02-06T12:00,2026-02-06,12,2026,2,6,흐림,-5.7,33,-19.4,-11.1,0.0,0.0,0.0,0.0,3,1027.1,1022.8,88,0,0,88,,11.9,322,32.0,570.0,452.0,118.0,3600.0
2026-02-06T13:00,2026-02-06,13,2026,2,6,대체로 맑음,-4.8,33,-18.7,-9.9,0.0,0.0,0.0,0.0,1,1025.9,1021.6,20,0,0,20,,11.4,323,31.3,616.0,488.0,128.0,3600.0
2026-02-06T14:00,2026-02-06,14,2026,2,6,대체로 맑음,-4.2,31,-18.8,-9.5,0.0,0.0,0.0,0.0,1,1025.0,1020.7,35,0,0,35,,12.1,323,31.3,606.0,488.0,118.0,3600.0
2026-02-06T15:00,2026-02-06,15,2026,2,6,맑음,-4.3,33,-18.2,-9.6,0.0,0.0,0.0,0.0,0,1024.5,1020.2,16,0,0,16,,10.6,317,31.3,529.0,420.0,109.0,3600.0
2026-02-06T16:00,2026-02-06,16,2026,2,6,대체로 맑음,-4.2,31,-18.8,-9.7,0.0,0.0,0.0,0.0,1,1024.6,1020.3,27,0,0,27,,11.2,311,27.7,392.0,294.0,98.0,3600.0
2026-02-06T17:00,2026-02-06,17,2026,2,6,흐림,-4.8,30,-19.5,-10.3,0.0,0.0,0.0,0.0,3,1024.7,1020.4,100,0,0,100,,12.2,308,28.1,220.0,145.0,75.0,3600.0
2026-02-06T18:00,2026-02-06,18,2026,2,6,흐림,-5.8,35,-19.0,-11.4,0.0,0.0,0.0,0.0,3,1024.6,1020.3,100,0,0,100,,12.6,314,27.4,48.0,11.0,37.0,1746.0
2026-02-06T19:00,2026-02-06,19,2026,2,6,흐림,-6.7,35,-19.5,-12.4,0.0,0.0,0.0,0.0,3,1024.7,1020.4,100,0,0,100,,13.3,319,28.4,0.0,0.0,0.0,0.0
2026-02-06T20:00,2026-02-06,20,2026,2,6,흐림,-7.3,35,-20.2,-13.2,0.0,0.0,0.0,0.0,3,1025.5,1021.2,100,0,0,100,,14.0,322,29.2,0.0,0.0,0.0,0.0
2026-02-06T21:00,2026-02-06,21,2026,2,6,흐림,-7.4,30,-22.0,-13.1,0.0,0.0,0.0,0.0,3,1025.3,1021.0,100,0,7,100,,12.4,319,32.0,0.0,0.0,0.0,0.0
2026-02-06T22:00,2026-02-06,22,2026,2,6,흐림,-8.1,33,-21.4,-13.6,0.0,0.0,0.0,0.0,3,1026.1,1021.7,100,0,1,100,,11.4,322,25.2,0.0,0.0,0.0,0.0
2026-02-06T23:00,2026-02-06,23,2026,2,6,흐림,-8.6,32,-22.3,-14.1,0.0,0.0,0.0,0.0,3,1026.2,1021.8,100,0,2,100,,11.3,324,24.8,0.0,0.0,0.0,0.0
2026-02-07T00:00,2026-02-07,0,2026,2,7,흐림,-8.9,30,-23.4,-14.5,0.0,0.0,0.0,0.0,3,1026.4,1022.0,100,0,15,100,,11.2,328,25.2,0.0,0.0,0.0,0.0
2026-02-07T01:00,2026-02-07,1,2026,2,7,흐림,-9.1,28,-24.4,-14.8,0.0,0.0,0.0,0.0,3,1026.2,1021.8,100,0,7,100,,12.0,330,27.0,0.0,0.0,0.0,0.0
2026-02-07T02:00,2026-02-07,2,2026,2,7,흐림,-9.4,29,-24.0,-15.1,0.0,0.0,0.0,0.0,3,1026.0,1021.6,100,0,38,100,,11.9,329,27.4,0.0,0.0,0.0,0.0
2026-02-07T03:00,2026-02-07,3,2026,2,7,대체로 맑음,-9.9,37,-22.0,-15.3,0.0,0.0,0.0,0.0,1,1026.2,1021.8,48,0,48,0,,9.8,332,26.6,0.0,0.0,0.0,0.0
2026-02-07T04:00,2026-02-07,4,2026,2,7,흐림,-10.2,37,-22.2,-15.4,0.0,0.0,0.0,0.0,3,1026.0,1021.6,100,0,100,0,,9.3,319,22.0,0.0,0.0,0.0,0.0
2026-02-07T05:00,2026-02-07,5,2026,2,7,흐림,-10.2,35,-22.8,-15.7,0.0,0.0,0.0,0.0,3,1026.1,1021.7,99,0,99,2,,10.4,315,24.5,0.0,0.0,0.0,0.0
2026-02-07T06:00,2026-02-07,6,2026,2,7,부분적으로 흐림,-10.4,34,-23.2,-15.8,0.0,0.0,0.0,0.0,2,1026.1,1021.7,71,0,71,0,,10.2,312,24.5,0.0,0.0,0.0,0.0
2026-02-07T07:00,2026-02-07,7,2026,2,7,맑음,-10.6,33,-23.6,-16.0,0.0,0.0,0.0,0.0,0,1025.8,1021.4,18,0,18,0,,10.3,316,23.0,0.0,0.0,0.0,0.0
2026-02-07T08:00,2026-02-07,8,2026,2,7,대체로 맑음,-10.9,34,-23.8,-16.3,0.0,0.0,0.0,0.0,1,1026.3,1021.9,22,0,22,0,,9.9,308,22.7,8.0,2.0,6.0,0.0
2026-02-07T09:00,2026-02-07,9,2026,2,7,맑음,-10.8,34,-23.5,-15.8,0.0,0.0,0.0,0.0,0,1026.9,1022.5,9,0,9,0,,7.4,309,24.8,126.0,70.0,56.0,3600.0
2026-02-07T10:00,2026-02-07,10,2026,2,7,맑음,-9.2,29,-24.0,-14.6,0.0,0.0,0.0,0.0,0,1026.8,1022.4,0,0,0,0,,9.6,304,25.6,308.0,220.0,88.0,3600.0
2026-02-07T11:00,2026-02-07,11,2026,2,7,맑음,-7.6,23,-25.0,-13.1,0.0,0.0,0.0,0.0,0,1026.6,1022.3,0,0,0,0,,10.5,297,28.4,469.0,365.0,104.0,3600.0
2026-02-07T12:00,2026-02-07,12,2026,2,7,맑음,-6.1,18,-26.4,-11.9,0.0,0.0,0.0,0.0,0,1026.3,1022.0,0,0,0,0,,13.4,296,34.2,583.0,470.0,113.0,3600.0
2026-02-07T13:00,2026-02-07,13,2026,2,7,맑음,-5.3,17,-26.4,-11.2,0.0,0.0,0.0,0.0,0,1025.5,1021.2,0,0,0,0,,15.9,298,39.6,634.0,518.0,116.0,3600.0
2026-02-07T14:00,2026-02-07,14,2026,2,7,맑음,-4.8,18,-25.4,-10.8,0.0,0.0,0.0,0.0,0,1024.7,1020.4,0,0,0,0,,16.4,299,40.7,619.0,503.0,116.0,3600.0
2026-02-07T15:00,2026-02-07,15,2026,2,7,맑음,-5.1,21,-23.9,-11.3,0.0,0.0,0.0,0.0,0,1024.4,1020.1,12,0,12,0,,15.3,289,40.3,538.0,428.0,110.0,3600.0
2026-02-07T16:00,2026-02-07,16,2026,2,7,맑음,-5.0,20,-24.6,-11.4,0.0,0.0,0.0,0.0,0,1024.1,1019.8,0,0,0,0,,16.8,293,38.9,400.0,300.0,100.0,3600.0
2026-02-07T17:00,2026-02-07,17,2026,2,7,맑음,-6.0,19,-25.9,-12.7,0.0,0.0,0.0,0.0,0,1024.4,1020.1,0,0,0,0,,18.4,297,40.7,227.0,152.0,75.0,3600.0
2026-02-07T18:00,2026-02-07,18,2026,2,7,맑음,-7.3,24,-24.7,-13.6,0.0,0.0,0.0,0.0,0,1024.7,1020.4,0,0,0,0,,16.4,300,40.7,58.0,30.0,28.0,3496.78
2026-02-07T19:00,2026-02-07,19,2026,2,7,맑음,-8.2,30,-22.6,-14.6,0.0,0.0,0.0,0.0,0,1025.2,1020.8,0,0,0,0,,17.3,308,36.7,0.0,0.0,0.0,0.0
2026-02-07T20:00,2026-02-07,20,2026,2,7,맑음,-9.2,36,-21.5,-15.8,0.0,0.0,0.0,0.0,0,1025.7,1021.3,0,0,0,0,,19.0,315,40.0,0.0,0.0,0.0,0.0
2026-02-07T21:00,2026-02-07,21,2026,2,7,맑음,-9.2,37,-21.2,-15.5,0.0,0.0,0.0,0.0,0,1026.4,1022.0,0,0,0,0,,16.5,311,40.3,0.0,0.0,0.0,0.0
2026-02-07T22:00,2026-02-07,22,2026,2,7,맑음,-9.9,41,-20.7,-16.2,0.0,0.0,0.0,0.0,0,1027.0,1022.6,0,0,0,0,,16.3,317,36.0,0.0,0.0,0.0,0.0
2026-02-07T23:00,2026-02-07,23,2026,2,7,맑음,-10.2,43,-20.5,-16.1,0.0,0.0,0.0,0.0,0,1027.0,1022.6,0,0,0,0,,14.1,307,34.2,0.0,0.0,0.0,0.0
2026-02-08T00:00,2026-02-08,0,2026,2,8,맑음,-10.4,44,-20.5,-16.1,0.0,0.0,0.0,0.0,0,1027.1,1022.7,0,0,0,0,,13.0,304,30.2,0.0,0.0,0.0,0.0
2026-02-08T01:00,2026-02-08,1,2026,2,8,맑음,-10.6,43,-20.7,-16.5,0.0,0.0,0.0,0.0,0,1027.0,1022.6,0,0,0,0,,13.9,301,29.5,0.0,0.0,0.0,0.0
2026-02-08T02:00,2026-02-08,2,2026,2,8,맑음,-10.9,40,-21.8,-17.0,0.0,0.0,0.0,0.0,0,1027.2,1022.8,0,0,0,0,,15.9,309,33.5,0.0,0.0,0.0,0.0
2026-02-08T03:00,2026-02-08,3,2026,2,8,맑음,-11.3,42,-21.6,-17.1,0.0,0.0,0.0,0.0,0,1027.6,1023.2,0,0,0,0,,13.1,299,34.6,0.0,0.0,0.0,0.0
2026-02-08T04:00,2026-02-08,4,2026,2,8,맑음,-11.6,42,-22.0,-17.6,0.0,0.0,0.0,0.0,0,1027.6,1023.2,0,0,0,0,,14.2,303,29.9,0.0,0.0,0.0,0.0
2026-02-08T05:00,2026-02-08,5,2026,2,8,맑음,-12.2,45,-21.9,-18.1,0.0,0.0,0.0,0.0,0,1027.8,1023.4,0,0,0,0,,14.1,302,30.6,0.0,0.0,0.0,0.0
2026-02-08T06:00,2026-02-08,6,2026,2,8,맑음,-12.6,46,-21.9,-18.6,0.0,0.0,0.0,0.0,0,1028.2,1023.8,0,0,0,0,,14.1,305,29.9,0.0,0.0,0.0,0.0
2026-02-08T07:00,2026-02-08,7,2026,2,8,맑음,-13.0,45,-22.5,-18.8,0.0,0.0,0.0,0.0,0,1028.6,1024.2,0,0,0,0,,13.2,310,29.5,0.0,0.0,0.0,0.0
2026-02-08T08:00,2026-02-08,8,2026,2,8,맑음,-13.1,42,-23.2,-18.7,0.0,0.0,0.0,0.0,0,1029.2,1024.7,0,0,0,0,,11.5,310,27.4,9.0,2.0,7.0,0.0
2026-02-08T09:00,2026-02-08,9,2026,2,8,맑음,-12.4,39,-23.5,-18.0,0.0,0.0,0.0,0.0,0,1030.5,1026.1,0,0,0,0,,11.3,313,31.3,130.0,74.0,56.0,3600.0
2026-02-08T10:00,2026-02-08,10,2026,2,8,맑음,-11.1,33,-24.0,-16.7,0.0,0.0,0.0,0.0,0,1030.7,1026.3,0,0,0,0,,11.8,317,29.9,311.0,221.0,90.0,3600.0
2026-02-08T11:00,2026-02-08,11,2026,2,8,맑음,-9.6,28,-24.6,-15.2,0.0,0.0,0.0,0.0,0,1030.9,1026.5,0,0,0,0,,11.2,315,29.9,472.0,364.0,108.0,3600.0
2026-02-08T12:00,2026-02-08,12,2026,2,8,맑음,-8.0,24,-25.0,-13.4,0.0,0.0,0.0,0.0,0,1030.7,1026.3,0,0,0,0,,10.9,310,30.2,585.0,469.0,116.0,3600.0
2026-02-08T13:00,2026-02-08,13,2026,2,8,맑음,-6.3,21,-25.0,-11.5,0.0,0.0,0.0,0.0,0,1029.9,1025.6,0,0,0,0,,12.1,307,32.4,639.0,520.0,119.0,3600.0
2026-02-08T14:00,2026-02-08,14,2026,2,8,맑음,-4.9,19,-25.1,-10.4,0.0,0.0,0.0,0.0,0,1029.2,1024.9,0,0,0,0,,12.9,302,33.5,626.0,509.0,117.0,3600.0
2026-02-08T15:00,2026-02-08,15,2026,2,8,맑음,-5.0,22,-23.4,-10.4,0.0,0.0,0.0,0.0,0,1029.0,1024.7,0,0,0,0,,10.2,291,33.8,547.0,438.0,109.0,3600.0
2026-02-08T16:00,2026-02-08,16,2026,2,8,맑음,-4.4,22,-22.9,-10.1,0.0,0.0,0.0,0.0,0,1029.0,1024.7,0,0,0,0,,12.0,283,29.5,408.0,310.0,98.0,3600.0
2026-02-08T17:00,2026-02-08,17,2026,2,8,맑음,-4.6,24,-22.2,-10.2,0.0,0.0,0.0,0.0,0,1029.2,1024.9,0,0,0,0,,12.3,277,29.5,233.0,157.0,76.0,3600.0
2026-02-08T18:00,2026-02-08,18,2026,2,8,맑음,-5.4,27,-21.5,-10.7,0.0,0.0,0.0,0.0,0,1029.4,1025.1,0,0,0,0,,10.1,280,27.7,61.0,31.0,30.0,3563.42
2026-02-08T19:00,2026-02-08,19,2026,2,8,맑음,-6.3,29,-21.6,-11.8,0.0,0.0,0.0,0.0,0,1029.8,1025.5,0,0,0,0,,11.3,292,22.0,0.0,0.0,0.0,0.0
2026-02-08T20:00,2026-02-08,20,2026,2,8,맑음,-7.1,29,-22.0,-12.8,0.0,0.0,0.0,0.0,0,1030.3,1025.9,0,0,0,0,,13.1,303,26.6,0.0,0.0,0.0,0.0
2026-02-08T21:00,2026-02-08,21,2026,2,8,맑음,-7.6,31,-21.7,-13.2,0.0,0.0,0.0,0.0,0,1031.0,1026.6,0,0,0,0,,11.9,299,27.0,0.0,0.0,0.0,0.0
2026-02-08T22:00,2026-02-08,22,2026,2,8,맑음,-7.9,35,-20.9,-13.5,0.0,0.0,0.0,0.0,0,1031.7,1027.3,0,0,0,0,,11.7,313,23.8,0.0,0.0,0.0,0.0
2026-02-08T23:00,2026-02-08,23,2026,2,8,맑음,-8.6,43,-18.9,-13.8,0.0,0.0,0.0,0.0,0,1032.0,1027.6,0,0,0,0,,9.9,315,23.8,0.0,0.0,0.0,0.0
2026-02-09T00:00,2026-02-09,0,2026,2,9,맑음,-9.0,49,-17.8,-13.9,0.0,0.0,0.0,0.0,0,1032.2,1027.8,0,0,0,0,,8.1,317,19.8,0.0,0.0,0.0,0.0
2026-02-09T01:00,2026-02-09,1,2026,2,9,맑음,-9.4,53,-17.2,-13.8,0.0,0.0,0.0,0.0,0,1031.8,1027.4,0,0,0,0,,5.5,319,15.8,0.0,0.0,0.0,0.0
2026-02-09T02:00,2026-02-09,2,2026,2,9,맑음,-9.8,56,-17.0,-13.8,0.0,0.0,0.0,0.0,0,1031.5,1027.1,0,0,0,0,,2.5,330,10.1,0.0,0.0,0.0,0.0
2026-02-09T03:00,2026-02-09,3,2026,2,9,맑음,-10.1,59,-16.6,-13.9,0.0,0.0,0.0,0.0,0,1031.5,1027.1,0,0,0,0,,1.3,8,4.7,0.0,0.0,0.0,0.0
2026-02-09T04:00,2026-02-09,4,2026,2,9,맑음,-10.2,58,-17.0,-14.2,0.0,0.0,0.0,0.0,0,1031.0,1026.6,0,0,0,0,,1.7,103,2.9,0.0,0.0,0.0,0.0
2026-02-09T05:00,2026-02-09,5,2026,2,9,맑음,-10.3,56,-17.4,-14.4,0.0,0.0,0.0,0.0,0,1030.4,1026.0,0,0,0,0,,2.7,118,5.0,0.0,0.0,0.0,0.0
2026-02-09T06:00,2026-02-09,6,2026,2,9,맑음,-10.4,56,-17.5,-14.5,0.0,0.0,0.0,0.0,0,1030.2,1025.8,0,0,0,0,,2.8,125,5.0,0.0,0.0,0.0,0.0
2026-02-09T07:00,2026-02-09,7,2026,2,9,맑음,-10.6,57,-17.5,-14.8,0.0,0.0,0.0,0.0,0,1030.2,1025.8,0,0,0,0,,3.5,129,6.1,0.0,0.0,0.0,0.0
2026-02-09T08:00,2026-02-09,8,2026,2,9,맑음,-10.1,55,-17.5,-14.6,0.0,0.0,0.0,0.0,0,1030.6,1026.2,0,0,0,0,,5.1,129,8.3,9.0,3.0,6.0,128.72
2026-02-09T09:00,2026-02-09,9,2026,2,9,맑음,-8.9,50,-17.4,-13.2,0.0,0.0,0.0,0.0,0,1031.3,1026.9,0,0,0,0,,4.6,129,13.3,128.0,72.0,56.0,3600.0
2026-02-09T10:00,2026-02-09,10,2026,2,9,맑음,-5.9,42,-16.8,-10.2,0.0,0.0,0.0,0.0,0,1031.1,1026.8,0,0,0,0,,4.1,131,15.1,305.0,215.0,90.0,3600.0
2026-02-09T11:00,2026-02-09,11,2026,2,9,맑음,-3.5,39,-15.6,-7.4,0.0,0.0,0.0,0.0,0,1031.1,1026.8,0,0,0,0,,2.2,145,15.1,460.0,351.0,109.0,3600.0
2026-02-09T12:00,2026-02-09,12,2026,2,9,맑음,-1.4,38,-13.8,-5.0,0.0,0.0,0.0,0.0,0,1030.4,1026.1,0,0,0,0,,1.4,247,14.4,570.0,452.0,118.0,3600.0
2026-02-09T13:00,2026-02-09,13,2026,2,9,맑음,0.2,39,-12.0,-3.3,0.0,0.0,0.0,0.0,0,1029.0,1024.8,3,3,0,0,,3.6,261,17.3,619.0,491.0,128.0,3600.0
2026-02-09T14:00,2026-02-09,14,2026,2,9,맑음,1.2,40,-10.8,-2.5,0.0,0.0,0.0,0.0,0,1027.6,1023.4,3,3,0,0,,4.8,255,18.7,598.0,464.0,134.0,3600.0
2026-02-09T15:00,2026-02-09,15,2026,2,9,맑음,1.2,46,-9.1,-3.0,0.0,0.0,0.0,0.0,0,1027.1,1022.9,4,4,0,0,,7.4,248,19.4,526.0,410.0,116.0,3600.0
2026-02-09T16:00,2026-02-09,16,2026,2,9,맑음,1.4,49,-8.1,-2.9,0.0,0.0,0.0,0.0,0,1026.5,1022.3,13,13,0,0,,8.0,254,22.0,380.0,265.0,115.0,3600.0
2026-02-09T17:00,2026-02-09,17,2026,2,9,맑음,0.9,55,-7.2,-3.3,0.0,0.0,0.0,0.0,0,1026.3,1022.1,13,12,0,0,,8.1,258,21.2,216.0,132.0,84.0,3600.0
2026-02-09T18:00,2026-02-09,18,2026,2,9,맑음,-0.9,66,-6.4,-4.7,0.0,0.0,0.0,0.0,0,1026.5,1022.3,2,0,0,2,,6.0,241,17.6,59.0,28.0,31.0,3600.0
2026-02-09T19:00,2026-02-09,19,2026,2,9,맑음,-2.0,76,-5.7,-5.7,0.0,0.0,0.0,0.0,0,1027.0,1022.7,0,0,0,0,,5.4,236,11.2,0.0,0.0,0.0,0.0
2026-02-09T20:00,2026-02-09,20,2026,2,9,부분적으로 흐림,-2.7,81,-5.4,-6.0,0.0,0.0,0.0,0.0,2,1027.2,1022.9,73,0,0,73,,2.9,210,9.7,0.0,0.0,0.0,0.0
2026-02-09T21:00,2026-02-09,21,2026,2,9,흐림,-3.2,80,-6.2,-6.2,0.0,0.0,0.0,0.0,3,1027.3,1023.0,98,0,0,98,,0.6,56,4.7,0.0,0.0,0.0,0.0
2026-02-09T22:00,2026-02-09,22,2026,2,9,대체로 맑음,-3.0,83,-5.6,-6.4,0.0,0.0,0.0,0.0,1,1026.8,1022.5,47,0,0,47,,3.4,93,7.2,0.0,0.0,0.0,0.0
2026-02-09T23:00,2026-02-09,23,2026,2,9,흐림,-3.2,84,-5.5,-6.7,0.0,0.0,0.0,0.0,3,1026.6,1022.3,100,0,0,100,,4.9,107,9.4,0.0,0.0,0.0,0.0
2026-02-10T00:00,2026-02-10,0,2026,2,10,흐림,-2.9,83,-5.4,-6.7,0.0,0.0,0.0,0.0,3,1026.2,1021.9,100,0,0,100,,6.6,99,11.9,0.0,0.0,0.0,0.0
2026-02-10T01:00,2026-02-10,1,2026,2,10,흐림,-2.7,81,-5.4,-6.5,0.0,0.0,0.0,0.0,3,1025.2,1020.9,100,0,0,100,,7.2,109,13.3,0.0,0.0,0.0,0.0
2026-02-10T02:00,2026-02-10,2,2026,2,10,흐림,-2.3,78,-5.6,-6.2,0.0,0.0,0.0,0.0,3,1024.6,1020.3,100,9,96,100,,7.1,114,13.7,0.0,0.0,0.0,0.0
2026-02-10T03:00,2026-02-10,3,2026,2,10,흐림,-3.0,76,-6.7,-6.5,0.0,0.0,0.0,0.0,3,1024.6,1020.3,100,22,93,100,,4.3,112,13.7,0.0,0.0,0.0,0.0
2026-02-10T04:00,2026-02-10,4,2026,2,10,흐림,-2.8,72,-7.1,-6.6,0.0,0.0,0.0,0.0,3,1023.8,1019.5,100,70,100,100,,5.6,115,10.4,0.0,0.0,0.0,0.0
2026-02-10T05:00,2026-02-10,5,2026,2,10,흐림,-2.5,70,-7.2,-6.4,0.0,0.0,0.0,0.0,3,1023.7,1019.4,100,91,100,100,,6.4,115,11.5,0.0,0.0,0.0,0.0
2026-02-10T06:00,2026-02-10,6,2026,2,10,흐림,-2.2,67,-7.4,-6.2,0.0,0.0,0.0,0.0,3,1023.6,1019.4,100,77,100,100,,6.8,122,11.9,0.0,0.0,0.0,0.0
2026-02-10T07:00,2026-02-10,7,2026,2,10,흐림,-2.0,65,-7.7,-6.2,0.0,0.0,0.0,0.0,3,1023.6,1019.4,100,79,100,100,,8.0,130,15.1,0.0,0.0,0.0,0.0
2026-02-10T08:00,2026-02-10,8,2026,2,10,흐림,-1.7,64,-7.7,-5.9,0.0,0.0,0.0,0.0,3,1023.4,1019.2,100,83,100,100,,7.8,122,15.5,5.0,0.0,5.0,0.0
2026-02-10T09:00,2026-02-10,9,2026,2,10,흐림,-2.0,67,-7.3,-6.5,0.0,0.0,0.0,0.0,3,1023.3,1019.1,100,98,100,100,,10.2,100,15.8,47.0,0.0,47.0,0.0
2026-02-10T10:00,2026-02-10,10,2026,2,10,약한 눈,-0.9,64,-7.0,-5.1,0.1,0.0,0.07,0.0,71,1022.8,1018.6,100,100,100,100,,7.9,110,19.1,83.0,0.0,83.0,0.0
2026-02-10T11:00,2026-02-10,11,2026,2,10,약한 눈,0.2,62,-6.3,-3.8,0.1,0.0,0.07,0.0,71,1022.1,1017.9,100,96,100,0,,7.1,111,17.6,129.0,1.0,128.0,0.0
2026-02-10T12:00,2026-02-10,12,2026,2,10,흐림,2.5,57,-5.2,-1.4,0.0,0.0,0.0,0.0,3,1021.3,1017.1,100,54,100,10,,7.4,135,20.2,300.0,36.0,264.0,89.32
2026-02-10T13:00,2026-02-10,13,2026,2,10,흐림,3.8,56,-4.2,0.0,0.0,0.0,0.0,0.0,3,1020.2,1016.1,100,12,100,9,,7.1,150,20.2,329.0,52.0,277.0,747.61
2026-02-10T14:00,2026-02-10,14,2026,2,10,흐림,5.2,56,-2.8,1.6,0.0,0.0,0.0,0.0,3,1019.2,1015.1,100,100,99,73,,7.3,196,20.2,421.0,127.0,294.0,3600.0
2026-02-10T15:00,2026-02-10,15,2026,2,10,흐림,4.1,68,-1.4,0.5,0.0,0.0,0.0,0.0,3,1018.6,1014.5,100,100,100,0,,8.5,252,28.4,325.0,64.0,261.0,1765.95
2026-02-10T16:00,2026-02-10,16,2026,2,10,약한 이슬비,3.0,76,-0.9,0.1,0.1,0.1,0.0,0.0,51,1018.8,1014.7,100,100,91,0,,4.2,280,17.6,65.0,0.0,65.0,0.0
2026-02-10T17:00,2026-02-10,17,2026,2,10,흐림,2.0,83,-0.7,-0.8,0.0,0.0,0.0,0.0,3,1018.9,1014.7,100,100,100,0,,3.4,238,7.9,34.0,0.0,34.0,0.0
2026-02-10T18:00,2026-02-10,18,2026,2,10,흐림,1.4,87,-0.6,-1.3,0.0,0.0,0.0,0.0,3,1018.9,1014.7,100,100,100,0,,3.3,209,5.0,11.0,0.0,11.0,0.0
2026-02-10T19:00,2026-02-10,19,2026,2,10,흐림,1.1,89,-0.4,-1.4,0.0,0.0,0.0,0.0,3,1019.1,1014.9,100,100,61,0,,2.2,222,4.7,0.0,0.0,0.0,0.0
2026-02-10T20:00,2026-02-10,20,2026,2,10,흐림,0.9,92,-0.3,-1.7,0.0,0.0,0.0,0.0,3,1019.5,1015.3,100,100,0,0,,2.9,292,4.0,0.0,0.0,0.0,0.0
2026-02-10T21:00,2026-02-10,21,2026,2,10,흐림,0.6,95,-0.2,-2.1,0.0,0.0,0.0,0.0,3,1020.1,1015.9,100,100,0,0,,3.6,351,4.3,0.0,0.0,0.0,0.0
2026-02-10T22:00,2026-02-10,22,2026,2,10,흐림,0.4,96,-0.1,-2.1,0.0,0.0,0.0,0.0,3,1020.5,1016.3,100,100,1,0,,2.9,360,6.5,0.0,0.0,0.0,0.0
2026-02-10T23:00,2026-02-10,23,2026,2,10,흐림,0.7,96,0.2,-1.4,0.0,0.0,0.0,0.0,3,1020.2,1016.0,100,100,13,0,,0.2,90,4.0,0.0,0.0,0.0,0.0
2026-02-11T00:00,2026-02-11,0,2026,2,11,흐림,-0.1,99,-0.3,-2.6,0.0,0.0,0.0,0.0,3,1019.9,1015.7,100,100,0,0,,2.3,122,4.0,0.0,0.0,0.0,0.0
2026-02-11T01:00,2026-02-11,1,2026,2,11,흐림,-0.6,99,-0.7,-3.1,0.0,0.0,0.0,0.0,3,1019.7,1015.5,100,100,33,0,,2.0,117,4.0,0.0,0.0,0.0,0.0
2026-02-11T02:00,2026-02-11,2,2026,2,11,흐림,-0.1,99,-0.2,-2.4,0.0,0.0,0.0,0.0,3,1020.1,1015.9,100,100,99,0,,1.2,117,3.2,0.0,0.0,0.0,0.0
2026-02-11T03:00,2026-02-11,3,2026,2,11,흐림,0.1,98,-0.2,-2.2,0.0,0.0,0.0,0.0,3,1020.5,1016.3,100,100,95,0,,0.9,349,1.8,0.0,0.0,0.0,0.0
2026-02-11T04:00,2026-02-11,4,2026,2,11,흐림,0.3,99,0.1,-2.1,0.0,0.0,0.0,0.0,3,1020.2,1016.0,100,100,96,0,,2.1,31,2.9,0.0,0.0,0.0,0.0
2026-02-11T05:00,2026-02-11,5,2026,2,11,흐림,0.3,99,0.2,-2.1,0.0,0.0,0.0,0.0,3,1020.4,1016.2,100,100,20,0,,2.2,360,3.6,0.0,0.0,0.0,0.0
2026-02-11T06:00,2026-02-11,6,2026,2,11,흐림,0.4,98,0.2,-2.0,0.0,0.0,0.0,0.0,3,1020.9,1016.7,100,100,79,0,,2.3,331,4.0,0.0,0.0,0.0,0.0
2026-02-11T07:00,2026-02-11,7,2026,2,11,흐림,0.3,99,0.1,-2.1,0.0,0.0,0.0,0.0,3,1021.2,1017.0,100,100,63,0,,1.9,338,4.0,0.0,0.0,0.0,0.0
2026-02-11T08:00,2026-02-11,8,2026,2,11,흐림,0.4,98,0.1,-2.0,0.0,0.0,0.0,0.0,3,1021.3,1017.1,99,99,0,0,,2.2,312,3.6,3.0,0.0,3.0,0.0
2026-02-11T09:00,2026-02-11,9,2026,2,11,흐림,0.2,98,-0.1,-2.6,0.0,0.0,0.0,0.0,3,1021.8,1017.6,100,100,0,0,,4.5,323,12.2,74.0,9.0,65.0,0.0
2026-02-11T10:00,2026-02-11,10,2026,2,11,흐림,1.1,93,0.2,-1.8,0.0,0.0,0.0,0.0,3,1022.1,1017.9,100,100,0,0,,6.0,319,15.1,95.0,5.0,90.0,0.0
2026-02-11T11:00,2026-02-11,11,2026,2,11,흐림,1.9,90,0.4,-1.2,0.0,0.0,0.0,0.0,3,1022.4,1018.2,100,100,0,0,,6.7,304,16.6,116.0,0.0,116.0,0.0
2026-02-11T12:00,2026-02-11,12,2026,2,11,흐림,2.9,82,0.2,-0.5,0.0,0.0,0.0,0.0,3,1022.3,1018.1,100,100,0,0,,8.9,289,20.9,206.0,8.0,198.0,0.0
2026-02-11T13:00,2026-02-11,13,2026,2,11,약한 이슬비,3.9,72,-0.7,0.1,0.1,0.1,0.0,0.0,51,1021.8,1017.7,100,100,0,0,,10.8,288,25.6,292.0,36.0,256.0,0.0
2026-02-11T14:00,2026-02-11,14,2026,2,11,부분적으로 흐림,4.7,62,-2.0,0.6,0.0,0.0,0.0,0.0,2,1021.4,1017.3,77,77,0,0,,11.4,293,27.0,336.0,112.0,224.0,3600.0
2026-02-11T15:00,2026-02-11,15,2026,2,11,흐림,5.2,58,-2.5,1.2,0.0,0.0,0.0,0.0,3,1021.3,1017.2,85,85,0,0,,10.9,289,27.4,381.0,193.0,188.0,3600.0
2026-02-11T16:00,2026-02-11,16,2026,2,11,대체로 맑음,5.2,57,-2.6,1.0,0.0,0.0,0.0,0.0,1,1021.1,1017.0,33,33,0,0,,11.7,273,26.3,310.0,142.0,168.0,3600.0
2026-02-11T17:00,2026-02-11,17,2026,2,11,맑음,3.5,75,-0.6,-0.6,0.0,0.0,0.0,0.0,0,1021.5,1017.3,0,0,0,0,,12.3,247,28.1,212.0,121.0,91.0,3600.0
2026-02-11T18:00,2026-02-11,18,2026,2,11,맑음,1.2,86,-0.9,-2.4,0.0,0.0,0.0,0.0,0,1021.9,1017.7,0,0,0,0,,9.0,237,25.9,63.0,31.0,32.0,3600.0
2026-02-11T19:00,2026-02-11,19,2026,2,11,맑음,-0.2,87,-2.2,-3.8,0.0,0.0,0.0,0.0,0,1022.1,1017.9,0,0,0,0,,7.8,238,17.3,0.0,0.0,0.0,0.0
2026-02-11T20:00,2026-02-11,20,2026,2,11,맑음,-0.7,87,-2.7,-4.3,0.0,0.0,0.0,0.0,0,1022.2,1018.0,0,0,0,0,,7.4,231,14.8,0.0,0.0,0.0,0.0
2026-02-11T21:00,2026-02-11,21,2026,2,11,맑음,-0.9,89,-2.5,-4.4,0.0,0.0,0.0,0.0,0,1022.2,1018.0,0,0,0,0,,6.8,235,13.7,0.0,0.0,0.0,0.0
2026-02-11T22:00,2026-02-11,22,2026,2,11,맑음,-1.3,88,-3.1,-4.5,0.0,0.0,0.0,0.0,0,1022.4,1018.2,0,0,0,0,,4.5,263,12.6,0.0,0.0,0.0,0.0
2026-02-11T23:00,2026-02-11,23,2026,2,11,맑음,-1.6,85,-3.8,-4.6,0.0,0.0,0.0,0.0,0,1022.4,1018.2,0,0,0,0,,1.9,253,7.2,0.0,0.0,0.0,0.0
2026-02-12T00:00,2026-02-12,0,2026,2,12,맑음,-2.1,85,-4.3,-5.1,0.0,0.0,0.0,0.0,0,1022.4,1018.2,0,0,0,0,,1.9,229,3.6,0.0,0.0,0.0,0.0
2026-02-12T01:00,2026-02-12,1,2026,2,12,맑음,-2.7,85,-4.8,-5.9,0.0,0.0,0.0,0.0,0,1022.8,1018.5,0,0,0,0,,3.4,238,5.8,0.0,0.0,0.0,0.0
2026-02-12T02:00,2026-02-12,2,2026,2,12,맑음,-2.9,84,-5.3,-6.0,0.0,0.0,0.0,0.0,0,1023.2,1018.9,2,0,1,1,,2.3,241,5.8,0.0,0.0,0.0,0.0
2026-02-12T03:00,2026-02-12,3,2026,2,12,맑음,-3.5,85,-5.7,-6.4,0.0,0.0,0.0,0.0,0,1023.6,1019.3,5,0,5,5,,0.9,233,4.0,0.0,0.0,0.0,0.0
2026-02-12T04:00,2026-02-12,4,2026,2,12,맑음,-3.9,85,-6.1,-7.0,0.0,0.0,0.0,0.0,0,1023.1,1018.8,16,0,8,14,,1.3,135,2.9,0.0,0.0,0.0,0.0
2026-02-12T05:00,2026-02-12,5,2026,2,12,대체로 맑음,-4.1,85,-6.2,-7.4,0.0,0.0,0.0,0.0,1,1023.0,1018.7,47,0,32,45,,2.9,158,5.4,0.0,0.0,0.0,0.0
2026-02-12T06:00,2026-02-12,6,2026,2,12,대체로 맑음,-4.0,80,-6.9,-7.4,0.0,0.0,0.0,0.0,1,1023.3,1019.0,40,0,34,37,,3.4,162,6.5,0.0,0.0,0.0,0.0
2026-02-12T07:00,2026-02-12,7,2026,2,12,맑음,-3.6,76,-7.2,-7.1,0.0,0.0,0.0,0.0,0,1023.6,1019.3,2,0,2,0,,3.1,121,5.8,0.0,0.0,0.0,0.0
2026-02-12T08:00,2026-02-12,8,2026,2,12,맑음,-3.0,72,-7.3,-6.9,0.0,0.0,0.0,0.0,0,1023.8,1019.5,0,0,0,0,,6.3,121,10.8,12.0,4.0,8.0,334.52
2026-02-12T09:00,2026-02-12,9,2026,2,12,맑음,-1.5,73,-5.7,-5.1,0.0,0.0,0.0,0.0,0,1024.5,1020.3,2,2,0,0,,5.5,107,15.1,138.0,79.0,59.0,3600.0
2026-02-12T10:00,2026-02-12,10,2026,2,12,맑음,1.2,65,-4.7,-2.1,0.0,0.0,0.0,0.0,0,1024.6,1020.4,0,0,0,0,,4.2,133,15.1,311.0,217.0,94.0,3600.0
2026-02-12T11:00,2026-02-12,11,2026,2,12,맑음,3.5,60,-3.5,0.4,0.0,0.0,0.0,0.0,0,1024.4,1020.2,9,9,0,0,,3.5,168,15.1,463.0,347.0,116.0,3600.0
2026-02-12T12:00,2026-02-12,12,2026,2,12,부분적으로 흐림,5.4,56,-2.6,2.2,0.0,0.0,0.0,0.0,2,1023.8,1019.7,77,77,0,0,,5.5,232,18.0,568.0,432.0,136.0,3600.0
2026-02-12T13:00,2026-02-12,13,2026,2,12,부분적으로 흐림,6.4,55,-1.9,2.4,0.0,0.0,0.0,0.0,2,1023.0,1018.9,73,73,0,0,,11.1,262,27.4,550.0,335.0,215.0,3600.0
2026-02-12T14:00,2026-02-12,14,2026,2,12,부분적으로 흐림,6.7,58,-1.1,2.6,0.0,0.0,0.0,0.0,2,1022.1,1018.0,57,57,0,0,,12.0,256,28.4,493.0,281.0,212.0,3600.0
2026-02-12T15:00,2026-02-12,15,2026,2,12,흐림,5.9,66,0.0,2.2,0.0,0.0,0.0,0.0,3,1021.8,1017.7,99,99,0,0,,11.4,251,28.8,428.0,230.0,198.0,3600.0
2026-02-12T16:00,2026-02-12,16,2026,2,12,부분적으로 흐림,6.1,66,0.2,2.4,0.0,0.0,0.0,0.0,2,1021.5,1017.4,78,66,0,36,,10.9,243,25.2,246.0,76.0,170.0,3415.15
2026-02-12T17:00,2026-02-12,17,2026,2,12,맑음,5.2,76,1.4,2.1,0.0,0.0,0.0,0.0,0,1021.1,1017.0,10,10,0,0,,7.9,229,25.2,182.0,79.0,103.0,3600.0
2026-02-12T18:00,2026-02-12,18,2026,2,12,맑음,2.3,86,0.2,-0.7,0.0,0.0,0.0,0.0,0,1021.2,1017.0,15,15,0,0,,6.4,227,15.8,63.0,28.0,35.0,3600.0
2026-02-12T19:00,2026-02-12,19,2026,2,12,맑음,1.9,87,-0.2,-1.4,0.0,0.0,0.0,0.0,0,1021.5,1017.3,9,9,0,0,,7.8,220,13.7,0.0,0.0,0.0,0.0
2026-02-12T20:00,2026-02-12,20,2026,2,12,맑음,1.5,88,-0.2,-1.8,0.0,0.0,0.0,0.0,0,1021.6,1017.4,1,1,0,0,,8.3,202,15.1,0.0,0.0,0.0,0.0
2026-02-12T21:00,2026-02-12,21,2026,2,12,맑음,0.6,89,-1.0,-2.7,0.0,0.0,0.0,0.0,0,1021.8,1017.6,19,19,0,0,,6.4,188,15.5,0.0,0.0,0.0,0.0
2026-02-12T22:00,2026-02-12,22,2026,2,12,대체로 맑음,1.0,90,-0.5,-2.2,0.0,0.0,0.0,0.0,1,1021.7,1017.5,31,31,0,0,,6.8,169,13.0,0.0,0.0,0.0,0.0
2026-02-12T23:00,2026-02-12,23,2026,2,12,대체로 맑음,0.6,91,-0.7,-2.5,0.0,0.0,0.0,0.0,1,1021.3,1017.1,32,32,0,0,,6.2,154,12.2,0.0,0.0,0.0,0.0
2026-02-13T00:00,2026-02-13,0,2026,2,13,대체로 맑음,0.3,92,-0.9,-2.9,0.0,0.0,0.0,0.0,1,1021.1,1016.9,32,32,0,0,,6.8,148,12.2,0.0,0.0,0.0,0.0
2026-02-13T01:00,2026-02-13,1,2026,2,13,대체로 맑음,0.2,92,-0.9,-3.1,0.0,0.0,0.0,0.0,1,1020.8,1016.6,32,32,0,0,,7.2,148,12.6,0.0,0.0,0.0,0.0
2026-02-13T02:00,2026-02-13,2,2026,2,13,대체로 맑음,-0.6,94,-1.5,-3.9,0.0,0.0,0.0,0.0,1,1020.8,1016.6,35,34,0,2,,6.1,152,13.0,0.0,0.0,0.0,0.0
2026-02-13T03:00,2026-02-13,3,2026,2,13,흐림,0.4,91,-0.8,-2.6,0.0,0.0,0.0,0.0,3,1021.0,1016.8,100,100,5,25,,5.6,132,11.5,0.0,0.0,0.0,0.0
2026-02-13T04:00,2026-02-13,4,2026,2,13,흐림,1.0,92,-0.1,-2.1,0.0,0.0,0.0,0.0,3,1020.5,1016.3,100,100,28,89,,7.2,141,13.3,0.0,0.0,0.0,0.0
2026-02-13T05:00,2026-02-13,5,2026,2,13,흐림,1.3,94,0.4,-1.8,0.0,0.0,0.0,0.0,3,1020.0,1015.8,100,100,16,50,,7.4,139,14.0,0.0,0.0,0.0,0.0
2026-02-13T06:00,2026-02-13,6,2026,2,13,흐림,1.5,94,0.8,-1.5,0.0,0.0,0.0,0.0,3,1019.9,1015.7,100,100,22,24,,7.4,133,14.0,0.0,0.0,0.0,0.0
2026-02-13T07:00,2026-02-13,7,2026,2,13,흐림,1.5,95,0.8,-1.6,0.0,0.0,0.0,0.0,3,1019.7,1015.5,100,100,0,0,,7.7,139,14.4,0.0,0.0,0.0,0.0
2026-02-13T08:00,2026-02-13,8,2026,2,13,흐림,1.7,94,0.8,-1.5,0.0,0.0,0.0,0.0,3,1020.2,1016.0,100,100,0,0,,8.4,146,15.8,6.0,0.0,6.0,0.0
2026-02-13T09:00,2026-02-13,9,2026,2,13,흐림,2.3,91,1.0,-1.0,0.0,0.0,0.0,0.0,3,1020.9,1016.7,100,100,0,0,,8.9,156,20.5,92.0,20.0,72.0,1311.98
2026-02-13T10:00,2026-02-13,10,2026,2,13,흐림,3.3,88,1.6,0.1,0.0,0.0,0.0,0.0,3,1020.6,1016.4,100,100,0,0,,9.6,157,20.9,133.0,3.0,130.0,0.0
2026-02-13T11:00,2026-02-13,11,2026,2,13,흐림,4.7,83,2.1,1.5,0.0,0.0,0.0,0.0,3,1020.5,1016.4,100,100,0,0,,9.6,171,23.4,250.0,50.0,200.0,1234.16
2026-02-13T12:00,2026-02-13,12,2026,2,13,흐림,6.3,77,2.5,3.2,0.0,0.0,0.0,0.0,3,1020.0,1015.9,100,100,0,0,,9.6,192,23.4,369.0,104.0,265.0,3535.79
2026-02-13T13:00,2026-02-13,13,2026,2,13,흐림,7.7,71,2.8,4.6,0.0,0.0,0.0,0.0,3,1019.3,1015.2,99,99,0,0,,10.1,220,23.8,414.0,152.0,262.0,3600.0
2026-02-13T14:00,2026-02-13,14,2026,2,13,흐림,8.6,68,3.0,5.3,0.0,0.0,0.0,0.0,3,1018.9,1014.8,100,100,0,0,,11.3,228,26.6,421.0,170.0,251.0,3600.0
2026-02-13T15:00,2026-02-13,15,2026,2,13,흐림,8.0,72,3.2,4.9,0.0,0.0,0.0,0.0,3,1018.9,1014.8,100,100,0,0,,10.2,226,27.4,337.0,128.0,209.0,3600.0
2026-02-13T16:00,2026-02-13,16,2026,2,13,부분적으로 흐림,8.4,72,3.6,5.4,0.0,0.0,0.0,0.0,2,1019.0,1014.9,77,77,0,0,,10.2,226,22.7,233.0,69.0,164.0,2889.76
2026-02-13T17:00,2026-02-13,17,2026,2,13,대체로 맑음,7.8,78,4.3,5.5,0.0,0.0,0.0,0.0,1,1019.0,1014.9,38,38,0,0,,6.8,230,22.7,140.0,36.0,104.0,1902.79
2026-02-13T18:00,2026-02-13,18,2026,2,13,맑음,5.6,87,3.5,3.6,0.0,0.0,0.0,0.0,0,1018.7,1014.6,8,6,0,2,,3.2,232,13.7,52.0,15.0,37.0,2200.68
2026-02-13T19:00,2026-02-13,19,2026,2,13,맑음,4.2,90,2.8,2.2,0.0,0.0,0.0,0.0,0,1019.0,1014.9,4,4,0,0,,2.3,212,4.7,0.0,0.0,0.0,0.0
2026-02-13T20:00,2026-02-13,20,2026,2,13,맑음,2.9,94,2.0,0.4,0.0,0.0,0.0,0.0,0,1019.1,1014.9,3,3,0,0,,4.9,174,6.1,0.0,0.0,0.0,0.0
2026-02-13T21:00,2026-02-13,21,2026,2,13,맑음,2.2,95,1.5,0.2,0.0,0.0,0.0,0.0,0,1019.4,1015.2,10,10,0,0,,0.6,72,10.4,0.0,0.0,0.0,0.0
2026-02-13T22:00,2026-02-13,22,2026,2,13,흐림,1.8,96,1.2,-0.7,0.0,0.0,0.0,0.0,3,1019.4,1015.2,95,15,0,94,,4.0,100,6.5,0.0,0.0,0.0,0.0
2026-02-13T23:00,2026-02-13,23,2026,2,13,흐림,1.8,95,1.0,-1.2,0.0,0.0,0.0,0.0,3,1019.0,1014.8,97,22,0,96,,6.9,110,12.6,0.0,0.0,0.0,0.0
2026-02-14T00:00,2026-02-14,0,2026,2,14,흐림,1.6,95,0.9,-1.4,0.0,0.0,0.0,0.0,3,1019.2,1015.0,100,43,0,99,,6.7,121,12.2,0.0,0.0,0.0,0.0
2026-02-14T01:00,2026-02-14,1,2026,2,14,흐림,1.2,96,0.6,-1.6,0.0,0.0,0.0,0.0,3,1019.2,1015.0,100,37,1,100,,5.5,126,11.9,0.0,0.0,0.0,0.0
2026-02-14T02:00,2026-02-14,2,2026,2,14,흐림,1.0,96,0.4,-1.8,0.0,0.0,0.0,0.0,3,1019.0,1014.8,100,16,5,100,,5.2,121,9.7,0.0,0.0,0.0,0.0
2026-02-14T03:00,2026-02-14,3,2026,2,14,흐림,0.2,97,-0.2,-2.7,0.0,0.0,0.0,0.0,3,1019.3,1015.1,100,100,23,100,,4.9,96,9.7,0.0,0.0,0.0,0.0
2026-02-14T04:00,2026-02-14,4,2026,2,14,흐림,0.6,97,0.2,-2.3,0.0,0.0,0.0,0.0,3,1018.8,1014.6,100,100,71,95,,6.0,97,11.9,0.0,0.0,0.0,0.0
2026-02-14T05:00,2026-02-14,5,2026,2,14,흐림,0.9,96,0.4,-2.0,0.0,0.0,0.0,0.0,3,1018.6,1014.4,100,100,94,99,,6.4,98,11.9,0.0,0.0,0.0,0.0
2026-02-14T06:00,2026-02-14,6,2026,2,14,흐림,1.0,96,0.5,-2.1,0.0,0.0,0.0,0.0,3,1018.3,1014.1,100,100,100,100,,7.6,97,13.7,0.0,0.0,0.0,0.0
2026-02-14T07:00,2026-02-14,7,2026,2,14,흐림,1.1,96,0.5,-2.1,0.0,0.0,0.0,0.0,3,1018.0,1013.8,100,100,100,99,,7.7,99,14.4,0.0,0.0,0.0,0.0
2026-02-14T08:00,2026-02-14,8,2026,2,14,흐림,1.3,95,0.6,-1.9,0.0,0.0,0.0,0.0,3,1018.0,1013.8,100,100,100,92,,7.8,97,14.4,8.0,0.0,8.0,0.0
2026-02-14T09:00,2026-02-14,9,2026,2,14,흐림,2.0,93,1.0,-0.8,0.0,0.0,0.0,0.0,3,1018.7,1014.5,100,100,0,38,,6.0,93,14.4,97.0,19.0,78.0,1096.18
2026-02-14T10:00,2026-02-14,10,2026,2,14,흐림,4.4,87,2.5,2.1,0.0,0.0,0.0,0.0,3,1018.5,1014.4,100,100,0,0,,4.1,75,14.4,194.0,50.0,144.0,2310.45
2026-02-14T11:00,2026-02-14,11,2026,2,14,흐림,6.3,81,3.3,4.3,0.0,0.0,0.0,0.0,3,1018.4,1014.3,100,100,0,0,,3.4,84,12.2,282.0,87.0,195.0,3432.86
2026-02-14T12:00,2026-02-14,12,2026,2,14,흐림,7.7,77,4.0,5.8,0.0,0.0,0.0,0.0,3,1018.0,1013.9,100,100,0,0,,3.5,171,12.6,315.0,83.0,232.0,2425.8
2026-02-14T13:00,2026-02-14,13,2026,2,14,흐림,8.3,76,4.3,6.6,0.0,0.0,0.0,0.0,3,1016.8,1012.7,100,100,0,0,,2.2,171,12.6,238.0,27.0,211.0,0.0
2026-02-14T14:00,2026-02-14,14,2026,2,14,흐림,9.2,74,4.8,7.1,0.0,0.0,0.0,0.0,3,1016.0,1012.0,97,97,0,0,,5.9,239,15.8,320.0,71.0,249.0,1642.38
2026-02-14T15:00,2026-02-14,15,2026,2,14,부분적으로 흐림,10.4,69,5.1,8.0,0.0,0.0,0.0,0.0,2,1015.4,1011.4,74,74,0,0,,8.3,248,18.4,243.0,39.0,204.0,305.05
2026-02-14T16:00,2026-02-14,16,2026,2,14,흐림,10.4,72,5.7,8.0,0.0,0.0,0.0,0.0,3,1015.1,1011.1,100,100,0,0,,9.3,238,20.9,279.0,127.0,152.0,3600.0
2026-02-14T17:00,2026-02-14,17,2026,2,14,흐림,9.6,79,6.1,7.8,0.0,0.0,0.0,0.0,3,1015.1,1011.1,100,100,0,0,,5.6,241,20.9,88.0,0.0,88.0,0.0
2026-02-14T18:00,2026-02-14,18,2026,2,14,흐림,8.1,86,5.8,6.5,0.0,0.0,0.0,0.0,3,1015.3,1011.2,100,100,0,0,,3.6,250,11.5,37.0,0.0,37.0,0.0
2026-02-14T19:00,2026-02-14,19,2026,2,14,흐림,5.7,90,4.2,3.9,0.0,0.0,0.0,0.0,3,1015.9,1011.8,99,99,0,0,,2.7,274,5.0,0.0,0.0,0.0,0.0
2026-02-14T20:00,2026-02-14,20,2026,2,14,흐림,6.3,90,4.8,4.8,0.0,0.0,0.0,0.0,3,1016.2,1012.1,100,100,0,0,,1.5,249,4.0,0.0,0.0,0.0,0.0
2026-02-14T21:00,2026-02-14,21,2026,2,14,흐림,4.2,93,3.2,2.4,0.0,0.0,0.0,0.0,3,1016.7,1012.6,100,100,0,0,,1.3,326,4.0,0.0,0.0,0.0,0.0
2026-02-14T22:00,2026-02-14,22,2026,2,14,흐림,4.9,93,3.8,3.1,0.0,0.0,0.0,0.0,3,1017.1,1013.0,100,100,0,0,,2.5,21,3.2,0.0,0.0,0.0,0.0
2026-02-14T23:00,2026-02-14,23,2026,2,14,흐림,5.2,92,4.1,3.2,0.0,0.0,0.0,0.0,3,1017.4,1013.3,100,100,0,0,,3.8,19,7.6,0.0,0.0,0.0,0.0
2026-02-15T00:00,2026-02-15,0,2026,2,15,흐림,5.0,93,4.0,2.8,0.0,0.0,0.0,0.0,3,1017.5,1013.4,100,100,0,0,,5.0,13,7.2,0.0,0.0,0.0,0.0
2026-02-15T01:00,2026-02-15,1,2026,2,15,흐림,4.6,95,3.8,2.7,0.0,0.0,0.0,0.0,3,1017.9,1013.8,100,100,0,0,,2.6,344,9.0,0.0,0.0,0.0,0.0
2026-02-15T02:00,2026-02-15,2,2026,2,15,흐림,4.1,96,3.5,2.1,0.0,0.0,0.0,0.0,3,1018.3,1014.2,100,100,0,0,,3.1,273,4.3,0.0,0.0,0.0,0.0
2026-02-15T03:00,2026-02-15,3,2026,2,15,흐림,3.2,94,2.3,0.9,0.0,0.0,0.0,0.0,3,1018.4,1014.3,100,100,0,0,,3.8,273,4.7,0.0,0.0,0.0,0.0
2026-02-15T04:00,2026-02-15,4,2026,2,15,흐림,3.5,94,2.7,1.0,0.0,0.0,0.0,0.0,3,1018.3,1014.2,100,100,0,0,,5.1,312,8.6,0.0,0.0,0.0,0.0
2026-02-15T05:00,2026-02-15,5,2026,2,15,흐림,3.5,95,2.7,0.8,0.0,0.0,0.0,0.0,3,1018.7,1014.6,100,100,0,0,,6.9,327,11.5,0.0,0.0,0.0,0.0
2026-02-15T06:00,2026-02-15,6,2026,2,15,흐림,3.5,97,3.0,0.6,0.0,0.0,0.0,0.0,3,1019.1,1015.0,100,100,0,0,,8.7,326,16.2,0.0,0.0,0.0,0.0
2026-02-15T07:00,2026-02-15,7,2026,2,15,흐림,3.0,98,2.7,0.4,0.0,0.0,0.0,0.0,3,1019.7,1015.5,100,100,0,0,,6.5,321,16.2,0.0,0.0,0.0,0.0
2026-02-15T08:00,2026-02-15,8,2026,2,15,흐림,2.7,98,2.5,0.1,0.0,0.0,0.0,0.0,3,1020.6,1016.4,100,100,0,0,,5.9,322,12.2,8.0,0.0,8.0,0.0
2026-02-15T09:00,2026-02-15,9,2026,2,15,흐림,3.6,97,3.2,1.2,0.0,0.0,0.0,0.0,3,1020.8,1016.7,100,100,0,0,,5.5,297,11.2,52.0,2.0,50.0,0.0
2026-02-15T10:00,2026-02-15,10,2026,2,15,흐림,5.4,90,4.0,2.3,0.0,0.0,0.0,0.0,3,1021.0,1016.9,93,87,0,46,,11.6,314,25.2,150.0,15.0,135.0,0.0
2026-02-15T11:00,2026-02-15,11,2026,2,15,부분적으로 흐림,6.8,75,2.8,3.7,0.0,0.0,0.0,0.0,2,1021.1,1017.0,61,31,0,44,,9.8,314,28.8,358.0,164.0,194.0,3600.0
2026-02-15T12:00,2026-02-15,12,2026,2,15,맑음,8.4,51,-1.3,4.5,0.0,0.0,0.0,0.0,0,1020.4,1016.3,0,0,0,0,,10.2,312,25.9,534.0,350.0,184.0,3600.0
2026-02-15T13:00,2026-02-15,13,2026,2,15,맑음,9.2,40,-3.8,5.1,0.0,0.0,0.0,0.0,0,1019.7,1015.6,0,0,0,0,,13.3,305,31.7,637.0,517.0,120.0,3600.0
2026-02-15T14:00,2026-02-15,14,2026,2,15,맑음,9.4,35,-5.4,4.7,0.0,0.0,0.0,0.0,0,1019.8,1015.7,1,0,0,1,,15.4,299,35.6,626.0,509.0,117.0,3600.0
2026-02-15T15:00,2026-02-15,15,2026,2,15,흐림,9.1,33,-6.2,3.9,0.0,0.0,0.0,0.0,3,1019.8,1015.7,80,0,0,80,,15.1,290,36.0,550.0,438.0,112.0,3600.0
2026-02-15T16:00,2026-02-15,16,2026,2,15,맑음,8.4,34,-6.7,3.5,0.0,0.0,0.0,0.0,0,1019.7,1015.6,5,0,0,5,,13.3,297,33.5,419.0,317.0,102.0,3600.0
2026-02-15T17:00,2026-02-15,17,2026,2,15,대체로 맑음,7.1,37,-6.5,2.4,0.0,0.0,0.0,0.0,1,1019.9,1015.8,49,0,0,49,,11.6,306,29.2,249.0,169.0,80.0,3600.0
2026-02-15T18:00,2026-02-15,18,2026,2,15,부분적으로 흐림,4.6,45,-6.4,-0.1,0.0,0.0,0.0,0.0,2,1020.6,1016.5,78,0,0,78,,12.0,309,25.6,77.0,40.0,37.0,3600.0
2026-02-15T19:00,2026-02-15,19,2026,2,15,흐림,2.5,52,-6.3,-2.4,0.0,0.0,0.0,0.0,3,1021.8,1017.6,98,0,5,98,,13.5,313,27.4,0.0,0.0,0.0,0.0
2026-02-15T20:00,2026-02-15,20,2026,2,15,흐림,0.9,55,-7.1,-4.2,0.0,0.0,0.0,0.0,3,1022.8,1018.6,100,0,98,76,,14.5,318,29.2,0.0,0.0,0.0,0.0
2026-02-15T21:00,2026-02-15,21,2026,2,15,맑음,0.0,57,-7.5,-5.0,0.0,0.0,0.0,0.0,0,1023.6,1019.4,18,0,8,12,,13.6,316,29.9,0.0,0.0,0.0,0.0
2026-02-15T22:00,2026-02-15,22,2026,2,15,맑음,-0.6,59,-7.6,-5.3,0.0,0.0,0.0,0.0,0,1023.8,1019.6,7,0,2,5,,10.8,324,26.6,0.0,0.0,0.0,0.0
2026-02-15T23:00,2026-02-15,23,2026,2,15,대체로 맑음,-1.3,61,-7.8,-5.7,0.0,0.0,0.0,0.0,1,1023.6,1019.4,48,0,8,45,,9.3,326,21.6,0.0,0.0,0.0,0.0
2026-02-16T00:00,2026-02-16,0,2026,2,16,부분적으로 흐림,-1.8,62,-8.2,-6.3,0.0,0.0,0.0,0.0,2,1023.6,1019.4,70,0,15,67,,9.8,322,19.1,0.0,0.0,0.0,0.0
2026-02-16T01:00,2026-02-16,1,2026,2,16,흐림,-2.2,62,-8.6,-6.8,0.0,0.0,0.0,0.0,3,1023.6,1019.4,91,0,10,90,,9.9,312,19.1,0.0,0.0,0.0,0.0
2026-02-16T02:00,2026-02-16,2,2026,2,16,흐림,-2.6,61,-9.0,-7.2,0.0,0.0,0.0,0.0,3,1023.9,1019.6,100,0,24,100,,10.1,301,20.2,0.0,0.0,0.0,0.0
2026-02-16T03:00,2026-02-16,3,2026,2,16,흐림,-2.0,62,-8.3,-6.5,0.0,0.0,0.0,0.0,3,1024.4,1020.2,100,0,1,100,,9.1,311,21.2,0.0,0.0,0.0,0.0
2026-02-16T04:00,2026-02-16,4,2026,2,16,흐림,-2.2,61,-8.8,-6.6,0.0,0.0,0.0,0.0,3,1024.2,1019.9,100,0,0,100,,9.1,324,18.7,0.0,0.0,0.0,0.0
2026-02-16T05:00,2026-02-16,5,2026,2,16,흐림,-2.6,62,-8.9,-7.0,0.0,0.0,0.0,0.0,3,1024.2,1019.9,100,0,0,100,,8.3,319,18.4,0.0,0.0,0.0,0.0
2026-02-16T06:00,2026-02-16,6,2026,2,16,흐림,-3.0,65,-8.8,-7.4,0.0,0.0,0.0,0.0,3,1024.8,1020.5,99,0,0,99,,8.4,305,16.2,0.0,0.0,0.0,0.0
2026-02-16T07:00,2026-02-16,7,2026,2,16,흐림,-3.4,66,-8.9,-7.8,0.0,0.0,0.0,0.0,3,1025.2,1020.9,100,0,0,100,,8.6,303,16.6,0.0,0.0,0.0,0.0
2026-02-16T08:00,2026-02-16,8,2026,2,16,대체로 맑음,-3.5,66,-8.9,-7.9,0.0,0.0,0.0,0.0,1,1025.7,1021.4,34,0,0,34,,8.1,309,16.6,16.0,4.0,12.0,187.18
2026-02-16T09:00,2026-02-16,9,2026,2,16,맑음,-2.1,62,-8.4,-6.1,0.0,0.0,0.0,0.0,0,1026.2,1021.9,0,0,0,0,,6.1,315,16.2,155.0,92.0,63.0,3600.0
2026-02-16T10:00,2026-02-16,10,2026,2,16,대체로 맑음,-0.1,56,-7.8,-4.0,0.0,0.0,0.0,0.0,1,1026.4,1022.2,22,0,0,22,,6.0,316,18.4,338.0,244.0,94.0,3600.0
2026-02-16T11:00,2026-02-16,11,2026,2,16,흐림,2.0,53,-6.7,-1.8,0.0,0.0,0.0,0.0,3,1026.1,1021.9,82,0,0,82,,5.9,310,19.1,497.0,384.0,113.0,3600.0
2026-02-16T12:00,2026-02-16,12,2026,2,16,대체로 맑음,3.8,49,-5.8,0.3,0.0,0.0,0.0,0.0,1,1025.5,1021.3,34,0,0,34,,7.1,319,21.2,606.0,482.0,124.0,3600.0
2026-02-16T13:00,2026-02-16,13,2026,2,16,맑음,5.2,46,-5.5,1.8,0.0,0.0,0.0,0.0,0,1024.2,1020.1,7,0,0,7,,7.9,327,22.7,658.0,532.0,126.0,3600.0
2026-02-16T14:00,2026-02-16,14,2026,2,16,맑음,6.1,43,-5.4,2.5,0.0,0.0,0.0,0.0,0,1023.2,1019.1,0,0,0,0,,8.9,331,24.5,642.0,521.0,121.0,3600.0
2026-02-16T15:00,2026-02-16,15,2026,2,16,맑음,6.0,43,-5.5,2.1,0.0,0.0,0.0,0.0,0,1023.1,1019.0,14,0,0,14,,8.0,320,24.5,562.0,446.0,116.0,3600.0
2026-02-16T16:00,2026-02-16,16,2026,2,16,맑음,6.2,42,-5.7,2.2,0.0,0.0,0.0,0.0,0,1022.9,1018.8,0,0,0,0,,8.0,326,21.6,429.0,325.0,104.0,3600.0
2026-02-16T17:00,2026-02-16,17,2026,2,16,대체로 맑음,5.7,44,-5.6,1.6,0.0,0.0,0.0,0.0,1,1023.2,1019.1,34,0,0,34,,8.1,321,20.5,255.0,174.0,81.0,3600.0
2026-02-16T18:00,2026-02-16,18,2026,2,16,흐림,3.7,55,-4.6,-0.1,0.0,0.0,0.0,0.0,3,1023.9,1019.7,97,0,0,97,,7.6,306,16.9,80.0,41.0,39.0,3600.0
2026-02-16T19:00,2026-02-16,19,2026,2,16,부분적으로 흐림,2.0,59,-5.2,-2.2,0.0,0.0,0.0,0.0,2,1024.4,1020.2,73,0,0,73,,9.3,319,16.9,1.0,0.0,1.0,0.0
2026-02-16T20:00,2026-02-16,20,2026,2,16,흐림,0.7,59,-6.4,-3.9,0.0,0.0,0.0,0.0,3,1024.9,1020.7,100,0,0,100,,11.8,331,23.0,0.0,0.0,0.0,0.0
2026-02-16T21:00,2026-02-16,21,2026,2,16,맑음,-0.8,60,-7.6,-5.2,0.0,0.0,0.0,0.0,0,1025.2,1021.0,3,0,0,3,,9.3,332,22.7,0.0,0.0,0.0,0.0
2026-02-16T22:00,2026-02-16,22,2026,2,16,맑음,-1.8,64,-7.8,-5.9,0.0,0.0,0.0,0.0,0,1025.5,1021.2,9,0,0,9,,7.0,328,16.9,0.0,0.0,0.0,0.0
2026-02-16T23:00,2026-02-16,23,2026,2,16,맑음,-2.5,67,-7.7,-6.3,0.0,0.0,0.0,0.0,0,1025.7,1021.4,13,0,0,13,,5.4,318,13.0,0.0,0.0,0.0,0.0
2026-02-17T00:00,2026-02-17,0,2026,2,17,맑음,-3.0,71,-7.6,-6.7,0.0,0.0,0.0,0.0,0,1025.7,1021.4,2,0,0,2,,4.3,312,9.7,0.0,0.0,0.0,0.0
2026-02-17T01:00,2026-02-17,1,2026,2,17,맑음,-3.5,73,-7.7,-7.1,0.0,0.0,0.0,0.0,0,1025.6,1021.3,5,0,2,5,,3.7,299,7.6,0.0,0.0,0.0,0.0
2026-02-17T02:00,2026-02-17,2,2026,2,17,부분적으로 흐림,-4.0,75,-7.8,-7.6,0.0,0.0,0.0,0.0,2,1025.6,1021.3,52,0,38,48,,3.5,282,6.8,0.0,0.0,0.0,0.0
2026-02-17T03:00,2026-02-17,3,2026,2,17,부분적으로 흐림,-4.3,78,-7.6,-7.8,0.0,0.0,0.0,0.0,2,1025.8,1021.5,70,0,52,66,,2.8,281,6.5,0.0,0.0,0.0,0.0
2026-02-17T04:00,2026-02-17,4,2026,2,17,대체로 맑음,-4.4,74,-8.4,-8.1,0.0,0.0,0.0,0.0,1,1025.3,1021.0,26,0,17,22,,4.1,299,7.6,0.0,0.0,0.0,0.0
2026-02-17T05:00,2026-02-17,5,2026,2,17,맑음,-4.6,71,-9.1,-8.4,0.0,0.0,0.0,0.0,0,1025.2,1020.9,9,0,9,0,,4.1,326,7.9,0.0,0.0,0.0,0.0
2026-02-17T06:00,2026-02-17,6,2026,2,17,맑음,-4.9,70,-9.6,-8.6,0.0,0.0,0.0,0.0,0,1025.0,1020.7,0,0,0,0,,3.1,320,7.6,0.0,0.0,0.0,0.0
2026-02-17T07:00,2026-02-17,7,2026,2,17,맑음,-4.9,70,-9.6,-8.4,0.0,0.0,0.0,0.0,0,1025.0,1020.7,0,0,0,0,,1.5,291,5.0,0.0,0.0,0.0,0.0
2026-02-17T08:00,2026-02-17,8,2026,2,17,맑음,-4.4,65,-9.9,-8.0,0.0,0.0,0.0,0.0,0,1025.1,1020.8,0,0,0,0,,1.9,163,3.6,18.0,7.0,11.0,1057.61
2026-02-17T09:00,2026-02-17,9,2026,2,17,맑음,-3.0,61,-9.5,-6.3,0.0,0.0,0.0,0.0,0,1025.5,1021.2,0,0,0,0,,0.4,360,7.9,160.0,98.0,62.0,3600.0
2026-02-17T10:00,2026-02-17,10,2026,2,17,맑음,-0.1,46,-10.3,-3.4,0.0,0.0,0.0,0.0,0,1025.2,1021.0,0,0,0,0,,0.4,333,10.1,345.0,253.0,92.0,3600.0
2026-02-17T11:00,2026-02-17,11,2026,2,17,맑음,2.1,33,-12.4,-1.6,0.0,0.0,0.0,0.0,0,1024.7,1020.5,0,0,0,0,,1.8,259,13.7,508.0,399.0,109.0,3600.0
2026-02-17T12:00,2026-02-17,12,2026,2,17,맑음,3.8,24,-14.9,-0.1,0.0,0.0,0.0,0.0,0,1024.0,1019.8,0,0,0,0,,5.2,258,18.7,622.0,505.0,117.0,3600.0
2026-02-17T13:00,2026-02-17,13,2026,2,17,맑음,4.7,27,-12.7,0.8,0.0,0.0,0.0,0.0,0,1022.7,1018.6,0,0,0,0,,8.0,247,23.0,674.0,554.0,120.0,3600.0
2026-02-17T14:00,2026-02-17,14,2026,2,17,맑음,4.6,34,-9.9,0.1,0.0,0.0,0.0,0.0,0,1021.9,1017.8,0,0,0,0,,12.5,247,30.2,658.0,539.0,119.0,3600.0
2026-02-17T15:00,2026-02-17,15,2026,2,17,맑음,4.1,42,-7.8,-0.7,0.0,0.0,0.0,0.0,0,1021.3,1017.2,0,0,0,0,,13.0,246,33.1,576.0,463.0,113.0,3600.0
2026-02-17T16:00,2026-02-17,16,2026,2,17,맑음,3.3,51,-5.9,-1.4,0.0,0.0,0.0,0.0,0,1021.1,1016.9,0,0,0,0,,12.7,247,31.0,439.0,338.0,101.0,3600.0
2026-02-17T17:00,2026-02-17,17,2026,2,17,맑음,2.1,62,-4.4,-2.3,0.0,0.0,0.0,0.0,0,1020.8,1016.6,0,0,0,0,,11.8,242,29.2,264.0,183.0,81.0,3600.0
2026-02-17T18:00,2026-02-17,18,2026,2,17,맑음,0.6,75,-3.3,-3.4,0.0,0.0,0.0,0.0,0,1020.9,1016.7,0,0,0,0,,9.4,241,24.5,84.0,44.0,40.0,3600.0
2026-02-17T19:00,2026-02-17,19,2026,2,17,맑음,-0.4,83,-3.0,-4.3,0.0,0.0,0.0,0.0,0,1021.1,1016.9,0,0,0,0,,9.1,234,19.1,1.0,0.0,1.0,0.0
2026-02-17T20:00,2026-02-17,20,2026,2,17,맑음,-0.6,86,-2.5,-4.3,0.0,0.0,0.0,0.0,0,1021.3,1017.1,0,0,0,0,,8.7,232,17.6,0.0,0.0,0.0,0.0
2026-02-17T21:00,2026-02-17,21,2026,2,17,맑음,-0.6,85,-2.8,-4.3,0.0,0.0,0.0,0.0,0,1021.6,1017.4,0,0,0,0,,8.1,241,16.6,0.0,0.0,0.0,0.0
2026-02-17T22:00,2026-02-17,22,2026,2,17,맑음,-0.1,88,-1.9,-3.6,0.0,0.0,0.0,0.0,0,1021.8,1017.6,0,0,0,0,,7.7,242,15.8,0.0,0.0,0.0,0.0
2026-02-17T23:00,2026-02-17,23,2026,2,17,맑음,-0.2,88,-2.0,-3.8,0.0,0.0,0.0,0.0,0,1021.5,1017.3,0,0,0,0,,7.9,231,14.8,0.0,0.0,0.0,0.0
2026-02-18T00:00,2026-02-18,0,2026,2,18,맑음,-0.3,86,-2.5,-4.2,0.0,0.0,0.0,0.0,0,1021.1,1016.9,0,0,0,0,,9.3,224,16.9,0.0,0.0,0.0,0.0
2026-02-18T01:00,2026-02-18,1,2026,2,18,맑음,-0.1,83,-2.7,-4.2,0.0,0.0,0.0,0.0,0,1020.6,1016.4,0,0,0,0,,10.7,234,19.8,0.0,0.0,0.0,0.0
2026-02-18T02:00,2026-02-18,2,2026,2,18,맑음,0.3,79,-2.8,-3.8,0.0,0.0,0.0,0.0,0,1020.4,1016.2,0,0,0,0,,11.0,247,21.6,0.0,0.0,0.0,0.0
2026-02-18T03:00,2026-02-18,3,2026,2,18,맑음,0.2,81,-2.8,-3.7,0.0,0.0,0.0,0.0,0,1020.1,1015.9,0,0,0,0,,9.1,248,20.9,0.0,0.0,0.0,0.0
2026-02-18T04:00,2026-02-18,4,2026,2,18,맑음,-0.2,84,-2.6,-3.6,0.0,0.0,0.0,0.0,0,1019.5,1015.3,0,0,0,0,,6.5,257,16.9,0.0,0.0,0.0,0.0
2026-02-18T05:00,2026-02-18,5,2026,2,18,맑음,-0.8,86,-2.8,-4.1,0.0,0.0,0.0,0.0,0,1019.4,1015.2,0,0,0,0,,5.4,284,11.5,0.0,0.0,0.0,0.0
2026-02-18T06:00,2026-02-18,6,2026,2,18,맑음,-0.9,85,-3.1,-3.8,0.0,0.0,0.0,0.0,0,1019.3,1015.1,0,0,0,0,,2.9,292,8.3,0.0,0.0,0.0,0.0
2026-02-18T07:00,2026-02-18,7,2026,2,18,맑음,-1.3,84,-3.7,-4.7,0.0,0.0,0.0,0.0,0,1019.6,1015.4,0,0,0,0,,5.0,308,7.2,0.0,0.0,0.0,0.0
2026-02-18T08:00,2026-02-18,8,2026,2,18,맑음,-0.7,81,-3.5,-4.5,0.0,0.0,0.0,0.0,0,1020.4,1016.2,0,0,0,0,,8.0,320,13.3,19.0,7.0,12.0,1016.49
2026-02-18T09:00,2026-02-18,9,2026,2,18,맑음,0.4,77,-3.1,-3.0,0.0,0.0,0.0,0.0,0,1021.2,1017.0,0,0,0,0,,6.2,287,19.1,160.0,96.0,64.0,3600.0
2026-02-18T10:00,2026-02-18,10,2026,2,18,맑음,2.7,57,-5.1,-1.7,0.0,0.0,0.0,0.0,0,1021.6,1017.4,0,0,0,0,,11.1,301,25.6,342.0,247.0,95.0,3600.0
2026-02-18T11:00,2026-02-18,11,2026,2,18,맑음,4.1,35,-9.9,-1.3,0.0,0.0,0.0,0.0,0,1021.9,1017.8,0,0,0,0,,14.5,312,34.6,502.0,390.0,112.0,3600.0
2026-02-18T12:00,2026-02-18,12,2026,2,18,맑음,4.7,31,-11.0,-0.4,0.0,0.0,0.0,0.0,0,1021.9,1017.8,0,0,0,0,,14.8,314,35.6,618.0,497.0,121.0,3600.0
2026-02-18T13:00,2026-02-18,13,2026,2,18,맑음,4.9,31,-10.9,0.0,0.0,0.0,0.0,0.0,0,1021.8,1017.7,0,0,0,0,,15.4,314,36.7,674.0,552.0,122.0,3600.0
2026-02-18T14:00,2026-02-18,14,2026,2,18,맑음,5.1,33,-10.0,0.3,0.0,0.0,0.0,0.0,0,1021.7,1017.6,0,0,0,0,,14.5,311,36.7,660.0,540.0,120.0,3600.0
2026-02-18T15:00,2026-02-18,15,2026,2,18,맑음,5.0,33,-9.8,0.1,0.0,0.0,0.0,0.0,0,1021.2,1017.1,0,0,0,0,,12.6,303,34.6,579.0,465.0,114.0,3600.0
2026-02-18T16:00,2026-02-18,16,2026,2,18,맑음,4.8,34,-9.9,-0.3,0.0,0.0,0.0,0.0,0,1021.6,1017.5,0,0,0,0,,12.5,306,29.9,442.0,340.0,102.0,3600.0
2026-02-18T17:00,2026-02-18,17,2026,2,18,맑음,4.1,39,-8.7,-0.5,0.0,0.0,0.0,0.0,0,1022.0,1017.9,0,0,0,0,,9.3,302,27.7,266.0,185.0,81.0,3600.0
2026-02-18T18:00,2026-02-18,18,2026,2,18,맑음,1.3,54,-7.1,-2.6,0.0,0.0,0.0,0.0,0,1022.7,1018.5,0,0,0,0,,6.1,294,19.8,86.0,46.0,40.0,3600.0
2026-02-18T19:00,2026-02-18,19,2026,2,18,맑음,-0.2,58,-7.3,-4.2,0.0,0.0,0.0,0.0,0,1023.5,1019.3,0,0,0,0,,6.8,299,11.9,1.0,0.0,1.0,0.0
2026-02-18T20:00,2026-02-18,20,2026,2,18,맑음,-0.4,60,-7.3,-4.8,0.0,0.0,0.0,0.0,0,1024.0,1019.8,0,0,0,0,,9.4,313,17.3,0.0,0.0,0.0,0.0
2026-02-18T21:00,2026-02-18,21,2026,2,18,맑음,-1.0,64,-6.9,-5.3,0.0,0.0,0.0,0.0,0,1024.4,1020.2,0,0,0,0,,8.8,317,17.6,0.0,0.0,0.0,0.0
2026-02-18T22:00,2026-02-18,22,2026,2,18,맑음,-1.6,70,-6.4,-5.5,0.0,0.0,0.0,0.0,0,1024.6,1020.4,0,0,0,0,,6.9,323,16.6,0.0,0.0,0.0,0.0
2026-02-18T23:00,2026-02-18,23,2026,2,18,맑음,-2.4,74,-6.4,-6.1,0.0,0.0,0.0,0.0,0,1024.7,1020.4,0,0,0,0,,5.5,333,12.6,0.0,0.0,0.0,0.0
2026-02-19T00:00,2026-02-19,0,2026,2,19,맑음,-3.1,78,-6.4,-6.6,0.0,0.0,0.0,0.0,0,1025.2,1020.9,0,0,0,0,,4.1,299,10.1,0.0,0.0,0.0,0.0
2026-02-19T01:00,2026-02-19,1,2026,2,19,맑음,-3.3,77,-6.8,-7.0,0.0,0.0,0.0,0.0,0,1025.7,1021.4,0,0,0,0,,4.7,288,8.6,0.0,0.0,0.0,0.0
2026-02-19T02:00,2026-02-19,2,2026,2,19,맑음,-3.7,78,-6.9,-7.3,0.0,0.0,0.0,0.0,0,1026.1,1021.8,0,0,0,0,,4.3,287,9.0,0.0,0.0,0.0,0.0
2026-02-19T03:00,2026-02-19,3,2026,2,19,맑음,-4.2,82,-6.8,-7.5,0.0,0.0,0.0,0.0,0,1026.3,1022.0,0,0,0,0,,2.3,356,7.9,0.0,0.0,0.0,0.0
2026-02-19T04:00,2026-02-19,4,2026,2,19,맑음,-4.2,81,-7.1,-7.6,0.0,0.0,0.0,0.0,0,1025.8,1021.5,0,0,0,0,,3.1,50,5.8,0.0,0.0,0.0,0.0
2026-02-19T05:00,2026-02-19,5,2026,2,19,맑음,-4.2,79,-7.2,-7.6,0.0,0.0,0.0,0.0,0,1025.4,1021.1,0,0,0,0,,3.1,77,5.8,0.0,0.0,0.0,0.0
2026-02-19T06:00,2026-02-19,6,2026,2,19,맑음,-4.2,79,-7.3,-7.6,0.0,0.0,0.0,0.0,0,1025.3,1021.0,0,0,0,0,,2.5,120,6.1,0.0,0.0,0.0,0.0
2026-02-19T07:00,2026-02-19,7,2026,2,19,맑음,-4.4,77,-7.8,-7.8,0.0,0.0,0.0,0.0,0,1025.4,1021.1,0,0,0,0,,2.6,168,5.0,0.0,0.0,0.0,0.0
2026-02-19T08:00,2026-02-19,8,2026,2,19,맑음,-3.5,71,-8.0,-7.5,0.0,0.0,0.0,0.0,0,1026.1,1021.8,0,0,0,0,,5.7,169,9.4,21.0,8.0,13.0,1276.72
2026-02-19T09:00,2026-02-19,9,2026,2,19,맑음,-1.8,65,-7.6,-5.4,0.0,0.0,0.0,0.0,0,1026.4,1022.1,0,0,0,0,,3.8,161,13.0,165.0,100.0,65.0,3600.0
2026-02-19T10:00,2026-02-19,10,2026,2,19,맑음,0.6,50,-8.8,-3.3,0.0,0.0,0.0,0.0,0,1026.3,1022.1,0,0,0,0,,4.7,178,16.2,349.0,252.0,97.0,3600.0
2026-02-19T11:00,2026-02-19,11,2026,2,19,맑음,2.3,41,-9.6,-1.8,0.0,0.0,0.0,0.0,0,1026.2,1022.0,0,0,0,0,,6.5,203,20.5,509.0,396.0,113.0,3600.0
2026-02-19T12:00,2026-02-19,12,2026,2,19,맑음,3.8,38,-9.2,-0.2,0.0,0.0,0.0,0.0,0,1025.8,1021.6,0,0,0,0,,8.6,219,24.8,620.0,497.0,123.0,3600.0
2026-02-19T13:00,2026-02-19,13,2026,2,19,맑음,4.6,41,-7.5,1.0,0.0,0.0,0.0,0.0,0,1024.7,1020.6,0,0,0,0,,8.8,223,25.2,669.0,543.0,126.0,3600.0
2026-02-19T14:00,2026-02-19,14,2026,2,19,맑음,4.7,44,-6.6,0.9,0.0,0.0,0.0,0.0,0,1023.7,1019.6,0,0,0,0,,10.2,233,26.6,652.0,528.0,124.0,3600.0
2026-02-19T15:00,2026-02-19,15,2026,2,19,맑음,4.2,48,-5.8,-0.1,0.0,0.0,0.0,0.0,0,1023.3,1019.2,0,0,0,0,,11.3,239,27.7,573.0,457.0,116.0,3600.0
2026-02-19T16:00,2026-02-19,16,2026,2,19,맑음,3.8,48,-6.2,-0.6,0.0,0.0,0.0,0.0,0,1023.0,1018.8,0,0,0,0,,10.3,235,28.4,437.0,333.0,104.0,3600.0
2026-02-19T17:00,2026-02-19,17,2026,2,19,맑음,3.1,54,-5.2,-0.6,0.0,0.0,0.0,0.0,0,1022.5,1018.3,0,0,0,0,,6.0,231,24.1,265.0,184.0,81.0,3600.0
2026-02-19T18:00,2026-02-19,18,2026,2,19,맑음,0.9,67,-4.6,-2.2,0.0,0.0,0.0,0.0,0,1022.3,1018.1,0,0,0,0,,2.0,190,12.6,88.0,47.0,41.0,3600.0
2026-02-19T19:00,2026-02-19,19,2026,2,19,맑음,-0.6,74,-4.7,-3.9,0.0,0.0,0.0,0.0,0,1022.5,1018.3,0,0,0,0,,4.0,188,6.1,1.0,0.0,1.0,0.0
2026-02-19T20:00,2026-02-19,20,2026,2,19,맑음,-0.9,79,-4.2,-4.1,0.0,0.0,0.0,0.0,0,1022.7,1018.5,0,0,0,0,,3.1,177,7.2,0.0,0.0,0.0,0.0
2026-02-19T21:00,2026-02-19,21,2026,2,19,맑음,-0.8,76,-4.4,-3.6,0.0,0.0,0.0,0.0,0,1022.6,1018.4,0,0,0,0,,1.3,180,4.7,0.0,0.0,0.0,0.0
2026-02-19T22:00,2026-02-19,22,2026,2,19,맑음,-0.8,80,-3.9,-3.8,0.0,0.0,0.0,0.0,0,1022.2,1018.0,0,0,0,0,,2.1,105,4.0,0.0,0.0,0.0,0.0
2026-02-19T23:00,2026-02-19,23,2026,2,19,맑음,-1.1,81,-4.0,-4.3,0.0,0.0,0.0,0.0,0,1022.2,1018.0,14,0,14,0,,4.0,98,7.9,0.0,0.0,0.0,0.0
2026-02-20T00:00,2026-02-20,0,2026,2,20,맑음,-1.4,82,-4.1,-4.8,0.0,0.0,0.0,0.0,0,1022.1,1017.9,0,0,0,0,,5.5,109,10.1,0.0,0.0,0.0,0.0
2026-02-20T01:00,2026-02-20,1,2026,2,20,맑음,-1.4,81,-4.2,-4.9,0.0,0.0,0.0,0.0,0,1021.9,1017.7,0,0,0,0,,6.0,117,10.8,0.0,0.0,0.0,0.0
2026-02-20T02:00,2026-02-20,2,2026,2,20,대체로 맑음,-1.4,81,-4.2,-5.1,0.0,0.0,0.0,0.0,1,1021.6,1017.4,23,0,23,0,,6.6,123,11.9,0.0,0.0,0.0,0.0
2026-02-20T03:00,2026-02-20,3,2026,2,20,맑음,-2.0,83,-4.6,-5.7,0.0,0.0,0.0,0.0,0,1021.8,1017.6,17,0,17,0,,6.3,117,13.3,0.0,0.0,0.0,0.0
2026-02-20T04:00,2026-02-20,4,2026,2,20,맑음,-1.8,79,-4.9,-5.7,0.0,0.0,0.0,0.0,0,1021.1,1016.9,0,0,0,0,,7.8,119,14.4,0.0,0.0,0.0,0.0
2026-02-20T05:00,2026-02-20,5,2026,2,20,맑음,-1.6,76,-5.2,-5.7,0.0,0.0,0.0,0.0,0,1020.7,1016.5,0,0,0,0,,8.6,116,15.8,0.0,0.0,0.0,0.0
2026-02-20T06:00,2026-02-20,6,2026,2,20,맑음,-1.6,75,-5.4,-5.8,0.0,0.0,0.0,0.0,0,1020.3,1016.1,0,0,0,0,,9.0,112,16.6,0.0,0.0,0.0,0.0
2026-02-20T07:00,2026-02-20,7,2026,2,20,맑음,-1.6,73,-5.8,-5.8,0.0,0.0,0.0,0.0,0,1019.8,1015.6,0,0,0,0,,9.3,115,17.6,0.0,0.0,0.0,0.0
2026-02-20T08:00,2026-02-20,8,2026,2,20,맑음,-0.7,66,-6.3,-5.1,0.0,0.0,0.0,0.0,0,1019.8,1015.6,0,0,0,0,,10.2,113,18.7,22.0,8.0,14.0,1234.07
2026-02-20T09:00,2026-02-20,9,2026,2,20,맑음,0.9,60,-6.0,-3.4,0.0,0.0,0.0,0.0,0,1019.9,1015.7,0,0,0,0,,9.7,105,22.0,163.0,96.0,67.0,3600.0
2026-02-20T10:00,2026-02-20,10,2026,2,20,맑음,4.1,52,-4.8,0.1,0.0,0.0,0.0,0.0,0,1019.5,1015.4,0,0,0,0,,8.4,124,21.2,342.0,242.0,100.0,3600.0
2026-02-20T11:00,2026-02-20,11,2026,2,20,맑음,6.7,50,-2.9,2.8,0.0,0.0,0.0,0.0,0,1018.9,1014.8,0,0,0,0,,9.2,154,24.1,500.0,382.0,118.0,3600.0
2026-02-20T12:00,2026-02-20,12,2026,2,20,맑음,8.6,48,-1.7,5.2,0.0,0.0,0.0,0.0,0,1018.2,1014.1,0,0,0,0,,9.4,178,25.2,610.0,484.0,126.0,3600.0
2026-02-20T13:00,2026-02-20,13,2026,2,20,맑음,9.6,51,-0.1,6.7,0.0,0.0,0.0,0.0,0,1017.1,1013.1,0,0,0,0,,10.0,201,25.6,658.0,529.0,129.0,3600.0
2026-02-20T14:00,2026-02-20,14,2026,2,20,맑음,10.4,52,1.0,7.3,0.0,0.0,0.0,0.0,0,1016.1,1012.1,0,0,0,0,,11.2,210,26.6,643.0,515.0,128.0,3600.0
2026-02-20T15:00,2026-02-20,15,2026,2,20,맑음,10.4,53,1.3,6.9,0.0,0.0,0.0,0.0,0,1015.7,1011.7,0,0,0,0,,11.3,227,28.4,565.0,444.0,121.0,3600.0
2026-02-20T16:00,2026-02-20,16,2026,2,20,맑음,10.1,55,1.5,6.5,0.0,0.0,0.0,0.0,0,1015.3,1011.3,0,0,0,0,,11.6,226,26.6,431.0,323.0,108.0,3600.0
2026-02-20T17:00,2026-02-20,17,2026,2,20,맑음,9.1,62,2.3,6.2,0.0,0.0,0.0,0.0,0,1015.0,1011.0,0,0,0,0,,8.2,218,24.5,261.0,176.0,85.0,3600.0
2026-02-20T18:00,2026-02-20,18,2026,2,20,맑음,6.7,72,2.0,3.9,0.0,0.0,0.0,0.0,0,1015.0,1010.9,0,0,0,0,,7.2,192,16.6,88.0,45.0,43.0,3600.0
2026-02-20T19:00,2026-02-20,19,2026,2,20,맑음,5.2,76,1.5,2.1,0.0,0.0,0.0,0.0,0,1015.2,1011.1,0,0,0,0,,8.4,169,15.1,2.0,0.0,2.0,0.0
2026-02-20T20:00,2026-02-20,20,2026,2,20,맑음,4.2,81,1.4,1.0,0.0,0.0,0.0,0.0,0,1015.3,1011.2,0,0,0,0,,9.3,161,16.9,0.0,0.0,0.0,0.0
2026-02-20T21:00,2026-02-20,21,2026,2,20,맑음,3.8,82,0.9,0.5,0.0,0.0,0.0,0.0,0,1015.4,1011.3,15,0,0,15,,9.2,157,19.1,0.0,0.0,0.0,0.0
2026-02-20T22:00,2026-02-20,22,2026,2,20,맑음,4.2,80,0.9,0.7,0.0,0.0,0.0,0.0,0,1015.4,1011.3,5,0,0,5,,10.4,157,19.8,0.0,0.0,0.0,0.0
2026-02-20T23:00,2026-02-20,23,2026,2,20,맑음,3.9,77,0.3,0.2,0.0,0.0,0.0,0.0,0,1015.0,1010.9,2,0,0,2,,10.9,158,20.5,0.0,0.0,0.0,0.0
2026-02-21T00:00,2026-02-21,0,2026,2,21,맑음,3.6,75,-0.3,-0.1,0.0,0.0,0.0,0.0,0,1015.1,1011.0,0,0,0,0,,10.7,158,20.5,0.0,0.0,0.0,0.0
2026-02-21T01:00,2026-02-21,1,2026,2,21,맑음,3.3,75,-0.8,-0.4,0.0,0.0,0.0,0.0,0,1014.7,1010.6,0,0,0,0,,10.5,149,20.2,0.0,0.0,0.0,0.0
2026-02-21T02:00,2026-02-21,2,2026,2,21,맑음,3.2,75,-0.9,-0.5,0.0,0.0,0.0,0.0,0,1014.3,1010.2,1,0,0,1,,9.8,152,20.2,0.0,0.0,0.0,0.0
2026-02-21T03:00,2026-02-21,3,2026,2,21,맑음,2.2,76,-1.7,-1.5,0.0,0.0,0.0,0.0,0,1014.6,1010.5,0,0,0,0,,9.0,134,18.4,0.0,0.0,0.0,0.0
2026-02-21T04:00,2026-02-21,4,2026,2,21,맑음,2.2,77,-1.4,-1.6,0.0,0.0,0.0,0.0,0,1014.2,1010.1,0,0,0,0,,9.9,134,18.7,0.0,0.0,0.0,0.0
2026-02-21T05:00,2026-02-21,5,2026,2,21,맑음,2.2,79,-1.0,-1.7,0.0,0.0,0.0,0.0,0,1013.7,1009.6,0,0,0,0,,11.0,132,20.9,0.0,0.0,0.0,0.0
2026-02-21T06:00,2026-02-21,6,2026,2,21,맑음,2.3,82,-0.4,-1.5,0.0,0.0,0.0,0.0,0,1013.5,1009.4,0,0,0,0,,11.4,131,21.6,0.0,0.0,0.0,0.0
2026-02-21T07:00,2026-02-21,7,2026,2,21,맑음,2.5,83,-0.1,-1.3,0.0,0.0,0.0,0.0,0,1013.2,1009.1,0,0,0,0,,11.4,129,22.3,0.0,0.0,0.0,0.0
2026-02-21T08:00,2026-02-21,8,2026,2,21,맑음,3.2,83,0.6,-0.5,0.0,0.0,0.0,0.0,0,1013.3,1009.2,0,0,0,0,,11.6,131,22.0,23.0,8.0,15.0,1191.03
2026-02-21T09:00,2026-02-21,9,2026,2,21,맑음,4.6,79,1.2,0.9,0.0,0.0,0.0,0.0,0,1014.1,1010.0,0,0,0,0,,12.2,128,24.5,162.0,96.0,66.0,3600.0
2026-02-21T10:00,2026-02-21,10,2026,2,21,맑음,7.3,70,2.2,4.0,0.0,0.0,0.0,0.0,0,1013.4,1009.3,0,0,0,0,,10.5,131,23.4,341.0,244.0,97.0,3600.0
2026-02-21T11:00,2026-02-21,11,2026,2,21,맑음,9.8,62,2.8,6.3,0.0,0.0,0.0,0.0,0,1012.7,1008.7,10,0,0,10,,12.3,148,28.1,496.0,381.0,115.0,3600.0
2026-02-21T12:00,2026-02-21,12,2026,2,21,대체로 맑음,12.1,58,4.1,9.1,0.0,0.0,0.0,0.0,1,1012.0,1008.0,37,0,0,37,,13.2,174,30.2,603.0,477.0,126.0,3600.0
2026-02-21T13:00,2026-02-21,13,2026,2,21,맑음,13.9,52,4.2,10.5,0.0,0.0,0.0,0.0,0,1010.7,1006.7,16,0,0,16,,17.3,191,38.2,649.0,513.0,136.0,3600.0
2026-02-21T14:00,2026-02-21,14,2026,2,21,맑음,14.6,47,3.5,10.6,0.0,0.0,0.0,0.0,0,1009.4,1005.5,1,0,0,1,,20.1,200,43.2,637.0,508.0,129.0,3600.0
2026-02-21T15:00,2026-02-21,15,2026,2,21,맑음,14.8,41,1.6,10.1,0.0,0.0,0.0,0.0,0,1009.1,1005.2,9,0,0,9,,20.3,203,44.3,565.0,449.0,116.0,3600.0
2026-02-21T16:00,2026-02-21,16,2026,2,21,맑음,14.5,41,1.4,9.9,0.0,0.0,0.0,0.0,0,1008.4,1004.5,0,0,0,0,,18.7,202,43.2,436.0,332.0,104.0,3600.0
2026-02-21T17:00,2026-02-21,17,2026,2,21,맑음,13.3,44,1.1,8.6,0.0,0.0,0.0,0.0,0,1008.2,1004.2,1,0,0,1,,18.8,202,39.2,267.0,185.0,82.0,3600.0
2026-02-21T18:00,2026-02-21,18,2026,2,21,흐림,11.3,52,1.7,6.7,0.0,0.0,0.0,0.0,3,1008.1,1004.1,95,0,0,95,,18.9,196,39.2,92.0,49.0,43.0,3600.0
2026-02-21T19:00,2026-02-21,19,2026,2,21,흐림,9.9,63,3.2,5.6,0.0,0.0,0.0,0.0,3,1008.5,1004.5,95,0,0,95,,18.1,190,38.9,2.0,0.0,2.0,0.0
2026-02-21T20:00,2026-02-21,20,2026,2,21,흐림,9.1,70,4.0,5.2,0.0,0.0,0.0,0.0,3,1008.3,1004.3,99,0,0,99,,16.8,184,37.1,0.0,0.0,0.0,0.0
2026-02-21T21:00,2026-02-21,21,2026,2,21,흐림,8.9,67,3.0,5.3,0.0,0.0,0.0,0.0,3,1008.3,1004.3,100,0,0,100,,13.7,182,33.8,0.0,0.0,0.0,0.0
2026-02-21T22:00,2026-02-21,22,2026,2,21,흐림,9.4,63,2.8,5.6,0.0,0.0,0.0,0.0,3,1008.3,1004.3,100,0,0,100,,14.1,185,28.8,0.0,0.0,0.0,0.0
2026-02-21T23:00,2026-02-21,23,2026,2,21,흐림,9.1,63,2.5,5.4,0.0,0.0,0.0,0.0,3,1008.3,1004.3,99,0,0,99,,14.0,187,28.1,0.0,0.0,0.0,0.0
2026-02-22T00:00,2026-02-22,0,2026,2,22,흐림,8.9,65,2.8,5.1,0.0,0.0,0.0,0.0,3,1008.2,1004.2,100,0,0,100,,14.9,189,29.5,0.0,0.0,0.0,0.0
2026-02-22T01:00,2026-02-22,1,2026,2,22,흐림,8.9,68,3.3,4.8,0.0,0.0,0.0,0.0,3,1008.1,1004.1,100,0,0,100,,17.3,188,34.2,0.0,0.0,0.0,0.0
2026-02-22T02:00,2026-02-22,2,2026,2,22,흐림,8.9,69,3.6,4.9,0.0,0.0,0.0,0.0,3,1007.5,1003.5,100,0,0,100,,17.7,184,36.7,0.0,0.0,0.0,0.0
2026-02-22T03:00,2026-02-22,3,2026,2,22,흐림,8.8,67,3.0,4.7,0.0,0.0,0.0,0.0,3,1006.9,1002.9,99,0,0,99,,16.7,179,35.6,0.0,0.0,0.0,0.0
2026-02-22T04:00,2026-02-22,4,2026,2,22,흐림,9.0,68,3.5,5.1,0.0,0.0,0.0,0.0,3,1006.5,1002.5,98,0,0,98,,16.1,186,34.2,0.0,0.0,0.0,0.0
2026-02-22T05:00,2026-02-22,5,2026,2,22,흐림,9.0,74,4.7,5.3,0.0,0.0,0.0,0.0,3,1005.7,1001.7,100,5,0,100,,16.4,183,34.2,0.0,0.0,0.0,0.0
2026-02-22T06:00,2026-02-22,6,2026,2,22,흐림,9.0,82,6.1,5.6,0.0,0.0,0.0,0.0,3,1005.4,1001.4,100,25,66,100,,16.5,187,33.5,0.0,0.0,0.0,0.0
2026-02-22T07:00,2026-02-22,7,2026,2,22,부분적으로 흐림,9.1,87,7.2,6.0,0.0,0.0,0.0,0.0,2,1005.1,1001.1,77,38,38,41,,16.5,194,34.6,0.0,0.0,0.0,0.0
2026-02-22T08:00,2026-02-22,8,2026,2,22,흐림,9.0,91,7.6,5.8,0.0,0.0,0.0,0.0,3,1005.6,1001.6,100,100,1,0,,17.6,208,36.0,17.0,3.0,14.0,0.0
2026-02-22T09:00,2026-02-22,9,2026,2,22,흐림,9.4,89,7.6,6.3,0.0,0.0,0.0,0.0,3,1006.1,1002.1,100,100,0,3,,16.4,219,37.4,85.0,12.0,73.0,0.0
2026-02-22T10:00,2026-02-22,10,2026,2,22,대체로 맑음,9.6,79,6.2,6.2,0.0,0.0,0.0,0.0,1,1006.8,1002.8,38,29,11,1,,17.3,231,39.6,224.0,73.0,151.0,3600.0
2026-02-22T11:00,2026-02-22,11,2026,2,22,대체로 맑음,10.1,70,4.8,6.9,0.0,0.0,0.0,0.0,1,1006.3,1002.3,33,4,29,11,,13.1,218,36.7,460.0,308.0,152.0,3600.0
2026-02-22T12:00,2026-02-22,12,2026,2,22,부분적으로 흐림,11.0,63,4.2,7.6,0.0,0.0,0.0,0.0,2,1006.6,1002.6,53,0,53,8,,16.1,228,36.4,603.0,446.0,157.0,3600.0
2026-02-22T13:00,2026-02-22,13,2026,2,22,맑음,9.6,61,2.5,5.1,0.0,0.0,0.0,0.0,0,1006.6,1002.6,0,0,0,0,,19.8,251,44.6,560.0,339.0,221.0,3600.0
2026-02-22T14:00,2026-02-22,14,2026,2,22,맑음,10.2,41,-2.5,4.7,0.0,0.0,0.0,0.0,0,1007.2,1003.2,0,0,0,0,,24.0,268,52.2,659.0,533.0,126.0,3600.0
2026-02-22T15:00,2026-02-22,15,2026,2,22,맑음,8.9,35,-5.6,2.9,0.0,0.0,0.0,0.0,0,1007.7,1003.7,0,0,0,0,,23.2,271,53.6,592.0,476.0,116.0,3600.0
2026-02-22T16:00,2026-02-22,16,2026,2,22,맑음,7.3,31,-8.7,1.0,0.0,0.0,0.0,0.0,0,1009.4,1005.4,0,0,0,0,,22.2,287,51.8,459.0,355.0,104.0,3600.0
2026-02-22T17:00,2026-02-22,17,2026,2,22,맑음,5.8,31,-10.1,-0.3,0.0,0.0,0.0,0.0,0,1011.0,1006.9,0,0,0,0,,19.8,283,47.5,287.0,204.0,83.0,3600.0
2026-02-22T18:00,2026-02-22,18,2026,2,22,맑음,4.0,33,-10.8,-1.8,0.0,0.0,0.0,0.0,0,1012.9,1008.8,0,0,0,0,,16.8,279,41.0,101.0,56.0,45.0,3600.0
2026-02-22T19:00,2026-02-22,19,2026,2,22,맑음,2.5,37,-10.8,-3.3,0.0,0.0,0.0,0.0,0,1015.2,1011.1,0,0,0,0,,16.7,276,35.3,3.0,0.0,3.0,0.0
2026-02-22T20:00,2026-02-22,20,2026,2,22,맑음,1.5,39,-11.1,-4.3,0.0,0.0,0.0,0.0,0,1016.9,1012.7,0,0,0,0,,17.1,282,35.6,0.0,0.0,0.0,0.0
2026-02-22T21:00,2026-02-22,21,2026,2,22,맑음,1.2,34,-12.9,-4.7,0.0,0.0,0.0,0.0,0,1018.6,1014.4,0,0,0,0,,17.2,280,36.0,0.0,0.0,0.0,0.0
2026-02-22T22:00,2026-02-22,22,2026,2,22,맑음,0.8,39,-11.6,-5.0,0.0,0.0,0.0,0.0,0,1019.9,1015.7,0,0,0,0,,16.7,281,35.3,0.0,0.0,0.0,0.0
2026-02-22T23:00,2026-02-22,23,2026,2,22,맑음,0.3,41,-11.4,-5.4,0.0,0.0,0.0,0.0,0,1021.1,1016.9,0,0,0,0,,16.2,287,34.6,0.0,0.0,0.0,0.0
2026-02-23T00:00,2026-02-23,0,2026,2,23,맑음,-0.3,43,-11.5,-5.7,0.0,0.0,0.0,0.0,0,1021.5,1017.3,0,0,0,0,,13.9,287,33.1,0.0,0.0,0.0,0.0
2026-02-23T01:00,2026-02-23,1,2026,2,23,맑음,-1.2,45,-11.6,-6.2,0.0,0.0,0.0,0.0,0,1022.2,1018.0,0,0,0,0,,11.3,288,28.4,0.0,0.0,0.0,0.0
2026-02-23T02:00,2026-02-23,2,2026,2,23,맑음,-2.0,48,-11.6,-6.6,0.0,0.0,0.0,0.0,0,1022.6,1018.4,0,0,0,0,,8.2,280,22.3,0.0,0.0,0.0,0.0
2026-02-23T03:00,2026-02-23,3,2026,2,23,맑음,-2.3,48,-11.9,-6.7,0.0,0.0,0.0,0.0,0,1022.3,1018.1,0,0,0,0,,7.2,271,15.1,0.0,0.0,0.0,0.0
2026-02-23T04:00,2026-02-23,4,2026,2,23,맑음,-2.2,50,-11.3,-6.7,0.0,0.0,0.0,0.0,0,1022.6,1018.4,0,0,0,0,,7.6,256,15.5,0.0,0.0,0.0,0.0
2026-02-23T05:00,2026-02-23,5,2026,2,23,맑음,-2.2,53,-10.5,-6.5,0.0,0.0,0.0,0.0,0,1023.1,1018.9,1,0,0,1,,6.3,250,14.0,0.0,0.0,0.0,0.0
2026-02-23T06:00,2026-02-23,6,2026,2,23,맑음,-1.9,54,-10.1,-6.3,0.0,0.0,0.0,0.0,0,1023.7,1019.5,0,0,0,0,,7.9,243,14.4,0.0,0.0,0.0,0.0
2026-02-23T07:00,2026-02-23,7,2026,2,23,맑음,-1.5,53,-9.8,-5.9,0.0,0.0,0.0,0.0,0,1023.8,1019.6,0,0,0,0,,8.3,240,15.1,0.0,0.0,0.0,0.0
2026-02-23T08:00,2026-02-23,8,2026,2,23,맑음,-0.5,55,-8.4,-4.9,0.0,0.0,0.0,0.0,0,1024.6,1020.4,0,0,0,0,,8.7,266,16.9,28.0,11.0,17.0,2002.98
2026-02-23T09:00,2026-02-23,9,2026,2,23,맑음,0.1,54,-8.1,-4.5,0.0,0.0,0.0,0.0,0,1026.1,1021.9,0,0,0,0,,10.1,338,29.5,179.0,109.0,70.0,3600.0
2026-02-23T10:00,2026-02-23,10,2026,2,23,부분적으로 흐림,1.2,35,-12.6,-3.8,0.0,0.0,0.0,0.0,2,1026.2,1022.0,50,0,0,50,,10.6,334,25.9,364.0,264.0,100.0,3600.0
2026-02-23T11:00,2026-02-23,11,2026,2,23,부분적으로 흐림,2.4,30,-13.3,-2.8,0.0,0.0,0.0,0.0,2,1026.6,1022.4,65,0,0,65,,12.0,317,29.9,527.0,409.0,118.0,3600.0
2026-02-23T12:00,2026-02-23,12,2026,2,23,대체로 맑음,3.3,26,-14.4,-1.5,0.0,0.0,0.0,0.0,1,1026.4,1022.2,29,0,0,29,,12.3,309,31.0,641.0,513.0,128.0,3600.0
2026-02-23T13:00,2026-02-23,13,2026,2,23,흐림,4.0,24,-14.7,-0.5,0.0,0.0,0.0,0.0,3,1026.1,1021.9,84,0,0,84,,11.9,299,31.0,692.0,565.0,127.0,3600.0
2026-02-23T14:00,2026-02-23,14,2026,2,23,흐림,4.4,23,-14.8,-0.4,0.0,0.0,0.0,0.0,3,1026.0,1021.8,100,0,0,100,,12.8,305,32.0,665.0,520.0,145.0,3600.0
2026-02-23T15:00,2026-02-23,15,2026,2,23,흐림,4.5,23,-15.1,-0.8,0.0,0.0,0.0,0.0,3,1025.4,1021.2,100,0,66,100,,12.4,312,32.0,567.0,403.0,164.0,3600.0
2026-02-23T16:00,2026-02-23,16,2026,2,23,흐림,4.2,24,-14.8,-0.8,0.0,0.0,0.0,0.0,3,1025.5,1021.3,100,0,27,100,,10.1,310,29.2,364.0,158.0,206.0,3600.0
2026-02-23T17:00,2026-02-23,17,2026,2,23,흐림,3.5,27,-13.6,-1.4,0.0,0.0,0.0,0.0,3,1026.1,1021.9,100,0,1,100,,9.3,280,24.5,183.0,41.0,142.0,1908.06
2026-02-23T18:00,2026-02-23,18,2026,2,23,흐림,1.8,40,-10.4,-3.0,0.0,0.0,0.0,0.0,3,1026.3,1022.1,100,0,1,100,,10.0,253,21.2,77.0,15.0,62.0,1202.43
2026-02-23T19:00,2026-02-23,19,2026,2,23,흐림,0.4,45,-10.2,-4.0,0.0,0.0,0.0,0.0,3,1026.7,1022.5,100,0,80,100,,8.1,267,20.9,2.0,0.0,2.0,0.0
2026-02-23T20:00,2026-02-23,20,2026,2,23,흐림,0.2,50,-9.1,-3.7,0.0,0.0,0.0,0.0,3,1026.9,1022.7,100,0,100,100,,5.6,268,16.2,0.0,0.0,0.0,0.0
2026-02-23T21:00,2026-02-23,21,2026,2,23,흐림,-0.1,50,-9.2,-3.9,0.0,0.0,0.0,0.0,3,1026.9,1022.7,100,0,86,100,,4.2,317,10.4,0.0,0.0,0.0,0.0
2026-02-23T22:00,2026-02-23,22,2026,2,23,흐림,0.2,47,-9.6,-3.5,0.0,0.0,0.0,0.0,3,1027.2,1023.0,99,0,49,98,,3.6,323,8.3,0.0,0.0,0.0,0.0
2026-02-23T23:00,2026-02-23,23,2026,2,23,흐림,-0.5,53,-8.9,-4.2,0.0,0.0,0.0,0.0,3,1027.3,1023.1,100,0,99,100,,3.3,324,6.5,0.0,0.0,0.0,0.0
2026-02-24T00:00,2026-02-24,0,2026,2,24,흐림,-0.6,45,-11.2,-4.8,0.0,0.0,0.0,0.0,3,1027.4,1023.2,100,0,100,100,,5.6,345,10.4,0.0,0.0,0.0,0.0
2026-02-24T01:00,2026-02-24,1,2026,2,24,흐림,-0.8,44,-11.6,-5.3,0.0,0.0,0.0,0.0,3,1027.5,1023.3,100,0,100,100,,7.4,4,14.0,0.0,0.0,0.0,0.0
2026-02-24T02:00,2026-02-24,2,2026,2,24,흐림,-0.8,42,-12.2,-5.3,0.0,0.0,0.0,0.0,3,1027.6,1023.4,100,0,100,100,,7.7,9,15.8,0.0,0.0,0.0,0.0
2026-02-24T03:00,2026-02-24,3,2026,2,24,흐림,-0.3,41,-12.0,-4.8,0.0,0.0,0.0,0.0,3,1026.7,1022.5,100,0,100,100,,7.0,13,18.0,0.0,0.0,0.0,0.0
2026-02-24T04:00,2026-02-24,4,2026,2,24,약한 눈,-0.3,44,-11.1,-4.5,0.1,0.0,0.07,0.0,71,1025.9,1021.7,100,0,100,100,,5.5,58,13.7,0.0,0.0,0.0,0.0
2026-02-24T05:00,2026-02-24,5,2026,2,24,약한 눈,-0.6,49,-10.1,-4.5,0.1,0.0,0.07,0.0,71,1025.3,1021.1,100,0,100,100,,4.3,73,12.6,0.0,0.0,0.0,0.0
2026-02-24T06:00,2026-02-24,6,2026,2,24,약한 눈,-0.6,55,-8.6,-4.0,0.1,0.0,0.07,0.0,71,1025.7,1021.5,100,0,100,58,,1.8,127,7.9,0.0,0.0,0.0,0.0
2026-02-24T07:00,2026-02-24,7,2026,2,24,약한 눈,-0.9,57,-8.3,-4.2,0.2,0.0,0.14,0.0,71,1026.6,1022.4,100,0,100,100,,1.5,201,3.6,0.0,0.0,0.0,0.0
2026-02-24T08:00,2026-02-24,8,2026,2,24,약한 눈,-0.9,58,-8.1,-4.2,0.2,0.0,0.14,0.0,71,1027.5,1023.3,100,0,100,100,,1.3,225,5.0,5.0,0.0,5.0,0.0
2026-02-24T09:00,2026-02-24,9,2026,2,24,보통 눈,-0.2,57,-7.6,-3.7,0.3,0.0,0.21,0.0,73,1027.2,1023.0,100,0,100,100,,3.2,3,8.3,27.0,0.0,27.0,0.0
2026-02-24T10:00,2026-02-24,10,2026,2,24,약한 눈,0.0,57,-7.6,-3.8,0.1,0.0,0.07,0.0,71,1026.8,1022.6,100,0,100,100,,5.2,14,12.2,63.0,0.0,63.0,0.0
2026-02-24T11:00,2026-02-24,11,2026,2,24,약한 눈,0.5,57,-7.0,-3.0,0.1,0.0,0.07,0.01,71,1026.9,1022.7,100,0,100,100,,3.8,41,13.3,110.0,0.0,110.0,0.0
2026-02-24T12:00,2026-02-24,12,2026,2,24,약한 눈,1.6,56,-6.3,-1.9,0.1,0.0,0.07,0.01,71,1026.5,1022.3,100,0,100,93,,4.1,56,13.0,219.0,7.0,212.0,0.0
2026-02-24T13:00,2026-02-24,13,2026,2,24,흐림,2.7,52,-6.2,-0.9,0.0,0.0,0.0,0.01,3,1026.0,1021.8,100,0,100,100,,4.5,61,14.8,311.0,34.0,277.0,0.0
2026-02-24T14:00,2026-02-24,14,2026,2,24,흐림,3.1,52,-5.9,-0.4,0.0,0.0,0.0,0.01,3,1025.3,1021.1,100,0,100,100,,4.6,42,14.8,255.0,20.0,235.0,0.0
2026-02-24T15:00,2026-02-24,15,2026,2,24,흐림,3.5,49,-6.2,0.2,0.0,0.0,0.0,0.0,3,1024.8,1020.6,100,0,100,100,,2.9,47,14.4,264.0,31.0,233.0,0.0
2026-02-24T16:00,2026-02-24,16,2026,2,24,흐림,4.0,50,-5.7,0.6,0.0,0.0,0.0,0.0,3,1024.3,1020.1,100,0,81,100,,3.4,43,12.6,248.0,33.0,215.0,228.38
2026-02-24T17:00,2026-02-24,17,2026,2,24,흐림,4.0,49,-5.8,0.8,0.0,0.0,0.0,0.0,3,1024.6,1020.4,93,0,1,93,,2.3,29,11.5,176.0,36.0,140.0,1417.42
2026-02-24T18:00,2026-02-24,18,2026,2,24,맑음,3.1,61,-3.8,0.3,0.0,0.0,0.0,0.0,0,1024.6,1020.4,6,0,0,6,,1.1,9,7.2,78.0,16.0,62.0,1325.34
2026-02-24T19:00,2026-02-24,19,2026,2,24,맑음,1.5,59,-5.5,-1.6,0.0,0.0,0.0,0.0,0,1024.6,1020.4,0,0,0,0,,2.3,342,3.2,3.0,1.0,2.0,0.0
2026-02-24T20:00,2026-02-24,20,2026,2,24,맑음,0.7,61,-5.9,-2.7,0.0,0.0,0.0,0.0,0,1025.0,1020.8,0,0,0,0,,3.2,357,5.0,0.0,0.0,0.0,0.0
2026-02-24T21:00,2026-02-24,21,2026,2,24,맑음,-1.1,73,-5.4,-4.8,0.0,0.0,0.0,0.0,0,1025.6,1021.4,0,0,0,0,,5.6,29,7.2,0.0,0.0,0.0,0.0
2026-02-24T22:00,2026-02-24,22,2026,2,24,맑음,-0.9,68,-6.2,-4.7,0.0,0.0,0.0,0.0,0,1025.5,1021.3,0,0,0,0,,5.9,45,10.1,0.0,0.0,0.0,0.0
2026-02-24T23:00,2026-02-24,23,2026,2,24,맑음,-0.8,62,-7.1,-4.8,0.0,0.0,0.0,0.0,0,1025.2,1021.0,0,0,0,0,,6.7,44,12.2,0.0,0.0,0.0,0.0
2026-02-25T00:00,2026-02-25,0,2026,2,25,맑음,-1.2,63,-7.3,-5.1,0.0,0.0,0.0,0.0,0,1025.0,1020.8,0,0,0,0,,5.8,39,11.9,0.0,0.0,0.0,0.0
2026-02-25T01:00,2026-02-25,1,2026,2,25,맑음,-1.4,63,-7.6,-5.2,0.0,0.0,0.0,0.0,0,1024.5,1020.3,0,0,0,0,,5.9,43,9.7,0.0,0.0,0.0,0.0
2026-02-25T02:00,2026-02-25,2,2026,2,25,맑음,-1.5,62,-7.8,-5.4,0.0,0.0,0.0,0.0,0,1024.4,1020.2,0,0,0,0,,5.8,30,9.4,0.0,0.0,0.0,0.0
2026-02-25T03:00,2026-02-25,3,2026,2,25,맑음,-1.6,62,-7.9,-5.6,0.0,0.0,0.0,0.0,0,1024.0,1019.8,0,0,0,0,,6.4,25,9.4,0.0,0.0,0.0,0.0
2026-02-25T04:00,2026-02-25,4,2026,2,25,맑음,-1.5,61,-8.1,-5.4,0.0,0.0,0.0,0.0,0,1023.9,1019.7,0,0,0,0,,5.9,20,10.8,0.0,0.0,0.0,0.0
2026-02-25T05:00,2026-02-25,5,2026,2,25,맑음,-1.6,62,-7.9,-5.6,0.0,0.0,0.0,0.0,0,1024.0,1019.8,0,0,0,0,,5.7,24,10.4,0.0,0.0,0.0,0.0
2026-02-25T06:00,2026-02-25,6,2026,2,25,맑음,-1.9,63,-7.9,-5.7,0.0,0.0,0.0,0.0,0,1024.1,1019.9,0,0,0,0,,5.5,41,10.1,0.0,0.0,0.0,0.0
2026-02-25T07:00,2026-02-25,7,2026,2,25,맑음,-2.0,65,-7.8,-5.8,0.0,0.0,0.0,0.0,0,1024.0,1019.8,0,0,0,0,,5.1,72,9.0,0.0,0.0,0.0,0.0
2026-02-25T08:00,2026-02-25,8,2026,2,25,맑음,-0.9,61,-7.5,-4.9,0.0,0.0,0.0,0.0,0,1024.4,1020.2,0,0,0,0,,6.4,79,10.8,33.0,14.0,19.0,2746.95
2026-02-25T09:00,2026-02-25,9,2026,2,25,맑음,0.9,48,-9.1,-3.4,0.0,0.0,0.0,0.0,0,1025.0,1020.8,0,0,0,0,,7.2,102,13.0,192.0,121.0,71.0,3600.0
2026-02-25T10:00,2026-02-25,10,2026,2,25,맑음,4.7,36,-9.2,0.5,0.0,0.0,0.0,0.0,0,1024.8,1020.7,0,0,0,0,,6.3,93,17.6,380.0,282.0,98.0,3600.0
2026-02-25T11:00,2026-02-25,11,2026,2,25,맑음,7.9,27,-9.9,3.5,0.0,0.0,0.0,0.0,0,1024.8,1020.7,0,0,0,0,,7.7,91,21.2,542.0,428.0,114.0,3600.0
2026-02-25T12:00,2026-02-25,12,2026,2,25,맑음,9.9,23,-10.2,6.1,0.0,0.0,0.0,0.0,0,1024.4,1020.3,0,0,0,0,,8.5,88,24.1,652.0,530.0,122.0,3600.0
2026-02-25T13:00,2026-02-25,13,2026,2,25,맑음,10.9,27,-7.6,7.9,0.0,0.0,0.0,0.0,0,1023.6,1019.5,0,0,0,0,,6.7,92,23.4,701.0,576.0,125.0,3600.0
2026-02-25T14:00,2026-02-25,14,2026,2,25,맑음,11.6,28,-6.2,8.5,0.0,0.0,0.0,0.0,0,1022.6,1018.6,0,0,0,0,,6.4,100,19.8,685.0,561.0,124.0,3600.0
2026-02-25T15:00,2026-02-25,15,2026,2,25,맑음,11.8,31,-4.8,8.6,0.0,0.0,0.0,0.0,0,1022.3,1018.3,0,0,0,0,,4.9,94,18.0,604.0,486.0,118.0,3600.0
2026-02-25T16:00,2026-02-25,16,2026,2,25,맑음,12.1,32,-4.2,8.9,0.0,0.0,0.0,0.0,0,1022.0,1018.0,0,0,0,0,,4.0,93,14.0,465.0,360.0,105.0,3600.0
2026-02-25T17:00,2026-02-25,17,2026,2,25,맑음,11.6,47,0.6,9.5,0.0,0.0,0.0,0.0,0,1021.8,1017.8,0,0,0,0,,0.4,153,10.1,289.0,203.0,86.0,3600.0
2026-02-25T18:00,2026-02-25,18,2026,2,25,맑음,8.8,43,-3.1,6.2,0.0,0.0,0.0,0.0,0,1021.9,1017.8,0,0,0,0,,0.6,18,1.4,105.0,57.0,48.0,3600.0
2026-02-25T19:00,2026-02-25,19,2026,2,25,맑음,5.8,51,-3.4,2.6,0.0,0.0,0.0,0.0,0,1022.4,1018.3,0,0,0,0,,4.7,58,6.5,4.0,1.0,3.0,0.0
2026-02-25T20:00,2026-02-25,20,2026,2,25,맑음,5.2,58,-2.5,0.9,0.0,0.0,0.0,0.0,0,1022.8,1018.7,0,0,0,0,,12.1,93,20.9,0.0,0.0,0.0,0.0
2026-02-25T21:00,2026-02-25,21,2026,2,25,맑음,6.7,54,-2.0,2.4,0.0,0.0,0.0,0.0,0,1023.0,1018.9,0,0,0,0,,13.0,90,25.2,0.0,0.0,0.0,0.0
2026-02-25T22:00,2026-02-25,22,2026,2,25,맑음,5.5,60,-1.5,1.3,0.0,0.0,0.0,0.0,0,1023.5,1019.4,0,0,0,0,,12.4,93,26.3,0.0,0.0,0.0,0.0
2026-02-25T23:00,2026-02-25,23,2026,2,25,맑음,4.6,66,-1.2,0.7,0.0,0.0,0.0,0.0,0,1023.6,1019.5,0,0,0,0,,10.8,100,23.8,0.0,0.0,0.0,0.0
2026-02-26T00:00,2026-02-26,0,2026,2,26,맑음,3.6,71,-1.1,-0.0,0.0,0.0,0.0,0.0,0,1023.5,1019.3,0,0,0,0,,9.0,110,20.5,0.0,0.0,0.0,0.0
2026-02-26T01:00,2026-02-26,1,2026,2,26,맑음,2.6,76,-1.2,-0.8,0.0,0.0,0.0,0.0,0,1023.6,1019.4,0,0,0,0,,7.4,104,16.9,0.0,0.0,0.0,0.0
2026-02-26T02:00,2026-02-26,2,2026,2,26,맑음,1.2,82,-1.5,-1.8,0.0,0.0,0.0,0.0,0,1023.7,1019.5,0,0,0,0,,5.1,98,13.7,0.0,0.0,0.0,0.0
2026-02-26T03:00,2026-02-26,3,2026,2,26,맑음,0.4,83,-2.2,-2.6,0.0,0.0,0.0,0.0,0,1023.7,1019.5,0,0,0,0,,4.3,73,8.6,0.0,0.0,0.0,0.0
2026-02-26T04:00,2026-02-26,4,2026,2,26,맑음,0.7,82,-2.0,-2.6,0.0,0.0,0.0,0.0,0,1023.8,1019.6,3,0,0,3,,6.4,80,11.2,0.0,0.0,0.0,0.0
2026-02-26T05:00,2026-02-26,5,2026,2,26,맑음,0.2,83,-2.3,-3.6,0.0,0.0,0.0,0.0,0,1023.5,1019.3,7,0,0,7,,9.6,95,17.6,0.0,0.0,0.0,0.0
2026-02-26T06:00,2026-02-26,6,2026,2,26,부분적으로 흐림,-0.2,84,-2.6,-4.2,0.0,0.0,0.0,0.0,2,1022.9,1018.7,54,0,0,54,,10.3,94,20.5,0.0,0.0,0.0,0.0
2026-02-26T07:00,2026-02-26,7,2026,2,26,흐림,-0.6,85,-2.8,-4.4,0.0,0.0,0.0,0.0,3,1022.8,1018.6,98,0,0,98,,8.9,99,20.2,0.0,0.0,0.0,0.0
2026-02-26T08:00,2026-02-26,8,2026,2,26,흐림,-0.1,83,-2.7,-3.9,0.0,0.0,0.0,0.0,3,1022.7,1018.5,100,0,0,100,,9.2,93,18.4,33.0,12.0,21.0,2164.57
2026-02-26T09:00,2026-02-26,9,2026,2,26,흐림,1.7,80,-1.4,-1.8,0.0,0.0,0.0,0.0,3,1023.2,1019.0,100,0,0,100,,8.3,88,18.4,164.0,58.0,106.0,3600.0
2026-02-26T10:00,2026-02-26,10,2026,2,26,흐림,4.8,67,-0.9,1.9,0.0,0.0,0.0,0.0,3,1023.2,1019.1,100,0,0,100,,4.2,83,16.2,328.0,163.0,165.0,3600.0
2026-02-26T11:00,2026-02-26,11,2026,2,26,흐림,7.3,57,-0.6,4.6,0.0,0.0,0.0,0.0,3,1022.8,1018.7,100,0,0,100,,3.6,84,14.8,447.0,221.0,226.0,3600.0
2026-02-26T12:00,2026-02-26,12,2026,2,26,흐림,9.3,49,-0.8,6.6,0.0,0.0,0.0,0.0,3,1021.4,1017.3,100,0,0,100,,4.5,85,16.9,577.0,355.0,222.0,3600.0
2026-02-26T13:00,2026-02-26,13,2026,2,26,흐림,10.4,45,-0.9,7.9,0.0,0.0,0.0,0.0,3,1019.8,1015.8,100,0,0,100,,3.2,106,16.6,584.0,310.0,274.0,3600.0
2026-02-26T14:00,2026-02-26,14,2026,2,26,흐림,10.9,45,-0.6,8.2,0.0,0.0,0.0,0.0,3,1018.4,1014.4,100,0,0,100,,3.4,106,14.4,513.0,197.0,316.0,3600.0
2026-02-26T15:00,2026-02-26,15,2026,2,26,흐림,10.4,46,-0.6,7.9,0.0,0.0,0.0,0.0,3,1018.2,1014.2,100,0,91,100,,2.0,117,14.0,371.0,81.0,290.0,2188.61
2026-02-26T16:00,2026-02-26,16,2026,2,26,흐림,10.4,48,-0.3,7.9,0.0,0.0,0.0,0.0,3,1018.2,1014.2,100,0,92,100,,2.2,24,7.6,203.0,14.0,189.0,0.0
2026-02-26T17:00,2026-02-26,17,2026,2,26,흐림,10.1,55,1.5,7.9,0.0,0.0,0.0,0.0,3,1018.1,1014.1,99,0,99,88,,2.1,52,7.6,118.0,3.0,115.0,0.0
2026-02-26T18:00,2026-02-26,18,2026,2,26,흐림,8.9,63,2.3,6.8,0.0,0.0,0.0,0.0,3,1017.8,1013.7,100,0,100,86,,2.9,47,6.5,77.0,12.0,65.0,436.73
2026-02-26T19:00,2026-02-26,19,2026,2,26,흐림,7.2,67,1.4,4.5,0.0,0.0,0.0,0.0,3,1018.0,1013.9,100,0,100,100,,5.0,26,7.2,4.0,0.0,4.0,0.0
2026-02-26T20:00,2026-02-26,20,2026,2,26,흐림,6.9,68,1.5,4.4,0.0,0.0,0.0,0.0,3,1018.2,1014.1,100,0,77,99,,4.7,28,8.6,0.0,0.0,0.0,0.0
2026-02-26T21:00,2026-02-26,21,2026,2,26,흐림,6.3,69,1.0,4.3,0.0,0.0,0.0,0.0,3,1018.3,1014.2,100,0,100,100,,0.4,63,7.9,0.0,0.0,0.0,0.0
2026-02-26T22:00,2026-02-26,22,2026,2,26,흐림,6.2,73,1.7,3.8,0.0,0.0,0.0,0.0,3,1018.2,1014.1,100,0,100,100,,3.8,17,6.5,0.0,0.0,0.0,0.0
2026-02-26T23:00,2026-02-26,23,2026,2,26,흐림,5.6,78,2.1,3.2,0.0,0.0,0.0,0.0,3,1017.8,1013.7,99,5,98,95,,4.0,54,6.8,0.0,0.0,0.0,0.0
2026-02-27T00:00,2026-02-27,0,2026,2,27,흐림,5.4,78,2.0,2.8,0.0,0.0,0.0,0.0,3,1018.1,1014.0,100,5,100,95,,5.9,92,10.8,0.0,0.0,0.0,0.0
2026-02-27T01:00,2026-02-27,1,2026,2,27,흐림,5.3,78,1.9,2.7,0.0,0.0,0.0,0.0,3,1018.1,1014.0,95,6,1,94,,5.4,82,10.8,0.0,0.0,0.0,0.0
2026-02-27T02:00,2026-02-27,2,2026,2,27,흐림,4.2,83,1.5,1.4,0.0,0.0,0.0,0.0,3,1018.1,1014.0,100,11,22,100,,6.2,80,11.2,0.0,0.0,0.0,0.0
2026-02-27T03:00,2026-02-27,3,2026,2,27,부분적으로 흐림,4.1,83,1.5,0.9,0.0,0.0,0.0,0.0,2,1017.8,1013.7,69,4,9,64,,9.1,65,13.7,0.0,0.0,0.0,0.0
2026-02-27T04:00,2026-02-27,4,2026,2,27,맑음,4.2,83,1.5,0.9,0.0,0.0,0.0,0.0,0,1017.1,1013.0,15,0,10,5,,10.1,79,18.7,0.0,0.0,0.0,0.0
2026-02-27T05:00,2026-02-27,5,2026,2,27,흐림,4.2,83,1.6,0.4,0.0,0.0,0.0,0.0,3,1016.8,1012.7,98,0,0,98,,13.0,92,24.5,0.0,0.0,0.0,0.0
2026-02-27T06:00,2026-02-27,6,2026,2,27,흐림,4.2,83,1.6,0.3,0.0,0.0,0.0,0.0,3,1016.4,1012.3,97,0,0,97,,13.9,91,27.4,0.0,0.0,0.0,0.0
2026-02-27T07:00,2026-02-27,7,2026,2,27,흐림,4.1,83,1.5,0.3,0.0,0.0,0.0,0.0,3,1016.5,1012.4,88,0,0,88,,13.0,90,27.4,0.0,0.0,0.0,0.0
2026-02-27T08:00,2026-02-27,8,2026,2,27,부분적으로 흐림,4.4,81,1.5,1.0,0.0,0.0,0.0,0.0,2,1017.3,1013.2,74,0,0,74,,10.6,81,25.6,34.0,12.0,22.0,2118.46
2026-02-27T09:00,2026-02-27,9,2026,2,27,부분적으로 흐림,6.4,73,2.0,3.5,0.0,0.0,0.0,0.0,2,1017.4,1013.3,71,0,0,71,,7.8,38,21.2,182.0,102.0,80.0,3600.0
2026-02-27T10:00,2026-02-27,10,2026,2,27,대체로 맑음,8.4,63,1.9,5.2,0.0,0.0,0.0,0.0,1,1017.5,1013.4,34,4,0,32,,9.7,51,23.8,359.0,244.0,115.0,3600.0
2026-02-27T11:00,2026-02-27,11,2026,2,27,대체로 맑음,9.9,57,1.9,6.7,0.0,0.0,0.0,0.0,1,1017.4,1013.4,20,9,0,11,,9.7,61,24.8,514.0,380.0,134.0,3600.0
2026-02-27T12:00,2026-02-27,12,2026,2,27,맑음,11.1,53,1.9,8.4,0.0,0.0,0.0,0.0,0,1017.0,1013.0,16,16,2,0,,7.9,63,25.2,603.0,442.0,161.0,3600.0
2026-02-27T13:00,2026-02-27,13,2026,2,27,흐림,11.9,50,1.9,9.2,0.0,0.0,0.0,0.0,3,1016.7,1012.7,100,100,66,0,,6.1,32,22.0,550.0,287.0,263.0,3600.0
2026-02-27T14:00,2026-02-27,14,2026,2,27,부분적으로 흐림,11.4,50,1.5,8.2,0.0,0.0,0.0,0.0,2,1015.4,1011.4,53,53,0,0,,9.4,78,22.7,277.0,39.0,238.0,0.0
2026-02-27T15:00,2026-02-27,15,2026,2,27,대체로 맑음,12.1,47,1.2,8.9,0.0,0.0,0.0,0.0,1,1014.8,1010.8,38,38,0,0,,8.9,72,24.5,532.0,355.0,177.0,3600.0
2026-02-27T16:00,2026-02-27,16,2026,2,27,부분적으로 흐림,12.2,47,1.1,9.4,0.0,0.0,0.0,0.0,2,1014.8,1010.8,50,50,9,0,,6.5,60,21.2,388.0,228.0,160.0,3600.0
2026-02-27T17:00,2026-02-27,17,2026,2,27,대체로 맑음,11.7,48,1.1,9.0,0.0,0.0,0.0,0.0,1,1014.8,1010.8,41,40,20,0,,5.1,84,17.3,227.0,102.0,125.0,3600.0
2026-02-27T18:00,2026-02-27,18,2026,2,27,흐림,10.1,62,3.1,7.9,0.0,0.0,0.0,0.0,3,1015.4,1011.4,100,100,3,0,,3.8,95,12.2,95.0,38.0,57.0,3600.0
2026-02-27T19:00,2026-02-27,19,2026,2,27,대체로 맑음,9.1,63,2.3,6.4,0.0,0.0,0.0,0.0,1,1016.2,1012.1,44,44,1,0,,6.5,24,11.2,3.0,0.0,3.0,0.0
2026-02-27T20:00,2026-02-27,20,2026,2,27,맑음,7.2,67,1.5,4.2,0.0,0.0,0.0,0.0,0,1017.3,1013.2,6,6,0,0,,7.8,37,16.9,0.0,0.0,0.0,0.0
2026-02-27T21:00,2026-02-27,21,2026,2,27,맑음,6.6,64,0.3,3.1,0.0,0.0,0.0,0.0,0,1017.7,1013.6,0,0,0,0,,9.3,49,14.8,0.0,0.0,0.0,0.0
2026-02-27T22:00,2026-02-27,22,2026,2,27,맑음,5.9,69,0.6,2.8,0.0,0.0,0.0,0.0,0,1018.3,1014.2,0,0,0,0,,7.6,68,17.6,0.0,0.0,0.0,0.0
2026-02-27T23:00,2026-02-27,23,2026,2,27,맑음,5.1,74,0.9,1.9,0.0,0.0,0.0,0.0,0,1018.6,1014.5,0,0,0,0,,7.6,83,15.1,0.0,0.0,0.0,0.0
2026-02-28T00:00,2026-02-28,0,2026,2,28,맑음,3.5,82,0.7,0.8,0.0,0.0,0.0,0.0,0,1018.8,1014.7,0,0,0,0,,4.8,77,14.0,0.0,0.0,0.0,0.0
2026-02-28T01:00,2026-02-28,1,2026,2,28,맑음,2.7,83,0.1,0.2,0.0,0.0,0.0,0.0,0,1019.6,1015.4,0,0,0,0,,2.4,48,7.9,0.0,0.0,0.0,0.0
2026-02-28T02:00,2026-02-28,2,2026,2,28,맑음,1.8,86,-0.2,-0.7,0.0,0.0,0.0,0.0,0,1020.1,1015.9,0,0,0,0,,2.1,52,4.0,0.0,0.0,0.0,0.0
2026-02-28T03:00,2026-02-28,3,2026,2,28,맑음,0.9,89,-0.7,-1.9,0.0,0.0,0.0,0.0,0,1020.3,1016.1,0,0,0,0,,4.0,72,4.7,0.0,0.0,0.0,0.0
2026-02-28T04:00,2026-02-28,4,2026,2,28,맑음,1.0,89,-0.6,-1.9,0.0,0.0,0.0,0.0,0,1020.5,1016.3,0,0,0,0,,4.8,79,8.3,0.0,0.0,0.0,0.0
2026-02-28T05:00,2026-02-28,5,2026,2,28,맑음,0.6,89,-0.9,-2.4,0.0,0.0,0.0,0.0,0,1020.9,1016.7,1,0,0,1,,5.3,78,9.4,0.0,0.0,0.0,0.0
2026-02-28T06:00,2026-02-28,6,2026,2,28,맑음,0.0,91,-1.4,-3.0,0.0,0.0,0.0,0.0,0,1021.4,1017.2,0,0,0,0,,4.7,88,9.7,0.0,0.0,0.0,0.0
2026-02-28T07:00,2026-02-28,7,2026,2,28,맑음,-0.4,92,-1.6,-3.5,0.0,0.0,0.0,0.0,0,1021.9,1017.7,0,0,0,0,,5.2,88,9.7,0.0,0.0,0.0,0.0
2026-02-28T08:00,2026-02-28,8,2026,2,28,맑음,0.1,91,-1.2,-3.3,0.0,0.0,0.0,0.0,0,1022.4,1018.2,0,0,0,0,,7.2,90,12.6,37.0,16.0,21.0,2990.66
2026-02-28T09:00,2026-02-28,9,2026,2,28,맑음,2.2,84,-0.2,-0.7,0.0,0.0,0.0,0.0,0,1023.1,1018.9,6,0,0,6,,5.6,112,14.4,195.0,120.0,75.0,3600.0
2026-02-28T10:00,2026-02-28,10,2026,2,28,맑음,5.5,71,0.8,3.0,0.0,0.0,0.0,0.0,0,1023.4,1019.3,6,0,0,6,,3.3,112,13.0,378.0,273.0,105.0,3600.0
2026-02-28T11:00,2026-02-28,11,2026,2,28,부분적으로 흐림,8.3,59,0.7,5.8,0.0,0.0,0.0,0.0,2,1023.0,1018.9,68,0,1,68,,3.4,106,14.4,535.0,413.0,122.0,3600.0
2026-02-28T12:00,2026-02-28,12,2026,2,28,맑음,10.2,53,0.9,8.4,0.0,0.0,0.0,0.0,0,1022.6,1018.5,0,0,0,0,,2.9,112,14.8,640.0,497.0,143.0,3600.0
2026-02-28T13:00,2026-02-28,13,2026,2,28,맑음,11.7,48,1.0,10.2,0.0,0.0,0.0,0.0,0,1021.8,1017.8,0,0,0,0,,3.6,110,15.8,697.0,564.0,133.0,3600.0
2026-02-28T14:00,2026-02-28,14,2026,2,28,대체로 맑음,12.6,44,0.7,10.9,0.0,0.0,0.0,0.0,1,1021.4,1017.4,47,0,0,47,,3.6,123,15.8,682.0,551.0,131.0,3600.0
2026-02-28T15:00,2026-02-28,15,2026,2,28,맑음,13.4,39,-0.4,10.8,0.0,0.0,0.0,0.0,0,1020.8,1016.8,15,0,1,15,,4.7,92,15.5,600.0,468.0,132.0,3600.0
2026-02-28T16:00,2026-02-28,16,2026,2,28,맑음,14.1,37,-0.6,11.1,0.0,0.0,0.0,0.0,0,1020.9,1016.9,5,0,2,5,,5.2,84,15.5,468.0,354.0,114.0,3600.0
2026-02-28T17:00,2026-02-28,17,2026,2,28,맑음,13.7,39,-0.1,10.7,0.0,0.0,0.0,0.0,0,1020.7,1016.7,3,0,0,3,,6.0,80,15.1,295.0,205.0,90.0,3600.0
2026-02-28T18:00,2026-02-28,18,2026,2,28,맑음,11.5,56,2.9,9.5,0.0,0.0,0.0,0.0,0,1020.8,1016.8,2,0,0,2,,2.8,75,13.7,112.0,61.0,51.0,3600.0
2026-02-28T19:00,2026-02-28,19,2026,2,28,흐림,9.9,55,1.4,7.9,0.0,0.0,0.0,0.0,3,1021.5,1017.4,100,0,0,100,,0.4,180,4.3,5.0,1.0,4.0,0.0
2026-02-28T20:00,2026-02-28,20,2026,2,28,대체로 맑음,7.7,63,1.1,5.5,0.0,0.0,0.0,0.0,1,1022.2,1018.1,26,0,0,26,,1.9,34,2.5,0.0,0.0,0.0,0.0
2026-02-28T21:00,2026-02-28,21,2026,2,28,맑음,5.8,71,1.0,3.2,0.0,0.0,0.0,0.0,0,1022.6,1018.5,10,0,0,10,,5.0,52,22.7,0.0,0.0,0.0,0.0
2026-02-28T22:00,2026-02-28,22,2026,2,28,흐림,6.8,68,1.2,3.9,0.0,0.0,0.0,0.0,3,1023.0,1018.9,91,2,0,91,,7.3,59,15.8,0.0,0.0,0.0,0.0
2026-02-28T23:00,2026-02-28,23,2026,2,28,흐림,6.8,67,1.0,2.8,0.0,0.0,0.0,0.0,3,1023.7,1019.6,100,0,0,100,,14.1,106,26.3,0.0,0.0,0.0,0.0
2026-03-01T00:00,2026-03-01,0,2026,3,1,흐림,5.9,71,1.0,2.1,0.0,0.0,0.0,0.0,3,1024.3,1020.2,100,0,13,100,,12.8,116,28.4,0.0,0.0,0.0,0.0
2026-03-01T01:00,2026-03-01,1,2026,3,1,흐림,5.2,75,1.0,1.6,0.0,0.0,0.0,0.0,3,1025.1,1021.0,100,0,11,100,,11.3,112,25.6,0.0,0.0,0.0,0.0
2026-03-01T02:00,2026-03-01,2,2026,3,1,흐림,4.3,79,1.0,0.9,0.0,0.0,0.0,0.0,3,1026.0,1021.8,100,0,9,100,,9.8,108,22.3,0.0,0.0,0.0,0.0
2026-03-01T03:00,2026-03-01,3,2026,3,1,흐림,4.2,79,0.8,0.8,0.0,0.0,0.0,0.0,3,1025.7,1021.5,100,0,38,100,,9.5,99,20.5,0.0,0.0,0.0,0.0
2026-03-01T04:00,2026-03-01,4,2026,3,1,흐림,4.2,78,0.8,0.5,0.0,0.0,0.0,0.0,3,1024.9,1020.7,100,0,77,100,,11.6,106,23.4,0.0,0.0,0.0,0.0
2026-03-01T05:00,2026-03-01,5,2026,3,1,흐림,4.1,78,0.6,0.5,0.0,0.0,0.0,0.0,3,1025.0,1020.8,100,0,100,100,,11.1,103,23.8,0.0,0.0,0.0,0.0
2026-03-01T06:00,2026-03-01,6,2026,3,1,흐림,3.8,80,0.6,0.2,0.0,0.0,0.0,0.0,3,1024.6,1020.4,100,0,100,100,,11.1,97,22.0,0.0,0.0,0.0,0.0
2026-03-01T07:00,2026-03-01,7,2026,3,1,흐림,3.8,80,0.6,0.4,0.0,0.0,0.0,0.0,3,1024.6,1020.4,100,0,95,98,,9.7,87,22.3,0.0,0.0,0.0,0.0
2026-03-01T08:00,2026-03-01,8,2026,3,1,흐림,4.1,79,0.9,0.8,0.0,0.0,0.0,0.0,3,1025.4,1021.2,98,5,96,54,,9.0,85,19.1,27.0,2.0,25.0,0.0
2026-03-01T09:00,2026-03-01,9,2026,3,1,흐림,5.2,74,1.0,2.2,0.0,0.0,0.0,0.0,3,1025.8,1021.7,100,20,100,96,,7.2,62,18.0,139.0,32.0,107.0,1819.68
2026-03-01T10:00,2026-03-01,10,2026,3,1,대체로 맑음,7.3,66,1.4,4.0,0.0,0.0,0.0,0.0,1,1025.5,1021.4,33,0,13,23,,9.8,98,22.7,257.0,79.0,178.0,3600.0
2026-03-01T11:00,2026-03-01,11,2026,3,1,흐림,9.6,56,1.4,6.0,0.0,0.0,0.0,0.0,3,1025.0,1020.9,97,0,25,96,,11.7,93,28.4,511.0,353.0,158.0,3600.0
2026-03-01T12:00,2026-03-01,12,2026,3,1,흐림,10.8,53,1.6,7.6,0.0,0.0,0.0,0.0,3,1024.9,1020.8,95,0,94,5,,8.8,78,28.4,552.0,304.0,248.0,3600.0
2026-03-01T13:00,2026-03-01,13,2026,3,1,흐림,11.6,50,1.5,8.6,0.0,0.0,0.0,0.0,3,1024.4,1020.4,99,0,99,0,,8.3,91,23.8,515.0,209.0,306.0,3600.0
2026-03-01T14:00,2026-03-01,14,2026,3,1,흐림,11.6,48,1.1,8.6,0.0,0.0,0.0,0.0,3,1024.1,1020.1,100,1,100,99,,7.4,104,22.7,319.0,26.0,293.0,0.0
2026-03-01T15:00,2026-03-01,15,2026,3,1,흐림,11.6,47,0.6,8.7,0.0,0.0,0.0,0.0,3,1023.8,1019.8,100,60,100,100,,6.2,75,19.1,109.0,0.0,109.0,0.0
2026-03-01T16:00,2026-03-01,16,2026,3,1,흐림,10.9,48,0.4,7.6,0.0,0.0,0.0,0.0,3,1023.3,1019.2,100,0,100,100,,8.7,43,19.8,166.0,16.0,150.0,0.0
2026-03-01T17:00,2026-03-01,17,2026,3,1,흐림,9.6,61,2.5,6.8,0.0,0.0,0.0,0.0,3,1023.7,1019.6,100,0,100,100,,7.6,4,19.1,56.0,0.0,56.0,0.0
2026-03-01T18:00,2026-03-01,18,2026,3,1,약한 이슬비,8.6,71,3.7,5.7,0.1,0.1,0.0,0.0,51,1023.5,1019.4,100,0,100,100,,9.9,22,19.1,25.0,0.0,25.0,0.0
2026-03-01T19:00,2026-03-01,19,2026,3,1,흐림,7.8,74,3.5,4.7,0.0,0.0,0.0,0.0,3,1023.8,1019.7,100,0,100,100,,10.8,54,20.9,1.0,0.0,1.0,0.0
2026-03-01T20:00,2026-03-01,20,2026,3,1,흐림,7.2,73,2.8,3.9,0.0,0.0,0.0,0.0,3,1024.3,1020.2,100,11,100,100,,11.1,74,22.0,0.0,0.0,0.0,0.0
2026-03-01T21:00,2026-03-01,21,2026,3,1,흐림,6.6,78,3.0,3.7,0.0,0.0,0.0,0.0,3,1024.4,1020.3,100,2,100,100,,8.9,65,23.0,0.0,0.0,0.0,0.0
2026-03-01T22:00,2026-03-01,22,2026,3,1,약한 이슬비,6.5,78,2.8,3.2,0.1,0.1,0.0,0.0,51,1024.2,1020.1,100,0,100,100,,11.2,80,21.2,0.0,0.0,0.0,0.0
2026-03-01T23:00,2026-03-01,23,2026,3,1,약한 이슬비,6.1,77,2.5,2.4,0.1,0.1,0.0,0.0,51,1024.0,1019.9,100,2,100,100,,13.6,85,25.6,0.0,0.0,0.0,0.0
2026-03-02T00:00,2026-03-02,0,2026,3,2,흐림,5.6,78,2.1,1.6,0.0,0.0,0.0,0.0,3,1023.8,1019.7,100,9,100,100,,14.6,81,29.9,0.0,0.0,0.0,0.0
2026-03-02T01:00,2026-03-02,1,2026,3,2,흐림,5.3,79,2.0,1.8,0.0,0.0,0.0,0.0,3,1024.1,1020.0,100,30,100,100,,11.9,88,28.8,0.0,0.0,0.0,0.0
2026-03-02T02:00,2026-03-02,2,2026,3,2,흐림,5.2,79,1.8,1.7,0.0,0.0,0.0,0.0,3,1024.5,1020.4,100,16,100,100,,11.5,81,23.8,0.0,0.0,0.0,0.0
2026-03-02T03:00,2026-03-02,3,2026,3,2,약한 이슬비,5.8,72,1.1,1.9,0.1,0.1,0.0,0.0,51,1023.4,1019.3,100,0,100,100,,13.1,67,26.6,0.0,0.0,0.0,0.0
2026-03-02T04:00,2026-03-02,4,2026,3,2,약한 이슬비,5.4,75,1.3,1.3,0.1,0.1,0.0,0.0,51,1022.7,1018.6,100,1,100,100,,15.0,69,29.9,0.0,0.0,0.0,0.0
2026-03-02T05:00,2026-03-02,5,2026,3,2,흐림,5.3,76,1.4,1.2,0.0,0.0,0.0,0.0,3,1022.4,1018.3,100,1,100,100,,15.6,78,31.7,0.0,0.0,0.0,0.0
2026-03-02T06:00,2026-03-02,6,2026,3,2,약한 이슬비,5.2,77,1.5,1.0,0.1,0.1,0.0,0.0,51,1022.2,1018.1,100,5,100,100,,15.6,79,31.7,0.0,0.0,0.0,0.0
2026-03-02T07:00,2026-03-02,7,2026,3,2,약한 이슬비,5.0,78,1.5,0.8,0.2,0.2,0.0,0.0,51,1022.1,1018.0,100,4,100,100,,15.8,75,31.7,0.0,0.0,0.0,0.0
2026-03-02T08:00,2026-03-02,8,2026,3,2,약한 이슬비,4.8,79,1.5,0.4,0.4,0.4,0.0,0.0,51,1022.5,1018.4,100,2,100,100,,17.5,76,34.9,7.0,0.0,7.0,0.0
2026-03-02T09:00,2026-03-02,9,2026,3,2,보통 이슬비,4.4,88,2.7,0.3,0.5,0.5,0.0,0.0,53,1023.0,1018.9,100,13,100,100,,16.3,77,34.9,24.0,0.0,24.0,0.0
2026-03-02T10:00,2026-03-02,10,2026,3,2,약한 비,3.8,93,2.8,-0.6,1.4,1.4,0.0,0.0,61,1022.8,1018.6,100,52,100,100,,19.2,75,36.7,32.0,0.0,32.0,0.0
2026-03-02T11:00,2026-03-02,11,2026,3,2,약한 비,3.5,94,2.7,-0.6,1.3,1.3,0.0,0.0,61,1022.9,1018.7,100,53,100,100,,16.7,73,37.1,62.0,0.0,62.0,0.0
2026-03-02T12:00,2026-03-02,12,2026,3,2,강한 이슬비,3.5,95,2.8,-0.7,1.0,1.0,0.0,0.0,55,1022.3,1018.1,100,55,100,100,,17.3,67,33.8,98.0,0.0,98.0,0.0
2026-03-02T13:00,2026-03-02,13,2026,3,2,보통 이슬비,4.3,89,2.7,-0.2,0.6,0.6,0.0,0.0,53,1021.4,1017.3,100,55,100,100,,19.4,72,37.8,138.0,1.0,137.0,0.0
2026-03-02T14:00,2026-03-02,14,2026,3,2,보통 이슬비,4.0,91,2.7,-0.5,0.7,0.7,0.0,0.0,53,1021.0,1016.9,100,39,100,100,,18.9,76,37.4,93.0,0.0,93.0,0.0
2026-03-02T15:00,2026-03-02,15,2026,3,2,보통 이슬비,3.8,93,2.7,-0.8,0.8,0.8,0.0,0.0,53,1020.1,1016.0,100,27,100,99,,19.4,77,38.9,100.0,1.0,99.0,0.0
2026-03-02T16:00,2026-03-02,16,2026,3,2,보통 이슬비,3.6,93,2.5,-1.0,0.8,0.8,0.0,0.0,53,1019.8,1015.7,100,26,100,100,,20.0,75,38.5,48.0,0.0,48.0,0.0
2026-03-02T17:00,2026-03-02,17,2026,3,2,보통 이슬비,3.3,92,2.2,-1.4,0.8,0.8,0.0,0.0,53,1019.5,1015.4,100,1,100,100,,20.7,75,40.0,50.0,0.0,50.0,0.0
2026-03-02T18:00,2026-03-02,18,2026,3,2,보통 이슬비,3.0,91,1.6,-1.7,0.5,0.5,0.0,0.0,53,1019.7,1015.5,100,41,100,100,,19.0,73,40.0,34.0,0.0,34.0,0.0
2026-03-02T19:00,2026-03-02,19,2026,3,2,보통 이슬비,2.5,92,1.3,-1.9,0.5,0.5,0.0,0.0,53,1020.2,1016.0,100,27,100,100,,17.1,68,36.4,1.0,0.0,1.0,0.0
2026-03-02T20:00,2026-03-02,20,2026,3,2,보통 이슬비,2.0,94,1.1,-2.0,0.7,0.7,0.0,0.0,53,1021.0,1016.8,100,80,100,92,,13.5,67,32.8,0.0,0.0,0.0,0.0
2026-03-02T21:00,2026-03-02,21,2026,3,2,보통 눈,1.8,96,1.2,-2.4,1.0,0.6,0.28,0.0,73,1021.2,1017.0,100,57,100,100,,15.0,63,25.9,0.0,0.0,0.0,0.0
2026-03-02T22:00,2026-03-02,22,2026,3,2,약한 눈,1.6,96,1.0,-2.4,0.8,0.7,0.07,0.0,71,1021.7,1017.5,100,68,100,83,,14.3,56,28.1,0.0,0.0,0.0,0.0
2026-03-02T23:00,2026-03-02,23,2026,3,2,약한 눈,1.6,95,0.9,-2.1,0.7,0.5,0.14,0.0,71,1021.5,1017.3,100,76,100,0,,12.1,48,27.0,0.0,0.0,0.0,0.0
2026-03-03T00:00,2026-03-03,0,2026,3,3,보통 이슬비,1.5,96,0.9,-1.8,0.5,0.5,0.0,0.0,53,1022.1,1017.9,100,89,100,0,,8.7,27,22.0,0.0,0.0,0.0,0.0
2026-03-03T01:00,2026-03-03,1,2026,3,3,약한 이슬비,1.4,96,0.9,-1.9,0.3,0.3,0.0,0.0,51,1022.1,1017.9,100,76,100,0,,8.7,14,16.2,0.0,0.0,0.0,0.0
2026-03-03T02:00,2026-03-03,2,2026,3,3,약한 이슬비,1.4,96,0.9,-1.9,0.1,0.1,0.0,0.0,51,1022.2,1018.0,100,90,100,0,,9.1,7,16.9,0.0,0.0,0.0,0.0
2026-03-03T03:00,2026-03-03,3,2026,3,3,약한 이슬비,1.0,98,0.8,-2.4,0.1,0.1,0.0,0.0,51,1022.4,1018.2,100,98,100,0,,10.1,17,17.3,0.0,0.0,0.0,0.0
2026-03-03T04:00,2026-03-03,4,2026,3,3,약한 눈,1.0,97,0.6,-2.7,0.3,0.2,0.07,0.0,71,1022.0,1017.8,100,79,100,0,,11.5,23,20.9,0.0,0.0,0.0,0.0
2026-03-03T05:00,2026-03-03,5,2026,3,3,약한 이슬비,1.4,93,0.3,-2.3,0.1,0.1,0.0,0.0,51,1022.1,1017.9,100,76,100,0,,10.5,24,20.9,0.0,0.0,0.0,0.0
2026-03-03T06:00,2026-03-03,6,2026,3,3,흐림,1.5,91,0.2,-1.9,0.0,0.0,0.0,0.0,3,1022.5,1018.3,100,69,100,0,,9.0,16,18.7,0.0,0.0,0.0,0.0
2026-03-03T07:00,2026-03-03,7,2026,3,3,흐림,1.6,88,-0.1,-1.8,0.0,0.0,0.0,0.0,3,1022.6,1018.4,100,98,100,0,,8.9,18,16.2,0.0,0.0,0.0,0.0
2026-03-03T08:00,2026-03-03,8,2026,3,3,흐림,2.2,84,-0.2,-1.3,0.0,0.0,0.0,0.0,3,1023.1,1018.9,100,100,100,0,,9.1,25,16.6,14.0,0.0,14.0,0.0
2026-03-03T09:00,2026-03-03,9,2026,3,3,흐림,2.7,82,-0.2,-0.8,0.0,0.0,0.0,0.0,3,1023.3,1019.1,100,100,100,0,,9.4,42,22.0,69.0,3.0,66.0,0.0
2026-03-03T10:00,2026-03-03,10,2026,3,3,흐림,4.6,73,0.1,1.3,0.0,0.0,0.0,0.0,3,1023.7,1019.6,85,16,84,0,,7.5,30,19.4,173.0,16.0,157.0,0.0
2026-03-03T11:00,2026-03-03,11,2026,3,3,부분적으로 흐림,5.8,64,-0.6,2.4,0.0,0.0,0.0,0.0,2,1024.0,1019.9,76,7,76,0,,8.3,39,20.5,254.0,45.0,209.0,526.9
2026-03-03T12:00,2026-03-03,12,2026,3,3,부분적으로 흐림,7.2,58,-0.4,3.8,0.0,0.0,0.0,0.0,2,1024.1,1020.0,55,2,55,0,,8.5,44,22.7,415.0,142.0,273.0,3600.0
2026-03-03T13:00,2026-03-03,13,2026,3,3,맑음,8.8,54,-0.1,5.4,0.0,0.0,0.0,0.0,0,1023.6,1019.5,1,1,0,0,,8.6,49,23.8,561.0,293.0,268.0,3600.0
2026-03-03T14:00,2026-03-03,14,2026,3,3,부분적으로 흐림,10.1,50,0.0,7.6,0.0,0.0,0.0,0.0,2,1022.4,1018.3,58,58,0,0,,7.9,55,23.8,679.0,524.0,155.0,3600.0
2026-03-03T15:00,2026-03-03,15,2026,3,3,흐림,10.1,50,0.2,6.8,0.0,0.0,0.0,0.0,3,1022.1,1018.0,99,99,1,2,,9.1,73,22.7,582.0,421.0,161.0,3600.0
2026-03-03T16:00,2026-03-03,16,2026,3,3,흐림,9.7,51,0.1,6.4,0.0,0.0,0.0,0.0,3,1022.5,1018.4,100,100,4,0,,8.1,85,22.7,266.0,57.0,209.0,1508.18
2026-03-03T17:00,2026-03-03,17,2026,3,3,흐림,9.2,51,-0.3,5.9,0.0,0.0,0.0,0.0,3,1022.8,1018.7,98,98,2,0,,7.8,94,19.8,168.0,31.0,137.0,763.52
2026-03-03T18:00,2026-03-03,18,2026,3,3,흐림,8.4,59,0.9,5.7,0.0,0.0,0.0,0.0,3,1023.5,1019.4,100,100,0,0,,4.7,99,18.4,72.0,11.0,61.0,43.39
2026-03-03T19:00,2026-03-03,19,2026,3,3,흐림,7.1,63,0.4,3.9,0.0,0.0,0.0,0.0,3,1024.3,1020.2,98,98,0,0,,7.6,45,13.3,3.0,0.0,3.0,0.0
2026-03-03T20:00,2026-03-03,20,2026,3,3,흐림,5.4,65,-0.6,1.7,0.0,0.0,0.0,0.0,3,1025.1,1021.0,91,91,0,0,,10.5,63,22.0,0.0,0.0,0.0,0.0
2026-03-03T21:00,2026-03-03,21,2026,3,3,흐림,4.4,74,0.2,1.0,0.0,0.0,0.0,0.0,3,1025.7,1021.5,100,100,0,0,,9.1,7,21.6,0.0,0.0,0.0,0.0
2026-03-03T22:00,2026-03-03,22,2026,3,3,흐림,4.1,75,0.1,0.9,0.0,0.0,0.0,0.0,3,1026.0,1021.8,98,98,0,0,,7.6,15,18.0,0.0,0.0,0.0,0.0
2026-03-03T23:00,2026-03-03,23,2026,3,3,흐림,3.7,78,0.2,0.7,0.0,0.0,0.0,0.0,3,1026.2,1022.0,95,95,2,0,,5.7,18,14.8,0.0,0.0,0.0,0.0
2026-03-04T00:00,2026-03-04,0,2026,3,4,흐림,3.1,82,0.3,0.4,0.0,0.0,0.0,0.0,3,1026.3,1022.1,84,32,76,0,,4.0,18,10.8,0.0,0.0,0.0,0.0
2026-03-04T01:00,2026-03-04,1,2026,3,4,흐림,2.7,86,0.6,0.2,0.0,0.0,0.0,0.0,3,1026.3,1022.1,80,9,78,0,,2.8,35,7.2,0.0,0.0,0.0,0.0
2026-03-04T02:00,2026-03-04,2,2026,3,4,부분적으로 흐림,2.5,87,0.5,0.1,0.0,0.0,0.0,0.0,2,1026.3,1022.1,79,2,79,0,,2.3,356,5.0,0.0,0.0,0.0,0.0
2026-03-04T03:00,2026-03-04,3,2026,3,4,대체로 맑음,1.8,87,-0.2,-1.1,0.0,0.0,0.0,0.0,1,1026.2,1022.0,24,1,23,0,,4.8,347,7.9,0.0,0.0,0.0,0.0
2026-03-04T04:00,2026-03-04,4,2026,3,4,맑음,0.9,88,-0.8,-2.2,0.0,0.0,0.0,0.0,0,1026.3,1022.1,12,10,1,0,,6.4,350,12.2,0.0,0.0,0.0,0.0
2026-03-04T05:00,2026-03-04,5,2026,3,4,맑음,0.2,89,-1.4,-3.2,0.0,0.0,0.0,0.0,0,1026.4,1022.2,2,2,0,0,,7.0,356,13.3,0.0,0.0,0.0,0.0
2026-03-04T06:00,2026-03-04,6,2026,3,4,맑음,-0.3,89,-2.0,-3.6,0.0,0.0,0.0,0.0,0,1026.3,1022.1,0,0,0,0,,6.1,2,13.3,0.0,0.0,0.0,0.0
2026-03-04T07:00,2026-03-04,7,2026,3,4,맑음,-0.9,89,-2.5,-4.1,0.0,0.0,0.0,0.0,0,1026.2,1022.0,0,0,0,0,,4.7,9,11.2,0.0,0.0,0.0,0.0
2026-03-04T08:00,2026-03-04,8,2026,3,4,맑음,0.2,85,-2.1,-3.2,0.0,0.0,0.0,0.0,0,1026.3,1022.1,0,0,0,0,,6.2,8,11.2,47.0,19.0,28.0,3318.95
2026-03-04T09:00,2026-03-04,9,2026,3,4,대체로 맑음,2.3,79,-0.9,-0.5,0.0,0.0,0.0,0.0,1,1026.5,1022.3,21,0,0,21,,3.9,307,11.9,211.0,127.0,84.0,3600.0
2026-03-04T10:00,2026-03-04,10,2026,3,4,맑음,4.8,67,-0.8,1.7,0.0,0.0,0.0,0.0,0,1026.5,1022.3,5,0,0,5,,5.5,314,17.3,396.0,282.0,114.0,3600.0
2026-03-04T11:00,2026-03-04,11,2026,3,4,부분적으로 흐림,6.5,63,-0.1,3.4,0.0,0.0,0.0,0.0,2,1026.3,1022.2,52,0,2,52,,7.0,331,20.9,553.0,420.0,133.0,3600.0
2026-03-04T12:00,2026-03-04,12,2026,3,4,흐림,8.1,59,0.4,5.5,0.0,0.0,0.0,0.0,3,1026.2,1022.1,93,0,88,63,,8.0,324,23.0,656.0,501.0,155.0,3600.0
2026-03-04T13:00,2026-03-04,13,2026,3,4,맑음,9.3,49,-0.8,6.3,0.0,0.0,0.0,0.0,0,1025.6,1021.5,13,0,13,0,,9.7,326,25.9,670.0,469.0,201.0,3600.0
2026-03-04T14:00,2026-03-04,14,2026,3,4,맑음,10.1,41,-2.5,6.9,0.0,0.0,0.0,0.0,0,1024.5,1020.4,0,0,0,0,,11.1,326,28.4,697.0,555.0,142.0,3600.0
2026-03-04T15:00,2026-03-04,15,2026,3,4,맑음,10.1,37,-4.1,6.3,0.0,0.0,0.0,0.0,0,1024.0,1019.9,0,0,0,0,,10.6,328,29.9,621.0,491.0,130.0,3600.0
2026-03-04T16:00,2026-03-04,16,2026,3,4,맑음,10.1,34,-5.2,5.6,0.0,0.0,0.0,0.0,0,1023.8,1019.7,0,0,0,0,,11.7,319,27.7,485.0,370.0,115.0,3600.0
2026-03-04T17:00,2026-03-04,17,2026,3,4,부분적으로 흐림,9.2,37,-4.7,5.1,0.0,0.0,0.0,0.0,2,1023.5,1019.4,50,0,0,50,,9.5,302,27.4,309.0,215.0,94.0,3600.0
2026-03-04T18:00,2026-03-04,18,2026,3,4,흐림,7.4,53,-1.5,4.2,0.0,0.0,0.0,0.0,3,1023.3,1019.2,88,0,0,88,,6.2,260,20.5,122.0,67.0,55.0,3600.0
2026-03-04T19:00,2026-03-04,19,2026,3,4,맑음,5.3,71,0.6,1.9,0.0,0.0,0.0,0.0,0,1024.0,1019.9,6,0,0,6,,9.4,257,17.6,8.0,1.0,7.0,0.0
2026-03-04T20:00,2026-03-04,20,2026,3,4,흐림,3.8,79,0.5,0.6,0.0,0.0,0.0,0.0,3,1024.5,1020.3,94,0,1,94,,8.4,280,17.6,0.0,0.0,0.0,0.0
2026-03-04T21:00,2026-03-04,21,2026,3,4,맑음,3.3,84,0.8,0.5,0.0,0.0,0.0,0.0,0,1025.3,1021.1,0,0,0,0,,5.5,306,15.8,0.0,0.0,0.0,0.0
2026-03-04T22:00,2026-03-04,22,2026,3,4,맑음,3.3,83,0.7,0.4,0.0,0.0,0.0,0.0,0,1026.0,1021.8,8,0,7,1,,6.3,307,12.2,0.0,0.0,0.0,0.0
2026-03-04T23:00,2026-03-04,23,2026,3,4,부분적으로 흐림,2.4,77,-1.2,-0.7,0.0,0.0,0.0,0.0,2,1026.0,1021.8,66,0,11,62,,5.7,328,11.5,0.0,0.0,0.0,0.0
2026-03-05T00:00,2026-03-05,0,2026,3,5,대체로 맑음,1.5,74,-2.7,-1.7,0.0,0.0,0.0,0.0,1,1026.0,1021.8,44,0,16,34,,4.7,358,10.1,0.0,0.0,0.0,0.0
2026-03-05T01:00,2026-03-05,1,2026,3,5,맑음,0.9,74,-3.2,-2.3,0.0,0.0,0.0,0.0,0,1025.8,1021.6,4,0,2,2,,3.9,13,7.6,0.0,0.0,0.0,0.0
2026-03-05T02:00,2026-03-05,2,2026,3,5,부분적으로 흐림,0.2,75,-3.7,-3.0,0.0,0.0,0.0,0.0,2,1025.7,1021.5,62,0,0,62,,4.2,40,6.1,0.0,0.0,0.0,0.0
2026-03-05T03:00,2026-03-05,3,2026,3,5,대체로 맑음,-0.2,80,-3.2,-3.5,0.0,0.0,0.0,0.0,1,1025.2,1021.0,34,0,0,34,,4.3,48,7.2,0.0,0.0,0.0,0.0
2026-03-05T04:00,2026-03-05,4,2026,3,5,맑음,-0.2,81,-3.1,-3.5,0.0,0.0,0.0,0.0,0,1024.4,1020.2,3,0,0,3,,5.2,63,9.4,0.0,0.0,0.0,0.0
2026-03-05T05:00,2026-03-05,5,2026,3,5,대체로 맑음,-1.0,84,-3.3,-4.2,0.0,0.0,0.0,0.0,1,1024.1,1019.9,32,0,0,32,,4.0,93,9.4,0.0,0.0,0.0,0.0
2026-03-05T06:00,2026-03-05,6,2026,3,5,부분적으로 흐림,-1.4,86,-3.3,-4.3,0.0,0.0,0.0,0.0,2,1024.3,1020.1,56,0,0,56,,2.2,90,6.5,0.0,0.0,0.0,0.0
2026-03-05T07:00,2026-03-05,7,2026,3,5,흐림,-1.7,88,-3.3,-4.7,0.0,0.0,0.0,0.0,3,1024.7,1020.5,100,0,0,100,,3.1,83,5.4,0.0,0.0,0.0,0.0
2026-03-05T08:00,2026-03-05,8,2026,3,5,흐림,-0.2,86,-2.2,-3.5,0.0,0.0,0.0,0.0,3,1024.9,1020.7,100,0,27,100,,6.4,112,11.9,48.0,15.0,33.0,2729.35
2026-03-05T09:00,2026-03-05,9,2026,3,5,흐림,1.8,79,-1.5,-1.3,0.0,0.0,0.0,0.0,3,1025.0,1020.8,98,0,91,80,,5.4,82,12.2,183.0,64.0,119.0,3600.0
2026-03-05T10:00,2026-03-05,10,2026,3,5,흐림,5.3,54,-3.2,1.9,0.0,0.0,0.0,0.0,3,1024.8,1020.7,99,0,53,99,,5.8,94,16.9,354.0,186.0,168.0,3600.0
2026-03-05T11:00,2026-03-05,11,2026,3,5,흐림,7.8,49,-2.2,4.8,0.0,0.0,0.0,0.0,3,1024.7,1020.6,100,0,90,100,,4.1,90,18.4,535.0,364.0,171.0,3600.0
2026-03-05T12:00,2026-03-05,12,2026,3,5,흐림,9.1,49,-1.0,6.4,0.0,0.0,0.0,0.0,3,1023.9,1019.8,100,0,100,100,,3.2,106,15.5,557.0,267.0,290.0,3600.0
2026-03-05T13:00,2026-03-05,13,2026,3,5,흐림,10.5,47,-0.3,8.1,0.0,0.0,0.0,0.0,3,1023.1,1019.0,100,0,99,100,,3.4,162,13.7,596.0,291.0,305.0,3600.0
2026-03-05T14:00,2026-03-05,14,2026,3,5,흐림,11.1,44,-0.6,8.2,0.0,0.0,0.0,0.0,3,1022.0,1018.0,100,0,90,100,,5.0,206,14.0,450.0,97.0,353.0,2323.0
2026-03-05T15:00,2026-03-05,15,2026,3,5,흐림,11.1,47,0.3,8.3,0.0,0.0,0.0,0.0,3,1021.1,1017.1,100,0,100,100,,4.8,214,14.8,323.0,43.0,280.0,217.73
2026-03-05T16:00,2026-03-05,16,2026,3,5,흐림,9.9,57,1.7,7.3,0.0,0.0,0.0,0.0,3,1020.8,1016.7,100,7,100,100,,4.8,255,11.9,126.0,2.0,124.0,0.0
2026-03-05T17:00,2026-03-05,17,2026,3,5,흐림,8.8,59,1.2,5.7,0.0,0.0,0.0,0.0,3,1020.3,1016.2,100,6,100,100,,7.5,280,13.7,88.0,0.0,88.0,0.0
2026-03-05T18:00,2026-03-05,18,2026,3,5,약한 이슬비,6.3,68,0.9,2.6,0.3,0.3,0.0,0.0,51,1020.8,1016.7,100,25,100,100,,12.1,300,23.0,13.0,0.0,13.0,0.0
2026-03-05T19:00,2026-03-05,19,2026,3,5,강한 이슬비,4.6,87,2.5,2.0,1.0,1.0,0.0,0.0,55,1021.3,1017.2,100,34,100,100,,6.5,336,22.0,1.0,0.0,1.0,0.0
2026-03-05T20:00,2026-03-05,20,2026,3,5,약한 눈,2.3,97,2.0,-0.4,1.7,1.5,0.14,0.0,71,1021.9,1017.7,100,100,100,100,,6.5,318,14.8,0.0,0.0,0.0,0.0
2026-03-05T21:00,2026-03-05,21,2026,3,5,강한 눈,1.6,100,1.6,-1.6,2.8,0.9,1.33,0.01,75,1022.2,1018.0,100,100,100,100,,9.3,289,12.6,0.0,0.0,0.0,0.0
2026-03-05T22:00,2026-03-05,22,2026,3,5,강한 눈,0.9,99,0.9,-1.9,3.0,0.6,1.68,0.03,75,1022.1,1017.9,100,100,100,100,,6.2,285,18.4,0.0,0.0,0.0,0.0
2026-03-05T23:00,2026-03-05,23,2026,3,5,강한 눈,0.7,100,0.6,-2.4,1.6,0.3,0.91,0.03,75,1022.0,1017.8,100,100,100,100,,7.6,288,14.0,0.0,0.0,0.0,0.0
2026-03-06T00:00,2026-03-06,0,2026,3,6,약한 눈,0.6,99,0.6,-2.3,0.4,0.2,0.14,0.03,71,1021.8,1017.6,100,100,59,100,,6.0,279,13.0,0.0,0.0,0.0,0.0
2026-03-06T01:00,2026-03-06,1,2026,3,6,흐림,0.7,100,0.6,-2.3,0.0,0.0,0.0,0.03,3,1021.3,1017.1,100,91,0,100,,6.7,275,12.6,0.0,0.0,0.0,0.0
2026-03-06T02:00,2026-03-06,2,2026,3,6,흐림,0.4,99,0.3,-2.6,0.0,0.0,0.0,0.03,3,1021.2,1017.0,100,92,1,95,,6.3,272,12.6,0.0,0.0,0.0,0.0
2026-03-06T03:00,2026-03-06,3,2026,3,6,흐림,0.3,100,0.3,-2.5,0.0,0.0,0.0,0.02,3,1021.2,1017.0,93,93,0,0,,5.4,270,11.9,0.0,0.0,0.0,0.0
2026-03-06T04:00,2026-03-06,4,2026,3,6,부분적으로 흐림,-0.1,100,-0.2,-3.2,0.0,0.0,0.0,0.02,2,1021.0,1016.8,63,43,45,0,,6.5,273,11.5,0.0,0.0,0.0,0.0
2026-03-06T05:00,2026-03-06,5,2026,3,6,흐림,-0.2,99,-0.4,-3.3,0.0,0.0,0.0,0.02,3,1020.9,1016.7,98,28,97,0,,5.7,281,11.2,0.0,0.0,0.0,0.0
2026-03-06T06:00,2026-03-06,6,2026,3,6,부분적으로 흐림,-0.6,98,-0.9,-3.5,0.0,0.0,0.0,0.02,2,1021.2,1017.0,63,63,0,0,,3.9,286,9.7,0.0,0.0,0.0,0.0
2026-03-06T07:00,2026-03-06,7,2026,3,6,흐림,-1.0,98,-1.2,-4.1,0.0,0.0,0.0,0.02,3,1021.2,1017.0,100,100,0,0,,5.7,298,9.4,0.0,0.0,0.0,0.0
2026-03-06T08:00,2026-03-06,8,2026,3,6,흐림,0.2,94,-0.7,-3.2,0.0,0.0,0.0,0.02,3,1021.8,1017.6,100,100,69,0,,7.5,303,14.4,28.0,2.0,26.0,0.0
2026-03-06T09:00,2026-03-06,9,2026,3,6,흐림,0.8,91,-0.4,-2.6,0.0,0.0,0.0,0.01,3,1021.9,1017.7,100,90,100,0,,8.2,292,23.4,103.0,4.0,99.0,0.0
2026-03-06T10:00,2026-03-06,10,2026,3,6,흐림,2.0,82,-0.6,-2.1,0.0,0.0,0.0,0.01,3,1021.9,1017.7,100,69,99,0,,13.0,294,28.8,184.0,15.0,169.0,0.0
2026-03-06T11:00,2026-03-06,11,2026,3,6,흐림,3.0,75,-1.0,-1.1,0.0,0.0,0.0,0.01,3,1021.9,1017.7,100,100,19,0,,12.4,292,28.1,270.0,40.0,230.0,217.16
2026-03-06T12:00,2026-03-06,12,2026,3,6,흐림,4.3,66,-1.5,-0.4,0.0,0.0,0.0,0.01,3,1021.6,1017.5,100,100,0,0,,16.3,281,35.6,405.0,77.0,328.0,1571.9
2026-03-06T13:00,2026-03-06,13,2026,3,6,흐림,4.2,66,-1.5,-0.7,0.0,0.0,0.0,0.01,3,1020.9,1016.8,100,100,1,0,,17.8,268,40.0,388.0,99.0,289.0,2299.86
2026-03-06T14:00,2026-03-06,14,2026,3,6,흐림,3.9,65,-2.0,-1.1,0.0,0.0,0.0,0.0,3,1020.6,1016.5,100,100,0,0,,17.7,272,40.0,364.0,50.0,314.0,311.93
2026-03-06T15:00,2026-03-06,15,2026,3,6,흐림,2.5,68,-2.8,-2.5,0.0,0.0,0.0,0.0,3,1021.2,1017.0,100,100,0,0,,17.5,268,40.0,285.0,33.0,252.0,0.0
2026-03-06T16:00,2026-03-06,16,2026,3,6,흐림,3.1,61,-3.8,-2.0,0.0,0.0,0.0,0.0,3,1021.0,1016.8,100,100,0,0,,16.9,279,38.5,199.0,25.0,174.0,0.0
2026-03-06T17:00,2026-03-06,17,2026,3,6,흐림,3.1,59,-4.2,-1.9,0.0,0.0,0.0,0.0,3,1021.0,1016.8,93,93,0,0,,16.1,280,36.7,144.0,18.0,126.0,0.0
2026-03-06T18:00,2026-03-06,18,2026,3,6,흐림,2.5,60,-4.5,-2.2,0.0,0.0,0.0,0.0,3,1021.5,1017.3,91,91,0,0,,13.5,282,37.1,72.0,10.0,62.0,0.0
2026-03-06T19:00,2026-03-06,19,2026,3,6,부분적으로 흐림,1.4,63,-4.9,-3.1,0.0,0.0,0.0,0.0,2,1022.0,1017.8,70,70,0,0,,11.6,291,28.8,7.0,0.0,7.0,0.0
2026-03-06T20:00,2026-03-06,20,2026,3,6,맑음,0.3,63,-5.9,-4.5,0.0,0.0,0.0,0.0,0,1022.8,1018.6,7,7,0,0,,13.4,303,28.4,0.0,0.0,0.0,0.0
2026-03-06T21:00,2026-03-06,21,2026,3,6,맑음,-0.6,69,-5.7,-4.8,0.0,0.0,0.0,0.0,0,1023.5,1019.3,2,2,0,0,,8.9,302,27.7,0.0,0.0,0.0,0.0
2026-03-06T22:00,2026-03-06,22,2026,3,6,맑음,-1.5,72,-5.9,-5.5,0.0,0.0,0.0,0.0,0,1024.0,1019.8,0,0,0,0,,7.6,277,16.9,0.0,0.0,0.0,0.0
2026-03-06T23:00,2026-03-06,23,2026,3,6,맑음,-2.0,72,-6.3,-6.1,0.0,0.0,0.0,0.0,0,1024.4,1020.2,9,9,0,0,,8.0,261,15.8,0.0,0.0,0.0,0.0
2026-03-07T00:00,2026-03-07,0,2026,3,7,맑음,-2.2,72,-6.6,-6.3,0.0,0.0,0.0,0.0,0,1024.6,1020.3,0,0,0,0,,8.5,268,16.2,0.0,0.0,0.0,0.0
2026-03-07T01:00,2026-03-07,1,2026,3,7,맑음,-2.3,71,-6.9,-6.6,0.0,0.0,0.0,0.0,0,1024.7,1020.4,0,0,0,0,,9.0,285,17.3,0.0,0.0,0.0,0.0
2026-03-07T02:00,2026-03-07,2,2026,3,7,맑음,-2.6,68,-7.7,-7.0,0.0,0.0,0.0,0.0,0,1025.4,1021.1,0,0,0,0,,9.5,297,18.7,0.0,0.0,0.0,0.0
2026-03-07T03:00,2026-03-07,3,2026,3,7,맑음,-2.4,75,-6.3,-6.7,0.0,0.0,0.0,0.0,0,1025.8,1021.5,0,0,0,0,,9.4,299,19.1,0.0,0.0,0.0,0.0
2026-03-07T04:00,2026-03-07,4,2026,3,7,맑음,-2.6,73,-6.8,-6.9,0.0,0.0,0.0,0.0,0,1025.5,1021.2,0,0,0,0,,9.0,308,18.0,0.0,0.0,0.0,0.0
2026-03-07T05:00,2026-03-07,5,2026,3,7,맑음,-3.1,73,-7.3,-7.3,0.0,0.0,0.0,0.0,0,1025.9,1021.6,19,0,0,19,,7.9,311,17.6,0.0,0.0,0.0,0.0
2026-03-07T06:00,2026-03-07,6,2026,3,7,맑음,-3.5,73,-7.7,-7.6,0.0,0.0,0.0,0.0,0,1026.4,1022.1,7,0,0,7,,6.5,294,15.8,0.0,0.0,0.0,0.0
2026-03-07T07:00,2026-03-07,7,2026,3,7,맑음,-3.9,72,-8.1,-8.0,0.0,0.0,0.0,0.0,0,1026.6,1022.3,5,0,0,5,,7.0,288,14.0,0.0,0.0,0.0,0.0
2026-03-07T08:00,2026-03-07,8,2026,3,7,맑음,-3.2,67,-8.5,-7.4,0.0,0.0,0.0,0.0,0,1027.5,1023.2,0,0,0,0,,7.3,281,16.6,60.0,28.0,32.0,3574.04
2026-03-07T09:00,2026-03-07,9,2026,3,7,맑음,-1.8,54,-9.9,-6.2,0.0,0.0,0.0,0.0,0,1028.3,1024.0,0,0,0,0,,8.5,295,24.5,239.0,156.0,83.0,3600.0
2026-03-07T10:00,2026-03-07,10,2026,3,7,맑음,-0.4,49,-9.8,-4.8,0.0,0.0,0.0,0.0,0,1028.6,1024.4,0,0,0,0,,8.0,293,23.0,432.0,322.0,110.0,3600.0
2026-03-07T11:00,2026-03-07,11,2026,3,7,맑음,1.0,45,-9.7,-3.1,0.0,0.0,0.0,0.0,0,1028.6,1024.4,0,0,0,0,,8.5,282,24.8,596.0,471.0,125.0,3600.0
2026-03-07T12:00,2026-03-07,12,2026,3,7,맑음,2.4,40,-9.9,-1.4,0.0,0.0,0.0,0.0,0,1028.5,1024.3,0,0,0,0,,10.1,286,27.7,710.0,576.0,134.0,3600.0
2026-03-07T13:00,2026-03-07,13,2026,3,7,맑음,3.5,38,-9.5,-0.2,0.0,0.0,0.0,0.0,0,1027.9,1023.7,0,0,0,0,,11.2,282,30.2,758.0,621.0,137.0,3600.0
2026-03-07T14:00,2026-03-07,14,2026,3,7,맑음,4.5,34,-10.2,0.5,0.0,0.0,0.0,0.0,0,1026.9,1022.7,0,0,0,0,,12.0,286,31.0,739.0,602.0,137.0,3600.0
2026-03-07T15:00,2026-03-07,15,2026,3,7,맑음,4.2,33,-10.7,-0.3,0.0,0.0,0.0,0.0,0,1027.4,1023.2,0,0,0,0,,12.3,297,32.4,655.0,527.0,128.0,3600.0
2026-03-07T16:00,2026-03-07,16,2026,3,7,맑음,4.4,31,-11.1,-0.7,0.0,0.0,0.0,0.0,0,1026.9,1022.7,0,0,0,0,,12.5,305,31.0,512.0,396.0,116.0,3600.0
2026-03-07T17:00,2026-03-07,17,2026,3,7,맑음,3.8,32,-11.2,-1.3,0.0,0.0,0.0,0.0,0,1026.7,1022.5,0,0,0,0,,12.5,319,29.9,330.0,235.0,95.0,3600.0
2026-03-07T18:00,2026-03-07,18,2026,3,7,맑음,2.5,40,-9.6,-2.2,0.0,0.0,0.0,0.0,0,1026.8,1022.6,0,0,0,0,,9.5,328,28.1,137.0,78.0,59.0,3600.0
2026-03-07T19:00,2026-03-07,19,2026,3,7,맑음,0.6,49,-8.9,-3.7,0.0,0.0,0.0,0.0,0,1027.2,1023.0,0,0,0,0,,8.3,314,19.8,10.0,3.0,7.0,49.43
2026-03-07T20:00,2026-03-07,20,2026,3,7,맑음,-0.4,53,-8.9,-5.0,0.0,0.0,0.0,0.0,0,1028.0,1023.8,0,0,0,0,,9.6,311,19.1,0.0,0.0,0.0,0.0
2026-03-07T21:00,2026-03-07,21,2026,3,7,맑음,-1.2,60,-7.9,-5.6,0.0,0.0,0.0,0.0,0,1028.6,1024.3,0,0,0,0,,9.0,314,19.1,0.0,0.0,0.0,0.0
2026-03-07T22:00,2026-03-07,22,2026,3,7,맑음,-1.9,65,-7.6,-6.2,0.0,0.0,0.0,0.0,0,1028.9,1024.6,0,0,0,0,,8.7,313,17.6,0.0,0.0,0.0,0.0
2026-03-07T23:00,2026-03-07,23,2026,3,7,맑음,-2.6,68,-7.7,-6.8,0.0,0.0,0.0,0.0,0,1029.5,1025.2,0,0,0,0,,7.5,303,16.9,0.0,0.0,0.0,0.0
2026-03-08T00:00,2026-03-08,0,2026,3,8,맑음,-3.2,71,-7.7,-7.1,0.0,0.0,0.0,0.0,0,1030.0,1025.7,0,0,0,0,,6.1,317,14.8,0.0,0.0,0.0,0.0
2026-03-08T01:00,2026-03-08,1,2026,3,8,맑음,-3.5,74,-7.6,-7.3,0.0,0.0,0.0,0.0,0,1030.3,1026.0,0,0,0,0,,4.5,331,11.9,0.0,0.0,0.0,0.0
2026-03-08T02:00,2026-03-08,2,2026,3,8,맑음,-3.7,74,-7.6,-7.5,0.0,0.0,0.0,0.0,0,1029.7,1025.4,0,0,0,0,,5.1,4,9.7,0.0,0.0,0.0,0.0
2026-03-08T03:00,2026-03-08,3,2026,3,8,맑음,-4.0,83,-6.4,-7.3,0.0,0.0,0.0,0.0,0,1029.4,1025.1,0,0,0,0,,3.1,36,9.7,0.0,0.0,0.0,0.0
2026-03-08T04:00,2026-03-08,4,2026,3,8,맑음,-4.0,83,-6.5,-7.2,0.0,0.0,0.0,0.0,0,1029.1,1024.8,0,0,0,0,,2.0,95,5.8,0.0,0.0,0.0,0.0
2026-03-08T05:00,2026-03-08,5,2026,3,8,맑음,-4.1,82,-6.7,-7.3,0.0,0.0,0.0,0.0,0,1029.2,1024.9,1,0,0,1,,1.5,210,4.0,0.0,0.0,0.0,0.0
2026-03-08T06:00,2026-03-08,6,2026,3,8,맑음,-4.2,85,-6.4,-7.5,0.0,0.0,0.0,0.0,0,1029.4,1025.1,4,0,0,4,,2.4,261,5.4,0.0,0.0,0.0,0.0
2026-03-08T07:00,2026-03-08,7,2026,3,8,부분적으로 흐림,-4.4,87,-6.3,-7.6,0.0,0.0,0.0,0.0,2,1029.4,1025.1,53,0,0,53,,2.2,284,5.8,0.0,0.0,0.0,0.0
2026-03-08T08:00,2026-03-08,8,2026,3,8,대체로 맑음,-3.5,80,-6.4,-6.7,0.0,0.0,0.0,0.0,1,1029.9,1025.6,45,0,11,45,,1.9,292,7.9,62.0,28.0,34.0,3600.0
2026-03-08T09:00,2026-03-08,9,2026,3,8,부분적으로 흐림,-2.0,69,-6.8,-5.0,0.0,0.0,0.0,0.0,2,1030.1,1025.8,52,0,3,52,,0.8,63,9.4,236.0,146.0,90.0,3600.0
2026-03-08T10:00,2026-03-08,10,2026,3,8,부분적으로 흐림,0.8,47,-9.3,-2.6,0.0,0.0,0.0,0.0,2,1029.8,1025.6,58,0,55,36,,0.7,360,11.5,417.0,286.0,131.0,3600.0
2026-03-08T11:00,2026-03-08,11,2026,3,8,부분적으로 흐림,2.8,33,-12.1,-0.7,0.0,0.0,0.0,0.0,2,1029.5,1025.3,60,0,59,14,,1.8,270,14.0,576.0,426.0,150.0,3600.0
2026-03-08T12:00,2026-03-08,12,2026,3,8,대체로 맑음,4.0,32,-11.2,0.7,0.0,0.0,0.0,0.0,1,1029.4,1025.2,46,0,46,0,,5.2,272,19.1,690.0,527.0,163.0,3600.0
2026-03-08T13:00,2026-03-08,13,2026,3,8,부분적으로 흐림,4.8,34,-9.7,1.8,0.0,0.0,0.0,0.0,2,1028.4,1024.2,67,0,5,66,,6.5,268,20.9,744.0,585.0,159.0,3600.0
2026-03-08T14:00,2026-03-08,14,2026,3,8,흐림,5.3,37,-8.2,2.0,0.0,0.0,0.0,0.0,3,1027.6,1023.4,100,0,5,100,,8.6,260,23.8,730.0,583.0,147.0,3600.0
2026-03-08T15:00,2026-03-08,15,2026,3,8,흐림,5.1,40,-7.6,1.3,0.0,0.0,0.0,0.0,3,1027.5,1023.3,100,0,44,100,,8.1,257,24.5,628.0,460.0,168.0,3600.0
2026-03-08T16:00,2026-03-08,16,2026,3,8,부분적으로 흐림,4.4,43,-7.1,-0.0,0.0,0.0,0.0,0.0,2,1027.0,1022.8,54,0,16,45,,10.1,258,24.5,452.0,266.0,186.0,3600.0
2026-03-08T17:00,2026-03-08,17,2026,3,8,맑음,3.5,48,-6.4,-0.9,0.0,0.0,0.0,0.0,0,1026.9,1022.7,2,0,2,0,,10.0,253,25.2,322.0,224.0,98.0,3600.0
2026-03-08T18:00,2026-03-08,18,2026,3,8,맑음,2.2,58,-5.3,-1.7,0.0,0.0,0.0,0.0,0,1027.3,1023.1,4,0,4,0,,7.7,254,22.0,131.0,71.0,60.0,3600.0
2026-03-08T19:00,2026-03-08,19,2026,3,8,맑음,0.6,70,-4.3,-3.4,0.0,0.0,0.0,0.0,0,1027.9,1023.7,0,0,0,0,,8.3,264,19.8,10.0,3.0,7.0,19.51
2026-03-08T20:00,2026-03-08,20,2026,3,8,맑음,-0.6,80,-3.7,-4.1,0.0,0.0,0.0,0.0,0,1028.3,1024.1,0,0,0,0,,5.9,250,15.8,0.0,0.0,0.0,0.0
2026-03-08T21:00,2026-03-08,21,2026,3,8,맑음,-0.3,82,-3.1,-3.7,0.0,0.0,0.0,0.0,0,1028.8,1024.6,1,0,1,0,,5.6,241,11.2,0.0,0.0,0.0,0.0
2026-03-08T22:00,2026-03-08,22,2026,3,8,맑음,-0.1,86,-2.1,-3.2,0.0,0.0,0.0,0.0,0,1028.7,1024.5,2,0,2,0,,4.8,245,12.2,0.0,0.0,0.0,0.0
2026-03-08T23:00,2026-03-08,23,2026,3,8,맑음,-0.2,89,-1.8,-3.3,0.0,0.0,0.0,0.0,0,1028.6,1024.4,11,10,2,0,,5.1,287,9.0,0.0,0.0,0.0,0.0
2026-03-09T00:00,2026-03-09,0,2026,3,9,흐림,-0.6,90,-2.0,-3.6,0.0,0.0,0.0,0.0,3,1028.3,1024.1,89,39,89,0,,4.3,318,9.4,0.0,0.0,0.0,0.0
2026-03-09T01:00,2026-03-09,1,2026,3,9,흐림,-0.3,89,-1.9,-3.0,0.0,0.0,0.0,0.0,3,1028.4,1024.2,96,32,96,0,,2.3,321,6.8,0.0,0.0,0.0,0.0
2026-03-09T02:00,2026-03-09,2,2026,3,9,흐림,0.2,88,-1.5,-2.7,0.0,0.0,0.0,0.0,3,1028.1,1023.9,91,70,84,0,,3.4,335,5.8,0.0,0.0,0.0,0.0
2026-03-09T03:00,2026-03-09,3,2026,3,9,흐림,0.7,83,-1.9,-2.4,0.0,0.0,0.0,0.0,3,1028.0,1023.8,99,98,78,0,,4.6,321,6.1,0.0,0.0,0.0,0.0
2026-03-09T04:00,2026-03-09,4,2026,3,9,흐림,0.9,82,-1.9,-2.1,0.0,0.0,0.0,0.0,3,1027.7,1023.5,100,100,84,0,,4.6,312,8.6,0.0,0.0,0.0,0.0
2026-03-09T05:00,2026-03-09,5,2026,3,9,흐림,1.0,82,-1.8,-2.0,0.0,0.0,0.0,0.0,3,1027.5,1023.3,99,98,38,0,,4.0,309,8.3,0.0,0.0,0.0,0.0
2026-03-09T06:00,2026-03-09,6,2026,3,9,대체로 맑음,0.4,85,-1.7,-2.4,0.0,0.0,0.0,0.0,1,1027.5,1023.3,49,49,1,0,,3.5,298,7.2,0.0,0.0,0.0,0.0
2026-03-09T07:00,2026-03-09,7,2026,3,9,맑음,-0.6,88,-2.5,-3.8,0.0,0.0,0.0,0.0,0,1027.3,1023.1,11,11,0,0,,4.4,308,6.8,0.0,0.0,0.0,0.0
2026-03-09T08:00,2026-03-09,8,2026,3,9,대체로 맑음,0.4,87,-1.5,-2.9,0.0,0.0,0.0,0.0,1,1027.5,1023.3,23,23,2,0,,6.9,321,11.2,61.0,25.0,36.0,3600.0
2026-03-09T09:00,2026-03-09,9,2026,3,9,대체로 맑음,1.8,81,-1.0,-1.2,0.0,0.0,0.0,0.0,1,1028.0,1023.8,24,19,22,0,,5.0,314,13.3,226.0,128.0,98.0,3600.0
2026-03-09T10:00,2026-03-09,10,2026,3,9,대체로 맑음,3.7,72,-0.9,0.0,0.0,0.0,0.0,0.0,1,1028.0,1023.8,39,38,2,0,,9.3,317,22.3,415.0,286.0,129.0,3600.0
2026-03-09T11:00,2026-03-09,11,2026,3,9,대체로 맑음,5.1,61,-1.9,0.9,0.0,0.0,0.0,0.0,1,1027.7,1023.5,20,20,4,0,,12.0,317,29.2,536.0,353.0,183.0,3600.0
2026-03-09T12:00,2026-03-09,12,2026,3,9,대체로 맑음,6.1,49,-3.8,1.6,0.0,0.0,0.0,0.0,1,1027.2,1023.1,48,48,3,0,,14.9,318,35.3,617.0,424.0,193.0,3600.0
2026-03-09T13:00,2026-03-09,13,2026,3,9,흐림,6.5,45,-4.6,1.6,0.0,0.0,0.0,0.0,3,1026.6,1022.5,93,92,74,0,,15.0,317,35.3,528.0,250.0,278.0,3600.0
2026-03-09T14:00,2026-03-09,14,2026,3,9,부분적으로 흐림,6.4,44,-4.9,1.5,0.0,0.0,0.0,0.0,2,1025.8,1021.7,61,49,59,0,,14.7,320,35.3,393.0,112.0,281.0,2843.78
2026-03-09T15:00,2026-03-09,15,2026,3,9,부분적으로 흐림,6.8,43,-5.1,1.8,0.0,0.0,0.0,0.0,2,1025.9,1021.8,55,38,48,0,,14.8,320,34.6,407.0,144.0,263.0,3600.0
2026-03-09T16:00,2026-03-09,16,2026,3,9,흐림,7.1,41,-5.4,2.1,0.0,0.0,0.0,0.0,3,1025.7,1021.6,92,38,92,0,,14.5,326,33.8,379.0,193.0,186.0,3600.0
2026-03-09T17:00,2026-03-09,17,2026,3,9,대체로 맑음,6.6,44,-4.9,2.0,0.0,0.0,0.0,0.0,1,1025.9,1021.8,43,14,42,0,,12.7,330,33.1,184.0,55.0,129.0,2484.22
2026-03-09T18:00,2026-03-09,18,2026,3,9,부분적으로 흐림,5.9,48,-4.3,1.9,0.0,0.0,0.0,0.0,2,1026.3,1022.2,59,23,58,0,,9.4,330,26.6,86.0,18.0,68.0,898.71
2026-03-09T19:00,2026-03-09,19,2026,3,9,맑음,4.3,54,-4.1,0.3,0.0,0.0,0.0,0.0,0,1026.6,1022.4,9,5,9,0,,9.7,326,19.1,9.0,1.0,8.0,0.0
2026-03-09T20:00,2026-03-09,20,2026,3,9,맑음,3.0,60,-4.0,-1.2,0.0,0.0,0.0,0.0,0,1027.3,1023.1,0,0,0,0,,9.9,322,19.8,0.0,0.0,0.0,0.0
2026-03-09T21:00,2026-03-09,21,2026,3,9,맑음,1.9,66,-3.8,-2.1,0.0,0.0,0.0,0.0,0,1028.1,1023.9,0,0,0,0,,8.8,316,18.7,0.0,0.0,0.0,0.0
2026-03-09T22:00,2026-03-09,22,2026,3,9,맑음,1.2,68,-4.1,-2.6,0.0,0.0,0.0,0.0,0,1028.5,1024.3,0,0,0,0,,7.4,313,16.9,0.0,0.0,0.0,0.0
2026-03-09T23:00,2026-03-09,23,2026,3,9,맑음,0.1,72,-4.4,-3.4,0.0,0.0,0.0,0.0,0,1028.6,1024.4,0,0,0,0,,5.1,309,13.7,0.0,0.0,0.0,0.0
2026-03-10T00:00,2026-03-10,0,2026,3,10,맑음,-0.9,74,-4.9,-4.2,0.0,0.0,0.0,0.0,0,1028.5,1024.3,0,0,0,0,,4.0,297,9.0,0.0,0.0,0.0,0.0
2026-03-10T01:00,2026-03-10,1,2026,3,10,맑음,-1.5,75,-5.3,-4.9,0.0,0.0,0.0,0.0,0,1028.3,1024.0,0,0,0,0,,4.1,283,7.2,0.0,0.0,0.0,0.0
2026-03-10T02:00,2026-03-10,2,2026,3,10,맑음,-1.7,75,-5.6,-4.9,0.0,0.0,0.0,0.0,0,1028.0,1023.7,0,0,0,0,,2.1,290,7.6,0.0,0.0,0.0,0.0
2026-03-10T03:00,2026-03-10,3,2026,3,10,맑음,-2.0,81,-4.8,-4.8,0.0,0.0,0.0,0.0,0,1028.0,1023.7,0,0,0,0,,0.8,27,4.0,0.0,0.0,0.0,0.0
2026-03-10T04:00,2026-03-10,4,2026,3,10,맑음,-2.3,85,-4.6,-5.2,0.0,0.0,0.0,0.0,0,1027.8,1023.5,0,0,0,0,,0.9,53,3.2,0.0,0.0,0.0,0.0
2026-03-10T05:00,2026-03-10,5,2026,3,10,맑음,-2.5,87,-4.4,-5.3,0.0,0.0,0.0,0.0,0,1028.0,1023.7,0,0,0,0,,0.3,135,2.5,0.0,0.0,0.0,0.0
2026-03-10T06:00,2026-03-10,6,2026,3,10,맑음,-2.8,92,-4.0,-5.8,0.0,0.0,0.0,0.0,0,1028.0,1023.7,0,0,0,0,,1.8,114,4.3,0.0,0.0,0.0,0.0
2026-03-10T07:00,2026-03-10,7,2026,3,10,흐림,-2.9,91,-4.1,-6.0,0.0,0.0,0.0,0.0,3,1027.6,1023.3,100,0,0,100,,3.1,118,6.1,0.0,0.0,0.0,0.0
2026-03-10T08:00,2026-03-10,8,2026,3,10,흐림,-1.4,88,-3.0,-4.5,0.0,0.0,0.0,0.0,3,1028.1,1023.8,100,0,0,100,,4.0,122,9.0,63.0,20.0,43.0,3391.62
2026-03-10T09:00,2026-03-10,9,2026,3,10,대체로 맑음,0.8,71,-3.8,-2.2,0.0,0.0,0.0,0.0,1,1028.8,1024.6,49,0,0,49,,2.5,184,11.2,240.0,142.0,98.0,3600.0
2026-03-10T10:00,2026-03-10,10,2026,3,10,흐림,3.7,49,-6.0,0.3,0.0,0.0,0.0,0.0,3,1028.6,1024.4,100,0,0,100,,3.3,193,14.4,435.0,315.0,120.0,3600.0
2026-03-10T11:00,2026-03-10,11,2026,3,10,대체로 맑음,5.7,39,-7.1,2.1,0.0,0.0,0.0,0.0,1,1028.2,1024.1,41,0,0,41,,4.2,216,16.9,568.0,395.0,173.0,3600.0
2026-03-10T12:00,2026-03-10,12,2026,3,10,맑음,6.8,40,-6.0,3.8,0.0,0.0,0.0,0.0,0,1027.7,1023.6,0,0,0,0,,7.0,226,21.2,702.0,548.0,154.0,3600.0
2026-03-10T13:00,2026-03-10,13,2026,3,10,맑음,7.1,43,-4.6,4.1,0.0,0.0,0.0,0.0,0,1026.8,1022.7,4,4,0,0,,9.6,229,25.9,756.0,612.0,144.0,3600.0
2026-03-10T14:00,2026-03-10,14,2026,3,10,맑음,7.0,43,-4.7,3.7,0.0,0.0,0.0,0.0,0,1026.1,1022.0,3,3,0,0,,10.9,236,28.1,734.0,590.0,144.0,3600.0
2026-03-10T15:00,2026-03-10,15,2026,3,10,맑음,6.6,44,-4.8,2.8,0.0,0.0,0.0,0.0,0,1026.1,1022.0,14,0,0,14,,10.7,245,28.4,653.0,519.0,134.0,3600.0
2026-03-10T16:00,2026-03-10,16,2026,3,10,맑음,6.3,42,-5.7,2.2,0.0,0.0,0.0,0.0,0,1025.6,1021.5,1,0,0,1,,8.7,252,26.6,507.0,379.0,128.0,3600.0
2026-03-10T17:00,2026-03-10,17,2026,3,10,맑음,5.7,43,-5.9,1.6,0.0,0.0,0.0,0.0,0,1025.5,1021.4,0,0,0,0,,8.0,254,22.0,334.0,238.0,96.0,3600.0
2026-03-10T18:00,2026-03-10,18,2026,3,10,맑음,4.0,54,-4.6,0.4,0.0,0.0,0.0,0.0,0,1025.6,1021.4,0,0,0,0,,5.9,259,18.4,142.0,81.0,61.0,3600.0
2026-03-10T19:00,2026-03-10,19,2026,3,10,맑음,1.3,66,-4.3,-2.2,0.0,0.0,0.0,0.0,0,1025.8,1021.6,0,0,0,0,,5.4,276,11.5,12.0,4.0,8.0,251.67
2026-03-10T20:00,2026-03-10,20,2026,3,10,맑음,0.2,69,-4.8,-3.0,0.0,0.0,0.0,0.0,0,1026.1,1021.9,0,0,0,0,,3.3,315,9.4,0.0,0.0,0.0,0.0
2026-03-10T21:00,2026-03-10,21,2026,3,10,맑음,0.6,72,-4.0,-2.5,0.0,0.0,0.0,0.0,0,1026.0,1021.8,0,0,0,0,,3.0,322,6.1,0.0,0.0,0.0,0.0
2026-03-10T22:00,2026-03-10,22,2026,3,10,맑음,0.6,72,-3.9,-2.4,0.0,0.0,0.0,0.0,0,1026.2,1022.0,0,0,0,0,,2.0,10,5.0,0.0,0.0,0.0,0.0
2026-03-10T23:00,2026-03-10,23,2026,3,10,맑음,0.0,72,-4.4,-3.0,0.0,0.0,0.0,0.0,0,1026.1,1021.9,10,0,10,0,,1.8,45,4.0,0.0,0.0,0.0,0.0
2026-03-11T00:00,2026-03-11,0,2026,3,11,맑음,-0.6,73,-4.8,-3.6,0.0,0.0,0.0,0.0,0,1026.3,1022.1,5,0,5,0,,2.0,27,3.2,0.0,0.0,0.0,0.0
2026-03-11T01:00,2026-03-11,1,2026,3,11,흐림,-1.0,74,-5.1,-4.2,0.0,0.0,0.0,0.0,3,1026.4,1022.2,85,0,85,0,,2.2,24,4.3,0.0,0.0,0.0,0.0
2026-03-11T02:00,2026-03-11,2,2026,3,11,흐림,-1.1,77,-4.8,-4.2,0.0,0.0,0.0,0.0,3,1026.8,1022.6,91,0,91,0,,1.7,32,4.3,0.0,0.0,0.0,0.0
2026-03-11T03:00,2026-03-11,3,2026,3,11,흐림,-0.6,83,-3.2,-3.6,0.0,0.0,0.0,0.0,3,1026.6,1022.4,98,0,98,12,,2.8,35,3.2,0.0,0.0,0.0,0.0
2026-03-11T04:00,2026-03-11,4,2026,3,11,흐림,-1.4,85,-3.7,-4.4,0.0,0.0,0.0,0.0,3,1026.5,1022.3,97,0,97,0,,2.9,86,5.4,0.0,0.0,0.0,0.0
2026-03-11T05:00,2026-03-11,5,2026,3,11,흐림,-0.6,85,-2.8,-3.7,0.0,0.0,0.0,0.0,3,1026.4,1022.2,100,0,100,0,,3.3,99,6.8,0.0,0.0,0.0,0.0
2026-03-11T06:00,2026-03-11,6,2026,3,11,부분적으로 흐림,-0.3,86,-2.4,-3.1,0.0,0.0,0.0,0.0,2,1026.7,1022.5,66,0,66,0,,2.1,142,7.2,0.0,0.0,0.0,0.0
2026-03-11T07:00,2026-03-11,7,2026,3,11,부분적으로 흐림,-0.6,89,-2.1,-3.2,0.0,0.0,0.0,0.0,2,1026.8,1022.6,68,0,68,0,,1.8,143,4.3,0.0,0.0,0.0,0.0
2026-03-11T08:00,2026-03-11,8,2026,3,11,맑음,0.1,88,-1.6,-2.5,0.0,0.0,0.0,0.0,0,1027.1,1022.9,3,0,2,0,,1.9,68,6.1,54.0,15.0,39.0,1927.07
2026-03-11T09:00,2026-03-11,9,2026,3,11,흐림,1.1,79,-2.1,-1.7,0.0,0.0,0.0,0.0,3,1027.7,1023.5,88,73,80,0,,2.7,53,8.3,244.0,156.0,88.0,3600.0
2026-03-11T10:00,2026-03-11,10,2026,3,11,흐림,3.0,60,-4.0,0.0,0.0,0.0,0.0,0.0,3,1027.8,1023.6,82,66,50,0,,2.1,59,10.4,208.0,36.0,172.0,424.63
2026-03-11T11:00,2026-03-11,11,2026,3,11,흐림,5.2,46,-5.5,2.1,0.0,0.0,0.0,0.0,3,1027.6,1023.4,87,86,79,0,,1.5,277,11.9,437.0,185.0,252.0,3600.0
2026-03-11T12:00,2026-03-11,12,2026,3,11,흐림,5.8,43,-5.8,2.4,0.0,0.0,0.0,0.0,3,1027.4,1023.3,98,97,70,0,,4.3,285,15.8,420.0,137.0,283.0,3600.0
2026-03-11T13:00,2026-03-11,13,2026,3,11,대체로 맑음,6.9,45,-4.2,3.7,0.0,0.0,0.0,0.0,1,1026.4,1022.3,20,16,6,0,,5.6,299,18.4,592.0,257.0,335.0,3600.0
2026-03-11T14:00,2026-03-11,14,2026,3,11,맑음,7.7,45,-3.5,4.9,0.0,0.0,0.0,0.0,0,1025.6,1021.5,16,2,16,0,,7.4,302,21.6,699.0,519.0,180.0,3600.0
2026-03-11T15:00,2026-03-11,15,2026,3,11,흐림,7.4,46,-3.4,4.0,0.0,0.0,0.0,0.0,3,1025.2,1021.1,100,0,100,0,,8.8,305,23.4,625.0,469.0,156.0,3600.0
2026-03-11T16:00,2026-03-11,16,2026,3,11,맑음,6.6,52,-2.6,2.7,0.0,0.0,0.0,0.0,0,1025.0,1020.9,6,0,6,0,,9.4,305,20.9,228.0,44.0,184.0,606.91
2026-03-11T17:00,2026-03-11,17,2026,3,11,맑음,6.9,54,-1.6,3.1,0.0,0.0,0.0,0.0,0,1024.9,1020.8,2,2,1,0,,10.0,308,23.0,299.0,174.0,125.0,3600.0
2026-03-11T18:00,2026-03-11,18,2026,3,11,맑음,5.4,62,-1.2,1.8,0.0,0.0,0.0,0.0,0,1025.1,1021.0,2,2,0,0,,8.6,303,21.6,133.0,67.0,66.0,3600.0
2026-03-11T19:00,2026-03-11,19,2026,3,11,맑음,3.0,73,-1.4,-0.4,0.0,0.0,0.0,0.0,0,1025.6,1021.4,2,0,2,0,,7.3,298,16.9,12.0,3.0,9.0,0.0
2026-03-11T20:00,2026-03-11,20,2026,3,11,맑음,1.9,79,-1.4,-1.5,0.0,0.0,0.0,0.0,0,1026.1,1021.9,6,0,6,0,,7.5,303,14.0,0.0,0.0,0.0,0.0
2026-03-11T21:00,2026-03-11,21,2026,3,11,맑음,2.5,85,0.2,-0.6,0.0,0.0,0.0,0.0,0,1026.7,1022.5,0,0,0,0,,7.1,300,14.0,0.0,0.0,0.0,0.0
2026-03-11T22:00,2026-03-11,22,2026,3,11,맑음,2.4,87,0.4,-0.5,0.0,0.0,0.0,0.0,0,1026.9,1022.7,0,0,0,0,,5.5,306,13.3,0.0,0.0,0.0,0.0
2026-03-11T23:00,2026-03-11,23,2026,3,11,맑음,2.0,89,0.4,-0.9,0.0,0.0,0.0,0.0,0,1027.0,1022.8,0,0,0,0,,5.2,316,9.7,0.0,0.0,0.0,0.0
2026-03-12T00:00,2026-03-12,0,2026,3,12,맑음,1.6,90,0.2,-1.3,0.0,0.0,0.0,0.0,0,1027.2,1023.0,0,0,0,0,,6.0,331,10.8,0.0,0.0,0.0,0.0
2026-03-12T01:00,2026-03-12,1,2026,3,12,맑음,0.7,92,-0.4,-2.2,0.0,0.0,0.0,0.0,0,1027.1,1022.9,0,0,0,0,,4.7,342,10.8,0.0,0.0,0.0,0.0
2026-03-12T02:00,2026-03-12,2,2026,3,12,맑음,0.2,92,-0.9,-2.6,0.0,0.0,0.0,0.0,0,1027.1,1022.9,0,0,0,0,,3.0,335,7.9,0.0,0.0,0.0,0.0
2026-03-12T03:00,2026-03-12,3,2026,3,12,맑음,-0.6,94,-1.4,-3.5,0.0,0.0,0.0,0.0,0,1027.3,1023.1,0,0,0,0,,4.2,355,6.5,0.0,0.0,0.0,0.0
2026-03-12T04:00,2026-03-12,4,2026,3,12,맑음,-1.0,94,-1.9,-4.0,0.0,0.0,0.0,0.0,0,1027.1,1022.9,0,0,0,0,,3.9,13,7.2,0.0,0.0,0.0,0.0
2026-03-12T05:00,2026-03-12,5,2026,3,12,맑음,-1.0,93,-2.0,-3.9,0.0,0.0,0.0,0.0,0,1027.1,1022.9,0,0,0,0,,2.8,11,6.5,0.0,0.0,0.0,0.0
2026-03-12T06:00,2026-03-12,6,2026,3,12,맑음,-1.1,93,-2.2,-3.9,0.0,0.0,0.0,0.0,0,1027.2,1023.0,0,0,0,0,,2.3,18,4.7,0.0,0.0,0.0,0.0
2026-03-12T07:00,2026-03-12,7,2026,3,12,맑음,-1.3,92,-2.4,-4.1,0.0,0.0,0.0,0.0,0,1027.1,1022.9,0,0,0,0,,2.5,21,4.7,0.0,0.0,0.0,0.0
2026-03-12T08:00,2026-03-12,8,2026,3,12,맑음,0.3,89,-1.3,-2.7,0.0,0.0,0.0,0.0,0,1027.5,1023.3,0,0,0,0,,5.0,21,10.1,71.0,32.0,39.0,3600.0
2026-03-12T09:00,2026-03-12,9,2026,3,12,맑음,2.2,81,-0.8,-0.4,0.0,0.0,0.0,0.0,0,1028.4,1024.2,0,0,0,0,,1.9,56,10.1,245.0,157.0,88.0,3600.0
2026-03-12T10:00,2026-03-12,10,2026,3,12,맑음,5.7,60,-1.5,3.0,0.0,0.0,0.0,0.0,0,1028.6,1024.5,0,0,0,0,,2.0,85,12.2,432.0,315.0,117.0,3600.0
2026-03-12T11:00,2026-03-12,11,2026,3,12,맑음,8.6,47,-2.1,6.0,0.0,0.0,0.0,0.0,0,1028.4,1024.3,0,0,0,0,,2.9,79,14.4,589.0,455.0,134.0,3600.0
2026-03-12T12:00,2026-03-12,12,2026,3,12,맑음,10.1,46,-0.9,8.3,0.0,0.0,0.0,0.0,0,1028.0,1023.9,1,1,0,0,,3.7,76,16.2,699.0,557.0,142.0,3600.0
2026-03-12T13:00,2026-03-12,13,2026,3,12,부분적으로 흐림,11.3,41,-1.5,9.7,0.0,0.0,0.0,0.0,2,1027.0,1022.9,59,24,59,0,,3.5,28,15.5,738.0,583.0,155.0,3600.0
2026-03-12T14:00,2026-03-12,14,2026,3,12,부분적으로 흐림,11.5,38,-2.3,8.5,0.0,0.0,0.0,0.0,2,1026.3,1022.2,76,2,76,0,,6.7,357,17.6,615.0,404.0,211.0,3600.0
2026-03-12T15:00,2026-03-12,15,2026,3,12,부분적으로 흐림,11.5,36,-3.0,8.1,0.0,0.0,0.0,0.0,2,1025.6,1021.5,73,0,73,0,,5.6,354,20.2,461.0,230.0,231.0,3600.0
2026-03-12T16:00,2026-03-12,16,2026,3,12,부분적으로 흐림,11.9,33,-3.8,8.0,0.0,0.0,0.0,0.0,2,1025.4,1021.4,60,0,60,0,,8.3,11,18.0,416.0,224.0,192.0,3600.0
2026-03-12T17:00,2026-03-12,17,2026,3,12,흐림,11.4,39,-2.0,8.0,0.0,0.0,0.0,0.0,3,1025.5,1021.4,91,0,91,0,,6.1,355,20.2,271.0,133.0,138.0,3600.0
2026-03-12T18:00,2026-03-12,18,2026,3,12,흐림,8.8,50,-1.0,5.7,0.0,0.0,0.0,0.0,3,1026.2,1022.1,83,0,83,0,,5.6,343,13.3,113.0,41.0,72.0,3600.0
2026-03-12T19:00,2026-03-12,19,2026,3,12,맑음,6.8,46,-4.1,2.5,0.0,0.0,0.0,0.0,0,1026.9,1022.8,13,0,13,0,,11.2,49,20.9,12.0,3.0,9.0,0.0
2026-03-12T20:00,2026-03-12,20,2026,3,12,맑음,5.3,60,-1.9,0.8,0.0,0.0,0.0,0.0,0,1027.5,1023.4,1,0,1,0,,15.1,91,31.0,0.0,0.0,0.0,0.0
2026-03-12T21:00,2026-03-12,21,2026,3,12,맑음,5.1,67,-0.6,1.5,0.0,0.0,0.0,0.0,0,1028.1,1023.9,0,0,0,0,,9.4,78,29.9,0.0,0.0,0.0,0.0
2026-03-12T22:00,2026-03-12,22,2026,3,12,맑음,4.9,68,-0.5,1.3,0.0,0.0,0.0,0.0,0,1028.9,1024.7,0,0,0,0,,10.1,87,19.8,0.0,0.0,0.0,0.0
2026-03-12T23:00,2026-03-12,23,2026,3,12,맑음,4.2,71,-0.6,0.7,0.0,0.0,0.0,0.0,0,1029.9,1025.7,0,0,0,0,,8.5,72,19.1,0.0,0.0,0.0,0.0
2026-03-13T00:00,2026-03-13,0,2026,3,13,맑음,3.2,76,-0.7,-0.1,0.0,0.0,0.0,0.0,0,1030.6,1026.4,1,0,0,1,,6.9,57,16.2,0.0,0.0,0.0,0.0
2026-03-13T01:00,2026-03-13,1,2026,3,13,맑음,2.2,81,-0.8,-0.8,0.0,0.0,0.0,0.0,0,1030.6,1026.4,0,0,0,0,,5.5,58,13.0,0.0,0.0,0.0,0.0
2026-03-13T02:00,2026-03-13,2,2026,3,13,맑음,1.4,84,-1.0,-1.7,0.0,0.0,0.0,0.0,0,1030.7,1026.5,0,0,0,0,,5.4,56,10.4,0.0,0.0,0.0,0.0
2026-03-13T03:00,2026-03-13,3,2026,3,13,맑음,1.0,83,-1.5,-2.1,0.0,0.0,0.0,0.0,0,1030.0,1025.8,0,0,0,0,,5.3,52,11.9,0.0,0.0,0.0,0.0
2026-03-13T04:00,2026-03-13,4,2026,3,13,맑음,1.4,82,-1.4,-1.9,0.0,0.0,0.0,0.0,0,1030.0,1025.8,0,0,0,0,,6.5,62,12.2,0.0,0.0,0.0,0.0
2026-03-13T05:00,2026-03-13,5,2026,3,13,맑음,0.9,83,-1.6,-2.3,0.0,0.0,0.0,0.0,0,1030.8,1026.6,0,0,0,0,,5.6,63,12.2,0.0,0.0,0.0,0.0
2026-03-13T06:00,2026-03-13,6,2026,3,13,맑음,0.6,83,-1.9,-2.8,0.0,0.0,0.0,0.0,0,1031.2,1027.0,2,0,0,2,,6.7,74,12.2,0.0,0.0,0.0,0.0
2026-03-13T07:00,2026-03-13,7,2026,3,13,맑음,0.3,84,-2.2,-3.1,0.0,0.0,0.0,0.0,0,1031.1,1026.9,0,0,0,0,,6.7,81,13.0,1.0,0.0,1.0,0.0
2026-03-13T08:00,2026-03-13,8,2026,3,13,맑음,1.4,81,-1.5,-2.2,0.0,0.0,0.0,0.0,0,1031.6,1027.4,0,0,0,0,,8.2,76,14.4,75.0,35.0,40.0,3600.0
2026-03-13T09:00,2026-03-13,9,2026,3,13,맑음,3.8,72,-0.8,1.1,0.0,0.0,0.0,0.0,0,1032.4,1028.2,0,0,0,0,,3.4,72,15.8,253.0,164.0,89.0,3600.0
2026-03-13T10:00,2026-03-13,10,2026,3,13,맑음,6.1,57,-1.9,2.5,0.0,0.0,0.0,0.0,0,1032.4,1028.2,0,0,0,0,,7.7,79,20.5,440.0,323.0,117.0,3600.0
2026-03-13T11:00,2026-03-13,11,2026,3,13,맑음,7.7,51,-1.9,4.4,0.0,0.0,0.0,0.0,0,1032.2,1028.1,0,0,0,0,,8.0,85,22.3,600.0,468.0,132.0,3600.0
2026-03-13T12:00,2026-03-13,12,2026,3,13,맑음,9.1,43,-3.0,6.3,0.0,0.0,0.0,0.0,0,1031.6,1027.5,0,0,0,0,,8.5,89,23.8,710.0,569.0,141.0,3600.0
2026-03-13T13:00,2026-03-13,13,2026,3,13,맑음,10.1,37,-3.9,7.4,0.0,0.0,0.0,0.0,0,1030.4,1026.3,0,0,0,0,,8.5,91,24.8,757.0,612.0,145.0,3600.0
2026-03-13T14:00,2026-03-13,14,2026,3,13,맑음,10.6,35,-4.1,7.9,0.0,0.0,0.0,0.0,0,1029.3,1025.2,0,0,0,0,,8.4,97,24.1,738.0,595.0,143.0,3600.0
2026-03-13T15:00,2026-03-13,15,2026,3,13,대체로 맑음,10.9,34,-4.3,7.7,0.0,0.0,0.0,0.0,1,1029.0,1024.9,35,1,28,9,,7.9,93,23.8,654.0,519.0,135.0,3600.0
2026-03-13T16:00,2026-03-13,16,2026,3,13,맑음,10.9,33,-4.6,7.0,0.0,0.0,0.0,0.0,0,1028.8,1024.7,2,0,0,1,,8.3,103,22.0,509.0,379.0,130.0,3600.0
2026-03-13T17:00,2026-03-13,17,2026,3,13,흐림,10.6,34,-4.6,6.5,0.0,0.0,0.0,0.0,3,1028.4,1024.3,84,0,0,84,,9.0,112,22.3,336.0,237.0,99.0,3600.0
2026-03-13T18:00,2026-03-13,18,2026,3,13,흐림,8.9,56,0.6,6.5,0.0,0.0,0.0,0.0,3,1028.6,1024.5,89,0,0,89,,3.1,144,19.4,140.0,69.0,71.0,3600.0
2026-03-13T19:00,2026-03-13,19,2026,3,13,흐림,6.9,56,-1.4,3.7,0.0,0.0,0.0,0.0,3,1028.9,1024.8,96,0,56,96,,5.8,265,9.4,14.0,3.0,11.0,0.0
2026-03-13T20:00,2026-03-13,20,2026,3,13,흐림,5.7,62,-1.0,2.3,0.0,0.0,0.0,0.0,3,1029.5,1025.3,84,0,17,84,,7.6,306,16.6,0.0,0.0,0.0,0.0
2026-03-13T21:00,2026-03-13,21,2026,3,13,대체로 맑음,4.9,64,-1.2,1.7,0.0,0.0,0.0,0.0,1,1029.6,1025.4,41,0,5,39,,6.6,347,14.0,0.0,0.0,0.0,0.0
2026-03-13T22:00,2026-03-13,22,2026,3,13,대체로 맑음,4.1,71,-0.7,1.2,0.0,0.0,0.0,0.0,1,1030.1,1025.9,27,0,9,21,,4.3,57,12.2,0.0,0.0,0.0,0.0
2026-03-13T23:00,2026-03-13,23,2026,3,13,부분적으로 흐림,3.5,75,-0.4,0.7,0.0,0.0,0.0,0.0,2,1030.1,1025.9,54,0,53,7,,4.7,94,9.0,0.0,0.0,0.0,0.0
2026-03-14T00:00,2026-03-14,0,2026,3,14,부분적으로 흐림,3.0,74,-1.1,0.0,0.0,0.0,0.0,0.0,2,1030.1,1025.9,77,0,76,11,,5.0,75,8.3,0.0,0.0,0.0,0.0
2026-03-14T01:00,2026-03-14,1,2026,3,14,흐림,3.5,69,-1.8,-0.4,0.0,0.0,0.0,0.0,3,1030.0,1025.8,100,0,100,1,,10.1,102,18.0,0.0,0.0,0.0,0.0
2026-03-14T02:00,2026-03-14,2,2026,3,14,부분적으로 흐림,2.9,70,-2.0,-0.9,0.0,0.0,0.0,0.0,2,1029.9,1025.7,58,0,48,18,,9.3,112,19.4,0.0,0.0,0.0,0.0
2026-03-14T03:00,2026-03-14,3,2026,3,14,흐림,2.8,71,-1.9,-0.5,0.0,0.0,0.0,0.0,3,1030.1,1025.9,100,0,100,58,,6.6,106,17.6,0.0,0.0,0.0,0.0
2026-03-14T04:00,2026-03-14,4,2026,3,14,흐림,3.4,71,-1.4,-0.0,0.0,0.0,0.0,0.0,3,1029.7,1025.5,100,0,100,78,,7.6,105,14.8,0.0,0.0,0.0,0.0
2026-03-14T05:00,2026-03-14,5,2026,3,14,흐림,3.3,72,-1.3,-0.1,0.0,0.0,0.0,0.0,3,1029.6,1025.4,100,0,100,25,,7.6,108,15.1,0.0,0.0,0.0,0.0
2026-03-14T06:00,2026-03-14,6,2026,3,14,흐림,3.2,73,-1.1,-0.0,0.0,0.0,0.0,0.0,3,1029.4,1025.2,99,0,98,73,,6.1,102,14.8,0.0,0.0,0.0,0.0
2026-03-14T07:00,2026-03-14,7,2026,3,14,흐림,2.7,77,-0.9,-0.2,0.0,0.0,0.0,0.0,3,1029.6,1025.4,100,0,100,85,,4.1,90,11.2,1.0,0.0,1.0,0.0
2026-03-14T08:00,2026-03-14,8,2026,3,14,흐림,3.2,78,-0.3,0.3,0.0,0.0,0.0,0.0,3,1030.0,1025.8,100,0,100,66,,4.7,81,8.3,29.0,0.0,29.0,0.0
2026-03-14T09:00,2026-03-14,9,2026,3,14,흐림,4.2,71,-0.5,1.6,0.0,0.0,0.0,0.0,3,1030.6,1026.4,100,0,100,100,,2.6,74,10.1,132.0,19.0,113.0,0.0
2026-03-14T10:00,2026-03-14,10,2026,3,14,흐림,6.6,58,-1.0,3.9,0.0,0.0,0.0,0.0,3,1030.3,1026.2,100,0,99,100,,3.1,144,13.0,329.0,109.0,220.0,3600.0
2026-03-14T11:00,2026-03-14,11,2026,3,14,흐림,8.5,52,-0.8,6.0,0.0,0.0,0.0,0.0,3,1030.1,1026.0,98,0,95,70,,1.9,214,13.3,485.0,232.0,253.0,3600.0
2026-03-14T12:00,2026-03-14,12,2026,3,14,흐림,9.8,47,-1.0,6.9,0.0,0.0,0.0,0.0,3,1029.8,1025.7,98,0,80,92,,4.0,260,15.5,536.0,218.0,318.0,3600.0
2026-03-14T13:00,2026-03-14,13,2026,3,14,흐림,10.9,41,-1.8,8.3,0.0,0.0,0.0,0.0,3,1028.8,1024.7,84,0,34,75,,6.1,268,19.4,661.0,443.0,218.0,3600.0
2026-03-14T14:00,2026-03-14,14,2026,3,14,부분적으로 흐림,11.6,40,-1.7,9.1,0.0,0.0,0.0,0.0,2,1027.9,1023.8,79,0,79,0,,7.9,270,22.7,722.0,550.0,172.0,3600.0
2026-03-14T15:00,2026-03-14,15,2026,3,14,흐림,10.9,40,-2.3,7.1,0.0,0.0,0.0,0.0,3,1027.8,1023.7,100,0,100,0,,11.7,274,28.1,622.0,450.0,172.0,3600.0
2026-03-14T16:00,2026-03-14,16,2026,3,14,흐림,9.3,42,-3.0,4.8,0.0,0.0,0.0,0.0,3,1027.7,1023.6,100,1,100,94,,13.4,281,29.9,184.0,16.0,168.0,0.0
2026-03-14T17:00,2026-03-14,17,2026,3,14,흐림,8.4,45,-2.8,4.3,0.0,0.0,0.0,0.0,3,1027.9,1023.8,100,4,100,2,,10.8,281,28.8,117.0,3.0,114.0,0.0
2026-03-14T18:00,2026-03-14,18,2026,3,14,흐림,7.6,49,-2.4,3.8,0.0,0.0,0.0,0.0,3,1028.0,1023.9,100,11,100,0,,8.8,279,22.7,48.0,1.0,47.0,0.0
2026-03-14T19:00,2026-03-14,19,2026,3,14,대체로 맑음,6.6,54,-2.0,3.3,0.0,0.0,0.0,0.0,1,1027.9,1023.8,30,0,30,0,,6.3,283,18.0,6.0,0.0,6.0,0.0
2026-03-14T20:00,2026-03-14,20,2026,3,14,대체로 맑음,5.2,63,-1.4,2.1,0.0,0.0,0.0,0.0,1,1028.1,1023.9,31,1,30,0,,5.2,282,12.6,0.0,0.0,0.0,0.0
2026-03-14T21:00,2026-03-14,21,2026,3,14,부분적으로 흐림,4.1,73,-0.3,1.3,0.0,0.0,0.0,0.0,2,1028.4,1024.2,59,3,58,2,,4.6,283,9.4,0.0,0.0,0.0,0.0
2026-03-14T22:00,2026-03-14,22,2026,3,14,대체로 맑음,4.2,77,0.6,1.7,0.0,0.0,0.0,0.0,1,1028.2,1024.0,45,3,41,5,,3.5,291,7.6,0.0,0.0,0.0,0.0
2026-03-14T23:00,2026-03-14,23,2026,3,14,대체로 맑음,3.8,82,1.0,1.4,0.0,0.0,0.0,0.0,1,1028.1,1023.9,20,12,11,5,,2.7,302,6.1,0.0,0.0,0.0,0.0
2026-03-15T00:00,2026-03-15,0,2026,3,15,부분적으로 흐림,3.4,86,1.2,1.3,0.0,0.0,0.0,0.0,2,1027.6,1023.4,50,0,6,47,,1.0,338,4.7,0.0,0.0,0.0,0.0
2026-03-15T01:00,2026-03-15,1,2026,3,15,흐림,3.0,88,1.2,0.9,0.0,0.0,0.0,0.0,3,1027.3,1023.1,100,57,100,24,,0.9,349,1.8,0.0,0.0,0.0,0.0
2026-03-15T02:00,2026-03-15,2,2026,3,15,흐림,3.0,90,1.5,1.0,0.0,0.0,0.0,0.0,3,1027.1,1022.9,100,100,23,38,,1.1,360,1.8,0.0,0.0,0.0,0.0
2026-03-15T03:00,2026-03-15,3,2026,3,15,흐림,3.4,90,2.0,1.3,0.0,0.0,0.0,0.0,3,1026.7,1022.5,100,99,47,100,,1.8,37,3.6,0.0,0.0,0.0,0.0
2026-03-15T04:00,2026-03-15,4,2026,3,15,흐림,4.2,88,2.3,2.2,0.0,0.0,0.0,0.0,3,1026.4,1022.2,100,100,99,100,,1.1,90,5.8,0.0,0.0,0.0,0.0
2026-03-15T05:00,2026-03-15,5,2026,3,15,흐림,4.2,89,2.5,2.4,0.0,0.0,0.0,0.0,3,1026.5,1022.3,100,100,100,100,,0.7,90,3.2,0.0,0.0,0.0,0.0
2026-03-15T06:00,2026-03-15,6,2026,3,15,흐림,4.2,90,2.7,2.5,0.0,0.0,0.0,0.0,3,1026.7,1022.5,100,9,100,100,,0.4,90,2.2,0.0,0.0,0.0,0.0
2026-03-15T07:00,2026-03-15,7,2026,3,15,약한 이슬비,4.0,93,3.0,2.3,0.1,0.1,0.0,0.0,51,1026.8,1022.6,100,8,100,100,,0.6,162,1.1,1.0,0.0,1.0,0.0
2026-03-15T08:00,2026-03-15,8,2026,3,15,약한 이슬비,4.6,90,3.0,2.7,0.1,0.1,0.0,0.0,51,1027.1,1022.9,100,73,100,100,,1.4,180,5.8,43.0,0.0,43.0,0.0
2026-03-15T09:00,2026-03-15,9,2026,3,15,약한 이슬비,5.1,89,3.4,3.3,0.1,0.1,0.0,0.0,51,1027.6,1023.4,100,45,100,100,,1.7,193,7.2,63.0,0.0,63.0,0.0
2026-03-15T10:00,2026-03-15,10,2026,3,15,약한 이슬비,6.6,76,2.7,4.6,0.1,0.1,0.0,0.0,51,1027.1,1023.0,100,79,100,100,,2.2,222,10.4,232.0,28.0,204.0,0.0
2026-03-15T11:00,2026-03-15,11,2026,3,15,흐림,7.8,69,2.5,5.6,0.0,0.0,0.0,0.0,3,1027.1,1023.0,100,98,100,100,,3.3,257,13.7,379.0,94.0,285.0,2607.36
2026-03-15T12:00,2026-03-15,12,2026,3,15,흐림,8.4,66,2.3,5.9,0.0,0.0,0.0,0.0,3,1026.7,1022.6,100,100,13,4,,5.0,291,17.6,371.0,57.0,314.0,547.37
2026-03-15T13:00,2026-03-15,13,2026,3,15,흐림,8.8,63,2.2,6.1,0.0,0.0,0.0,0.0,3,1026.1,1022.0,100,100,15,6,,6.4,299,17.6,330.0,47.0,283.0,41.03
2026-03-15T14:00,2026-03-15,14,2026,3,15,흐림,9.5,59,1.8,6.9,0.0,0.0,0.0,0.0,3,1024.8,1020.7,100,100,0,0,,5.6,312,18.4,315.0,78.0,237.0,1322.05
2026-03-15T15:00,2026-03-15,15,2026,3,15,흐림,9.6,55,0.9,6.6,0.0,0.0,0.0,0.0,3,1024.6,1020.5,87,87,0,0,,6.9,275,18.7,301.0,72.0,229.0,1374.17
2026-03-15T16:00,2026-03-15,16,2026,3,15,흐림,9.8,54,0.9,6.6,0.0,0.0,0.0,0.0,3,1024.2,1020.1,83,83,0,0,,7.8,266,20.2,344.0,138.0,206.0,3600.0
2026-03-15T17:00,2026-03-15,17,2026,3,15,맑음,8.4,61,1.4,4.7,0.0,0.0,0.0,0.0,0,1024.1,1020.0,5,4,1,0,,12.4,239,27.4,265.0,131.0,134.0,3600.0
2026-03-15T18:00,2026-03-15,18,2026,3,15,맑음,7.1,69,1.7,3.6,0.0,0.0,0.0,0.0,0,1024.6,1020.5,0,0,0,0,,11.2,233,29.9,140.0,70.0,70.0,3600.0
2026-03-15T19:00,2026-03-15,19,2026,3,15,맑음,5.4,74,1.2,2.2,0.0,0.0,0.0,0.0,0,1024.6,1020.5,0,0,0,0,,8.6,229,23.4,16.0,5.0,11.0,396.0
2026-03-15T20:00,2026-03-15,20,2026,3,15,맑음,4.2,75,0.2,1.0,0.0,0.0,0.0,0.0,0,1025.0,1020.8,0,0,0,0,,7.5,210,16.6,0.0,0.0,0.0,0.0
2026-03-15T21:00,2026-03-15,21,2026,3,15,맑음,3.6,78,0.1,0.3,0.0,0.0,0.0,0.0,0,1025.4,1021.2,17,0,0,17,,8.0,216,14.8,0.0,0.0,0.0,0.0
2026-03-15T22:00,2026-03-15,22,2026,3,15,흐림,3.4,75,-0.6,0.4,0.0,0.0,0.0,0.0,3,1025.7,1021.5,80,0,0,80,,5.3,260,15.8,0.0,0.0,0.0,0.0
2026-03-15T23:00,2026-03-15,23,2026,3,15,맑음,2.6,74,-1.6,-0.5,0.0,0.0,0.0,0.0,0,1026.3,1022.1,5,0,0,5,,5.1,302,9.7,0.0,0.0,0.0,0.0
2026-03-16T00:00,2026-03-16,0,2026,3,16,흐림,1.6,76,-2.1,-1.4,0.0,0.0,0.0,0.0,3,1026.0,1021.8,99,0,0,99,,3.9,344,9.4,0.0,0.0,0.0,0.0
2026-03-16T01:00,2026-03-16,1,2026,3,16,흐림,1.3,76,-2.5,-1.3,0.0,0.0,0.0,0.0,3,1026.2,1022.0,98,0,0,98,,0.5,225,6.1,0.0,0.0,0.0,0.0
2026-03-16T02:00,2026-03-16,2,2026,3,16,흐림,0.9,77,-2.8,-1.8,0.0,0.0,0.0,0.0,3,1025.9,1021.7,99,0,0,99,,0.9,169,1.8,0.0,0.0,0.0,0.0
2026-03-16T03:00,2026-03-16,3,2026,3,16,흐림,1.0,78,-2.3,-1.6,0.0,0.0,0.0,0.0,3,1025.9,1021.7,100,0,0,100,,1.2,117,1.8,0.0,0.0,0.0,0.0
2026-03-16T04:00,2026-03-16,4,2026,3,16,흐림,0.9,82,-1.9,-1.6,0.0,0.0,0.0,0.0,3,1025.5,1021.3,100,0,2,100,,1.1,108,2.9,0.0,0.0,0.0,0.0
2026-03-16T05:00,2026-03-16,5,2026,3,16,흐림,0.4,87,-1.4,-2.3,0.0,0.0,0.0,0.0,3,1025.2,1021.0,100,0,2,100,,2.8,63,5.8,0.0,0.0,0.0,0.0
2026-03-16T06:00,2026-03-16,6,2026,3,16,흐림,-0.1,93,-1.1,-2.8,0.0,0.0,0.0,0.0,3,1025.4,1021.2,98,0,9,98,,3.1,69,5.8,0.0,0.0,0.0,0.0
2026-03-16T07:00,2026-03-16,7,2026,3,16,흐림,-0.2,95,-0.9,-3.0,0.0,0.0,0.0,0.0,3,1025.4,1021.2,99,0,53,99,,3.4,96,6.8,2.0,0.0,2.0,0.0
2026-03-16T08:00,2026-03-16,8,2026,3,16,흐림,1.5,90,0.1,-1.2,0.0,0.0,0.0,0.0,3,1025.8,1021.6,100,0,91,100,,3.9,103,9.0,76.0,17.0,59.0,1672.09
2026-03-16T09:00,2026-03-16,9,2026,3,16,흐림,3.3,83,0.8,1.0,0.0,0.0,0.0,0.0,3,1026.2,1022.0,100,1,51,100,,2.4,77,10.1,243.0,119.0,124.0,3600.0
2026-03-16T10:00,2026-03-16,10,2026,3,16,흐림,5.6,73,1.1,3.2,0.0,0.0,0.0,0.0,3,1025.5,1021.4,100,0,84,100,,3.0,76,13.3,363.0,144.0,219.0,3600.0
2026-03-16T11:00,2026-03-16,11,2026,3,16,흐림,7.6,64,1.3,5.4,0.0,0.0,0.0,0.0,3,1025.3,1021.2,100,0,38,100,,1.7,41,13.0,485.0,212.0,273.0,3600.0
2026-03-16T12:00,2026-03-16,12,2026,3,16,흐림,9.4,53,0.3,7.3,0.0,0.0,0.0,0.0,3,1024.8,1020.7,100,0,59,100,,2.6,321,13.7,616.0,323.0,293.0,3600.0
2026-03-16T13:00,2026-03-16,13,2026,3,16,흐림,10.4,46,-0.7,8.0,0.0,0.0,0.0,0.0,3,1024.2,1020.1,100,0,76,100,,4.5,304,17.3,633.0,300.0,333.0,3600.0
2026-03-16T14:00,2026-03-16,14,2026,3,16,흐림,11.1,43,-1.2,8.6,0.0,0.0,0.0,0.0,3,1023.3,1019.3,100,0,100,100,,5.0,300,18.0,644.0,363.0,281.0,3600.0
2026-03-16T15:00,2026-03-16,15,2026,3,16,흐림,11.2,42,-1.3,8.3,0.0,0.0,0.0,0.0,3,1022.4,1018.4,96,0,95,57,,4.1,293,18.0,496.0,208.0,288.0,3600.0
2026-03-16T16:00,2026-03-16,16,2026,3,16,흐림,11.5,41,-1.5,8.4,0.0,0.0,0.0,0.0,3,1022.0,1018.0,99,0,99,34,,5.4,266,16.2,435.0,214.0,221.0,3600.0
2026-03-16T17:00,2026-03-16,17,2026,3,16,흐림,10.9,42,-1.7,7.3,0.0,0.0,0.0,0.0,3,1021.6,1017.6,95,0,93,63,,7.7,267,18.0,278.0,113.0,165.0,3600.0
2026-03-16T18:00,2026-03-16,18,2026,3,16,맑음,9.4,46,-1.5,6.0,0.0,0.0,0.0,0.0,0,1021.6,1017.5,2,0,2,0,,7.4,264,18.0,130.0,43.0,87.0,3600.0
2026-03-16T19:00,2026-03-16,19,2026,3,16,맑음,6.6,51,-2.8,3.1,0.0,0.0,0.0,0.0,0,1022.2,1018.1,0,0,0,0,,6.5,278,15.5,18.0,6.0,12.0,657.49
2026-03-16T20:00,2026-03-16,20,2026,3,16,맑음,4.8,59,-2.5,1.7,0.0,0.0,0.0,0.0,0,1022.7,1018.6,0,0,0,0,,4.4,297,12.2,0.0,0.0,0.0,0.0
2026-03-16T21:00,2026-03-16,21,2026,3,16,맑음,3.8,62,-2.8,0.9,0.0,0.0,0.0,0.0,0,1022.5,1018.3,0,0,0,0,,2.8,333,6.8,0.0,0.0,0.0,0.0
2026-03-16T22:00,2026-03-16,22,2026,3,16,맑음,3.5,67,-2.1,0.5,0.0,0.0,0.0,0.0,0,1022.8,1018.6,0,0,0,0,,3.6,360,6.1,0.0,0.0,0.0,0.0
2026-03-16T23:00,2026-03-16,23,2026,3,16,맑음,2.9,69,-2.3,0.2,0.0,0.0,0.0,0.0,0,1022.9,1018.7,0,0,0,0,,1.9,22,6.1,0.0,0.0,0.0,0.0
2026-03-17T00:00,2026-03-17,0,2026,3,17,맑음,2.5,70,-2.5,-0.2,0.0,0.0,0.0,0.0,0,1022.7,1018.5,0,0,0,0,,1.4,50,2.9,0.0,0.0,0.0,0.0
2026-03-17T01:00,2026-03-17,1,2026,3,17,맑음,2.0,71,-2.8,-0.6,0.0,0.0,0.0,0.0,0,1022.9,1018.7,1,0,0,1,,0.7,90,2.2,0.0,0.0,0.0,0.0
2026-03-17T02:00,2026-03-17,2,2026,3,17,맑음,1.4,74,-2.8,-1.4,0.0,0.0,0.0,0.0,0,1023.0,1018.8,0,0,0,0,,1.4,67,2.5,0.0,0.0,0.0,0.0
2026-03-17T03:00,2026-03-17,3,2026,3,17,맑음,0.4,80,-2.6,-2.1,0.0,0.0,0.0,0.0,0,1023.1,1018.9,0,0,0,0,,0.6,56,3.6,0.0,0.0,0.0,0.0
2026-03-17T04:00,2026-03-17,4,2026,3,17,맑음,-0.2,84,-2.5,-2.7,0.0,0.0,0.0,0.0,0,1023.2,1019.0,0,0,0,0,,0.4,63,2.2,0.0,0.0,0.0,0.0
2026-03-17T05:00,2026-03-17,5,2026,3,17,맑음,-0.8,90,-2.2,-3.6,0.0,0.0,0.0,0.0,0,1023.2,1019.0,0,0,0,0,,2.3,94,5.4,0.0,0.0,0.0,0.0
2026-03-17T06:00,2026-03-17,6,2026,3,17,맑음,-1.0,93,-2.0,-3.9,0.0,0.0,0.0,0.0,0,1023.3,1019.1,0,0,0,0,,3.3,99,6.8,0.0,0.0,0.0,0.0
2026-03-17T07:00,2026-03-17,7,2026,3,17,맑음,-1.0,94,-1.9,-4.0,0.0,0.0,0.0,0.0,0,1023.3,1019.1,0,0,0,0,,3.6,93,7.2,2.0,0.0,2.0,0.0
2026-03-17T08:00,2026-03-17,8,2026,3,17,맑음,0.9,88,-0.9,-2.2,0.0,0.0,0.0,0.0,0,1023.6,1019.4,0,0,0,0,,5.4,92,11.9,93.0,46.0,47.0,3600.0
2026-03-17T09:00,2026-03-17,9,2026,3,17,맑음,3.7,71,-1.1,0.9,0.0,0.0,0.0,0.0,0,1023.8,1019.6,0,0,0,0,,3.6,108,11.9,279.0,189.0,90.0,3600.0
2026-03-17T10:00,2026-03-17,10,2026,3,17,맑음,7.0,49,-3.0,4.1,0.0,0.0,0.0,0.0,0,1023.6,1019.5,0,0,0,0,,2.4,117,13.3,471.0,358.0,113.0,3600.0
2026-03-17T11:00,2026-03-17,11,2026,3,17,맑음,9.5,38,-4.2,7.2,0.0,0.0,0.0,0.0,0,1023.3,1019.2,0,0,0,0,,1.1,162,13.3,631.0,502.0,129.0,3600.0
2026-03-17T12:00,2026-03-17,12,2026,3,17,맑음,10.8,34,-4.6,9.3,0.0,0.0,0.0,0.0,0,1023.0,1018.9,0,0,0,0,,0.7,256,12.6,739.0,602.0,137.0,3600.0
2026-03-17T13:00,2026-03-17,13,2026,3,17,맑음,11.3,33,-4.4,10.0,0.0,0.0,0.0,0.0,0,1022.4,1018.4,0,0,0,0,,1.5,277,12.2,785.0,645.0,140.0,3600.0
2026-03-17T14:00,2026-03-17,14,2026,3,17,맑음,11.9,31,-4.9,10.3,0.0,0.0,0.0,0.0,0,1021.7,1017.7,0,0,0,0,,1.8,276,12.2,764.0,625.0,139.0,3600.0
2026-03-17T15:00,2026-03-17,15,2026,3,17,맑음,12.2,28,-5.9,9.8,0.0,0.0,0.0,0.0,0,1020.6,1016.6,0,0,0,0,,2.8,281,12.6,678.0,547.0,131.0,3600.0
2026-03-17T16:00,2026-03-17,16,2026,3,17,맑음,12.6,28,-5.4,9.2,0.0,0.0,0.0,0.0,0,1020.3,1016.3,0,0,0,0,,3.3,264,12.6,537.0,418.0,119.0,3600.0
2026-03-17T17:00,2026-03-17,17,2026,3,17,맑음,11.9,32,-4.2,8.4,0.0,0.0,0.0,0.0,0,1020.0,1016.0,0,0,0,0,,5.7,259,13.3,354.0,255.0,99.0,3600.0
2026-03-17T18:00,2026-03-17,18,2026,3,17,맑음,9.6,48,-0.8,6.6,0.0,0.0,0.0,0.0,0,1019.6,1015.5,0,0,0,0,,4.9,262,13.3,159.0,93.0,66.0,3600.0
2026-03-17T19:00,2026-03-17,19,2026,3,17,맑음,6.8,52,-2.5,3.3,0.0,0.0,0.0,0.0,0,1020.1,1016.0,0,0,0,0,,6.5,268,11.5,19.0,6.0,13.0,628.76
2026-03-17T20:00,2026-03-17,20,2026,3,17,대체로 맑음,5.4,52,-3.6,2.5,0.0,0.0,0.0,0.0,1,1020.7,1016.6,27,0,0,27,,2.4,287,11.2,0.0,0.0,0.0,0.0
2026-03-17T21:00,2026-03-17,21,2026,3,17,흐림,5.8,52,-3.5,3.0,0.0,0.0,0.0,0.0,3,1020.5,1016.4,98,0,0,98,,0.7,14,3.6,0.0,0.0,0.0,0.0
2026-03-17T22:00,2026-03-17,22,2026,3,17,흐림,5.1,60,-2.0,2.0,0.0,0.0,0.0,0.0,3,1020.4,1016.3,99,0,0,99,,4.3,15,7.2,0.0,0.0,0.0,0.0
2026-03-17T23:00,2026-03-17,23,2026,3,17,흐림,4.3,63,-2.2,1.1,0.0,0.0,0.0,0.0,3,1019.9,1015.8,100,0,63,100,,5.3,24,9.7,0.0,0.0,0.0,0.0
2026-03-18T00:00,2026-03-18,0,2026,3,18,흐림,4.2,66,-1.5,1.2,0.0,0.0,0.0,0.0,3,1019.4,1015.3,100,0,86,100,,4.7,88,9.4,0.0,0.0,0.0,0.0
2026-03-18T01:00,2026-03-18,1,2026,3,18,흐림,4.6,69,-0.6,1.4,0.0,0.0,0.0,0.0,3,1018.3,1014.2,100,2,100,100,,6.5,85,12.2,0.0,0.0,0.0,0.0
2026-03-18T02:00,2026-03-18,2,2026,3,18,흐림,4.7,73,0.2,1.9,0.0,0.0,0.0,0.0,3,1017.8,1013.7,100,35,89,100,,4.9,114,12.2,0.0,0.0,0.0,0.0
2026-03-18T03:00,2026-03-18,3,2026,3,18,흐림,4.4,79,1.1,2.1,0.0,0.0,0.0,0.0,3,1017.5,1013.4,100,7,100,100,,2.4,77,9.0,0.0,0.0,0.0,0.0
2026-03-18T04:00,2026-03-18,4,2026,3,18,흐림,4.8,81,1.7,2.6,0.0,0.0,0.0,0.0,3,1016.8,1012.7,100,0,100,100,,2.3,90,4.0,0.0,0.0,0.0,0.0
2026-03-18T05:00,2026-03-18,5,2026,3,18,약한 이슬비,5.0,80,1.8,2.8,0.2,0.2,0.0,0.0,51,1016.6,1012.5,100,9,100,100,,2.8,117,4.3,0.0,0.0,0.0,0.0
2026-03-18T06:00,2026-03-18,6,2026,3,18,보통 이슬비,5.1,79,1.8,3.1,0.6,0.6,0.0,0.0,53,1016.9,1012.8,100,100,100,100,,0.8,225,4.0,0.0,0.0,0.0,0.0
2026-03-18T07:00,2026-03-18,7,2026,3,18,보통 이슬비,4.6,88,2.8,2.5,0.7,0.7,0.0,0.0,53,1016.1,1012.0,100,100,100,97,,2.9,83,5.4,0.0,0.0,0.0,0.0
2026-03-18T08:00,2026-03-18,8,2026,3,18,보통 이슬비,4.6,94,3.7,2.6,0.7,0.7,0.0,0.0,53,1016.4,1012.3,100,100,100,0,,3.2,19,6.8,15.0,0.0,15.0,0.0
2026-03-18T09:00,2026-03-18,9,2026,3,18,보통 이슬비,4.8,94,3.8,2.9,0.9,0.9,0.0,0.0,53,1016.6,1012.5,100,100,100,55,,3.3,45,13.7,36.0,0.0,36.0,0.0
2026-03-18T10:00,2026-03-18,10,2026,3,18,보통 이슬비,4.6,90,3.0,1.5,0.7,0.7,0.0,0.0,53,1016.4,1012.3,100,100,100,0,,10.1,11,17.6,27.0,0.0,27.0,0.0
2026-03-18T11:00,2026-03-18,11,2026,3,18,보통 이슬비,4.2,86,2.1,0.6,0.6,0.6,0.0,0.0,53,1016.5,1012.4,100,100,100,53,,12.6,355,25.6,101.0,2.0,99.0,0.0
2026-03-18T12:00,2026-03-18,12,2026,3,18,약한 이슬비,3.8,88,2.0,0.2,0.4,0.4,0.0,0.0,51,1016.3,1012.2,100,100,100,37,,12.5,348,25.6,83.0,1.0,82.0,0.0
2026-03-18T13:00,2026-03-18,13,2026,3,18,약한 이슬비,4.1,85,1.8,0.4,0.4,0.4,0.0,0.0,51,1015.7,1011.6,100,100,100,30,,13.0,356,30.2,131.0,1.0,130.0,0.0
2026-03-18T14:00,2026-03-18,14,2026,3,18,흐림,4.7,84,2.2,1.9,0.0,0.0,0.0,0.0,3,1014.4,1010.3,95,72,89,44,,6.4,22,26.6,130.0,0.0,130.0,0.0
2026-03-18T15:00,2026-03-18,15,2026,3,18,흐림,7.8,67,2.0,4.7,0.0,0.0,0.0,0.0,3,1013.0,1008.9,100,53,2,100,,8.9,6,20.2,531.0,295.0,236.0,3600.0
2026-03-18T16:00,2026-03-18,16,2026,3,18,흐림,9.1,60,1.8,5.6,0.0,0.0,0.0,0.0,3,1012.5,1008.5,100,59,0,100,,10.7,335,25.6,434.0,233.0,201.0,3600.0
2026-03-18T17:00,2026-03-18,17,2026,3,18,흐림,8.7,61,1.5,4.9,0.0,0.0,0.0,0.0,3,1013.3,1009.3,100,98,0,100,,13.4,320,28.8,238.0,67.0,171.0,3019.63
2026-03-18T18:00,2026-03-18,18,2026,3,18,흐림,8.6,62,1.6,5.4,0.0,0.0,0.0,0.0,3,1013.3,1009.3,100,0,0,100,,8.6,324,31.0,95.0,10.0,85.0,0.0
2026-03-18T19:00,2026-03-18,19,2026,3,18,흐림,6.6,70,1.5,3.1,0.0,0.0,0.0,0.0,3,1013.9,1009.8,100,0,0,100,,11.3,271,19.8,16.0,1.0,15.0,0.0
2026-03-18T20:00,2026-03-18,20,2026,3,18,흐림,4.9,79,1.6,1.7,0.0,0.0,0.0,0.0,3,1014.4,1010.3,100,0,0,100,,9.2,268,26.3,0.0,0.0,0.0,0.0
2026-03-18T21:00,2026-03-18,21,2026,3,18,흐림,4.2,83,1.5,1.2,0.0,0.0,0.0,0.0,3,1014.9,1010.8,98,0,0,98,,7.8,285,17.3,0.0,0.0,0.0,0.0
2026-03-18T22:00,2026-03-18,22,2026,3,18,흐림,4.6,73,0.2,0.7,0.0,0.0,0.0,0.0,3,1015.8,1011.7,100,0,0,100,,12.0,317,24.1,0.0,0.0,0.0,0.0
2026-03-18T23:00,2026-03-18,23,2026,3,18,대체로 맑음,3.5,71,-1.1,-0.3,0.0,0.0,0.0,0.0,1,1016.4,1012.3,35,0,0,35,,10.9,315,24.1,0.0,0.0,0.0,0.0
2026-03-19T00:00,2026-03-19,0,2026,3,19,흐림,3.0,71,-1.7,-1.0,0.0,0.0,0.0,0.0,3,1017.2,1013.1,100,0,0,100,,11.1,317,22.0,0.0,0.0,0.0,0.0
2026-03-19T01:00,2026-03-19,1,2026,3,19,부분적으로 흐림,2.3,70,-2.7,-1.7,0.0,0.0,0.0,0.0,2,1017.4,1013.2,51,0,0,51,,10.7,319,22.0,0.0,0.0,0.0,0.0
2026-03-19T02:00,2026-03-19,2,2026,3,19,흐림,1.6,67,-3.8,-2.6,0.0,0.0,0.0,0.0,3,1017.9,1013.7,99,0,0,99,,10.5,322,21.6,0.0,0.0,0.0,0.0
2026-03-19T03:00,2026-03-19,3,2026,3,19,흐림,0.7,76,-3.0,-2.8,0.0,0.0,0.0,0.0,3,1018.2,1014.0,100,0,0,100,,6.4,302,20.9,0.0,0.0,0.0,0.0
2026-03-19T04:00,2026-03-19,4,2026,3,19,부분적으로 흐림,0.6,74,-3.6,-3.0,0.0,0.0,0.0,0.0,2,1018.2,1014.0,61,0,0,61,,6.3,305,12.6,0.0,0.0,0.0,0.0
2026-03-19T05:00,2026-03-19,5,2026,3,19,맑음,-0.1,72,-4.4,-3.8,0.0,0.0,0.0,0.0,0,1018.4,1014.2,2,0,0,2,,7.0,314,14.0,0.0,0.0,0.0,0.0
2026-03-19T06:00,2026-03-19,6,2026,3,19,맑음,-0.7,70,-5.5,-4.7,0.0,0.0,0.0,0.0,0,1018.9,1014.7,0,0,0,0,,8.1,323,15.8,0.0,0.0,0.0,0.0
2026-03-19T07:00,2026-03-19,7,2026,3,19,맑음,-1.0,67,-6.3,-5.1,0.0,0.0,0.0,0.0,0,1019.2,1015.0,0,0,0,0,,7.9,333,16.2,4.0,1.0,3.0,0.0
2026-03-19T08:00,2026-03-19,8,2026,3,19,맑음,0.3,64,-5.7,-3.6,0.0,0.0,0.0,0.0,0,1020.0,1015.8,0,0,0,0,,7.5,318,15.5,105.0,55.0,50.0,3600.0
2026-03-19T09:00,2026-03-19,9,2026,3,19,맑음,2.3,60,-4.7,-1.2,0.0,0.0,0.0,0.0,0,1020.6,1016.4,0,0,0,0,,5.5,314,17.6,300.0,207.0,93.0,3600.0
2026-03-19T10:00,2026-03-19,10,2026,3,19,맑음,4.9,51,-4.4,1.6,0.0,0.0,0.0,0.0,0,1020.7,1016.6,0,0,0,0,,4.1,319,15.8,493.0,376.0,117.0,3600.0
2026-03-19T11:00,2026-03-19,11,2026,3,19,맑음,7.1,43,-4.8,4.4,0.0,0.0,0.0,0.0,0,1020.4,1016.3,0,0,0,0,,4.4,297,17.3,655.0,522.0,133.0,3600.0
2026-03-19T12:00,2026-03-19,12,2026,3,19,맑음,9.1,32,-6.8,6.6,0.0,0.0,0.0,0.0,0,1019.9,1015.8,0,0,0,0,,5.9,297,19.8,764.0,623.0,141.0,3600.0
2026-03-19T13:00,2026-03-19,13,2026,3,19,맑음,10.4,28,-7.4,7.6,0.0,0.0,0.0,0.0,0,1018.9,1014.9,3,0,0,3,,8.6,281,24.1,808.0,665.0,143.0,3600.0
2026-03-19T14:00,2026-03-19,14,2026,3,19,부분적으로 흐림,10.6,27,-7.4,7.1,0.0,0.0,0.0,0.0,2,1018.0,1014.0,68,0,0,68,,12.6,268,31.3,785.0,643.0,142.0,3600.0
2026-03-19T15:00,2026-03-19,15,2026,3,19,흐림,9.8,31,-6.7,5.1,0.0,0.0,0.0,0.0,3,1017.6,1013.6,100,0,0,100,,16.7,262,40.3,690.0,541.0,149.0,3600.0
2026-03-19T16:00,2026-03-19,16,2026,3,19,부분적으로 흐림,8.5,34,-6.3,3.1,0.0,0.0,0.0,0.0,2,1017.7,1013.6,57,0,0,57,,17.1,268,40.7,511.0,334.0,177.0,3600.0
2026-03-19T17:00,2026-03-19,17,2026,3,19,대체로 맑음,7.4,42,-4.7,2.4,0.0,0.0,0.0,0.0,1,1017.6,1013.5,43,0,0,43,,15.5,268,38.5,349.0,226.0,123.0,3600.0
2026-03-19T18:00,2026-03-19,18,2026,3,19,대체로 맑음,6.0,55,-2.3,1.6,0.0,0.0,0.0,0.0,1,1017.7,1013.6,34,0,0,34,,13.4,263,33.8,162.0,87.0,75.0,3600.0
2026-03-19T19:00,2026-03-19,19,2026,3,19,맑음,4.3,68,-1.0,0.4,0.0,0.0,0.0,0.0,0,1018.2,1014.1,4,0,0,4,,11.8,264,28.1,21.0,6.0,15.0,571.91
2026-03-19T20:00,2026-03-19,20,2026,3,19,맑음,3.5,76,-0.3,0.0,0.0,0.0,0.0,0.0,0,1018.8,1014.7,0,0,0,0,,9.4,263,23.4,0.0,0.0,0.0,0.0
2026-03-19T21:00,2026-03-19,21,2026,3,19,맑음,3.2,78,-0.3,-0.3,0.0,0.0,0.0,0.0,0,1019.0,1014.9,0,0,0,0,,8.9,264,18.4,0.0,0.0,0.0,0.0
2026-03-19T22:00,2026-03-19,22,2026,3,19,맑음,3.1,82,0.3,-0.0,0.0,0.0,0.0,0.0,0,1019.5,1015.3,0,0,0,0,,7.2,274,16.9,0.0,0.0,0.0,0.0
2026-03-19T23:00,2026-03-19,23,2026,3,19,맑음,2.7,86,0.6,-0.2,0.0,0.0,0.0,0.0,0,1020.0,1015.8,2,0,0,2,,6.2,249,13.7,0.0,0.0,0.0,0.0
2026-03-20T00:00,2026-03-20,0,2026,3,20,맑음,2.5,88,0.8,-0.4,0.0,0.0,0.0,0.0,0,1020.2,1016.0,7,0,0,7,,6.7,236,12.6,0.0,0.0,0.0,0.0
2026-03-20T01:00,2026-03-20,1,2026,3,20,맑음,2.3,89,0.6,-0.6,0.0,0.0,0.0,0.0,0,1020.3,1016.1,12,0,0,12,,6.2,229,13.0,0.0,0.0,0.0,0.0
2026-03-20T02:00,2026-03-20,2,2026,3,20,맑음,1.9,88,0.2,-1.1,0.0,0.0,0.0,0.0,0,1019.7,1015.5,1,0,0,1,,5.8,214,11.5,0.0,0.0,0.0,0.0
2026-03-20T03:00,2026-03-20,3,2026,3,20,맑음,1.2,91,0.0,-1.7,0.0,0.0,0.0,0.0,0,1019.6,1015.4,0,0,0,0,,5.7,193,11.9,0.0,0.0,0.0,0.0
2026-03-20T04:00,2026-03-20,4,2026,3,20,맑음,1.1,92,0.0,-1.8,0.0,0.0,0.0,0.0,0,1019.2,1015.0,0,0,0,0,,5.1,172,11.5,0.0,0.0,0.0,0.0
2026-03-20T05:00,2026-03-20,5,2026,3,20,맑음,1.1,93,0.2,-1.9,0.0,0.0,0.0,0.0,0,1018.8,1014.6,0,0,0,0,,6.4,162,12.2,0.0,0.0,0.0,0.0
2026-03-20T06:00,2026-03-20,6,2026,3,20,맑음,0.9,94,0.1,-2.2,0.0,0.0,0.0,0.0,0,1019.0,1014.8,0,0,0,0,,6.8,163,13.3,0.0,0.0,0.0,0.0
2026-03-20T07:00,2026-03-20,7,2026,3,20,맑음,0.9,94,0.1,-2.4,0.0,0.0,0.0,0.0,0,1019.4,1015.2,0,0,0,0,,8.3,174,15.1,4.0,1.0,3.0,0.0
2026-03-20T08:00,2026-03-20,8,2026,3,20,맑음,2.5,92,1.2,-1.0,0.0,0.0,0.0,0.0,0,1019.9,1015.7,0,0,0,0,,10.7,173,17.6,102.0,49.0,53.0,3600.0
2026-03-20T09:00,2026-03-20,9,2026,3,20,맑음,4.1,88,2.2,1.2,0.0,0.0,0.0,0.0,0,1020.4,1016.3,0,0,0,0,,7.8,188,20.9,286.0,186.0,100.0,3600.0
2026-03-20T10:00,2026-03-20,10,2026,3,20,대체로 맑음,7.3,66,1.4,3.4,0.0,0.0,0.0,0.0,1,1020.6,1016.5,26,26,0,0,,13.8,244,32.4,471.0,340.0,131.0,3600.0
2026-03-20T11:00,2026-03-20,11,2026,3,20,부분적으로 흐림,9.1,59,1.4,5.6,0.0,0.0,0.0,0.0,2,1020.8,1016.7,61,61,0,0,,12.5,274,32.0,594.0,406.0,188.0,3600.0
2026-03-20T12:00,2026-03-20,12,2026,3,20,맑음,10.1,54,1.2,7.3,0.0,0.0,0.0,0.0,0,1020.3,1016.2,5,5,0,0,,8.7,262,30.6,613.0,360.0,253.0,3600.0
2026-03-20T13:00,2026-03-20,13,2026,3,20,맑음,11.2,52,1.8,9.3,0.0,0.0,0.0,0.0,0,1020.1,1016.1,3,3,0,0,,9.2,249,25.9,770.0,597.0,173.0,3600.0
2026-03-20T14:00,2026-03-20,14,2026,3,20,맑음,11.8,53,2.3,9.7,0.0,0.0,0.0,0.0,0,1019.8,1015.8,5,5,0,0,,10.6,246,28.1,770.0,618.0,152.0,3600.0
2026-03-20T15:00,2026-03-20,15,2026,3,20,맑음,11.1,54,2.0,8.2,0.0,0.0,0.0,0.0,0,1019.8,1015.8,9,9,0,0,,12.1,245,29.5,684.0,541.0,143.0,3600.0
2026-03-20T16:00,2026-03-20,16,2026,3,20,맑음,10.9,53,1.8,7.3,0.0,0.0,0.0,0.0,0,1020.0,1016.0,13,0,0,13,,12.1,243,31.0,533.0,398.0,135.0,3600.0
2026-03-20T17:00,2026-03-20,17,2026,3,20,흐림,10.5,51,0.9,6.9,0.0,0.0,0.0,0.0,3,1020.2,1016.2,95,0,0,95,,10.9,263,29.5,357.0,248.0,109.0,3600.0
2026-03-20T18:00,2026-03-20,18,2026,3,20,부분적으로 흐림,9.2,57,1.0,6.1,0.0,0.0,0.0,0.0,2,1020.7,1016.6,56,0,0,56,,8.1,257,24.5,159.0,79.0,80.0,3600.0
2026-03-20T19:00,2026-03-20,19,2026,3,20,맑음,6.8,70,1.7,3.9,0.0,0.0,0.0,0.0,0,1021.5,1017.4,0,0,0,0,,7.0,235,16.9,22.0,7.0,15.0,833.69
2026-03-20T20:00,2026-03-20,20,2026,3,20,맑음,5.3,75,1.2,2.6,0.0,0.0,0.0,0.0,0,1022.4,1018.3,0,0,0,0,,5.8,210,13.3,0.0,0.0,0.0,0.0
2026-03-20T21:00,2026-03-20,21,2026,3,20,맑음,4.4,75,0.4,1.5,0.0,0.0,0.0,0.0,0,1022.9,1018.8,0,0,0,0,,6.2,197,11.2,0.0,0.0,0.0,0.0
2026-03-20T22:00,2026-03-20,22,2026,3,20,맑음,4.4,77,0.8,1.8,0.0,0.0,0.0,0.0,0,1023.5,1019.4,0,0,0,0,,4.3,182,13.0,0.0,0.0,0.0,0.0
2026-03-20T23:00,2026-03-20,23,2026,3,20,맑음,3.9,77,0.3,1.3,0.0,0.0,0.0,0.0,0,1023.8,1019.6,0,0,0,0,,3.8,163,7.6,0.0,0.0,0.0,0.0
2026-03-21T00:00,2026-03-21,0,2026,3,21,맑음,3.3,79,0.1,0.8,0.0,0.0,0.0,0.0,0,1024.0,1019.8,0,0,0,0,,3.0,142,6.5,0.0,0.0,0.0,0.0
2026-03-21T01:00,2026-03-21,1,2026,3,21,맑음,2.5,83,-0.1,-0.1,0.0,0.0,0.0,0.0,0,1024.0,1019.8,0,0,0,0,,3.4,108,5.8,0.0,0.0,0.0,0.0
2026-03-21T02:00,2026-03-21,2,2026,3,21,맑음,2.0,86,0.0,-0.8,0.0,0.0,0.0,0.0,0,1024.2,1020.0,0,0,0,0,,4.8,117,9.4,0.0,0.0,0.0,0.0
2026-03-21T03:00,2026-03-21,3,2026,3,21,맑음,1.5,90,-0.1,-1.4,0.0,0.0,0.0,0.0,0,1024.4,1020.2,0,0,0,0,,4.7,137,9.7,0.0,0.0,0.0,0.0
2026-03-21T04:00,2026-03-21,4,2026,3,21,맑음,0.9,91,-0.4,-1.9,0.0,0.0,0.0,0.0,0,1024.5,1020.3,0,0,0,0,,4.1,135,9.0,0.0,0.0,0.0,0.0
2026-03-21T05:00,2026-03-21,5,2026,3,21,맑음,0.5,93,-0.6,-2.3,0.0,0.0,0.0,0.0,0,1024.4,1020.2,4,4,0,0,,4.2,110,8.3,0.0,0.0,0.0,0.0
2026-03-21T06:00,2026-03-21,6,2026,3,21,대체로 맑음,0.3,94,-0.6,-2.6,0.0,0.0,0.0,0.0,1,1024.6,1020.4,26,26,0,0,,5.1,107,9.7,0.0,0.0,0.0,0.0
2026-03-21T07:00,2026-03-21,7,2026,3,21,부분적으로 흐림,0.2,95,-0.4,-2.9,0.0,0.0,0.0,0.0,2,1024.8,1020.6,50,50,0,0,,5.9,113,10.8,5.0,1.0,4.0,0.0
2026-03-21T08:00,2026-03-21,8,2026,3,21,대체로 맑음,1.6,92,0.4,-1.2,0.0,0.0,0.0,0.0,1,1025.1,1020.9,28,28,0,0,,5.6,117,13.7,108.0,53.0,55.0,3600.0
2026-03-21T09:00,2026-03-21,9,2026,3,21,맑음,3.7,82,0.9,1.1,0.0,0.0,0.0,0.0,0,1025.7,1021.5,2,2,0,0,,4.1,128,14.0,296.0,196.0,100.0,3600.0
2026-03-21T10:00,2026-03-21,10,2026,3,21,대체로 맑음,6.6,67,0.9,4.0,0.0,0.0,0.0,0.0,1,1025.9,1021.8,38,0,0,38,,3.7,166,14.8,493.0,372.0,121.0,3600.0
2026-03-21T11:00,2026-03-21,11,2026,3,21,맑음,8.9,54,0.2,6.8,0.0,0.0,0.0,0.0,0,1025.7,1021.6,10,0,0,10,,5.0,195,17.6,651.0,512.0,139.0,3600.0
2026-03-21T12:00,2026-03-21,12,2026,3,21,맑음,10.8,42,-1.5,8.7,0.0,0.0,0.0,0.0,0,1025.3,1021.2,0,0,0,0,,6.8,217,20.9,759.0,611.0,148.0,3600.0
2026-03-21T13:00,2026-03-21,13,2026,3,21,맑음,11.9,36,-2.8,9.6,0.0,0.0,0.0,0.0,0,1024.4,1020.4,0,0,0,0,,8.9,232,24.8,805.0,656.0,149.0,3600.0
2026-03-21T14:00,2026-03-21,14,2026,3,21,맑음,12.2,34,-3.2,9.5,0.0,0.0,0.0,0.0,0,1023.8,1019.8,0,0,0,0,,10.2,238,27.4,782.0,636.0,146.0,3600.0
2026-03-21T15:00,2026-03-21,15,2026,3,21,맑음,12.2,33,-3.6,9.1,0.0,0.0,0.0,0.0,0,1023.2,1019.2,0,0,0,0,,9.7,242,27.7,696.0,557.0,139.0,3600.0
2026-03-21T16:00,2026-03-21,16,2026,3,21,맑음,11.9,33,-3.8,7.8,0.0,0.0,0.0,0.0,0,1022.8,1018.8,1,0,0,1,,10.0,244,25.9,553.0,429.0,124.0,3600.0
2026-03-21T17:00,2026-03-21,17,2026,3,21,맑음,10.6,37,-3.5,6.7,0.0,0.0,0.0,0.0,0,1022.6,1018.5,0,0,0,0,,9.0,247,25.2,369.0,264.0,105.0,3600.0
2026-03-21T18:00,2026-03-21,18,2026,3,21,맑음,8.9,47,-1.9,5.6,0.0,0.0,0.0,0.0,0,1022.7,1018.6,0,0,0,0,,6.1,256,20.9,171.0,100.0,71.0,3600.0
2026-03-21T19:00,2026-03-21,19,2026,3,21,맑음,6.1,65,0.0,3.3,0.0,0.0,0.0,0.0,0,1023.0,1018.9,0,0,0,0,,4.3,265,13.0,24.0,8.0,16.0,1095.6
2026-03-21T20:00,2026-03-21,20,2026,3,21,맑음,5.2,67,-0.3,2.9,0.0,0.0,0.0,0.0,0,1023.0,1018.9,0,0,0,0,,1.1,279,7.6,0.0,0.0,0.0,0.0
2026-03-21T21:00,2026-03-21,21,2026,3,21,맑음,4.5,71,-0.4,2.1,0.0,0.0,0.0,0.0,0,1023.1,1019.0,0,0,0,0,,1.4,293,2.2,0.0,0.0,0.0,0.0
2026-03-21T22:00,2026-03-21,22,2026,3,21,대체로 맑음,4.6,73,0.1,2.4,0.0,0.0,0.0,0.0,1,1023.1,1019.0,23,0,0,23,,0.5,135,2.5,0.0,0.0,0.0,0.0
2026-03-21T23:00,2026-03-21,23,2026,3,21,흐림,3.7,78,0.3,1.3,0.0,0.0,0.0,0.0,3,1022.6,1018.4,100,0,0,100,,2.1,110,4.0,0.0,0.0,0.0,0.0
2026-03-22T00:00,2026-03-22,0,2026,3,22,흐림,3.3,81,0.3,1.1,0.0,0.0,0.0,0.0,3,1023.2,1019.0,100,0,0,100,,0.8,63,4.0,0.0,0.0,0.0,0.0
2026-03-22T01:00,2026-03-22,1,2026,3,22,흐림,3.0,81,0.1,0.5,0.0,0.0,0.0,0.0,3,1023.1,1018.9,100,0,0,100,,2.3,58,5.0,0.0,0.0,0.0,0.0
2026-03-22T02:00,2026-03-22,2,2026,3,22,흐림,2.8,85,0.5,0.2,0.0,0.0,0.0,0.0,3,1022.6,1018.4,100,0,0,100,,3.5,81,7.2,0.0,0.0,0.0,0.0
2026-03-22T03:00,2026-03-22,3,2026,3,22,흐림,2.2,84,-0.1,-0.6,0.0,0.0,0.0,0.0,3,1022.6,1018.4,100,0,0,100,,4.6,81,6.8,0.0,0.0,0.0,0.0
2026-03-22T04:00,2026-03-22,4,2026,3,22,흐림,2.6,80,-0.4,-0.6,0.0,0.0,0.0,0.0,3,1021.7,1017.5,100,0,47,100,,6.8,92,13.0,0.0,0.0,0.0,0.0
2026-03-22T05:00,2026-03-22,5,2026,3,22,흐림,2.5,81,-0.4,-0.8,0.0,0.0,0.0,0.0,3,1021.1,1016.9,100,0,91,100,,7.7,93,14.4,0.0,0.0,0.0,0.0
2026-03-22T06:00,2026-03-22,6,2026,3,22,흐림,2.6,81,-0.2,-0.6,0.0,0.0,0.0,0.0,3,1020.9,1016.7,100,0,100,100,,6.9,99,14.8,0.0,0.0,0.0,0.0
2026-03-22T07:00,2026-03-22,7,2026,3,22,흐림,2.7,82,-0.1,-0.3,0.0,0.0,0.0,0.0,3,1020.9,1016.7,100,0,100,100,,6.1,92,13.3,3.0,0.0,3.0,0.0
2026-03-22T08:00,2026-03-22,8,2026,3,22,흐림,3.8,78,0.4,0.9,0.0,0.0,0.0,0.0,3,1021.0,1016.9,100,0,100,100,,6.0,80,12.2,69.0,4.0,65.0,0.0
2026-03-22T09:00,2026-03-22,9,2026,3,22,흐림,5.3,72,0.8,2.9,0.0,0.0,0.0,0.0,3,1021.8,1017.7,100,0,100,100,,2.8,63,11.9,214.0,50.0,164.0,2232.51
2026-03-22T10:00,2026-03-22,10,2026,3,22,흐림,8.9,53,-0.2,6.3,0.0,0.0,0.0,0.0,3,1021.5,1017.4,100,0,100,26,,3.0,115,12.2,387.0,162.0,225.0,3600.0
2026-03-22T11:00,2026-03-22,11,2026,3,22,흐림,11.2,39,-2.1,8.2,0.0,0.0,0.0,0.0,3,1021.1,1017.1,98,0,84,91,,4.0,100,14.8,505.0,215.0,290.0,3600.0
2026-03-22T12:00,2026-03-22,12,2026,3,22,흐림,13.4,35,-1.8,11.4,0.0,0.0,0.0,0.0,3,1020.2,1016.2,88,0,88,0,,4.2,115,16.6,719.0,509.0,210.0,3600.0
2026-03-22T13:00,2026-03-22,13,2026,3,22,맑음,14.6,31,-2.2,13.3,0.0,0.0,0.0,0.0,0,1019.3,1015.3,5,0,5,0,,2.8,130,16.6,781.0,592.0,189.0,3600.0
2026-03-22T14:00,2026-03-22,14,2026,3,22,맑음,15.6,29,-2.5,14.4,0.0,0.0,0.0,0.0,0,1018.6,1014.6,0,0,0,0,,1.7,229,14.4,779.0,630.0,149.0,3600.0
2026-03-22T15:00,2026-03-22,15,2026,3,22,맑음,15.9,27,-3.1,13.2,0.0,0.0,0.0,0.0,0,1017.9,1013.9,0,0,0,0,,6.8,268,17.3,693.0,552.0,141.0,3600.0
2026-03-22T16:00,2026-03-22,16,2026,3,22,맑음,15.5,25,-4.6,11.0,0.0,0.0,0.0,0.0,0,1018.0,1014.0,0,0,0,0,,12.3,267,28.4,549.0,423.0,126.0,3600.0
2026-03-22T17:00,2026-03-22,17,2026,3,22,맑음,14.0,25,-5.5,9.4,0.0,0.0,0.0,0.0,0,1018.2,1014.2,0,0,0,0,,12.4,272,29.5,366.0,261.0,105.0,3600.0
2026-03-22T18:00,2026-03-22,18,2026,3,22,맑음,12.0,32,-4.1,8.0,0.0,0.0,0.0,0.0,0,1018.6,1014.6,0,0,0,0,,8.8,287,26.6,171.0,99.0,72.0,3600.0
2026-03-22T19:00,2026-03-22,19,2026,3,22,맑음,8.6,48,-1.7,5.4,0.0,0.0,0.0,0.0,0,1018.7,1014.6,1,0,1,0,,5.6,303,18.0,24.0,8.0,16.0,1067.78
2026-03-22T20:00,2026-03-22,20,2026,3,22,대체로 맑음,7.7,48,-2.5,4.8,0.0,0.0,0.0,0.0,1,1018.7,1014.6,40,0,40,0,,2.2,318,9.4,0.0,0.0,0.0,0.0
2026-03-22T21:00,2026-03-22,21,2026,3,22,흐림,7.2,48,-3.0,4.2,0.0,0.0,0.0,0.0,3,1019.0,1014.9,97,0,97,0,,3.1,306,3.2,0.0,0.0,0.0,0.0
2026-03-22T22:00,2026-03-22,22,2026,3,22,맑음,6.9,50,-2.7,3.7,0.0,0.0,0.0,0.0,0,1019.4,1015.3,2,0,2,0,,5.0,308,7.9,0.0,0.0,0.0,0.0
2026-03-22T23:00,2026-03-22,23,2026,3,22,맑음,5.7,51,-3.7,2.2,0.0,0.0,0.0,0.0,0,1019.4,1015.3,0,0,0,0,,5.7,316,9.0,0.0,0.0,0.0,0.0
2026-03-23T00:00,2026-03-23,0,2026,3,23,맑음,4.8,51,-4.4,1.1,0.0,0.0,0.0,0.0,0,1020.2,1016.1,15,0,0,15,,6.4,322,11.9,0.0,0.0,0.0,0.0
2026-03-23T01:00,2026-03-23,1,2026,3,23,맑음,4.2,53,-4.4,0.4,0.0,0.0,0.0,0.0,0,1020.4,1016.3,16,0,0,16,,7.3,329,13.7,0.0,0.0,0.0,0.0
2026-03-23T02:00,2026-03-23,2,2026,3,23,흐림,3.5,64,-2.7,0.0,0.0,0.0,0.0,0.0,3,1020.3,1016.2,100,0,0,100,,6.3,353,13.7,0.0,0.0,0.0,0.0
2026-03-23T03:00,2026-03-23,3,2026,3,23,흐림,2.7,73,-1.8,-0.4,0.0,0.0,0.0,0.0,3,1020.3,1016.1,95,0,0,95,,5.3,352,11.5,0.0,0.0,0.0,0.0
2026-03-23T04:00,2026-03-23,4,2026,3,23,흐림,2.8,73,-1.5,-0.2,0.0,0.0,0.0,0.0,3,1020.0,1015.8,98,0,0,98,,3.8,11,8.6,0.0,0.0,0.0,0.0
2026-03-23T05:00,2026-03-23,5,2026,3,23,흐림,2.4,74,-1.7,-0.6,0.0,0.0,0.0,0.0,3,1019.9,1015.7,92,0,0,92,,4.4,9,7.6,0.0,0.0,0.0,0.0
2026-03-23T06:00,2026-03-23,6,2026,3,23,대체로 맑음,2.2,72,-2.2,-0.6,0.0,0.0,0.0,0.0,1,1020.3,1016.1,24,0,0,24,,2.5,21,6.8,0.0,0.0,0.0,0.0
2026-03-23T07:00,2026-03-23,7,2026,3,23,맑음,2.2,72,-2.2,-0.4,0.0,0.0,0.0,0.0,0,1020.6,1016.4,0,0,0,0,,1.3,304,4.3,6.0,1.0,5.0,0.0
2026-03-23T08:00,2026-03-23,8,2026,3,23,맑음,4.1,67,-1.4,1.1,0.0,0.0,0.0,0.0,0,1021.0,1016.9,0,0,0,0,,4.5,358,9.0,113.0,55.0,58.0,3600.0
2026-03-23T09:00,2026-03-23,9,2026,3,23,맑음,6.9,55,-1.4,4.0,0.0,0.0,0.0,0.0,0,1021.7,1017.6,5,0,0,5,,4.0,10,11.5,302.0,201.0,101.0,3600.0
2026-03-23T10:00,2026-03-23,10,2026,3,23,대체로 맑음,9.8,48,-0.6,7.2,0.0,0.0,0.0,0.0,1,1021.5,1017.4,28,0,0,28,,2.5,8,13.0,494.0,369.0,125.0,3600.0
2026-03-23T11:00,2026-03-23,11,2026,3,23,흐림,12.1,43,-0.1,10.2,0.0,0.0,0.0,0.0,3,1021.2,1017.2,100,0,0,100,,3.2,47,14.8,650.0,503.0,147.0,3600.0
2026-03-23T12:00,2026-03-23,12,2026,3,23,흐림,14.1,37,-0.5,12.3,0.0,0.0,0.0,0.0,3,1020.8,1016.8,100,0,0,100,,5.0,88,18.0,732.0,534.0,198.0,3600.0
2026-03-23T13:00,2026-03-23,13,2026,3,23,흐림,15.6,35,-0.1,14.1,0.0,0.0,0.0,0.0,3,1020.3,1016.3,96,0,0,96,,3.8,98,18.0,745.0,490.0,255.0,3600.0
2026-03-23T14:00,2026-03-23,14,2026,3,23,흐림,16.5,34,0.4,15.0,0.0,0.0,0.0,0.0,3,1019.5,1015.5,100,0,0,100,,3.5,99,16.2,716.0,461.0,255.0,3600.0
2026-03-23T15:00,2026-03-23,15,2026,3,23,흐림,17.0,28,-1.4,15.1,0.0,0.0,0.0,0.0,3,1018.9,1015.0,98,0,0,98,,2.0,85,15.1,651.0,452.0,199.0,3600.0
2026-03-23T16:00,2026-03-23,16,2026,3,23,흐림,17.5,28,-1.0,15.1,0.0,0.0,0.0,0.0,3,1018.5,1014.6,99,0,0,99,,0.8,63,10.8,483.0,268.0,215.0,3600.0
2026-03-23T17:00,2026-03-23,17,2026,3,23,부분적으로 흐림,17.1,30,-0.7,14.4,0.0,0.0,0.0,0.0,2,1018.5,1014.6,59,0,0,59,,3.3,292,9.4,334.0,186.0,148.0,3600.0
2026-03-23T18:00,2026-03-23,18,2026,3,23,맑음,14.9,42,2.2,12.3,0.0,0.0,0.0,0.0,0,1018.8,1014.8,1,0,0,1,,6.0,275,11.9,169.0,94.0,75.0,3600.0
2026-03-23T19:00,2026-03-23,19,2026,3,23,맑음,11.1,58,3.2,8.6,0.0,0.0,0.0,0.0,0,1019.2,1015.2,0,0,0,0,,6.0,279,14.0,25.0,9.0,16.0,1330.03
2026-03-23T20:00,2026-03-23,20,2026,3,23,대체로 맑음,9.4,66,3.3,7.4,0.0,0.0,0.0,0.0,1,1019.5,1015.4,29,0,0,29,,2.5,278,10.8,0.0,0.0,0.0,0.0
2026-03-23T21:00,2026-03-23,21,2026,3,23,흐림,8.4,69,3.0,6.7,0.0,0.0,0.0,0.0,3,1019.8,1015.7,84,0,0,84,,0.7,90,9.4,0.0,0.0,0.0,0.0
2026-03-23T22:00,2026-03-23,22,2026,3,23,흐림,8.4,75,4.1,6.4,0.0,0.0,0.0,0.0,3,1020.5,1016.4,97,0,0,97,,3.6,60,6.1,0.0,0.0,0.0,0.0
2026-03-23T23:00,2026-03-23,23,2026,3,23,부분적으로 흐림,7.8,75,3.7,5.8,0.0,0.0,0.0,0.0,2,1020.3,1016.2,74,0,0,74,,3.3,36,5.8,0.0,0.0,0.0,0.0
2026-03-24T00:00,2026-03-24,0,2026,3,24,대체로 맑음,7.2,80,3.9,5.0,0.0,0.0,0.0,0.0,1,1020.6,1016.5,31,0,0,31,,5.3,80,9.0,0.0,0.0,0.0,0.0
2026-03-24T01:00,2026-03-24,1,2026,3,24,대체로 맑음,7.8,74,3.5,4.6,0.0,0.0,0.0,0.0,1,1020.6,1016.5,30,0,0,30,,11.1,99,19.4,0.0,0.0,0.0,0.0
2026-03-24T02:00,2026-03-24,2,2026,3,24,흐림,7.6,68,2.2,4.4,0.0,0.0,0.0,0.0,3,1020.5,1016.4,99,0,0,99,,9.7,117,21.6,0.0,0.0,0.0,0.0
2026-03-24T03:00,2026-03-24,3,2026,3,24,흐림,6.9,69,1.5,3.7,0.0,0.0,0.0,0.0,3,1020.3,1016.2,100,0,0,100,,9.3,108,18.4,0.0,0.0,0.0,0.0
2026-03-24T04:00,2026-03-24,4,2026,3,24,흐림,6.8,67,1.0,3.3,0.0,0.0,0.0,0.0,3,1019.8,1015.7,100,0,0,100,,10.4,100,19.8,0.0,0.0,0.0,0.0
2026-03-24T05:00,2026-03-24,5,2026,3,24,흐림,6.6,66,0.7,3.0,0.0,0.0,0.0,0.0,3,1019.6,1015.5,100,0,0,100,,10.7,102,20.9,0.0,0.0,0.0,0.0
2026-03-24T06:00,2026-03-24,6,2026,3,24,흐림,6.1,67,0.4,2.4,0.0,0.0,0.0,0.0,3,1019.7,1015.6,99,0,0,99,,11.1,102,21.6,0.0,0.0,0.0,0.0
2026-03-24T07:00,2026-03-24,7,2026,3,24,흐림,5.8,68,0.4,2.3,0.0,0.0,0.0,0.0,3,1019.9,1015.8,91,0,0,91,,10.3,105,21.6,7.0,0.0,7.0,0.0
2026-03-24T08:00,2026-03-24,8,2026,3,24,흐림,7.2,65,1.0,3.9,0.0,0.0,0.0,0.0,3,1020.3,1016.2,99,0,0,99,,9.4,108,19.8,111.0,46.0,65.0,3600.0
2026-03-24T09:00,2026-03-24,9,2026,3,24,흐림,8.9,59,1.4,5.9,0.0,0.0,0.0,0.0,3,1020.5,1016.4,100,0,0,100,,8.2,109,19.4,274.0,137.0,137.0,3600.0
2026-03-24T10:00,2026-03-24,10,2026,3,24,흐림,11.4,53,2.2,8.7,0.0,0.0,0.0,0.0,3,1020.3,1016.3,100,0,9,100,,6.6,123,20.2,432.0,230.0,202.0,3600.0
2026-03-24T11:00,2026-03-24,11,2026,3,24,흐림,13.3,49,2.8,11.1,0.0,0.0,0.0,0.0,3,1019.8,1015.8,100,0,25,100,,5.4,150,19.4,583.0,347.0,236.0,3600.0
2026-03-24T12:00,2026-03-24,12,2026,3,24,흐림,14.6,44,2.5,12.9,0.0,0.0,0.0,0.0,3,1018.9,1014.9,100,0,53,99,,4.0,185,18.0,638.0,340.0,298.0,3600.0
2026-03-24T13:00,2026-03-24,13,2026,3,24,흐림,15.7,37,0.9,13.6,0.0,0.0,0.0,0.0,3,1018.6,1014.6,89,0,76,55,,6.5,228,20.2,677.0,372.0,305.0,3600.0
2026-03-24T14:00,2026-03-24,14,2026,3,24,흐림,16.1,32,-0.6,13.3,0.0,0.0,0.0,0.0,3,1017.7,1013.7,100,0,98,100,,10.9,232,28.1,722.0,485.0,237.0,3600.0
2026-03-24T15:00,2026-03-24,15,2026,3,24,흐림,15.3,34,-0.5,11.7,0.0,0.0,0.0,0.0,3,1017.0,1013.0,100,0,100,100,,10.2,244,28.8,568.0,287.0,281.0,3600.0
2026-03-24T16:00,2026-03-24,16,2026,3,24,흐림,14.8,39,0.8,11.6,0.0,0.0,0.0,0.0,3,1016.7,1012.7,100,0,100,100,,8.4,255,24.8,359.0,86.0,273.0,2532.94
2026-03-24T17:00,2026-03-24,17,2026,3,24,흐림,14.4,43,1.8,11.4,0.0,0.0,0.0,0.0,3,1016.3,1012.3,99,0,99,68,,7.9,271,21.2,264.0,73.0,191.0,3211.61
2026-03-24T18:00,2026-03-24,18,2026,3,24,흐림,13.3,48,2.6,10.7,0.0,0.0,0.0,0.0,3,1016.3,1012.3,100,0,100,100,,6.2,280,18.7,141.0,46.0,95.0,3600.0
2026-03-24T19:00,2026-03-24,19,2026,3,24,흐림,11.9,55,3.1,9.4,0.0,0.0,0.0,0.0,3,1016.3,1012.3,100,0,100,100,,5.6,310,13.3,16.0,0.0,16.0,0.0
2026-03-24T20:00,2026-03-24,20,2026,3,24,흐림,10.8,63,4.0,8.8,0.0,0.0,0.0,0.0,3,1016.1,1012.1,100,0,100,100,,3.7,346,10.4,0.0,0.0,0.0,0.0
2026-03-24T21:00,2026-03-24,21,2026,3,24,흐림,10.1,69,4.8,8.4,0.0,0.0,0.0,0.0,3,1016.4,1012.4,100,0,100,100,,3.3,351,6.5,0.0,0.0,0.0,0.0
2026-03-24T22:00,2026-03-24,22,2026,3,24,흐림,10.3,71,5.3,8.7,0.0,0.0,0.0,0.0,3,1016.5,1012.5,100,0,100,100,,2.8,11,5.4,0.0,0.0,0.0,0.0
2026-03-24T23:00,2026-03-24,23,2026,3,24,흐림,9.5,72,4.8,7.7,0.0,0.0,0.0,0.0,3,1016.3,1012.3,100,0,100,100,,3.5,15,5.8,0.0,0.0,0.0,0.0
2026-03-25T00:00,2026-03-25,0,2026,3,25,흐림,8.8,73,4.2,6.9,0.0,0.0,0.0,0.0,3,1016.0,1011.9,100,0,100,100,,3.2,19,6.5,0.0,0.0,0.0,0.0
2026-03-25T01:00,2026-03-25,1,2026,3,25,흐림,8.3,72,3.6,6.6,0.0,0.0,0.0,0.0,3,1015.9,1011.8,100,0,100,100,,1.3,45,4.7,0.0,0.0,0.0,0.0
2026-03-25T02:00,2026-03-25,2,2026,3,25,흐림,7.7,75,3.5,5.9,0.0,0.0,0.0,0.0,3,1015.6,1011.5,100,0,98,100,,1.9,22,2.5,0.0,0.0,0.0,0.0
2026-03-25T03:00,2026-03-25,3,2026,3,25,흐림,7.2,75,3.0,4.9,0.0,0.0,0.0,0.0,3,1015.3,1011.2,100,0,91,100,,4.4,353,4.0,0.0,0.0,0.0,0.0
2026-03-25T04:00,2026-03-25,4,2026,3,25,흐림,7.1,75,3.0,4.9,0.0,0.0,0.0,0.0,3,1014.9,1010.8,100,0,90,100,,3.8,349,7.6,0.0,0.0,0.0,0.0
2026-03-25T05:00,2026-03-25,5,2026,3,25,흐림,6.7,77,2.9,4.4,0.0,0.0,0.0,0.0,3,1015.0,1010.9,100,0,67,100,,3.9,344,6.1,0.0,0.0,0.0,0.0
2026-03-25T06:00,2026-03-25,6,2026,3,25,흐림,6.3,79,2.9,4.2,0.0,0.0,0.0,0.0,3,1015.4,1011.3,96,0,1,96,,3.2,357,6.1,0.0,0.0,0.0,0.0
2026-03-25T07:00,2026-03-25,7,2026,3,25,흐림,6.0,79,2.7,4.0,0.0,0.0,0.0,0.0,3,1015.4,1011.3,81,0,0,81,,2.3,360,4.7,8.0,0.0,8.0,0.0
2026-03-25T08:00,2026-03-25,8,2026,3,25,부분적으로 흐림,7.8,70,2.7,5.7,0.0,0.0,0.0,0.0,2,1015.8,1011.7,78,0,0,78,,3.4,317,8.3,116.0,51.0,65.0,3600.0
2026-03-25T09:00,2026-03-25,9,2026,3,25,맑음,10.1,59,2.4,7.9,0.0,0.0,0.0,0.0,0,1015.8,1011.8,0,0,0,0,,3.5,325,11.5,297.0,178.0,119.0,3600.0
2026-03-25T10:00,2026-03-25,10,2026,3,25,맑음,12.4,52,2.8,9.9,0.0,0.0,0.0,0.0,0,1015.9,1011.9,5,0,0,5,,5.3,315,17.3,500.0,372.0,128.0,3600.0
2026-03-25T11:00,2026-03-25,11,2026,3,25,부분적으로 흐림,13.9,48,3.0,12.1,0.0,0.0,0.0,0.0,2,1015.7,1011.7,50,0,0,50,,5.6,320,19.4,661.0,520.0,141.0,3600.0
2026-03-25T12:00,2026-03-25,12,2026,3,25,맑음,15.2,40,1.7,14.0,0.0,0.0,0.0,0.0,0,1015.2,1011.2,0,0,0,0,,4.7,313,19.4,757.0,590.0,167.0,3600.0
2026-03-25T13:00,2026-03-25,13,2026,3,25,맑음,16.7,32,0.1,15.6,0.0,0.0,0.0,0.0,0,1014.4,1010.5,0,0,0,0,,4.5,317,18.4,805.0,647.0,158.0,3600.0
2026-03-25T14:00,2026-03-25,14,2026,3,25,맑음,17.7,28,-0.9,16.0,0.0,0.0,0.0,0.0,0,1013.7,1009.8,0,0,0,0,,5.9,297,19.8,781.0,630.0,151.0,3600.0
2026-03-25T15:00,2026-03-25,15,2026,3,25,맑음,17.7,33,1.4,15.2,0.0,0.0,0.0,0.0,0,1013.0,1009.1,0,0,0,0,,9.7,286,24.5,693.0,550.0,143.0,3600.0
2026-03-25T16:00,2026-03-25,16,2026,3,25,맑음,16.6,43,4.0,13.1,0.0,0.0,0.0,0.0,0,1013.0,1009.1,0,0,0,0,,13.9,268,32.8,547.0,417.0,130.0,3600.0
2026-03-25T17:00,2026-03-25,17,2026,3,25,맑음,14.6,48,3.7,11.1,0.0,0.0,0.0,0.0,0,1013.4,1009.4,0,0,0,0,,13.7,259,33.5,363.0,253.0,110.0,3600.0
2026-03-25T18:00,2026-03-25,18,2026,3,25,맑음,12.6,53,3.3,9.6,0.0,0.0,0.0,0.0,0,1013.9,1009.9,0,0,0,0,,10.5,257,30.6,172.0,96.0,76.0,3600.0
2026-03-25T19:00,2026-03-25,19,2026,3,25,맑음,10.1,63,3.5,7.5,0.0,0.0,0.0,0.0,0,1014.3,1010.3,0,0,0,0,,8.0,262,21.6,27.0,9.0,18.0,1275.54
2026-03-25T20:00,2026-03-25,20,2026,3,25,맑음,8.6,72,3.9,6.2,0.0,0.0,0.0,0.0,0,1014.9,1010.8,2,2,0,0,,6.3,257,15.5,0.0,0.0,0.0,0.0
2026-03-25T21:00,2026-03-25,21,2026,3,25,맑음,8.2,74,3.9,6.1,0.0,0.0,0.0,0.0,0,1015.5,1011.4,0,0,0,0,,4.9,262,11.9,0.0,0.0,0.0,0.0
2026-03-25T22:00,2026-03-25,22,2026,3,25,맑음,8.2,74,3.8,6.1,0.0,0.0,0.0,0.0,0,1016.2,1012.1,2,2,0,0,,4.9,276,11.5,0.0,0.0,0.0,0.0
2026-03-25T23:00,2026-03-25,23,2026,3,25,맑음,7.3,79,4.0,5.4,0.0,0.0,0.0,0.0,0,1016.3,1012.2,1,1,0,0,,3.5,298,9.4,0.0,0.0,0.0,0.0
2026-03-26T00:00,2026-03-26,0,2026,3,26,맑음,7.1,76,3.2,5.4,0.0,0.0,0.0,0.0,0,1016.4,1012.3,10,0,0,10,,1.0,248,6.1,0.0,0.0,0.0,0.0
2026-03-26T01:00,2026-03-26,1,2026,3,26,대체로 맑음,6.8,75,2.8,5.1,0.0,0.0,0.0,0.0,1,1016.3,1012.2,25,0,0,25,,0.6,198,1.8,0.0,0.0,0.0,0.0
2026-03-26T02:00,2026-03-26,2,2026,3,26,맑음,6.2,78,2.8,4.3,0.0,0.0,0.0,0.0,0,1016.5,1012.4,7,0,0,7,,2.0,207,3.2,0.0,0.0,0.0,0.0
2026-03-26T03:00,2026-03-26,3,2026,3,26,맑음,5.6,84,3.0,3.6,0.0,0.0,0.0,0.0,0,1016.9,1012.8,8,0,0,8,,2.7,228,5.4,0.0,0.0,0.0,0.0
2026-03-26T04:00,2026-03-26,4,2026,3,26,맑음,5.6,83,3.0,4.0,0.0,0.0,0.0,0.0,0,1016.5,1012.4,11,0,0,11,,0.2,90,4.0,0.0,0.0,0.0,0.0
2026-03-26T05:00,2026-03-26,5,2026,3,26,맑음,5.0,86,2.8,3.1,0.0,0.0,0.0,0.0,0,1016.5,1012.4,0,0,0,0,,1.7,108,2.5,0.0,0.0,0.0,0.0
2026-03-26T06:00,2026-03-26,6,2026,3,26,맑음,4.5,89,2.8,2.4,0.0,0.0,0.0,0.0,0,1016.8,1012.7,0,0,0,0,,3.2,180,5.4,0.0,0.0,0.0,0.0
2026-03-26T07:00,2026-03-26,7,2026,3,26,맑음,4.7,90,3.2,2.9,0.0,0.0,0.0,0.0,0,1016.6,1012.5,0,0,0,0,,1.2,153,5.4,9.0,2.0,7.0,0.0
2026-03-26T08:00,2026-03-26,8,2026,3,26,맑음,6.7,82,3.8,4.9,0.0,0.0,0.0,0.0,0,1016.8,1012.7,0,0,0,0,,2.2,138,7.6,121.0,58.0,63.0,3600.0
2026-03-26T09:00,2026-03-26,9,2026,3,26,맑음,7.9,73,3.3,6.1,0.0,0.0,0.0,0.0,0,1017.1,1013.0,0,0,0,0,,1.8,191,11.5,307.0,199.0,108.0,3600.0
2026-03-26T10:00,2026-03-26,10,2026,3,26,맑음,10.9,60,3.5,8.9,0.0,0.0,0.0,0.0,0,1017.0,1013.0,0,0,0,0,,2.7,233,13.3,498.0,369.0,129.0,3600.0
2026-03-26T11:00,2026-03-26,11,2026,3,26,맑음,13.4,51,3.3,12.0,0.0,0.0,0.0,0.0,0,1016.6,1012.6,0,0,0,0,,3.5,242,15.8,654.0,509.0,145.0,3600.0
2026-03-26T12:00,2026-03-26,12,2026,3,26,맑음,15.4,46,3.8,14.4,0.0,0.0,0.0,0.0,0,1016.0,1012.0,0,0,0,0,,5.5,257,19.4,760.0,605.0,155.0,3600.0
2026-03-26T13:00,2026-03-26,13,2026,3,26,맑음,16.7,43,4.0,15.6,0.0,0.0,0.0,0.0,0,1015.1,1011.2,0,0,0,0,,8.4,245,24.1,804.0,646.0,158.0,3600.0
2026-03-26T14:00,2026-03-26,14,2026,3,26,맑음,17.4,38,2.9,15.7,0.0,0.0,0.0,0.0,0,1014.5,1010.6,0,0,0,0,,9.7,245,27.0,782.0,625.0,157.0,3600.0
2026-03-26T15:00,2026-03-26,15,2026,3,26,맑음,17.2,37,2.5,14.8,0.0,0.0,0.0,0.0,0,1013.5,1009.6,0,0,0,0,,10.5,248,28.1,697.0,550.0,147.0,3600.0
2026-03-26T16:00,2026-03-26,16,2026,3,26,맑음,16.5,39,2.6,12.9,0.0,0.0,0.0,0.0,0,1013.6,1009.7,10,0,0,10,,13.1,247,31.3,554.0,421.0,133.0,3600.0
2026-03-26T17:00,2026-03-26,17,2026,3,26,부분적으로 흐림,14.5,46,3.0,11.1,0.0,0.0,0.0,0.0,2,1013.7,1009.7,70,0,0,70,,11.9,243,31.3,373.0,262.0,111.0,3600.0
2026-03-26T18:00,2026-03-26,18,2026,3,26,맑음,12.2,56,3.7,9.3,0.0,0.0,0.0,0.0,0,1014.2,1010.2,0,0,0,0,,9.7,241,27.0,177.0,99.0,78.0,3600.0
2026-03-26T19:00,2026-03-26,19,2026,3,26,맑음,10.1,67,4.2,7.6,0.0,0.0,0.0,0.0,0,1014.4,1010.4,0,0,0,0,,7.3,247,20.5,29.0,10.0,19.0,1538.53
2026-03-26T20:00,2026-03-26,20,2026,3,26,맑음,8.6,81,5.4,6.9,0.0,0.0,0.0,0.0,0,1014.8,1010.7,14,0,0,14,,3.8,267,14.0,0.0,0.0,0.0,0.0
2026-03-26T21:00,2026-03-26,21,2026,3,26,대체로 맑음,7.9,83,5.2,6.4,0.0,0.0,0.0,0.0,1,1015.6,1011.5,38,0,0,38,,2.6,258,6.8,0.0,0.0,0.0,0.0
2026-03-26T22:00,2026-03-26,22,2026,3,26,맑음,7.8,85,5.6,6.4,0.0,0.0,0.0,0.0,0,1016.1,1012.0,15,0,0,15,,2.6,231,5.4,0.0,0.0,0.0,0.0
2026-03-26T23:00,2026-03-26,23,2026,3,26,부분적으로 흐림,7.2,88,5.4,5.8,0.0,0.0,0.0,0.0,2,1016.1,1012.0,52,0,0,52,,2.3,184,5.0,0.0,0.0,0.0,0.0
2026-03-27T00:00,2026-03-27,0,2026,3,27,대체로 맑음,6.7,90,5.2,5.0,0.0,0.0,0.0,0.0,1,1016.1,1012.0,31,0,0,31,,3.0,155,5.0,0.0,0.0,0.0,0.0
2026-03-27T01:00,2026-03-27,1,2026,3,27,맑음,6.2,92,4.9,4.4,0.0,0.0,0.0,0.0,0,1015.8,1011.7,12,0,0,12,,4.0,153,6.8,0.0,0.0,0.0,0.0
2026-03-27T02:00,2026-03-27,2,2026,3,27,맑음,6.1,92,4.9,4.1,0.0,0.0,0.0,0.0,0,1015.2,1011.1,5,0,0,5,,5.5,169,9.7,0.0,0.0,0.0,0.0
2026-03-27T03:00,2026-03-27,3,2026,3,27,대체로 맑음,5.3,96,4.7,3.3,0.0,0.0,0.0,0.0,1,1015.4,1011.3,41,0,0,41,,4.5,173,11.5,0.0,0.0,0.0,0.0
2026-03-27T04:00,2026-03-27,4,2026,3,27,맑음,5.6,95,4.8,3.5,0.0,0.0,0.0,0.0,0,1015.2,1011.1,0,0,0,0,,5.4,159,10.1,0.0,0.0,0.0,0.0
2026-03-27T05:00,2026-03-27,5,2026,3,27,맑음,5.1,95,4.3,3.1,0.0,0.0,0.0,0.0,0,1015.5,1011.4,0,0,0,0,,4.2,144,10.1,0.0,0.0,0.0,0.0
2026-03-27T06:00,2026-03-27,6,2026,3,27,맑음,5.3,93,4.3,3.1,0.0,0.0,0.0,0.0,0,1015.7,1011.6,0,0,0,0,,5.6,132,10.1,0.0,0.0,0.0,0.0
2026-03-27T07:00,2026-03-27,7,2026,3,27,맑음,5.4,92,4.3,3.1,0.0,0.0,0.0,0.0,0,1015.4,1011.3,1,0,1,0,,7.0,134,12.6,10.0,2.0,8.0,0.0
2026-03-27T08:00,2026-03-27,8,2026,3,27,부분적으로 흐림,7.4,85,5.0,5.3,0.0,0.0,0.0,0.0,2,1015.5,1011.4,71,0,71,0,,6.0,115,13.3,121.0,55.0,66.0,3600.0
2026-03-27T09:00,2026-03-27,9,2026,3,27,맑음,8.4,78,4.9,6.8,0.0,0.0,0.0,0.0,0,1016.0,1011.9,0,0,0,0,,2.7,110,13.0,297.0,180.0,117.0,3600.0
2026-03-27T10:00,2026-03-27,10,2026,3,27,맑음,10.9,70,5.6,9.3,0.0,0.0,0.0,0.0,0,1015.5,1011.5,0,0,0,0,,3.4,164,14.8,488.0,348.0,140.0,3600.0
2026-03-27T11:00,2026-03-27,11,2026,3,27,맑음,13.1,63,6.1,11.9,0.0,0.0,0.0,0.0,0,1015.2,1011.2,0,0,0,0,,5.3,204,18.7,642.0,487.0,155.0,3600.0
2026-03-27T12:00,2026-03-27,12,2026,3,27,맑음,14.9,56,6.2,14.1,0.0,0.0,0.0,0.0,0,1014.4,1010.4,0,0,0,0,,6.9,225,22.0,745.0,580.0,165.0,3600.0
2026-03-27T13:00,2026-03-27,13,2026,3,27,맑음,16.0,51,6.1,15.2,0.0,0.0,0.0,0.0,0,1013.6,1009.7,0,0,0,0,,8.6,233,25.2,786.0,619.0,167.0,3600.0
2026-03-27T14:00,2026-03-27,14,2026,3,27,맑음,16.5,49,5.7,15.2,0.0,0.0,0.0,0.0,0,1012.9,1009.0,0,0,0,0,,10.2,234,27.7,761.0,595.0,166.0,3600.0
2026-03-27T15:00,2026-03-27,15,2026,3,27,맑음,15.9,47,4.5,13.8,0.0,0.0,0.0,0.0,0,1012.0,1008.1,18,0,18,0,,10.9,236,28.8,675.0,518.0,157.0,3600.0
2026-03-27T16:00,2026-03-27,16,2026,3,27,맑음,15.6,47,4.4,12.6,0.0,0.0,0.0,0.0,0,1011.6,1007.7,0,0,0,0,,11.2,233,28.4,509.0,357.0,152.0,3600.0
2026-03-27T17:00,2026-03-27,17,2026,3,27,맑음,14.5,51,4.4,11.5,0.0,0.0,0.0,0.0,0,1011.7,1007.7,0,0,0,0,,11.6,235,28.1,362.0,246.0,116.0,3600.0
2026-03-27T18:00,2026-03-27,18,2026,3,27,맑음,12.6,59,4.8,9.8,0.0,0.0,0.0,0.0,0,1012.0,1008.0,0,0,0,0,,10.8,240,27.4,177.0,100.0,77.0,3600.0
2026-03-27T19:00,2026-03-27,19,2026,3,27,맑음,10.4,69,4.9,8.0,0.0,0.0,0.0,0.0,0,1012.5,1008.5,0,0,0,0,,7.6,252,22.7,30.0,10.0,20.0,1511.92
2026-03-27T20:00,2026-03-27,20,2026,3,27,맑음,8.9,78,5.3,6.8,0.0,0.0,0.0,0.0,0,1013.0,1009.0,0,0,0,0,,6.1,246,15.5,0.0,0.0,0.0,0.0
2026-03-27T21:00,2026-03-27,21,2026,3,27,맑음,8.1,87,6.1,6.4,0.0,0.0,0.0,0.0,0,1013.7,1009.6,13,2,0,10,,5.5,251,11.2,0.0,0.0,0.0,0.0
2026-03-27T22:00,2026-03-27,22,2026,3,27,맑음,7.8,90,6.2,6.1,0.0,0.0,0.0,0.0,0,1014.3,1010.2,1,1,0,0,,5.2,254,13.0,0.0,0.0,0.0,0.0
2026-03-27T23:00,2026-03-27,23,2026,3,27,맑음,7.0,94,6.1,5.7,0.0,0.0,0.0,0.0,0,1014.4,1010.3,0,0,0,0,,1.9,221,10.4,0.0,0.0,0.0,0.0
2026-03-28T00:00,2026-03-28,0,2026,3,28,맑음,6.7,93,5.7,5.5,0.0,0.0,0.0,0.0,0,1014.7,1010.6,0,0,0,0,,0.9,169,4.0,0.0,0.0,0.0,0.0
2026-03-28T01:00,2026-03-28,1,2026,3,28,맑음,6.2,94,5.4,5.0,0.0,0.0,0.0,0.0,0,1014.9,1010.8,0,0,0,0,,1.1,189,2.9,0.0,0.0,0.0,0.0
2026-03-28T02:00,2026-03-28,2,2026,3,28,맑음,5.7,95,4.9,4.2,0.0,0.0,0.0,0.0,0,1014.9,1010.8,2,0,0,2,,1.6,186,3.2,0.0,0.0,0.0,0.0
2026-03-28T03:00,2026-03-28,3,2026,3,28,대체로 맑음,5.0,98,4.8,3.1,0.0,0.0,0.0,0.0,1,1015.3,1011.2,20,4,0,16,,4.3,202,7.6,0.0,0.0,0.0,0.0
2026-03-28T04:00,2026-03-28,4,2026,3,28,맑음,4.8,98,4.5,3.0,0.0,0.0,0.0,0.0,0,1015.4,1011.3,16,15,0,1,,3.5,189,7.6,0.0,0.0,0.0,0.0
2026-03-28T05:00,2026-03-28,5,2026,3,28,흐림,4.4,100,4.4,2.7,0.0,0.0,0.0,0.0,3,1015.7,1011.6,99,99,0,2,,2.7,138,5.8,0.0,0.0,0.0,0.0
2026-03-28T06:00,2026-03-28,6,2026,3,28,흐림,4.3,99,4.2,2.4,0.0,0.0,0.0,0.0,3,1016.1,1012.0,100,100,0,4,,3.2,117,7.2,0.0,0.0,0.0,0.0
2026-03-28T07:00,2026-03-28,7,2026,3,28,흐림,4.2,99,4.1,2.2,0.0,0.0,0.0,0.0,3,1016.5,1012.4,100,100,0,0,,3.9,124,9.4,10.0,1.0,9.0,0.0
2026-03-28T08:00,2026-03-28,8,2026,3,28,흐림,5.3,97,4.8,3.4,0.0,0.0,0.0,0.0,3,1017.0,1012.9,100,100,0,0,,4.1,131,11.9,97.0,17.0,80.0,645.33
2026-03-28T09:00,2026-03-28,9,2026,3,28,흐림,6.4,89,4.7,4.6,0.0,0.0,0.0,0.0,3,1017.6,1013.5,88,88,0,0,,3.8,131,12.6,264.0,103.0,161.0,3600.0
2026-03-28T10:00,2026-03-28,10,2026,3,28,대체로 맑음,9.1,75,5.0,7.6,0.0,0.0,0.0,0.0,1,1017.9,1013.8,39,39,0,0,,2.3,108,14.4,442.0,231.0,211.0,3600.0
2026-03-28T11:00,2026-03-28,11,2026,3,28,맑음,11.9,62,4.8,11.1,0.0,0.0,0.0,0.0,0,1017.8,1013.8,0,0,0,0,,1.0,121,14.0,650.0,471.0,179.0,3600.0
2026-03-28T12:00,2026-03-28,12,2026,3,28,맑음,14.1,52,4.3,14.1,0.0,0.0,0.0,0.0,0,1017.2,1013.2,0,0,0,0,,1.0,248,13.0,763.0,591.0,172.0,3600.0
2026-03-28T13:00,2026-03-28,13,2026,3,28,맑음,15.9,44,3.5,16.0,0.0,0.0,0.0,0.0,0,1016.4,1012.4,0,0,0,0,,1.8,264,14.4,814.0,655.0,159.0,3600.0
2026-03-28T14:00,2026-03-28,14,2026,3,28,맑음,17.4,36,2.2,16.9,0.0,0.0,0.0,0.0,0,1015.5,1011.6,0,0,0,0,,2.3,293,15.1,792.0,635.0,157.0,3600.0
2026-03-28T15:00,2026-03-28,15,2026,3,28,맑음,17.8,33,1.5,16.2,0.0,0.0,0.0,0.0,0,1014.5,1010.6,0,0,0,0,,4.9,272,15.1,706.0,558.0,148.0,3600.0
2026-03-28T16:00,2026-03-28,16,2026,3,28,맑음,18.1,33,1.8,15.2,0.0,0.0,0.0,0.0,0,1014.3,1010.4,0,0,0,0,,7.9,253,21.2,562.0,429.0,133.0,3600.0
2026-03-28T17:00,2026-03-28,17,2026,3,28,맑음,16.8,39,2.6,13.5,0.0,0.0,0.0,0.0,0,1014.4,1010.5,0,0,0,0,,10.9,243,25.6,378.0,266.0,112.0,3600.0
2026-03-28T18:00,2026-03-28,18,2026,3,28,맑음,14.4,46,3.0,11.5,0.0,0.0,0.0,0.0,0,1014.9,1010.9,0,0,0,0,,8.7,238,25.6,183.0,104.0,79.0,3600.0
2026-03-28T19:00,2026-03-28,19,2026,3,28,맑음,11.6,55,2.8,8.9,0.0,0.0,0.0,0.0,0,1015.3,1011.3,0,0,0,0,,6.9,231,18.0,31.0,11.0,20.0,1775.56
2026-03-28T20:00,2026-03-28,20,2026,3,28,맑음,9.8,61,2.7,7.2,0.0,0.0,0.0,0.0,0,1016.1,1012.1,0,0,0,0,,5.9,258,14.0,0.0,0.0,0.0,0.0
2026-03-28T21:00,2026-03-28,21,2026,3,28,맑음,8.5,70,3.3,6.6,0.0,0.0,0.0,0.0,0,1017.0,1012.9,0,0,0,0,,2.7,278,11.5,0.0,0.0,0.0,0.0
2026-03-28T22:00,2026-03-28,22,2026,3,28,맑음,8.3,72,3.5,6.4,0.0,0.0,0.0,0.0,0,1017.1,1013.0,0,0,0,0,,2.7,242,5.8,0.0,0.0,0.0,0.0
2026-03-28T23:00,2026-03-28,23,2026,3,28,맑음,7.9,71,3.0,6.3,0.0,0.0,0.0,0.0,0,1016.7,1012.6,1,0,0,1,,0.4,153,5.4,0.0,0.0,0.0,0.0
2026-03-29T00:00,2026-03-29,0,2026,3,29,맑음,7.4,73,3.0,5.5,0.0,0.0,0.0,0.0,0,1016.5,1012.4,14,0,0,14,,2.1,110,3.6,0.0,0.0,0.0,0.0
2026-03-29T01:00,2026-03-29,1,2026,3,29,부분적으로 흐림,7.1,75,2.9,5.2,0.0,0.0,0.0,0.0,2,1016.4,1012.3,75,0,0,75,,1.7,148,4.0,0.0,0.0,0.0,0.0
2026-03-29T02:00,2026-03-29,2,2026,3,29,흐림,6.5,78,2.9,4.6,0.0,0.0,0.0,0.0,3,1016.4,1012.3,99,0,0,99,,2.1,160,2.9,0.0,0.0,0.0,0.0
2026-03-29T03:00,2026-03-29,3,2026,3,29,흐림,5.9,80,2.8,3.8,0.0,0.0,0.0,0.0,3,1016.7,1012.6,100,0,0,100,,3.2,137,4.7,0.0,0.0,0.0,0.0
2026-03-29T04:00,2026-03-29,4,2026,3,29,흐림,5.4,82,2.7,3.1,0.0,0.0,0.0,0.0,3,1016.8,1012.7,100,0,0,100,,4.3,135,7.9,0.0,0.0,0.0,0.0
2026-03-29T05:00,2026-03-29,5,2026,3,29,흐림,5.1,84,2.5,2.7,0.0,0.0,0.0,0.0,3,1016.7,1012.6,100,0,0,100,,4.2,110,8.3,0.0,0.0,0.0,0.0
2026-03-29T06:00,2026-03-29,6,2026,3,29,흐림,4.9,85,2.6,2.6,0.0,0.0,0.0,0.0,3,1016.8,1012.7,98,0,0,98,,4.3,88,8.3,0.0,0.0,0.0,0.0
2026-03-29T07:00,2026-03-29,7,2026,3,29,흐림,5.2,85,2.9,2.7,0.0,0.0,0.0,0.0,3,1016.8,1012.7,96,0,11,96,,6.1,90,11.2,12.0,1.0,11.0,0.0
2026-03-29T08:00,2026-03-29,8,2026,3,29,흐림,7.2,77,3.5,4.5,0.0,0.0,0.0,0.0,3,1016.8,1012.7,99,0,6,99,,7.6,91,14.4,121.0,39.0,82.0,3600.0
2026-03-29T09:00,2026-03-29,9,2026,3,29,흐림,9.6,66,3.5,7.6,0.0,0.0,0.0,0.0,3,1017.4,1013.4,99,0,90,98,,3.6,81,15.5,318.0,199.0,119.0,3600.0
2026-03-29T10:00,2026-03-29,10,2026,3,29,흐림,12.9,48,2.2,10.6,0.0,0.0,0.0,0.0,3,1017.3,1013.3,98,0,5,97,,3.5,99,14.0,482.0,304.0,178.0,3600.0
2026-03-29T11:00,2026-03-29,11,2026,3,29,흐림,15.2,41,2.0,13.4,0.0,0.0,0.0,0.0,3,1017.0,1013.0,100,0,2,100,,3.4,133,15.1,623.0,413.0,210.0,3600.0
2026-03-29T12:00,2026-03-29,12,2026,3,29,흐림,16.9,38,2.3,15.5,0.0,0.0,0.0,0.0,3,1016.4,1012.5,100,0,53,100,,2.8,169,15.1,664.0,360.0,304.0,3600.0
2026-03-29T13:00,2026-03-29,13,2026,3,29,흐림,17.7,34,1.6,15.4,0.0,0.0,0.0,0.0,3,1016.0,1012.1,100,0,100,100,,4.1,221,15.5,578.0,198.0,380.0,3600.0
2026-03-29T14:00,2026-03-29,14,2026,3,29,흐림,18.6,29,0.1,15.9,0.0,0.0,0.0,0.0,3,1015.4,1011.5,100,0,98,100,,7.2,245,20.9,624.0,278.0,346.0,3600.0
2026-03-29T15:00,2026-03-29,15,2026,3,29,흐림,18.0,26,-1.6,14.2,0.0,0.0,0.0,0.0,3,1015.0,1011.1,100,0,97,100,,9.5,259,24.8,501.0,167.0,334.0,3600.0
2026-03-29T16:00,2026-03-29,16,2026,3,29,흐림,17.0,25,-3.4,12.9,0.0,0.0,0.0,0.0,3,1015.1,1011.2,100,0,94,100,,10.0,263,25.9,362.0,86.0,276.0,2416.47
2026-03-29T17:00,2026-03-29,17,2026,3,29,흐림,16.2,26,-3.5,12.5,0.0,0.0,0.0,0.0,3,1015.2,1011.3,86,0,45,79,,7.6,278,23.8,255.0,61.0,194.0,2241.5
2026-03-29T18:00,2026-03-29,18,2026,3,29,흐림,15.0,34,-0.9,12.2,0.0,0.0,0.0,0.0,3,1015.5,1011.5,99,0,99,91,,3.6,297,17.6,158.0,60.0,98.0,3600.0
2026-03-29T19:00,2026-03-29,19,2026,3,29,흐림,13.1,47,2.1,11.0,0.0,0.0,0.0,0.0,3,1015.4,1011.4,98,0,98,75,,2.7,37,7.9,26.0,2.0,24.0,0.0
2026-03-29T20:00,2026-03-29,20,2026,3,29,흐림,11.4,53,2.2,9.1,0.0,0.0,0.0,0.0,3,1015.8,1011.8,99,0,99,0,,3.9,66,6.1,0.0,0.0,0.0,0.0
2026-03-29T21:00,2026-03-29,21,2026,3,29,흐림,11.9,41,-0.9,8.4,0.0,0.0,0.0,0.0,3,1016.7,1012.7,100,0,100,0,,8.4,255,6.1,0.0,0.0,0.0,0.0
2026-03-29T22:00,2026-03-29,22,2026,3,29,흐림,10.6,47,-0.2,7.5,0.0,0.0,0.0,0.0,3,1017.3,1013.3,100,0,100,0,,6.5,300,22.3,0.0,0.0,0.0,0.0
2026-03-29T23:00,2026-03-29,23,2026,3,29,흐림,10.2,52,0.7,7.6,0.0,0.0,0.0,0.0,3,1016.9,1012.9,98,0,98,0,,4.2,40,11.9,0.0,0.0,0.0,0.0
2026-03-30T00:00,2026-03-30,0,2026,3,30,흐림,9.9,54,0.9,7.1,0.0,0.0,0.0,0.0,3,1016.5,1012.5,98,0,98,0,,6.0,51,10.8,0.0,0.0,0.0,0.0
2026-03-30T01:00,2026-03-30,1,2026,3,30,흐림,9.6,55,0.9,6.2,0.0,0.0,0.0,0.0,3,1015.9,1011.9,100,0,100,70,,9.8,70,18.7,0.0,0.0,0.0,0.0
2026-03-30T02:00,2026-03-30,2,2026,3,30,흐림,9.8,56,1.4,6.8,0.0,0.0,0.0,0.0,3,1015.8,1011.8,100,0,86,100,,7.5,105,18.7,0.0,0.0,0.0,0.0
2026-03-30T03:00,2026-03-30,3,2026,3,30,흐림,9.4,65,3.2,7.2,0.0,0.0,0.0,0.0,3,1016.4,1012.4,100,0,100,100,,4.0,117,14.4,0.0,0.0,0.0,0.0
2026-03-30T04:00,2026-03-30,4,2026,3,30,흐림,9.4,67,3.5,7.5,0.0,0.0,0.0,0.0,3,1016.2,1012.2,100,0,94,100,,2.8,75,6.1,0.0,0.0,0.0,0.0
2026-03-30T05:00,2026-03-30,5,2026,3,30,흐림,9.2,66,3.1,6.5,0.0,0.0,0.0,0.0,3,1015.9,1011.9,100,0,100,100,,7.3,67,13.0,0.0,0.0,0.0,0.0
2026-03-30T06:00,2026-03-30,6,2026,3,30,흐림,9.0,68,3.3,6.8,0.0,0.0,0.0,0.0,3,1016.0,1012.0,100,0,52,100,,4.5,88,14.0,0.0,0.0,0.0,0.0
2026-03-30T07:00,2026-03-30,7,2026,3,30,흐림,9.1,65,2.8,6.7,0.0,0.0,0.0,0.0,3,1016.1,1012.1,100,0,100,100,,4.9,84,9.0,8.0,0.0,8.0,0.0
2026-03-30T08:00,2026-03-30,8,2026,3,30,흐림,10.4,61,3.2,8.0,0.0,0.0,0.0,0.0,3,1016.4,1012.4,100,0,41,100,,5.6,83,10.8,76.0,10.0,66.0,0.0
2026-03-30T09:00,2026-03-30,9,2026,3,30,흐림,11.8,57,3.6,9.8,0.0,0.0,0.0,0.0,3,1016.9,1012.9,100,0,100,100,,3.5,66,13.7,220.0,52.0,168.0,1989.98
2026-03-30T10:00,2026-03-30,10,2026,3,30,흐림,12.6,55,3.8,10.6,0.0,0.0,0.0,0.0,3,1016.5,1012.5,100,0,100,100,,4.2,83,10.8,148.0,5.0,143.0,0.0
2026-03-30T11:00,2026-03-30,11,2026,3,30,흐림,13.4,52,3.7,11.3,0.0,0.0,0.0,0.0,3,1016.1,1012.1,100,0,100,100,,4.2,72,11.2,149.0,3.0,146.0,0.0
2026-03-30T12:00,2026-03-30,12,2026,3,30,흐림,14.4,45,2.7,12.0,0.0,0.0,0.0,0.0,3,1015.3,1011.3,100,0,100,100,,4.7,83,12.6,190.0,3.0,187.0,0.0
2026-03-30T13:00,2026-03-30,13,2026,3,30,흐림,16.5,36,1.2,13.9,0.0,0.0,0.0,0.0,3,1014.5,1010.6,100,0,100,100,,4.2,83,14.4,356.0,43.0,313.0,0.0
2026-03-30T14:00,2026-03-30,14,2026,3,30,흐림,17.2,35,1.5,14.9,0.0,0.0,0.0,0.0,3,1013.4,1009.5,100,0,100,100,,2.8,72,13.7,318.0,29.0,289.0,0.0
2026-03-30T15:00,2026-03-30,15,2026,3,30,흐림,18.2,37,3.3,16.5,0.0,0.0,0.0,0.0,3,1012.3,1008.4,100,0,100,100,,1.0,292,10.8,314.0,27.0,287.0,0.0
2026-03-30T16:00,2026-03-30,16,2026,3,30,흐림,17.8,41,4.4,15.5,0.0,0.0,0.0,0.0,3,1011.4,1007.5,100,0,100,100,,6.3,360,14.8,223.0,19.0,204.0,0.0
2026-03-30T17:00,2026-03-30,17,2026,3,30,흐림,17.5,44,5.1,15.2,0.0,0.0,0.0,0.0,3,1010.9,1007.0,100,0,100,100,,7.7,1,17.6,212.0,33.0,179.0,371.63
2026-03-30T18:00,2026-03-30,18,2026,3,30,흐림,15.8,54,6.5,13.8,0.0,0.0,0.0,0.0,3,1010.5,1006.6,100,0,98,100,,7.4,354,17.3,75.0,3.0,72.0,0.0
2026-03-30T19:00,2026-03-30,19,2026,3,30,흐림,14.2,61,6.8,12.3,0.0,0.0,0.0,0.0,3,1010.1,1006.1,100,0,100,100,,7.4,18,14.8,13.0,0.0,13.0,0.0
2026-03-30T20:00,2026-03-30,20,2026,3,30,흐림,13.3,69,7.7,12.1,0.0,0.0,0.0,0.0,3,1010.7,1006.7,100,0,100,100,,3.9,74,13.7,0.0,0.0,0.0,0.0
2026-03-30T21:00,2026-03-30,21,2026,3,30,약한 이슬비,13.5,56,4.8,11.1,0.2,0.2,0.0,0.0,51,1010.4,1006.4,100,0,100,100,,8.0,153,10.1,0.0,0.0,0.0,0.0
2026-03-30T22:00,2026-03-30,22,2026,3,30,약한 이슬비,13.7,56,5.2,11.8,0.2,0.2,0.0,0.0,51,1010.7,1006.7,100,0,100,100,,5.2,224,16.2,0.0,0.0,0.0,0.0
2026-03-30T23:00,2026-03-30,23,2026,3,30,보통 이슬비,11.9,82,8.8,11.0,0.8,0.8,0.0,0.0,53,1010.7,1006.7,100,2,100,100,,3.6,135,9.0,0.0,0.0,0.0,0.0
2026-03-31T00:00,2026-03-31,0,2026,3,31,강한 이슬비,11.3,89,9.5,10.7,1.1,1.1,0.0,0.0,55,1010.6,1006.6,100,0,100,100,,3.1,83,7.2,0.0,0.0,0.0,0.0
2026-03-31T01:00,2026-03-31,1,2026,3,31,약한 비,10.6,93,9.6,9.7,1.3,1.3,0.0,0.0,61,1010.2,1006.2,100,0,100,100,,5.3,38,10.4,0.0,0.0,0.0,0.0
2026-03-31T02:00,2026-03-31,2,2026,3,31,약한 비,10.3,94,9.4,8.8,1.5,1.5,0.0,0.0,61,1009.7,1005.7,100,0,100,100,,9.3,8,15.5,0.0,0.0,0.0,0.0
2026-03-31T03:00,2026-03-31,3,2026,3,31,약한 비,10.4,95,9.6,8.1,1.3,1.3,0.0,0.0,61,1008.6,1004.6,100,3,100,100,,14.5,355,25.2,0.0,0.0,0.0,0.0
2026-03-31T04:00,2026-03-31,4,2026,3,31,보통 이슬비,10.4,93,9.3,8.3,0.9,0.9,0.0,0.0,53,1008.4,1004.4,100,0,100,100,,13.7,360,30.2,0.0,0.0,0.0,0.0
2026-03-31T05:00,2026-03-31,5,2026,3,31,보통 이슬비,10.1,93,9.0,8.2,0.5,0.5,0.0,0.0,53,1008.8,1004.8,100,1,100,100,,11.5,10,24.8,0.0,0.0,0.0,0.0
2026-03-31T06:00,2026-03-31,6,2026,3,31,약한 이슬비,9.8,92,8.6,7.5,0.4,0.4,0.0,0.0,51,1009.3,1005.3,100,0,100,100,,13.5,29,24.8,0.0,0.0,0.0,0.0
2026-03-31T07:00,2026-03-31,7,2026,3,31,약한 이슬비,9.6,89,7.9,7.0,0.2,0.2,0.0,0.0,51,1009.7,1005.7,29,2,16,14,,14.0,28,26.6,6.0,0.0,6.0,0.0
2026-03-31T08:00,2026-03-31,8,2026,3,31,약한 이슬비,10.1,87,7.9,7.8,0.1,0.1,0.0,0.0,51,1010.2,1006.2,7,3,0,4,,11.7,15,27.4,122.0,48.0,74.0,3600.0
2026-03-31T09:00,2026-03-31,9,2026,3,31,맑음,11.1,82,8.2,9.1,0.0,0.0,0.0,0.0,0,1011.0,1007.0,13,5,8,5,,11.0,2,25.6,318.0,201.0,117.0,3600.0
2026-03-31T10:00,2026-03-31,10,2026,3,31,부분적으로 흐림,13.6,67,7.6,11.7,0.0,0.0,0.0,0.0,2,1011.3,1007.3,55,5,9,49,,9.2,16,26.6,492.0,338.0,154.0,3600.0
2026-03-31T11:00,2026-03-31,11,2026,3,31,흐림,15.6,57,7.2,14.0,0.0,0.0,0.0,0.0,3,1011.1,1007.2,98,59,0,95,,9.4,50,25.2,629.0,443.0,186.0,3600.0
2026-03-31T12:00,2026-03-31,12,2026,3,31,흐림,17.5,50,6.8,16.1,0.0,0.0,0.0,0.0,3,1010.7,1006.8,100,59,1,100,,9.4,72,27.0,682.0,424.0,258.0,3600.0
2026-03-31T13:00,2026-03-31,13,2026,3,31,흐림,18.2,47,6.6,16.6,0.0,0.0,0.0,0.0,3,1010.5,1006.6,100,71,55,100,,7.8,97,25.2,603.0,277.0,326.0,3600.0
2026-03-31T14:00,2026-03-31,14,2026,3,31,흐림,18.0,46,6.2,15.8,0.0,0.0,0.0,0.0,3,1010.3,1006.4,100,98,59,100,,8.8,109,23.4,453.0,123.0,330.0,2748.48
2026-03-31T15:00,2026-03-31,15,2026,3,31,흐림,16.5,51,6.2,14.3,0.0,0.0,0.0,0.0,3,1010.6,1006.7,100,84,66,100,,8.7,120,23.8,288.0,37.0,251.0,0.0
2026-03-31T16:00,2026-03-31,16,2026,3,31,흐림,16.6,49,5.9,14.7,0.0,0.0,0.0,0.0,3,1010.6,1006.7,100,5,78,100,,6.7,110,19.8,186.0,13.0,173.0,0.0
2026-03-31T17:00,2026-03-31,17,2026,3,31,흐림,16.9,49,6.0,15.1,0.0,0.0,0.0,0.0,3,1010.9,1007.0,100,9,33,100,,5.2,106,15.8,141.0,7.0,134.0,0.0
2026-03-31T18:00,2026-03-31,18,2026,3,31,흐림,16.3,61,8.7,15.6,0.0,0.0,0.0,0.0,3,1011.4,1007.5,100,34,30,100,,2.4,126,12.2,114.0,15.0,99.0,0.0
2026-03-31T19:00,2026-03-31,19,2026,3,31,흐림,15.1,64,8.4,14.6,0.0,0.0,0.0,0.0,3,1011.7,1007.8,100,65,34,100,,0.5,135,4.7,21.0,0.0,21.0,0.0
2026-03-31T20:00,2026-03-31,20,2026,3,31,흐림,14.1,68,8.4,13.6,0.0,0.0,0.0,0.0,3,1012.7,1008.7,100,100,100,100,,0.4,90,1.1,0.0,0.0,0.0,0.0
2026-03-31T21:00,2026-03-31,21,2026,3,31,흐림,13.4,72,8.6,12.5,0.0,0.0,0.0,0.0,3,1013.3,1009.3,100,92,100,100,,4.0,95,2.2,0.0,0.0,0.0,0.0
2026-03-31T22:00,2026-03-31,22,2026,3,31,흐림,13.9,72,8.9,13.3,0.0,0.0,0.0,0.0,3,1013.4,1009.4,100,12,56,100,,2.4,77,7.9,0.0,0.0,0.0,0.0
2026-03-31T23:00,2026-03-31,23,2026,3,31,흐림,12.6,74,8.1,11.6,0.0,0.0,0.0,0.0,3,1013.4,1009.4,100,1,27,100,,4.1,77,6.8,0.0,0.0,0.0,0.0
2026-04-01T00:00,2026-04-01,0,2026,4,1,흐림,11.9,76,7.8,10.4,0.0,0.0,0.0,0.0,3,1013.4,1009.4,100,0,0,100,,6.9,96,12.2,0.0,0.0,0.0,0.0
2026-04-01T01:00,2026-04-01,1,2026,4,1,흐림,11.2,78,7.6,9.5,0.0,0.0,0.0,0.0,3,1013.1,1009.1,100,0,0,100,,7.2,103,13.0,0.0,0.0,0.0,0.0
2026-04-01T02:00,2026-04-01,2,2026,4,1,흐림,10.5,80,7.2,8.7,0.0,0.0,0.0,0.0,3,1013.3,1009.3,98,27,13,98,,7.7,114,14.0,0.0,0.0,0.0,0.0
2026-04-01T03:00,2026-04-01,3,2026,4,1,흐림,9.9,83,7.1,8.3,0.0,0.0,0.0,0.0,3,1013.6,1009.6,100,44,11,100,,5.8,95,14.0,0.0,0.0,0.0,0.0
2026-04-01T04:00,2026-04-01,4,2026,4,1,흐림,9.9,83,7.1,8.1,0.0,0.0,0.0,0.0,3,1013.5,1009.5,93,87,11,44,,7.4,91,13.7,0.0,0.0,0.0,0.0
2026-04-01T05:00,2026-04-01,5,2026,4,1,흐림,9.6,84,7.0,7.7,0.0,0.0,0.0,0.0,3,1013.3,1009.3,100,100,17,44,,7.5,98,13.7,0.0,0.0,0.0,0.0
2026-04-01T06:00,2026-04-01,6,2026,4,1,흐림,9.4,85,7.1,7.5,0.0,0.0,0.0,0.0,3,1013.6,1009.6,100,90,17,98,,8.1,102,14.8,0.0,0.0,0.0,0.0
2026-04-01T07:00,2026-04-01,7,2026,4,1,흐림,9.6,84,7.1,7.7,0.0,0.0,0.0,0.0,3,1013.8,1009.8,100,84,23,100,,8.1,103,15.5,12.0,1.0,11.0,0.0
2026-04-01T08:00,2026-04-01,8,2026,4,1,흐림,10.8,81,7.7,9.2,0.0,0.0,0.0,0.0,3,1014.2,1010.2,100,1,13,100,,6.5,95,14.8,114.0,28.0,86.0,1868.74
2026-04-01T09:00,2026-04-01,9,2026,4,1,흐림,12.1,74,7.6,10.6,0.0,0.0,0.0,0.0,3,1014.2,1010.2,98,0,89,77,,5.3,118,16.9,253.0,77.0,176.0,3600.0
2026-04-01T10:00,2026-04-01,10,2026,4,1,흐림,13.4,70,7.9,12.2,0.0,0.0,0.0,0.0,3,1013.8,1009.8,100,0,92,100,,4.2,126,15.5,318.0,80.0,238.0,2279.32
2026-04-01T11:00,2026-04-01,11,2026,4,1,부분적으로 흐림,14.6,65,8.1,13.9,0.0,0.0,0.0,0.0,2,1013.9,1009.9,77,20,12,69,,1.1,252,14.8,415.0,140.0,275.0,3600.0
2026-04-01T12:00,2026-04-01,12,2026,4,1,흐림,16.1,56,7.2,15.2,0.0,0.0,0.0,0.0,3,1013.7,1009.8,100,18,84,100,,4.2,275,16.6,609.0,300.0,309.0,3600.0
2026-04-01T13:00,2026-04-01,13,2026,4,1,흐림,16.1,54,6.7,14.4,0.0,0.0,0.0,0.0,3,1012.9,1009.0,100,5,95,100,,5.8,270,18.0,430.0,98.0,332.0,1718.5
2026-04-01T14:00,2026-04-01,14,2026,4,1,흐림,16.4,52,6.4,14.1,0.0,0.0,0.0,0.0,3,1012.6,1008.7,100,6,93,100,,9.1,263,24.5,474.0,151.0,323.0,3600.0
2026-04-01T15:00,2026-04-01,15,2026,4,1,흐림,15.1,55,6.0,12.2,0.0,0.0,0.0,0.0,3,1012.0,1008.1,100,3,62,100,,12.4,251,27.4,448.0,140.0,308.0,3600.0
2026-04-01T16:00,2026-04-01,16,2026,4,1,흐림,14.5,49,3.8,11.3,0.0,0.0,0.0,0.0,3,1012.0,1008.0,100,0,100,100,,11.9,248,31.3,384.0,112.0,272.0,3600.0
2026-04-01T17:00,2026-04-01,17,2026,4,1,흐림,13.7,44,1.8,10.3,0.0,0.0,0.0,0.0,3,1011.8,1007.8,100,0,1,100,,10.5,251,28.1,184.0,48.0,136.0,1317.28
2026-04-01T18:00,2026-04-01,18,2026,4,1,흐림,12.3,46,0.9,8.7,0.0,0.0,0.0,0.0,3,1012.1,1008.1,98,0,17,98,,11.3,256,25.6,169.0,65.0,104.0,3600.0
2026-04-01T19:00,2026-04-01,19,2026,4,1,맑음,10.1,58,2.2,7.3,0.0,0.0,0.0,0.0,0,1012.5,1008.5,14,0,2,13,,7.6,248,23.0,32.0,5.0,27.0,0.0
2026-04-01T20:00,2026-04-01,20,2026,4,1,대체로 맑음,9.0,66,3.0,6.6,0.0,0.0,0.0,0.0,1,1012.9,1008.9,34,8,34,0,,5.5,224,14.8,0.0,0.0,0.0,0.0
2026-04-01T21:00,2026-04-01,21,2026,4,1,부분적으로 흐림,9.2,66,3.2,6.5,0.0,0.0,0.0,0.0,2,1013.5,1009.5,73,0,73,0,,8.1,238,11.2,0.0,0.0,0.0,0.0
2026-04-01T22:00,2026-04-01,22,2026,4,1,맑음,9.3,65,3.0,6.6,0.0,0.0,0.0,0.0,0,1013.7,1009.7,13,0,13,0,,7.5,249,15.8,0.0,0.0,0.0,0.0
2026-04-01T23:00,2026-04-01,23,2026,4,1,맑음,8.9,67,3.1,6.4,0.0,0.0,0.0,0.0,0,1013.6,1009.6,0,0,0,0,,6.5,265,14.0,0.0,0.0,0.0,0.0
2026-04-02T00:00,2026-04-02,0,2026,4,2,맑음,7.8,73,3.2,5.5,0.0,0.0,0.0,0.0,0,1013.5,1009.4,0,0,0,0,,4.9,274,12.2,0.0,0.0,0.0,0.0
2026-04-02T01:00,2026-04-02,1,2026,4,2,맑음,7.0,76,3.0,4.8,0.0,0.0,0.0,0.0,0,1013.7,1009.6,0,0,0,0,,4.3,265,8.6,0.0,0.0,0.0,0.0
2026-04-02T02:00,2026-04-02,2,2026,4,2,맑음,6.3,78,2.8,4.1,0.0,0.0,0.0,0.0,0,1013.6,1009.5,0,0,0,0,,4.3,248,7.9,0.0,0.0,0.0,0.0
2026-04-02T03:00,2026-04-02,3,2026,4,2,맑음,5.8,83,3.0,3.5,0.0,0.0,0.0,0.0,0,1013.8,1009.7,0,0,0,0,,4.4,251,8.3,0.0,0.0,0.0,0.0
2026-04-02T04:00,2026-04-02,4,2026,4,2,맑음,5.3,84,2.8,3.1,0.0,0.0,0.0,0.0,0,1014.0,1009.9,5,0,0,5,,3.5,235,7.6,0.0,0.0,0.0,0.0
2026-04-02T05:00,2026-04-02,5,2026,4,2,맑음,5.0,85,2.8,3.0,0.0,0.0,0.0,0.0,0,1014.2,1010.1,1,0,0,1,,2.3,209,6.1,0.0,0.0,0.0,0.0
2026-04-02T06:00,2026-04-02,6,2026,4,2,맑음,4.7,87,2.7,2.8,0.0,0.0,0.0,0.0,0,1014.8,1010.7,0,0,0,0,,1.8,191,4.3,0.0,0.0,0.0,0.0
2026-04-02T07:00,2026-04-02,7,2026,4,2,맑음,5.2,87,3.3,3.2,0.0,0.0,0.0,0.0,0,1015.2,1011.1,0,0,0,0,,3.1,180,6.5,18.0,5.0,13.0,297.22
2026-04-02T08:00,2026-04-02,8,2026,4,2,맑음,7.2,78,3.6,5.2,0.0,0.0,0.0,0.0,0,1015.7,1011.6,0,0,0,0,,4.0,190,11.5,149.0,75.0,74.0,3600.0
2026-04-02T09:00,2026-04-02,9,2026,4,2,맑음,9.3,69,4.0,7.0,0.0,0.0,0.0,0.0,0,1016.1,1012.1,5,0,0,5,,5.8,214,15.5,339.0,224.0,115.0,3600.0
2026-04-02T10:00,2026-04-02,10,2026,4,2,맑음,11.8,58,3.8,9.1,0.0,0.0,0.0,0.0,0,1016.5,1012.5,0,0,0,0,,8.1,233,22.7,525.0,382.0,143.0,3600.0
2026-04-02T11:00,2026-04-02,11,2026,4,2,맑음,13.6,49,3.2,11.1,0.0,0.0,0.0,0.0,0,1016.6,1012.6,0,0,0,0,,10.7,239,28.4,677.0,516.0,161.0,3600.0
2026-04-02T12:00,2026-04-02,12,2026,4,2,맑음,14.9,44,2.8,13.0,0.0,0.0,0.0,0.0,0,1015.9,1011.9,0,0,0,0,,10.7,243,29.2,779.0,610.0,169.0,3600.0
2026-04-02T13:00,2026-04-02,13,2026,4,2,맑음,15.9,39,2.0,13.7,0.0,0.0,0.0,0.0,0,1015.1,1011.2,0,0,0,0,,13.3,245,33.5,823.0,652.0,171.0,3600.0
2026-04-02T14:00,2026-04-02,14,2026,4,2,맑음,15.9,36,0.9,13.1,0.0,0.0,0.0,0.0,0,1014.5,1010.6,0,0,0,0,,15.3,245,37.8,803.0,637.0,166.0,3600.0
2026-04-02T15:00,2026-04-02,15,2026,4,2,맑음,14.9,37,0.3,11.3,0.0,0.0,0.0,0.0,0,1014.2,1010.2,0,0,0,0,,16.3,238,39.6,720.0,564.0,156.0,3600.0
2026-04-02T16:00,2026-04-02,16,2026,4,2,맑음,14.2,39,0.6,10.1,0.0,0.0,0.0,0.0,0,1014.0,1010.0,0,0,0,0,,15.4,236,39.2,576.0,435.0,141.0,3600.0
2026-04-02T17:00,2026-04-02,17,2026,4,2,맑음,13.1,44,1.1,9.2,0.0,0.0,0.0,0.0,0,1014.2,1010.2,0,0,0,0,,13.2,238,36.4,391.0,273.0,118.0,3600.0
2026-04-02T18:00,2026-04-02,18,2026,4,2,맑음,11.8,53,2.5,8.4,0.0,0.0,0.0,0.0,0,1014.7,1010.7,0,0,0,0,,11.5,236,30.6,193.0,110.0,83.0,3600.0
2026-04-02T19:00,2026-04-02,19,2026,4,2,맑음,9.6,66,3.5,6.4,0.0,0.0,0.0,0.0,0,1015.9,1011.9,0,0,0,0,,10.9,234,24.8,37.0,13.0,24.0,2229.06
2026-04-02T20:00,2026-04-02,20,2026,4,2,맑음,8.1,79,4.8,5.8,0.0,0.0,0.0,0.0,0,1016.8,1012.7,0,0,0,0,,7.6,232,22.7,0.0,0.0,0.0,0.0
2026-04-02T21:00,2026-04-02,21,2026,4,2,맑음,7.7,85,5.3,5.9,0.0,0.0,0.0,0.0,0,1017.1,1013.0,0,0,0,0,,4.3,213,14.4,0.0,0.0,0.0,0.0
2026-04-02T22:00,2026-04-02,22,2026,4,2,대체로 맑음,8.2,83,5.4,6.3,0.0,0.0,0.0,0.0,1,1017.8,1013.7,25,0,0,25,,5.3,218,10.4,0.0,0.0,0.0,0.0
2026-04-02T23:00,2026-04-02,23,2026,4,2,흐림,7.8,86,5.7,6.1,0.0,0.0,0.0,0.0,3,1017.7,1013.6,91,0,0,91,,4.4,192,10.8,0.0,0.0,0.0,0.0
2026-04-03T00:00,2026-04-03,0,2026,4,3,흐림,7.3,89,5.7,5.8,0.0,0.0,0.0,0.0,3,1017.7,1013.6,99,0,0,99,,3.5,165,8.6,0.0,0.0,0.0,0.0
2026-04-03T01:00,2026-04-03,1,2026,4,3,흐림,7.2,89,5.6,5.6,0.0,0.0,0.0,0.0,3,1017.9,1013.8,98,32,0,98,,3.8,155,7.6,0.0,0.0,0.0,0.0
2026-04-03T02:00,2026-04-03,2,2026,4,3,흐림,7.4,90,5.8,5.7,0.0,0.0,0.0,0.0,3,1017.7,1013.6,100,98,2,100,,4.8,146,9.7,0.0,0.0,0.0,0.0
2026-04-03T03:00,2026-04-03,3,2026,4,3,흐림,7.2,89,5.5,5.5,0.0,0.0,0.0,0.0,3,1017.6,1013.5,100,63,27,99,,3.8,139,10.8,0.0,0.0,0.0,0.0
2026-04-03T04:00,2026-04-03,4,2026,4,3,흐림,7.6,87,5.4,5.5,0.0,0.0,0.0,0.0,3,1017.4,1013.3,100,55,22,100,,6.6,143,12.6,0.0,0.0,0.0,0.0
2026-04-03T05:00,2026-04-03,5,2026,4,3,흐림,7.4,87,5.4,5.3,0.0,0.0,0.0,0.0,3,1017.2,1013.1,100,42,10,100,,6.5,138,13.7,0.0,0.0,0.0,0.0
2026-04-03T06:00,2026-04-03,6,2026,4,3,흐림,6.9,91,5.5,4.7,0.0,0.0,0.0,0.0,3,1016.8,1012.7,100,38,5,100,,7.5,120,14.4,0.0,0.0,0.0,0.0
2026-04-03T07:00,2026-04-03,7,2026,4,3,흐림,7.2,89,5.5,4.9,0.0,0.0,0.0,0.0,3,1016.7,1012.6,100,1,3,100,,7.5,130,14.8,17.0,1.0,16.0,0.0
2026-04-03T08:00,2026-04-03,8,2026,4,3,흐림,8.6,79,5.2,6.5,0.0,0.0,0.0,0.0,3,1016.9,1012.8,100,2,0,100,,6.2,142,15.5,119.0,28.0,91.0,1714.21
2026-04-03T09:00,2026-04-03,9,2026,4,3,흐림,10.0,72,5.2,8.0,0.0,0.0,0.0,0.0,3,1016.8,1012.8,100,5,0,100,,5.8,129,16.9,257.0,73.0,184.0,3280.62
2026-04-03T10:00,2026-04-03,10,2026,4,3,흐림,12.4,63,5.6,10.4,0.0,0.0,0.0,0.0,3,1016.6,1012.6,100,2,1,100,,6.2,128,19.1,411.0,160.0,251.0,3600.0
2026-04-03T11:00,2026-04-03,11,2026,4,3,흐림,14.6,57,6.2,12.8,0.0,0.0,0.0,0.0,3,1016.0,1012.0,100,0,0,100,,6.0,141,19.8,531.0,221.0,310.0,3600.0
2026-04-03T12:00,2026-04-03,12,2026,4,3,흐림,17.0,49,6.1,15.6,0.0,0.0,0.0,0.0,3,1014.9,1011.0,100,0,0,100,,5.9,169,19.8,632.0,293.0,339.0,3600.0
2026-04-03T13:00,2026-04-03,13,2026,4,3,흐림,18.9,40,4.8,17.1,0.0,0.0,0.0,0.0,3,1013.7,1009.8,100,0,3,100,,7.5,191,22.0,645.0,290.0,355.0,3600.0
2026-04-03T14:00,2026-04-03,14,2026,4,3,흐림,20.5,32,3.2,18.0,0.0,0.0,0.0,0.0,3,1012.7,1008.8,100,0,32,100,,11.7,211,29.5,696.0,404.0,292.0,3600.0
2026-04-03T15:00,2026-04-03,15,2026,4,3,부분적으로 흐림,20.0,31,2.4,16.7,0.0,0.0,0.0,0.0,2,1011.4,1007.5,64,0,28,62,,12.2,217,31.7,579.0,282.0,297.0,3600.0
2026-04-03T16:00,2026-04-03,16,2026,4,3,흐림,20.4,32,3.2,16.9,0.0,0.0,0.0,0.0,3,1010.9,1007.0,100,0,91,100,,13.4,212,31.3,515.0,316.0,199.0,3600.0
2026-04-03T17:00,2026-04-03,17,2026,4,3,흐림,19.1,34,3.0,15.5,0.0,0.0,0.0,0.0,3,1010.4,1006.5,100,0,96,100,,14.1,228,31.3,288.0,91.0,197.0,3600.0
2026-04-03T18:00,2026-04-03,18,2026,4,3,흐림,16.3,46,4.7,13.4,0.0,0.0,0.0,0.0,3,1010.3,1006.4,100,0,99,100,,10.7,250,31.0,146.0,33.0,113.0,1731.51
2026-04-03T19:00,2026-04-03,19,2026,4,3,흐림,14.5,51,4.6,12.5,0.0,0.0,0.0,0.0,3,1009.8,1005.9,100,0,92,100,,5.0,251,22.0,28.0,2.0,26.0,0.0
2026-04-03T20:00,2026-04-03,20,2026,4,3,흐림,13.6,57,5.2,11.7,0.0,0.0,0.0,0.0,3,1009.9,1005.9,100,0,95,100,,4.4,215,9.4,0.0,0.0,0.0,0.0
2026-04-03T21:00,2026-04-03,21,2026,4,3,흐림,13.7,53,4.2,11.4,0.0,0.0,0.0,0.0,3,1010.4,1006.4,100,11,99,100,,6.5,240,13.7,0.0,0.0,0.0,0.0
2026-04-03T22:00,2026-04-03,22,2026,4,3,흐림,13.8,56,5.0,11.7,0.0,0.0,0.0,0.0,3,1010.2,1006.2,100,5,94,100,,5.6,245,15.8,0.0,0.0,0.0,0.0
2026-04-03T23:00,2026-04-03,23,2026,4,3,흐림,13.1,62,5.8,11.2,0.0,0.0,0.0,0.0,3,1009.5,1005.5,100,0,46,100,,5.9,256,11.9,0.0,0.0,0.0,0.0
2026-04-04T00:00,2026-04-04,0,2026,4,4,흐림,11.9,76,7.8,10.8,0.0,0.0,0.0,0.0,3,1008.6,1004.6,100,0,88,100,,2.9,259,11.9,0.0,0.0,0.0,0.0
2026-04-04T01:00,2026-04-04,1,2026,4,4,흐림,11.9,77,8.0,11.1,0.0,0.0,0.0,0.0,3,1008.0,1004.0,100,1,99,100,,1.9,119,5.0,0.0,0.0,0.0,0.0
2026-04-04T02:00,2026-04-04,2,2026,4,4,흐림,12.4,67,6.4,10.5,0.0,0.0,0.0,0.0,3,1007.0,1003.0,100,16,100,100,,7.0,125,12.6,0.0,0.0,0.0,0.0
2026-04-04T03:00,2026-04-04,3,2026,4,4,흐림,12.9,63,6.0,11.0,0.0,0.0,0.0,0.0,3,1005.6,1001.6,100,85,100,100,,6.1,152,16.6,0.0,0.0,0.0,0.0
2026-04-04T04:00,2026-04-04,4,2026,4,4,흐림,13.0,66,6.7,11.8,0.0,0.0,0.0,0.0,3,1004.7,1000.8,100,94,100,100,,2.3,51,11.5,0.0,0.0,0.0,0.0
2026-04-04T05:00,2026-04-04,5,2026,4,4,흐림,12.4,67,6.6,10.6,0.0,0.0,0.0,0.0,3,1003.4,999.4,100,0,100,100,,6.6,47,13.0,0.0,0.0,0.0,0.0
2026-04-04T06:00,2026-04-04,6,2026,4,4,흐림,11.9,72,7.0,9.9,0.0,0.0,0.0,0.0,3,1002.7,998.7,100,0,100,100,,7.9,78,15.1,0.0,0.0,0.0,0.0
2026-04-04T07:00,2026-04-04,7,2026,4,4,약한 이슬비,11.6,75,7.3,9.5,0.1,0.1,0.0,0.0,51,1002.1,998.1,100,0,100,100,,9.5,79,19.1,4.0,0.0,4.0,0.0
2026-04-04T08:00,2026-04-04,8,2026,4,4,보통 이슬비,11.1,81,8.0,9.2,0.6,0.6,0.0,0.0,53,1001.3,997.3,100,0,100,100,,10.0,62,18.7,21.0,0.0,21.0,0.0
2026-04-04T09:00,2026-04-04,9,2026,4,4,보통 이슬비,11.8,84,9.1,10.8,0.6,0.6,0.0,0.0,53,1000.9,996.9,100,0,0,100,,5.6,42,19.4,95.0,0.0,95.0,0.0
2026-04-04T10:00,2026-04-04,10,2026,4,4,흐림,14.4,66,8.1,13.0,0.0,0.0,0.0,0.0,3,1000.7,996.8,100,6,3,100,,5.5,52,18.4,351.0,108.0,243.0,3582.46
2026-04-04T11:00,2026-04-04,11,2026,4,4,흐림,16.7,56,7.9,16.0,0.0,0.0,0.0,0.0,3,1000.3,996.4,93,16,15,91,,4.6,347,18.4,628.0,396.0,232.0,3600.0
2026-04-04T12:00,2026-04-04,12,2026,4,4,대체로 맑음,18.6,47,7.2,17.8,0.0,0.0,0.0,0.0,1,999.8,995.9,22,22,0,0,,8.8,327,26.3,745.0,530.0,215.0,3600.0
2026-04-04T13:00,2026-04-04,13,2026,4,4,흐림,19.9,41,6.3,18.2,0.0,0.0,0.0,0.0,3,998.9,995.1,98,98,70,0,,9.8,316,27.0,672.0,391.0,281.0,3600.0
2026-04-04T14:00,2026-04-04,14,2026,4,4,부분적으로 흐림,18.3,47,6.8,14.9,0.0,0.0,0.0,0.0,2,998.9,995.0,75,75,0,0,,17.4,291,40.0,459.0,163.0,296.0,3600.0
2026-04-04T15:00,2026-04-04,15,2026,4,4,대체로 맑음,17.1,55,7.9,14.2,0.0,0.0,0.0,0.0,1,999.6,995.7,35,35,1,0,,16.3,288,41.8,445.0,165.0,280.0,3600.0
2026-04-04T16:00,2026-04-04,16,2026,4,4,대체로 맑음,16.9,57,8.2,14.2,0.0,0.0,0.0,0.0,1,999.8,995.9,34,34,0,0,,14.8,283,38.9,460.0,271.0,189.0,3600.0
2026-04-04T17:00,2026-04-04,17,2026,4,4,맑음,16.0,60,8.1,13.7,0.0,0.0,0.0,0.0,0,1000.4,996.5,5,5,0,0,,12.7,264,34.9,345.0,204.0,141.0,3600.0
2026-04-04T18:00,2026-04-04,18,2026,4,4,맑음,13.9,63,7.0,11.3,0.0,0.0,0.0,0.0,0,1001.0,997.1,4,4,0,0,,12.5,240,29.9,179.0,87.0,92.0,3600.0
2026-04-04T19:00,2026-04-04,19,2026,4,4,맑음,11.4,69,5.9,8.8,0.0,0.0,0.0,0.0,0,1001.3,997.3,18,18,0,0,,10.5,231,27.7,39.0,12.0,27.0,1889.15
2026-04-04T20:00,2026-04-04,20,2026,4,4,대체로 맑음,10.1,74,5.7,7.7,0.0,0.0,0.0,0.0,1,1002.3,998.3,31,31,0,0,,9.4,209,21.6,0.0,0.0,0.0,0.0
2026-04-04T21:00,2026-04-04,21,2026,4,4,흐림,10.2,75,6.1,8.0,0.0,0.0,0.0,0.0,3,1004.1,1000.1,100,100,0,0,,8.6,209,19.1,0.0,0.0,0.0,0.0
2026-04-04T22:00,2026-04-04,22,2026,4,4,흐림,10.3,76,6.2,8.2,0.0,0.0,0.0,0.0,3,1005.7,1001.7,100,100,0,0,,7.7,217,18.0,0.0,0.0,0.0,0.0
2026-04-04T23:00,2026-04-04,23,2026,4,4,흐림,10.1,76,6.2,8.2,0.0,0.0,0.0,0.0,3,1006.4,1002.4,100,100,0,0,,6.9,233,16.2,0.0,0.0,0.0,0.0
2026-04-05T00:00,2026-04-05,0,2026,4,5,흐림,9.2,81,6.1,7.0,0.0,0.0,0.0,0.0,3,1007.5,1003.5,84,84,0,0,,8.6,217,17.6,0.0,0.0,0.0,0.0
2026-04-05T01:00,2026-04-05,1,2026,4,5,흐림,8.1,85,5.8,5.6,0.0,0.0,0.0,0.0,3,1008.4,1004.4,85,85,0,0,,10.0,214,21.2,0.0,0.0,0.0,0.0
2026-04-05T02:00,2026-04-05,2,2026,4,5,흐림,7.2,89,5.4,4.5,0.0,0.0,0.0,0.0,3,1008.7,1004.7,89,89,0,0,,10.1,215,21.6,0.0,0.0,0.0,0.0
2026-04-05T03:00,2026-04-05,3,2026,4,5,흐림,7.1,86,4.8,4.5,0.0,0.0,0.0,0.0,3,1009.1,1005.1,100,100,0,0,,9.2,227,22.0,0.0,0.0,0.0,0.0
2026-04-05T04:00,2026-04-05,4,2026,4,5,흐림,7.2,82,4.2,4.7,0.0,0.0,0.0,0.0,3,1009.3,1005.3,100,100,0,0,,7.4,231,20.5,0.0,0.0,0.0,0.0
2026-04-05T05:00,2026-04-05,5,2026,4,5,흐림,7.2,80,3.9,4.9,0.0,0.0,0.0,0.0,3,1009.3,1005.3,100,100,0,0,,5.2,239,17.6,0.0,0.0,0.0,0.0
2026-04-05T06:00,2026-04-05,6,2026,4,5,흐림,7.1,80,3.8,5.2,0.0,0.0,0.0,0.0,3,1009.2,1005.1,99,99,0,0,,2.8,191,12.6,0.0,0.0,0.0,0.0
2026-04-05T07:00,2026-04-05,7,2026,4,5,부분적으로 흐림,7.1,80,3.8,5.2,0.0,0.0,0.0,0.0,2,1009.0,1004.9,67,67,0,1,,2.6,164,7.6,18.0,3.0,15.0,0.0
2026-04-05T08:00,2026-04-05,8,2026,4,5,흐림,7.9,72,3.2,5.8,0.0,0.0,0.0,0.0,3,1009.5,1005.5,100,97,0,95,,3.8,180,12.6,130.0,44.0,86.0,3502.44
2026-04-05T09:00,2026-04-05,9,2026,4,5,흐림,8.1,72,3.2,5.4,0.0,0.0,0.0,0.0,3,1010.0,1006.0,100,100,0,70,,7.6,152,18.4,264.0,108.0,156.0,3600.0
2026-04-05T10:00,2026-04-05,10,2026,4,5,흐림,9.8,60,2.4,6.9,0.0,0.0,0.0,0.0,3,1010.1,1006.1,100,97,0,90,,8.1,159,23.4,345.0,93.0,252.0,2801.02
2026-04-05T11:00,2026-04-05,11,2026,4,5,흐림,11.4,51,1.7,8.4,0.0,0.0,0.0,0.0,3,1010.3,1006.3,100,50,0,100,,7.4,181,23.4,505.0,163.0,342.0,3600.0
2026-04-05T12:00,2026-04-05,12,2026,4,5,흐림,12.6,46,1.5,10.1,0.0,0.0,0.0,0.0,3,1009.6,1005.6,100,29,0,100,,7.6,194,24.1,622.0,245.0,377.0,3600.0
2026-04-05T13:00,2026-04-05,13,2026,4,5,흐림,13.9,41,0.9,11.7,0.0,0.0,0.0,0.0,3,1008.6,1004.6,91,13,4,90,,7.5,200,24.5,686.0,323.0,363.0,3600.0
2026-04-05T14:00,2026-04-05,14,2026,4,5,맑음,15.4,34,-0.4,13.0,0.0,0.0,0.0,0.0,0,1008.2,1004.3,1,1,0,0,,9.6,218,28.1,755.0,498.0,257.0,3600.0
2026-04-05T15:00,2026-04-05,15,2026,4,5,맑음,15.4,31,-1.5,12.7,0.0,0.0,0.0,0.0,0,1007.9,1004.0,0,0,0,0,,9.7,225,29.9,728.0,567.0,161.0,3600.0
2026-04-05T16:00,2026-04-05,16,2026,4,5,맑음,15.6,32,-0.9,12.2,0.0,0.0,0.0,0.0,0,1007.7,1003.8,0,0,0,0,,9.0,226,27.7,581.0,437.0,144.0,3600.0
2026-04-05T17:00,2026-04-05,17,2026,4,5,맑음,14.9,38,0.7,11.6,0.0,0.0,0.0,0.0,0,1007.5,1003.6,0,0,0,0,,8.5,222,25.2,398.0,277.0,121.0,3600.0
2026-04-05T18:00,2026-04-05,18,2026,4,5,대체로 맑음,13.1,49,2.5,10.1,0.0,0.0,0.0,0.0,1,1007.2,1003.2,37,0,1,37,,8.3,224,23.0,199.0,113.0,86.0,3600.0
2026-04-05T19:00,2026-04-05,19,2026,4,5,흐림,11.5,56,3.0,9.2,0.0,0.0,0.0,0.0,3,1007.5,1003.5,84,0,16,82,,4.6,257,19.4,40.0,12.0,28.0,1864.88
2026-04-05T20:00,2026-04-05,20,2026,4,5,흐림,11.1,59,3.4,9.3,0.0,0.0,0.0,0.0,3,1007.4,1003.4,99,0,85,98,,1.8,217,9.4,0.0,0.0,0.0,0.0
2026-04-05T21:00,2026-04-05,21,2026,4,5,흐림,9.7,67,4.0,6.6,0.0,0.0,0.0,0.0,3,1009.3,1005.3,100,100,81,100,,11.1,331,23.0,0.0,0.0,0.0,0.0
2026-04-05T22:00,2026-04-05,22,2026,4,5,보통 비,7.7,80,4.5,3.9,2.7,2.7,0.0,0.0,63,1010.5,1006.5,100,99,92,98,,16.4,315,33.1,0.0,0.0,0.0,0.0
2026-04-05T23:00,2026-04-05,23,2026,4,5,보통 비,7.0,85,4.7,5.0,3.7,3.7,0.0,0.0,63,1010.2,1006.1,100,100,88,0,,5.2,96,43.9,0.0,0.0,0.0,0.0
2026-04-06T00:00,2026-04-06,0,2026,4,6,흐림,7.8,85,5.4,5.7,0.0,0.0,0.0,0.0,3,1010.5,1006.5,100,100,13,0,,6.4,117,14.8,0.0,0.0,0.0,0.0
2026-04-06T01:00,2026-04-06,1,2026,4,6,대체로 맑음,8.6,82,5.7,6.3,0.0,0.0,0.0,0.0,1,1010.5,1006.5,30,13,20,0,,8.1,137,15.8,0.0,0.0,0.0,0.0
2026-04-06T02:00,2026-04-06,2,2026,4,6,맑음,8.2,82,5.2,6.3,0.0,0.0,0.0,0.0,0,1009.8,1005.8,3,3,0,0,,5.1,148,15.8,0.0,0.0,0.0,0.0
2026-04-06T03:00,2026-04-06,3,2026,4,6,흐림,8.9,85,6.4,7.4,0.0,0.0,0.0,0.0,3,1010.5,1006.5,100,100,2,0,,4.3,180,9.0,0.0,0.0,0.0,0.0
2026-04-06T04:00,2026-04-06,4,2026,4,6,흐림,9.6,83,6.8,8.3,0.0,0.0,0.0,0.0,3,1010.6,1006.6,100,100,0,0,,3.2,164,11.5,0.0,0.0,0.0,0.0
2026-04-06T05:00,2026-04-06,5,2026,4,6,흐림,9.7,83,7.0,8.5,0.0,0.0,0.0,0.0,3,1010.5,1006.5,100,100,43,45,,2.9,137,6.5,0.0,0.0,0.0,0.0
2026-04-06T06:00,2026-04-06,6,2026,4,6,약한 이슬비,9.5,85,7.1,8.6,0.4,0.4,0.0,0.0,51,1010.9,1006.9,100,100,73,89,,1.4,157,6.1,0.0,0.0,0.0,0.0
2026-04-06T07:00,2026-04-06,7,2026,4,6,약한 이슬비,9.6,86,7.3,8.4,0.4,0.4,0.0,0.0,51,1010.1,1006.1,100,27,100,100,,3.8,82,8.6,11.0,0.0,11.0,0.0
2026-04-06T08:00,2026-04-06,8,2026,4,6,흐림,10.0,83,7.2,8.7,0.0,0.0,0.0,0.0,3,1010.4,1006.4,100,6,97,100,,3.8,131,10.4,61.0,3.0,58.0,0.0
2026-04-06T09:00,2026-04-06,9,2026,4,6,흐림,9.0,94,8.1,7.6,0.0,0.0,0.0,0.0,3,1011.6,1007.6,100,93,84,98,,6.1,183,13.7,118.0,12.0,106.0,0.0
2026-04-06T10:00,2026-04-06,10,2026,4,6,보통 이슬비,10.8,84,8.2,9.0,0.5,0.5,0.0,0.0,53,1011.4,1007.4,100,19,100,98,,8.9,194,23.8,242.0,38.0,204.0,66.54
2026-04-06T11:00,2026-04-06,11,2026,4,6,약한 이슬비,10.3,80,7.1,8.4,0.1,0.1,0.0,0.0,51,1011.2,1007.2,99,3,99,0,,7.8,212,22.3,99.0,0.0,99.0,0.0
2026-04-06T12:00,2026-04-06,12,2026,4,6,흐림,12.1,64,5.6,9.9,0.0,0.0,0.0,0.0,3,1010.8,1006.8,98,2,98,0,,6.9,231,19.8,359.0,69.0,290.0,717.78
2026-04-06T13:00,2026-04-06,13,2026,4,6,흐림,12.3,53,3.0,9.1,0.0,0.0,0.0,0.0,3,1010.7,1006.7,99,2,99,0,,10.9,264,25.2,288.0,52.0,236.0,27.62
2026-04-06T14:00,2026-04-06,14,2026,4,6,흐림,12.1,48,1.4,8.1,0.0,0.0,0.0,0.0,3,1010.8,1006.8,97,1,97,0,,14.2,277,34.2,297.0,60.0,237.0,364.87
2026-04-06T15:00,2026-04-06,15,2026,4,6,맑음,12.5,51,2.5,9.0,0.0,0.0,0.0,0.0,0,1010.0,1006.0,2,2,0,0,,12.5,266,32.4,328.0,102.0,226.0,2240.43
2026-04-06T16:00,2026-04-06,16,2026,4,6,맑음,13.9,42,1.0,10.0,0.0,0.0,0.0,0.0,0,1009.2,1005.2,0,0,0,0,,12.7,252,32.4,535.0,367.0,168.0,3600.0
2026-04-06T17:00,2026-04-06,17,2026,4,6,맑음,13.4,30,-4.0,8.5,0.0,0.0,0.0,0.0,0,1009.3,1005.3,1,0,1,0,,15.8,278,35.6,385.0,254.0,131.0,3600.0
2026-04-06T18:00,2026-04-06,18,2026,4,6,맑음,11.9,31,-4.6,7.3,0.0,0.0,0.0,0.0,0,1009.8,1005.8,0,0,0,0,,12.8,287,35.3,200.0,111.0,89.0,3600.0
2026-04-06T19:00,2026-04-06,19,2026,4,6,맑음,9.6,38,-4.0,5.4,0.0,0.0,0.0,0.0,0,1010.6,1006.6,0,0,0,0,,11.1,290,27.0,43.0,16.0,27.0,3007.0
2026-04-06T20:00,2026-04-06,20,2026,4,6,맑음,7.8,36,-6.2,3.1,0.0,0.0,0.0,0.0,0,1011.9,1007.9,0,0,0,0,,12.7,317,25.2,0.0,0.0,0.0,0.0
2026-04-06T21:00,2026-04-06,21,2026,4,6,맑음,6.6,34,-8.1,1.8,0.0,0.0,0.0,0.0,0,1013.1,1009.0,0,0,0,0,,11.8,321,27.7,0.0,0.0,0.0,0.0
2026-04-06T22:00,2026-04-06,22,2026,4,6,맑음,5.5,41,-6.8,1.2,0.0,0.0,0.0,0.0,0,1013.9,1009.8,0,0,0,0,,8.8,309,23.8,0.0,0.0,0.0,0.0
2026-04-06T23:00,2026-04-06,23,2026,4,6,맑음,4.8,47,-5.6,0.7,0.0,0.0,0.0,0.0,0,1014.4,1010.3,0,0,0,0,,8.4,290,17.3,0.0,0.0,0.0,0.0
